{
"type": "FeatureCollection",
"name": "geo_2_3",
"crs": { "type": "name", "properties": { "name": "urn:ogc:def:crs:OGC:1.3:CRS84" } },
"features": [
{ "type": "Feature", "properties": { "ID": 230230000002, "正式名称": "平内歯科クリニック", "機関区分": 3, "都道府県コード": 2, "市区町村コード": 301, "所在地": "青森県東津軽郡平内町小湊小湊１３１－１", "緯度": 40.927437, "経度": 140.958311, "url": "https://www.iryou.teikyouseido.mhlw.go.jp/znk-web/juminkanja/S2430/initialize?prefCd=02&kikanCd=0230000002&kikanKbn=3", "url2": null, "内容": "平内歯科クリニック【3:歯科】青森県東津軽郡平内町小湊小湊１３１－１" }, "geometry": { "type": "Point", "coordinates": [ 140.958311, 40.927437 ] } },
{ "type": "Feature", "properties": { "ID": 230230000003, "正式名称": "医療法人ＣｏｆＩ　平内ミナトヤ歯科医院", "機関区分": 3, "都道府県コード": 2, "市区町村コード": 301, "所在地": "青森県東津軽郡平内町小湊後萢２－１１", "緯度": 40.926604, "経度": 140.950979, "url": "https://www.iryou.teikyouseido.mhlw.go.jp/znk-web/juminkanja/S2430/initialize?prefCd=02&kikanCd=0230000003&kikanKbn=3", "url2": null, "内容": "医療法人ＣｏｆＩ　平内ミナトヤ歯科医院【3:歯科】青森県東津軽郡平内町小湊後萢２－１１" }, "geometry": { "type": "Point", "coordinates": [ 140.950979, 40.926604 ] } },
{ "type": "Feature", "properties": { "ID": 230230000007, "正式名称": "住吉歯科医院", "機関区分": 3, "都道府県コード": 2, "市区町村コード": 303, "所在地": "青森県東津軽郡今別町今別今別８４", "緯度": 41.182381, "経度": 140.480581, "url": "https://www.iryou.teikyouseido.mhlw.go.jp/znk-web/juminkanja/S2430/initialize?prefCd=02&kikanCd=0230000007&kikanKbn=3", "url2": null, "内容": "住吉歯科医院【3:歯科】青森県東津軽郡今別町今別今別８４" }, "geometry": { "type": "Point", "coordinates": [ 140.480581, 41.182381 ] } },
{ "type": "Feature", "properties": { "ID": 230230000008, "正式名称": "アイル浜中歯科クリニック", "機関区分": 3, "都道府県コード": 2, "市区町村コード": 201, "所在地": "青森県青森市大矢沢里見８８－１１", "緯度": 40.783977, "経度": 140.776028, "url": "https://www.iryou.teikyouseido.mhlw.go.jp/znk-web/juminkanja/S2430/initialize?prefCd=02&kikanCd=0230000008&kikanKbn=3", "url2": "http://www.aomori-haisha.jp/", "内容": "アイル浜中歯科クリニック【3:歯科】青森県青森市大矢沢里見８８－１１" }, "geometry": { "type": "Point", "coordinates": [ 140.776028, 40.783977 ] } },
{ "type": "Feature", "properties": { "ID": 230230000009, "正式名称": "青葉歯科医院", "機関区分": 3, "都道府県コード": 2, "市区町村コード": 201, "所在地": "青森県青森市里見１－８－３６", "緯度": 40.817444, "経度": 140.713808, "url": "https://www.iryou.teikyouseido.mhlw.go.jp/znk-web/juminkanja/S2430/initialize?prefCd=02&kikanCd=0230000009&kikanKbn=3", "url2": "aoba-shikaiin.com", "内容": "青葉歯科医院【3:歯科】青森県青森市里見１－８－３６" }, "geometry": { "type": "Point", "coordinates": [ 140.713808, 40.817444 ] } },
{ "type": "Feature", "properties": { "ID": 230230000010, "正式名称": "赤川斎藤歯科医院", "機関区分": 3, "都道府県コード": 2, "市区町村コード": 201, "所在地": "青森県青森市浪岡浪岡平野２６－４", "緯度": 40.71662, "経度": 140.589796, "url": "https://www.iryou.teikyouseido.mhlw.go.jp/znk-web/juminkanja/S2430/initialize?prefCd=02&kikanCd=0230000010&kikanKbn=3", "url2": null, "内容": "赤川斎藤歯科医院【3:歯科】青森県青森市浪岡浪岡平野２６－４" }, "geometry": { "type": "Point", "coordinates": [ 140.589796, 40.71662 ] } },
{ "type": "Feature", "properties": { "ID": 230230000011, "正式名称": "秋元歯科医院", "機関区分": 3, "都道府県コード": 2, "市区町村コード": 201, "所在地": "青森県青森市浪館前田四丁目９－３", "緯度": 40.810778, "経度": 140.718086, "url": "https://www.iryou.teikyouseido.mhlw.go.jp/znk-web/juminkanja/S2430/initialize?prefCd=02&kikanCd=0230000011&kikanKbn=3", "url2": "https://www.akimotodc.com/", "内容": "秋元歯科医院【3:歯科】青森県青森市浪館前田四丁目９－３" }, "geometry": { "type": "Point", "coordinates": [ 140.718086, 40.810778 ] } },
{ "type": "Feature", "properties": { "ID": 230230000012, "正式名称": "あさだ歯科医院", "機関区分": 3, "都道府県コード": 2, "市区町村コード": 201, "所在地": "青森県青森市浜館四丁目５－１８", "緯度": 40.810279, "経度": 140.788691, "url": "https://www.iryou.teikyouseido.mhlw.go.jp/znk-web/juminkanja/S2430/initialize?prefCd=02&kikanCd=0230000012&kikanKbn=3", "url2": null, "内容": "あさだ歯科医院【3:歯科】青森県青森市浜館四丁目５－１８" }, "geometry": { "type": "Point", "coordinates": [ 140.788691, 40.810279 ] } },
{ "type": "Feature", "properties": { "ID": 230230000014, "正式名称": "阿部歯科医院", "機関区分": 3, "都道府県コード": 2, "市区町村コード": 201, "所在地": "青森県青森市栄町２－２－１８", "緯度": 40.825472, "経度": 140.769053, "url": "https://www.iryou.teikyouseido.mhlw.go.jp/znk-web/juminkanja/S2430/initialize?prefCd=02&kikanCd=0230000014&kikanKbn=3", "url2": null, "内容": "阿部歯科医院【3:歯科】青森県青森市栄町２－２－１８" }, "geometry": { "type": "Point", "coordinates": [ 140.769053, 40.825472 ] } },
{ "type": "Feature", "properties": { "ID": 230230000015, "正式名称": "阿保歯科", "機関区分": 3, "都道府県コード": 2, "市区町村コード": 201, "所在地": "青森県青森市長島１－３－１７　阿保歯科ビル２Ｆ", "緯度": 40.823416, "経度": 140.744223, "url": "https://www.iryou.teikyouseido.mhlw.go.jp/znk-web/juminkanja/S2430/initialize?prefCd=02&kikanCd=0230000015&kikanKbn=3", "url2": null, "内容": "阿保歯科【3:歯科】青森県青森市長島１－３－１７　阿保歯科ビル２Ｆ" }, "geometry": { "type": "Point", "coordinates": [ 140.744223, 40.823416 ] } },
{ "type": "Feature", "properties": { "ID": 230230000020, "正式名称": "石江歯科クリニック", "機関区分": 3, "都道府県コード": 2, "市区町村コード": 201, "所在地": "青森県青森市石江江渡１８－２", "緯度": 40.826082, "経度": 140.697226, "url": "https://www.iryou.teikyouseido.mhlw.go.jp/znk-web/juminkanja/S2430/initialize?prefCd=02&kikanCd=0230000020&kikanKbn=3", "url2": null, "内容": "石江歯科クリニック【3:歯科】青森県青森市石江江渡１８－２" }, "geometry": { "type": "Point", "coordinates": [ 140.697226, 40.826082 ] } },
{ "type": "Feature", "properties": { "ID": 230230000022, "正式名称": "医療法人　美歯会　板垣矯正歯科　青森診療室", "機関区分": 3, "都道府県コード": 2, "市区町村コード": 201, "所在地": "青森県青森市古川１－１１－１３", "緯度": 40.825527, "経度": 140.735556, "url": "https://www.iryou.teikyouseido.mhlw.go.jp/znk-web/juminkanja/S2430/initialize?prefCd=02&kikanCd=0230000022&kikanKbn=3", "url2": "http://www.itagaki-ortho.jp/", "内容": "医療法人　美歯会　板垣矯正歯科　青森診療室【3:歯科】青森県青森市古川１－１１－１３" }, "geometry": { "type": "Point", "coordinates": [ 140.735556, 40.825527 ] } },
{ "type": "Feature", "properties": { "ID": 230230000023, "正式名称": "いちかわ歯科クリニック", "機関区分": 3, "都道府県コード": 2, "市区町村コード": 201, "所在地": "青森県青森市里見一丁目１３番３３号", "緯度": 40.818138, "経度": 140.70942, "url": "https://www.iryou.teikyouseido.mhlw.go.jp/znk-web/juminkanja/S2430/initialize?prefCd=02&kikanCd=0230000023&kikanKbn=3", "url2": "http://mfit300.com/ichikawa-dental/", "内容": "いちかわ歯科クリニック【3:歯科】青森県青森市里見一丁目１３番３３号" }, "geometry": { "type": "Point", "coordinates": [ 140.70942, 40.818138 ] } },
{ "type": "Feature", "properties": { "ID": 230230000028, "正式名称": "えらデンタルクリニック", "機関区分": 3, "都道府県コード": 2, "市区町村コード": 201, "所在地": "青森県青森市自由ケ丘２－７－２６", "緯度": 40.812696, "経度": 140.797608, "url": "https://www.iryou.teikyouseido.mhlw.go.jp/znk-web/juminkanja/S2430/initialize?prefCd=02&kikanCd=0230000028&kikanKbn=3", "url2": null, "内容": "えらデンタルクリニック【3:歯科】青森県青森市自由ケ丘２－７－２６" }, "geometry": { "type": "Point", "coordinates": [ 140.797608, 40.812696 ] } },
{ "type": "Feature", "properties": { "ID": 230230000029, "正式名称": "大澤歯科医院", "機関区分": 3, "都道府県コード": 2, "市区町村コード": 201, "所在地": "青森県青森市羽白沢田４４－８", "緯度": 40.854662, "経度": 140.69042, "url": "https://www.iryou.teikyouseido.mhlw.go.jp/znk-web/juminkanja/S2430/initialize?prefCd=02&kikanCd=0230000029&kikanKbn=3", "url2": "http://www.osawashika.com/", "内容": "大澤歯科医院【3:歯科】青森県青森市羽白沢田４４－８" }, "geometry": { "type": "Point", "coordinates": [ 140.69042, 40.854662 ] } },
{ "type": "Feature", "properties": { "ID": 230230000030, "正式名称": "大空歯科クリニック", "機関区分": 3, "都道府県コード": 2, "市区町村コード": 201, "所在地": "青森県青森市浪館前田４丁目２９－２０", "緯度": 40.809806, "経度": 140.722031, "url": "https://www.iryou.teikyouseido.mhlw.go.jp/znk-web/juminkanja/S2430/initialize?prefCd=02&kikanCd=0230000030&kikanKbn=3", "url2": null, "内容": "大空歯科クリニック【3:歯科】青森県青森市浪館前田４丁目２９－２０" }, "geometry": { "type": "Point", "coordinates": [ 140.722031, 40.809806 ] } },
{ "type": "Feature", "properties": { "ID": 230230000032, "正式名称": "小笠原歯科医院", "機関区分": 3, "都道府県コード": 2, "市区町村コード": 201, "所在地": "青森県青森市松原３丁目１４－２７　タケダビル２階", "緯度": 40.816973, "経度": 140.764165, "url": "https://www.iryou.teikyouseido.mhlw.go.jp/znk-web/juminkanja/S2430/initialize?prefCd=02&kikanCd=0230000032&kikanKbn=3", "url2": null, "内容": "小笠原歯科医院【3:歯科】青森県青森市松原３丁目１４－２７　タケダビル２階" }, "geometry": { "type": "Point", "coordinates": [ 140.764165, 40.816973 ] } },
{ "type": "Feature", "properties": { "ID": 230230000033, "正式名称": "おきだて歯科クリニック", "機関区分": 3, "都道府県コード": 2, "市区町村コード": 201, "所在地": "青森県青森市沖館５－２０－１１", "緯度": 40.836664, "経度": 140.718224, "url": "https://www.iryou.teikyouseido.mhlw.go.jp/znk-web/juminkanja/S2430/initialize?prefCd=02&kikanCd=0230000033&kikanKbn=3", "url2": null, "内容": "おきだて歯科クリニック【3:歯科】青森県青森市沖館５－２０－１１" }, "geometry": { "type": "Point", "coordinates": [ 140.718224, 40.836664 ] } },
{ "type": "Feature", "properties": { "ID": 230230000034, "正式名称": "奥瀬歯科医院", "機関区分": 3, "都道府県コード": 2, "市区町村コード": 201, "所在地": "青森県青森市新町１－１２－５　奥瀬ビル２Ｆ", "緯度": 40.826305, "経度": 140.738306, "url": "https://www.iryou.teikyouseido.mhlw.go.jp/znk-web/juminkanja/S2430/initialize?prefCd=02&kikanCd=0230000034&kikanKbn=3", "url2": null, "内容": "奥瀬歯科医院【3:歯科】青森県青森市新町１－１２－５　奥瀬ビル２Ｆ" }, "geometry": { "type": "Point", "coordinates": [ 140.738306, 40.826305 ] } },
{ "type": "Feature", "properties": { "ID": 230230000035, "正式名称": "医療法人　ミナトヤ歯科医院", "機関区分": 3, "都道府県コード": 2, "市区町村コード": 201, "所在地": "青森県青森市桂木４丁目４－１０", "緯度": 40.810917, "経度": 140.752528, "url": "https://www.iryou.teikyouseido.mhlw.go.jp/znk-web/juminkanja/S2430/initialize?prefCd=02&kikanCd=0230000035&kikanKbn=3", "url2": "http://minatoya-shika.com/", "内容": "医療法人　ミナトヤ歯科医院【3:歯科】青森県青森市桂木４丁目４－１０" }, "geometry": { "type": "Point", "coordinates": [ 140.752528, 40.810917 ] } },
{ "type": "Feature", "properties": { "ID": 230230000036, "正式名称": "長内歯科医院", "機関区分": 3, "都道府県コード": 2, "市区町村コード": 201, "所在地": "青森県青森市本町１－７－１", "緯度": 40.825305, "経度": 140.749278, "url": "https://www.iryou.teikyouseido.mhlw.go.jp/znk-web/juminkanja/S2430/initialize?prefCd=02&kikanCd=0230000036&kikanKbn=3", "url2": null, "内容": "長内歯科医院【3:歯科】青森県青森市本町１－７－１" }, "geometry": { "type": "Point", "coordinates": [ 140.749278, 40.825305 ] } },
{ "type": "Feature", "properties": { "ID": 230230000037, "正式名称": "長内歯科医院", "機関区分": 3, "都道府県コード": 2, "市区町村コード": 201, "所在地": "青森県青森市古川１－１８－１", "緯度": 40.825416, "経度": 140.738362, "url": "https://www.iryou.teikyouseido.mhlw.go.jp/znk-web/juminkanja/S2430/initialize?prefCd=02&kikanCd=0230000037&kikanKbn=3", "url2": null, "内容": "長内歯科医院【3:歯科】青森県青森市古川１－１８－１" }, "geometry": { "type": "Point", "coordinates": [ 140.738362, 40.825416 ] } },
{ "type": "Feature", "properties": { "ID": 230230000041, "正式名称": "オリーブこども歯科", "機関区分": 3, "都道府県コード": 2, "市区町村コード": 201, "所在地": "青森県青森市安方二丁目３－１６　２階", "緯度": 40.827915, "経度": 140.740862, "url": "https://www.iryou.teikyouseido.mhlw.go.jp/znk-web/juminkanja/S2430/initialize?prefCd=02&kikanCd=0230000041&kikanKbn=3", "url2": "http://nttbj.itp.ne.jp/0177731861/", "内容": "オリーブこども歯科【3:歯科】青森県青森市安方二丁目３－１６　２階" }, "geometry": { "type": "Point", "coordinates": [ 140.740862, 40.827915 ] } },
{ "type": "Feature", "properties": { "ID": 230230000043, "正式名称": "かきざき歯科クリニック", "機関区分": 3, "都道府県コード": 2, "市区町村コード": 201, "所在地": "青森県青森市新城平岡１７４－１０", "緯度": 40.827525, "経度": 140.675617, "url": "https://www.iryou.teikyouseido.mhlw.go.jp/znk-web/juminkanja/S2430/initialize?prefCd=02&kikanCd=0230000043&kikanKbn=3", "url2": null, "内容": "かきざき歯科クリニック【3:歯科】青森県青森市新城平岡１７４－１０" }, "geometry": { "type": "Point", "coordinates": [ 140.675617, 40.827525 ] } },
{ "type": "Feature", "properties": { "ID": 230230000044, "正式名称": "カタヤ歯科医院", "機関区分": 3, "都道府県コード": 2, "市区町村コード": 201, "所在地": "青森県青森市合浦１－１４－１２", "緯度": 40.829277, "経度": 140.773776, "url": "https://www.iryou.teikyouseido.mhlw.go.jp/znk-web/juminkanja/S2430/initialize?prefCd=02&kikanCd=0230000044&kikanKbn=3", "url2": null, "内容": "カタヤ歯科医院【3:歯科】青森県青森市合浦１－１４－１２" }, "geometry": { "type": "Point", "coordinates": [ 140.773776, 40.829277 ] } },
{ "type": "Feature", "properties": { "ID": 230230000046, "正式名称": "かわさき歯科医院", "機関区分": 3, "都道府県コード": 2, "市区町村コード": 201, "所在地": "青森県青森市造道３－２４－２", "緯度": 40.831277, "経度": 140.788219, "url": "https://www.iryou.teikyouseido.mhlw.go.jp/znk-web/juminkanja/S2430/initialize?prefCd=02&kikanCd=0230000046&kikanKbn=3", "url2": null, "内容": "かわさき歯科医院【3:歯科】青森県青森市造道３－２４－２" }, "geometry": { "type": "Point", "coordinates": [ 140.788219, 40.831277 ] } },
{ "type": "Feature", "properties": { "ID": 230230000047, "正式名称": "神田歯科医院", "機関区分": 3, "都道府県コード": 2, "市区町村コード": 201, "所在地": "青森県青森市浪館前田４丁目２－１４", "緯度": 40.813917, "経度": 140.722586, "url": "https://www.iryou.teikyouseido.mhlw.go.jp/znk-web/juminkanja/S2430/initialize?prefCd=02&kikanCd=0230000047&kikanKbn=3", "url2": null, "内容": "神田歯科医院【3:歯科】青森県青森市浪館前田４丁目２－１４" }, "geometry": { "type": "Point", "coordinates": [ 140.722586, 40.813917 ] } },
{ "type": "Feature", "properties": { "ID": 230230000048, "正式名称": "北川歯科医院", "機関区分": 3, "都道府県コード": 2, "市区町村コード": 201, "所在地": "青森県青森市筒井四丁目５－１７", "緯度": 40.803447, "経度": 140.775221, "url": "https://www.iryou.teikyouseido.mhlw.go.jp/znk-web/juminkanja/S2430/initialize?prefCd=02&kikanCd=0230000048&kikanKbn=3", "url2": null, "内容": "北川歯科医院【3:歯科】青森県青森市筒井四丁目５－１７" }, "geometry": { "type": "Point", "coordinates": [ 140.775221, 40.803447 ] } },
{ "type": "Feature", "properties": { "ID": 230230000051, "正式名称": "熊谷歯科医院", "機関区分": 3, "都道府県コード": 2, "市区町村コード": 201, "所在地": "青森県青森市堤町２－２１－１", "緯度": 40.823861, "経度": 140.758971, "url": "https://www.iryou.teikyouseido.mhlw.go.jp/znk-web/juminkanja/S2430/initialize?prefCd=02&kikanCd=0230000051&kikanKbn=3", "url2": null, "内容": "熊谷歯科医院【3:歯科】青森県青森市堤町２－２１－１" }, "geometry": { "type": "Point", "coordinates": [ 140.758971, 40.823861 ] } },
{ "type": "Feature", "properties": { "ID": 230230000052, "正式名称": "熊谷歯科", "機関区分": 3, "都道府県コード": 2, "市区町村コード": 201, "所在地": "青森県青森市古川３－１７－１", "緯度": 40.821083, "経度": 140.735695, "url": "https://www.iryou.teikyouseido.mhlw.go.jp/znk-web/juminkanja/S2430/initialize?prefCd=02&kikanCd=0230000052&kikanKbn=3", "url2": null, "内容": "熊谷歯科【3:歯科】青森県青森市古川３－１７－１" }, "geometry": { "type": "Point", "coordinates": [ 140.735695, 40.821083 ] } },
{ "type": "Feature", "properties": { "ID": 230230000053, "正式名称": "源内歯科クリニック", "機関区分": 3, "都道府県コード": 2, "市区町村コード": 201, "所在地": "青森県青森市富田１－２６－１", "緯度": 40.831665, "経度": 140.721668, "url": "https://www.iryou.teikyouseido.mhlw.go.jp/znk-web/juminkanja/S2430/initialize?prefCd=02&kikanCd=0230000053&kikanKbn=3", "url2": "https://www.gennai-dental.com", "内容": "源内歯科クリニック【3:歯科】青森県青森市富田１－２６－１" }, "geometry": { "type": "Point", "coordinates": [ 140.721668, 40.831665 ] } },
{ "type": "Feature", "properties": { "ID": 230230000055, "正式名称": "幸畑歯科", "機関区分": 3, "都道府県コード": 2, "市区町村コード": 201, "所在地": "青森県青森市幸畑二丁目１３番１７号", "緯度": 40.784544, "経度": 140.783861, "url": "https://www.iryou.teikyouseido.mhlw.go.jp/znk-web/juminkanja/S2430/initialize?prefCd=02&kikanCd=0230000055&kikanKbn=3", "url2": null, "内容": "幸畑歯科【3:歯科】青森県青森市幸畑二丁目１３番１７号" }, "geometry": { "type": "Point", "coordinates": [ 140.783861, 40.784544 ] } },
{ "type": "Feature", "properties": { "ID": 230230000056, "正式名称": "小川歯科診療所", "機関区分": 3, "都道府県コード": 2, "市区町村コード": 201, "所在地": "青森県青森市佃２－２－３", "緯度": 40.822306, "経度": 140.77722, "url": "https://www.iryou.teikyouseido.mhlw.go.jp/znk-web/juminkanja/S2430/initialize?prefCd=02&kikanCd=0230000056&kikanKbn=3", "url2": null, "内容": "小川歯科診療所【3:歯科】青森県青森市佃２－２－３" }, "geometry": { "type": "Point", "coordinates": [ 140.77722, 40.822306 ] } },
{ "type": "Feature", "properties": { "ID": 230230000057, "正式名称": "後藤歯科医院", "機関区分": 3, "都道府県コード": 2, "市区町村コード": 201, "所在地": "青森県青森市篠田１－２５－８", "緯度": 40.827582, "経度": 140.728724, "url": "https://www.iryou.teikyouseido.mhlw.go.jp/znk-web/juminkanja/S2430/initialize?prefCd=02&kikanCd=0230000057&kikanKbn=3", "url2": null, "内容": "後藤歯科医院【3:歯科】青森県青森市篠田１－２５－８" }, "geometry": { "type": "Point", "coordinates": [ 140.728724, 40.827582 ] } },
{ "type": "Feature", "properties": { "ID": 230230000058, "正式名称": "小林歯科クリニック", "機関区分": 3, "都道府県コード": 2, "市区町村コード": 201, "所在地": "青森県青森市青葉１－１－１８", "緯度": 40.805974, "経度": 140.741668, "url": "https://www.iryou.teikyouseido.mhlw.go.jp/znk-web/juminkanja/S2430/initialize?prefCd=02&kikanCd=0230000058&kikanKbn=3", "url2": null, "内容": "小林歯科クリニック【3:歯科】青森県青森市青葉１－１－１８" }, "geometry": { "type": "Point", "coordinates": [ 140.741668, 40.805974 ] } },
{ "type": "Feature", "properties": { "ID": 230230000060, "正式名称": "今歯科医院", "機関区分": 3, "都道府県コード": 2, "市区町村コード": 201, "所在地": "青森県青森市旭町１丁目１５－８", "緯度": 40.815806, "経度": 140.737168, "url": "https://www.iryou.teikyouseido.mhlw.go.jp/znk-web/juminkanja/S2430/initialize?prefCd=02&kikanCd=0230000060&kikanKbn=3", "url2": null, "内容": "今歯科医院【3:歯科】青森県青森市旭町１丁目１５－８" }, "geometry": { "type": "Point", "coordinates": [ 140.737168, 40.815806 ] } },
{ "type": "Feature", "properties": { "ID": 230230000061, "正式名称": "さかがみ歯科クリニック", "機関区分": 3, "都道府県コード": 2, "市区町村コード": 201, "所在地": "青森県青森市小柳六丁目１８－３", "緯度": 40.818195, "経度": 140.790191, "url": "https://www.iryou.teikyouseido.mhlw.go.jp/znk-web/juminkanja/S2430/initialize?prefCd=02&kikanCd=0230000061&kikanKbn=3", "url2": null, "内容": "さかがみ歯科クリニック【3:歯科】青森県青森市小柳六丁目１８－３" }, "geometry": { "type": "Point", "coordinates": [ 140.790191, 40.818195 ] } },
{ "type": "Feature", "properties": { "ID": 230230000062, "正式名称": "医療法人愛和会　桜川歯科医院", "機関区分": 3, "都道府県コード": 2, "市区町村コード": 201, "所在地": "青森県青森市桜川三丁目１４番１７号", "緯度": 40.817251, "経度": 140.769999, "url": "https://www.iryou.teikyouseido.mhlw.go.jp/znk-web/juminkanja/S2430/initialize?prefCd=02&kikanCd=0230000062&kikanKbn=3", "url2": "http://www.sakuragawa-dent-jp", "内容": "医療法人愛和会　桜川歯科医院【3:歯科】青森県青森市桜川三丁目１４番１７号" }, "geometry": { "type": "Point", "coordinates": [ 140.769999, 40.817251 ] } },
{ "type": "Feature", "properties": { "ID": 230230000063, "正式名称": "桜田歯科医院", "機関区分": 3, "都道府県コード": 2, "市区町村コード": 201, "所在地": "青森県青森市野尻今田１１", "緯度": 40.781727, "経度": 140.765417, "url": "https://www.iryou.teikyouseido.mhlw.go.jp/znk-web/juminkanja/S2430/initialize?prefCd=02&kikanCd=0230000063&kikanKbn=3", "url2": null, "内容": "桜田歯科医院【3:歯科】青森県青森市野尻今田１１" }, "geometry": { "type": "Point", "coordinates": [ 140.765417, 40.781727 ] } },
{ "type": "Feature", "properties": { "ID": 230230000064, "正式名称": "桜庭歯科医院", "機関区分": 3, "都道府県コード": 2, "市区町村コード": 201, "所在地": "青森県青森市青葉２丁目１０－２", "緯度": 40.804946, "経度": 140.745473, "url": "https://www.iryou.teikyouseido.mhlw.go.jp/znk-web/juminkanja/S2430/initialize?prefCd=02&kikanCd=0230000064&kikanKbn=3", "url2": null, "内容": "桜庭歯科医院【3:歯科】青森県青森市青葉２丁目１０－２" }, "geometry": { "type": "Point", "coordinates": [ 140.745473, 40.804946 ] } },
{ "type": "Feature", "properties": { "ID": 230230000066, "正式名称": "笹森歯科医院", "機関区分": 3, "都道府県コード": 2, "市区町村コード": 201, "所在地": "青森県青森市浪岡浪岡川合８１－１１", "緯度": 40.718842, "経度": 140.595796, "url": "https://www.iryou.teikyouseido.mhlw.go.jp/znk-web/juminkanja/S2430/initialize?prefCd=02&kikanCd=0230000066&kikanKbn=3", "url2": null, "内容": "笹森歯科医院【3:歯科】青森県青森市浪岡浪岡川合８１－１１" }, "geometry": { "type": "Point", "coordinates": [ 140.595796, 40.718842 ] } },
{ "type": "Feature", "properties": { "ID": 230230000067, "正式名称": "さとう歯科", "機関区分": 3, "都道府県コード": 2, "市区町村コード": 201, "所在地": "青森県青森市久須志３－２－１３", "緯度": 40.818222, "経度": 140.728418, "url": "https://www.iryou.teikyouseido.mhlw.go.jp/znk-web/juminkanja/S2430/initialize?prefCd=02&kikanCd=0230000067&kikanKbn=3", "url2": "aomorisatodental.com", "内容": "さとう歯科【3:歯科】青森県青森市久須志３－２－１３" }, "geometry": { "type": "Point", "coordinates": [ 140.728418, 40.818222 ] } },
{ "type": "Feature", "properties": { "ID": 230230000071, "正式名称": "医療法人　三和会歯科クリニック", "機関区分": 3, "都道府県コード": 2, "市区町村コード": 201, "所在地": "青森県青森市三内稲元１２２－２", "緯度": 40.823554, "経度": 140.709975, "url": "https://www.iryou.teikyouseido.mhlw.go.jp/znk-web/juminkanja/S2430/initialize?prefCd=02&kikanCd=0230000071&kikanKbn=3", "url2": null, "内容": "医療法人　三和会歯科クリニック【3:歯科】青森県青森市三内稲元１２２－２" }, "geometry": { "type": "Point", "coordinates": [ 140.709975, 40.823554 ] } },
{ "type": "Feature", "properties": { "ID": 230230000072, "正式名称": "塩崎歯科医院", "機関区分": 3, "都道府県コード": 2, "市区町村コード": 201, "所在地": "青森県青森市桜川５－２－１１", "緯度": 40.812973, "経度": 140.769304, "url": "https://www.iryou.teikyouseido.mhlw.go.jp/znk-web/juminkanja/S2430/initialize?prefCd=02&kikanCd=0230000072&kikanKbn=3", "url2": null, "内容": "塩崎歯科医院【3:歯科】青森県青森市桜川５－２－１１" }, "geometry": { "type": "Point", "coordinates": [ 140.769304, 40.812973 ] } },
{ "type": "Feature", "properties": { "ID": 230230000074, "正式名称": "ＪＵＮ　Ｄｅｎｔａｌ　Ｃｌｉｎｉｃ", "機関区分": 3, "都道府県コード": 2, "市区町村コード": 201, "所在地": "青森県青森市奥野２－２０－１３", "緯度": 40.815667, "経度": 140.763888, "url": "https://www.iryou.teikyouseido.mhlw.go.jp/znk-web/juminkanja/S2430/initialize?prefCd=02&kikanCd=0230000074&kikanKbn=3", "url2": "http://www.araseki-dc.com", "内容": "ＪＵＮ　Ｄｅｎｔａｌ　Ｃｌｉｎｉｃ【3:歯科】青森県青森市奥野２－２０－１３" }, "geometry": { "type": "Point", "coordinates": [ 140.763888, 40.815667 ] } },
{ "type": "Feature", "properties": { "ID": 230230000075, "正式名称": "ジョイフル歯科クリニック", "機関区分": 3, "都道府県コード": 2, "市区町村コード": 201, "所在地": "青森県青森市富田３－１５－１８　（１階）", "緯度": 40.832886, "経度": 140.709364, "url": "https://www.iryou.teikyouseido.mhlw.go.jp/znk-web/juminkanja/S2430/initialize?prefCd=02&kikanCd=0230000075&kikanKbn=3", "url2": "http://www.azabu.or.jp/joy/", "内容": "ジョイフル歯科クリニック【3:歯科】青森県青森市富田３－１５－１８　（１階）" }, "geometry": { "type": "Point", "coordinates": [ 140.709364, 40.832886 ] } },
{ "type": "Feature", "properties": { "ID": 230230000076, "正式名称": "白取歯科医院", "機関区分": 3, "都道府県コード": 2, "市区町村コード": 201, "所在地": "青森県青森市平新田森越１２－３１", "緯度": 40.830361, "経度": 140.813688, "url": "https://www.iryou.teikyouseido.mhlw.go.jp/znk-web/juminkanja/S2430/initialize?prefCd=02&kikanCd=0230000076&kikanKbn=3", "url2": null, "内容": "白取歯科医院【3:歯科】青森県青森市平新田森越１２－３１" }, "geometry": { "type": "Point", "coordinates": [ 140.813688, 40.830361 ] } },
{ "type": "Feature", "properties": { "ID": 230230000077, "正式名称": "新城ミナトヤ歯科医院", "機関区分": 3, "都道府県コード": 2, "市区町村コード": 201, "所在地": "青森県青森市新城山田１１－１", "緯度": 40.828803, "経度": 140.672895, "url": "https://www.iryou.teikyouseido.mhlw.go.jp/znk-web/juminkanja/S2430/initialize?prefCd=02&kikanCd=0230000077&kikanKbn=3", "url2": "http://minatoya-shika.com/", "内容": "新城ミナトヤ歯科医院【3:歯科】青森県青森市新城山田１１－１" }, "geometry": { "type": "Point", "coordinates": [ 140.672895, 40.828803 ] } },
{ "type": "Feature", "properties": { "ID": 230230000078, "正式名称": "鈴木歯科医院", "機関区分": 3, "都道府県コード": 2, "市区町村コード": 201, "所在地": "青森県青森市篠田２丁目２１－７", "緯度": 40.826915, "経度": 140.725613, "url": "https://www.iryou.teikyouseido.mhlw.go.jp/znk-web/juminkanja/S2430/initialize?prefCd=02&kikanCd=0230000078&kikanKbn=3", "url2": null, "内容": "鈴木歯科医院【3:歯科】青森県青森市篠田２丁目２１－７" }, "geometry": { "type": "Point", "coordinates": [ 140.725613, 40.826915 ] } },
{ "type": "Feature", "properties": { "ID": 230230000080, "正式名称": "清藤歯科医院中央診療所", "機関区分": 3, "都道府県コード": 2, "市区町村コード": 201, "所在地": "青森県青森市中央一丁目２１－２", "緯度": 40.821666, "経度": 140.746611, "url": "https://www.iryou.teikyouseido.mhlw.go.jp/znk-web/juminkanja/S2430/initialize?prefCd=02&kikanCd=0230000080&kikanKbn=3", "url2": "http://seidou.esutera.com", "内容": "清藤歯科医院中央診療所【3:歯科】青森県青森市中央一丁目２１－２" }, "geometry": { "type": "Point", "coordinates": [ 140.746611, 40.821666 ] } },
{ "type": "Feature", "properties": { "ID": 230230000083, "正式名称": "ダイヤ歯科クリニック", "機関区分": 3, "都道府県コード": 2, "市区町村コード": 201, "所在地": "青森県青森市大野山下１７１－１７", "緯度": 40.808362, "経度": 140.732946, "url": "https://www.iryou.teikyouseido.mhlw.go.jp/znk-web/juminkanja/S2430/initialize?prefCd=02&kikanCd=0230000083&kikanKbn=3", "url2": null, "内容": "ダイヤ歯科クリニック【3:歯科】青森県青森市大野山下１７１－１７" }, "geometry": { "type": "Point", "coordinates": [ 140.732946, 40.808362 ] } },
{ "type": "Feature", "properties": { "ID": 230230000089, "正式名称": "たかや歯科クリニック", "機関区分": 3, "都道府県コード": 2, "市区町村コード": 201, "所在地": "青森県青森市浜田二丁目１５－１８", "緯度": 40.800086, "経度": 140.752945, "url": "https://www.iryou.teikyouseido.mhlw.go.jp/znk-web/juminkanja/S2430/initialize?prefCd=02&kikanCd=0230000089&kikanKbn=3", "url2": "http://www.takaya-dental.com/", "内容": "たかや歯科クリニック【3:歯科】青森県青森市浜田二丁目１５－１８" }, "geometry": { "type": "Point", "coordinates": [ 140.752945, 40.800086 ] } },
{ "type": "Feature", "properties": { "ID": 230230000090, "正式名称": "たきさわ歯科クリニック", "機関区分": 3, "都道府県コード": 2, "市区町村コード": 201, "所在地": "青森県青森市油川浪岸３番地", "緯度": 40.856939, "経度": 140.693558, "url": "https://www.iryou.teikyouseido.mhlw.go.jp/znk-web/juminkanja/S2430/initialize?prefCd=02&kikanCd=0230000090&kikanKbn=3", "url2": "https://www.jda.or.jp/search/detail_75756.html", "内容": "たきさわ歯科クリニック【3:歯科】青森県青森市油川浪岸３番地" }, "geometry": { "type": "Point", "coordinates": [ 140.693558, 40.856939 ] } },
{ "type": "Feature", "properties": { "ID": 230230000092, "正式名称": "たきや歯科医院", "機関区分": 3, "都道府県コード": 2, "市区町村コード": 201, "所在地": "青森県青森市花園２丁目２１－１", "緯度": 40.825472, "経度": 140.773387, "url": "https://www.iryou.teikyouseido.mhlw.go.jp/znk-web/juminkanja/S2430/initialize?prefCd=02&kikanCd=0230000092&kikanKbn=3", "url2": null, "内容": "たきや歯科医院【3:歯科】青森県青森市花園２丁目２１－１" }, "geometry": { "type": "Point", "coordinates": [ 140.773387, 40.825472 ] } },
{ "type": "Feature", "properties": { "ID": 230230000093, "正式名称": "竹浪歯科医院", "機関区分": 3, "都道府県コード": 2, "市区町村コード": 201, "所在地": "青森県青森市幸畑１丁目２０－１５", "緯度": 40.78156, "経度": 140.778611, "url": "https://www.iryou.teikyouseido.mhlw.go.jp/znk-web/juminkanja/S2430/initialize?prefCd=02&kikanCd=0230000093&kikanKbn=3", "url2": null, "内容": "竹浪歯科医院【3:歯科】青森県青森市幸畑１丁目２０－１５" }, "geometry": { "type": "Point", "coordinates": [ 140.778611, 40.78156 ] } },
{ "type": "Feature", "properties": { "ID": 230230000097, "正式名称": "千歳歯科医院", "機関区分": 3, "都道府県コード": 2, "市区町村コード": 201, "所在地": "青森県青森市勝田２－３－１０", "緯度": 40.816306, "経度": 140.756472, "url": "https://www.iryou.teikyouseido.mhlw.go.jp/znk-web/juminkanja/S2430/initialize?prefCd=02&kikanCd=0230000097&kikanKbn=3", "url2": null, "内容": "千歳歯科医院【3:歯科】青森県青森市勝田２－３－１０" }, "geometry": { "type": "Point", "coordinates": [ 140.756472, 40.816306 ] } },
{ "type": "Feature", "properties": { "ID": 230230000099, "正式名称": "つくだ歯科クリニック", "機関区分": 3, "都道府県コード": 2, "市区町村コード": 201, "所在地": "青森県青森市南佃２丁目１６－１２", "緯度": 40.816223, "経度": 140.785053, "url": "https://www.iryou.teikyouseido.mhlw.go.jp/znk-web/juminkanja/S2430/initialize?prefCd=02&kikanCd=0230000099&kikanKbn=3", "url2": null, "内容": "つくだ歯科クリニック【3:歯科】青森県青森市南佃２丁目１６－１２" }, "geometry": { "type": "Point", "coordinates": [ 140.785053, 40.816223 ] } },
{ "type": "Feature", "properties": { "ID": 230230000100, "正式名称": "對馬歯科医院", "機関区分": 3, "都道府県コード": 2, "市区町村コード": 201, "所在地": "青森県青森市新町１－８－２４", "緯度": 40.827054, "経度": 140.736779, "url": "https://www.iryou.teikyouseido.mhlw.go.jp/znk-web/juminkanja/S2430/initialize?prefCd=02&kikanCd=0230000100&kikanKbn=3", "url2": null, "内容": "對馬歯科医院【3:歯科】青森県青森市新町１－８－２４" }, "geometry": { "type": "Point", "coordinates": [ 140.736779, 40.827054 ] } },
{ "type": "Feature", "properties": { "ID": 230230000101, "正式名称": "対馬歯科医院", "機関区分": 3, "都道府県コード": 2, "市区町村コード": 201, "所在地": "青森県青森市八重田４－１－１３", "緯度": 40.828083, "経度": 140.799024, "url": "https://www.iryou.teikyouseido.mhlw.go.jp/znk-web/juminkanja/S2430/initialize?prefCd=02&kikanCd=0230000101&kikanKbn=3", "url2": null, "内容": "対馬歯科医院【3:歯科】青森県青森市八重田４－１－１３" }, "geometry": { "type": "Point", "coordinates": [ 140.799024, 40.828083 ] } },
{ "type": "Feature", "properties": { "ID": 230230000103, "正式名称": "てつや歯科クリニック", "機関区分": 3, "都道府県コード": 2, "市区町村コード": 201, "所在地": "青森県青森市桜川８－６－１０", "緯度": 40.806252, "経度": 140.769471, "url": "https://www.iryou.teikyouseido.mhlw.go.jp/znk-web/juminkanja/S2430/initialize?prefCd=02&kikanCd=0230000103&kikanKbn=3", "url2": "https://itp.ne.jp/info/026743957157531230/", "内容": "てつや歯科クリニック【3:歯科】青森県青森市桜川８－６－１０" }, "geometry": { "type": "Point", "coordinates": [ 140.769471, 40.806252 ] } },
{ "type": "Feature", "properties": { "ID": 230230000106, "正式名称": "とき歯科", "機関区分": 3, "都道府県コード": 2, "市区町村コード": 201, "所在地": "青森県青森市原別５丁目９番１号", "緯度": 40.840971, "経度": 140.807078, "url": "https://www.iryou.teikyouseido.mhlw.go.jp/znk-web/juminkanja/S2430/initialize?prefCd=02&kikanCd=0230000106&kikanKbn=3", "url2": null, "内容": "とき歯科【3:歯科】青森県青森市原別５丁目９番１号" }, "geometry": { "type": "Point", "coordinates": [ 140.807078, 40.840971 ] } },
{ "type": "Feature", "properties": { "ID": 230230000112, "正式名称": "成田歯科矯正歯科医院", "機関区分": 3, "都道府県コード": 2, "市区町村コード": 201, "所在地": "青森県青森市堤町２－２１－７", "緯度": 40.823527, "経度": 140.759277, "url": "https://www.iryou.teikyouseido.mhlw.go.jp/znk-web/juminkanja/S2430/initialize?prefCd=02&kikanCd=0230000112&kikanKbn=3", "url2": null, "内容": "成田歯科矯正歯科医院【3:歯科】青森県青森市堤町２－２１－７" }, "geometry": { "type": "Point", "coordinates": [ 140.759277, 40.823527 ] } },
{ "type": "Feature", "properties": { "ID": 230230000119, "正式名称": "平井歯科医院", "機関区分": 3, "都道府県コード": 2, "市区町村コード": 201, "所在地": "青森県青森市浪岡浪岡若松１６－２", "緯度": 40.718842, "経度": 140.595796, "url": "https://www.iryou.teikyouseido.mhlw.go.jp/znk-web/juminkanja/S2430/initialize?prefCd=02&kikanCd=0230000119&kikanKbn=3", "url2": null, "内容": "平井歯科医院【3:歯科】青森県青森市浪岡浪岡若松１６－２" }, "geometry": { "type": "Point", "coordinates": [ 140.595796, 40.718842 ] } },
{ "type": "Feature", "properties": { "ID": 230230000121, "正式名称": "ふじもと歯科医院", "機関区分": 3, "都道府県コード": 2, "市区町村コード": 201, "所在地": "青森県青森市荒川柴田１５－２", "緯度": 40.783448, "経度": 140.738308, "url": "https://www.iryou.teikyouseido.mhlw.go.jp/znk-web/juminkanja/S2430/initialize?prefCd=02&kikanCd=0230000121&kikanKbn=3", "url2": null, "内容": "ふじもと歯科医院【3:歯科】青森県青森市荒川柴田１５－２" }, "geometry": { "type": "Point", "coordinates": [ 140.738308, 40.783448 ] } },
{ "type": "Feature", "properties": { "ID": 230230000123, "正式名称": "船越歯科医院", "機関区分": 3, "都道府県コード": 2, "市区町村コード": 201, "所在地": "青森県青森市栄町２丁目８－１８", "緯度": 40.825805, "経度": 140.772109, "url": "https://www.iryou.teikyouseido.mhlw.go.jp/znk-web/juminkanja/S2430/initialize?prefCd=02&kikanCd=0230000123&kikanKbn=3", "url2": null, "内容": "船越歯科医院【3:歯科】青森県青森市栄町２丁目８－１８" }, "geometry": { "type": "Point", "coordinates": [ 140.772109, 40.825805 ] } },
{ "type": "Feature", "properties": { "ID": 230230000125, "正式名称": "フラワー歯科医院", "機関区分": 3, "都道府県コード": 2, "市区町村コード": 201, "所在地": "青森県青森市緑３－４－２１", "緯度": 40.806807, "経度": 140.751029, "url": "https://www.iryou.teikyouseido.mhlw.go.jp/znk-web/juminkanja/S2430/initialize?prefCd=02&kikanCd=0230000125&kikanKbn=3", "url2": null, "内容": "フラワー歯科医院【3:歯科】青森県青森市緑３－４－２１" }, "geometry": { "type": "Point", "coordinates": [ 140.751029, 40.806807 ] } },
{ "type": "Feature", "properties": { "ID": 230230000126, "正式名称": "堀内歯科医院", "機関区分": 3, "都道府県コード": 2, "市区町村コード": 201, "所在地": "青森県青森市中央１丁目２７番１号", "緯度": 40.821944, "経度": 140.748333, "url": "https://www.iryou.teikyouseido.mhlw.go.jp/znk-web/juminkanja/S2430/initialize?prefCd=02&kikanCd=0230000126&kikanKbn=3", "url2": "https://www.doctor-map.info/dtl/02201300029/", "内容": "堀内歯科医院【3:歯科】青森県青森市中央１丁目２７番１号" }, "geometry": { "type": "Point", "coordinates": [ 140.748333, 40.821944 ] } },
{ "type": "Feature", "properties": { "ID": 230230000128, "正式名称": "本田歯科医院", "機関区分": 3, "都道府県コード": 2, "市区町村コード": 201, "所在地": "青森県青森市中央１－５－８", "緯度": 40.819694, "経度": 140.744529, "url": "https://www.iryou.teikyouseido.mhlw.go.jp/znk-web/juminkanja/S2430/initialize?prefCd=02&kikanCd=0230000128&kikanKbn=3", "url2": "http://www.hondadental.net", "内容": "本田歯科医院【3:歯科】青森県青森市中央１－５－８" }, "geometry": { "type": "Point", "coordinates": [ 140.744529, 40.819694 ] } },
{ "type": "Feature", "properties": { "ID": 230230000129, "正式名称": "牧歯科医院", "機関区分": 3, "都道府県コード": 2, "市区町村コード": 201, "所在地": "青森県青森市古川１－１６－１１", "緯度": 40.824444, "経度": 140.737306, "url": "https://www.iryou.teikyouseido.mhlw.go.jp/znk-web/juminkanja/S2430/initialize?prefCd=02&kikanCd=0230000129&kikanKbn=3", "url2": null, "内容": "牧歯科医院【3:歯科】青森県青森市古川１－１６－１１" }, "geometry": { "type": "Point", "coordinates": [ 140.737306, 40.824444 ] } },
{ "type": "Feature", "properties": { "ID": 230230000135, "正式名称": "ミント歯科クリニック", "機関区分": 3, "都道府県コード": 2, "市区町村コード": 201, "所在地": "青森県青森市東大野１－６－１０", "緯度": 40.801502, "経度": 140.741724, "url": "https://www.iryou.teikyouseido.mhlw.go.jp/znk-web/juminkanja/S2430/initialize?prefCd=02&kikanCd=0230000135&kikanKbn=3", "url2": null, "内容": "ミント歯科クリニック【3:歯科】青森県青森市東大野１－６－１０" }, "geometry": { "type": "Point", "coordinates": [ 140.741724, 40.801502 ] } },
{ "type": "Feature", "properties": { "ID": 230230000136, "正式名称": "むらかみ歯科クリニック", "機関区分": 3, "都道府県コード": 2, "市区町村コード": 201, "所在地": "青森県青森市金沢三丁目３０－２３", "緯度": 40.809139, "経度": 140.737446, "url": "https://www.iryou.teikyouseido.mhlw.go.jp/znk-web/juminkanja/S2430/initialize?prefCd=02&kikanCd=0230000136&kikanKbn=3", "url2": null, "内容": "むらかみ歯科クリニック【3:歯科】青森県青森市金沢三丁目３０－２３" }, "geometry": { "type": "Point", "coordinates": [ 140.737446, 40.809139 ] } },
{ "type": "Feature", "properties": { "ID": 230230000138, "正式名称": "むらた歯科医院", "機関区分": 3, "都道府県コード": 2, "市区町村コード": 201, "所在地": "青森県青森市岡造道２－３－１８", "緯度": 40.82575, "経度": 140.78683, "url": "https://www.iryou.teikyouseido.mhlw.go.jp/znk-web/juminkanja/S2430/initialize?prefCd=02&kikanCd=0230000138&kikanKbn=3", "url2": null, "内容": "むらた歯科医院【3:歯科】青森県青森市岡造道２－３－１８" }, "geometry": { "type": "Point", "coordinates": [ 140.78683, 40.82575 ] } },
{ "type": "Feature", "properties": { "ID": 230230000140, "正式名称": "医療法人柳谷歯科医院", "機関区分": 3, "都道府県コード": 2, "市区町村コード": 201, "所在地": "青森県青森市青葉３－１－９", "緯度": 40.80514, "経度": 140.751806, "url": "https://www.iryou.teikyouseido.mhlw.go.jp/znk-web/juminkanja/S2430/initialize?prefCd=02&kikanCd=0230000140&kikanKbn=3", "url2": "http://yanagiyashika.com/", "内容": "医療法人柳谷歯科医院【3:歯科】青森県青森市青葉３－１－９" }, "geometry": { "type": "Point", "coordinates": [ 140.751806, 40.80514 ] } },
{ "type": "Feature", "properties": { "ID": 230230000141, "正式名称": "医療法人　山内会　やまうち歯科医院", "機関区分": 3, "都道府県コード": 2, "市区町村コード": 201, "所在地": "青森県青森市大野前田７４－９３", "緯度": 40.801946, "経度": 140.733307, "url": "https://www.iryou.teikyouseido.mhlw.go.jp/znk-web/juminkanja/S2430/initialize?prefCd=02&kikanCd=0230000141&kikanKbn=3", "url2": "http://www.yamauchi-shika.net", "内容": "医療法人　山内会　やまうち歯科医院【3:歯科】青森県青森市大野前田７４－９３" }, "geometry": { "type": "Point", "coordinates": [ 140.733307, 40.801946 ] } },
{ "type": "Feature", "properties": { "ID": 230230000142, "正式名称": "山口歯科医院", "機関区分": 3, "都道府県コード": 2, "市区町村コード": 201, "所在地": "青森県青森市本町５－４－２", "緯度": 40.825916, "経度": 140.750861, "url": "https://www.iryou.teikyouseido.mhlw.go.jp/znk-web/juminkanja/S2430/initialize?prefCd=02&kikanCd=0230000142&kikanKbn=3", "url2": null, "内容": "山口歯科医院【3:歯科】青森県青森市本町５－４－２" }, "geometry": { "type": "Point", "coordinates": [ 140.750861, 40.825916 ] } },
{ "type": "Feature", "properties": { "ID": 230230000146, "正式名称": "やまもと歯科", "機関区分": 3, "都道府県コード": 2, "市区町村コード": 201, "所在地": "青森県青森市浜田玉川２７番地４", "緯度": 40.800836, "経度": 140.763139, "url": "https://www.iryou.teikyouseido.mhlw.go.jp/znk-web/juminkanja/S2430/initialize?prefCd=02&kikanCd=0230000146&kikanKbn=3", "url2": "http://yamamoto-dc.net/", "内容": "やまもと歯科【3:歯科】青森県青森市浜田玉川２７番地４" }, "geometry": { "type": "Point", "coordinates": [ 140.763139, 40.800836 ] } },
{ "type": "Feature", "properties": { "ID": 230230000147, "正式名称": "よこうち歯科", "機関区分": 3, "都道府県コード": 2, "市区町村コード": 201, "所在地": "青森県青森市羽白池上２０７－２", "緯度": 40.851801, "経度": 140.682532, "url": "https://www.iryou.teikyouseido.mhlw.go.jp/znk-web/juminkanja/S2430/initialize?prefCd=02&kikanCd=0230000147&kikanKbn=3", "url2": "http://www.yokouchi-dc.com/", "内容": "よこうち歯科【3:歯科】青森県青森市羽白池上２０７－２" }, "geometry": { "type": "Point", "coordinates": [ 140.682532, 40.851801 ] } },
{ "type": "Feature", "properties": { "ID": 230230000148, "正式名称": "よしかわ歯科医院", "機関区分": 3, "都道府県コード": 2, "市区町村コード": 201, "所在地": "青森県青森市筒井八ツ橋１３８２－２２", "緯度": 40.797558, "経度": 140.765778, "url": "https://www.iryou.teikyouseido.mhlw.go.jp/znk-web/juminkanja/S2430/initialize?prefCd=02&kikanCd=0230000148&kikanKbn=3", "url2": null, "内容": "よしかわ歯科医院【3:歯科】青森県青森市筒井八ツ橋１３８２－２２" }, "geometry": { "type": "Point", "coordinates": [ 140.765778, 40.797558 ] } },
{ "type": "Feature", "properties": { "ID": 230230000150, "正式名称": "米澤デンタルクリニック", "機関区分": 3, "都道府県コード": 2, "市区町村コード": 201, "所在地": "青森県青森市浪館泉川２２－４", "緯度": 40.806723, "経度": 140.721781, "url": "https://www.iryou.teikyouseido.mhlw.go.jp/znk-web/juminkanja/S2430/initialize?prefCd=02&kikanCd=0230000150&kikanKbn=3", "url2": null, "内容": "米澤デンタルクリニック【3:歯科】青森県青森市浪館泉川２２－４" }, "geometry": { "type": "Point", "coordinates": [ 140.721781, 40.806723 ] } },
{ "type": "Feature", "properties": { "ID": 230230000152, "正式名称": "若井歯科医院", "機関区分": 3, "都道府県コード": 2, "市区町村コード": 201, "所在地": "青森県青森市小柳３－１５－８", "緯度": 40.821889, "経度": 140.795246, "url": "https://www.iryou.teikyouseido.mhlw.go.jp/znk-web/juminkanja/S2430/initialize?prefCd=02&kikanCd=0230000152&kikanKbn=3", "url2": null, "内容": "若井歯科医院【3:歯科】青森県青森市小柳３－１５－８" }, "geometry": { "type": "Point", "coordinates": [ 140.795246, 40.821889 ] } },
{ "type": "Feature", "properties": { "ID": 230230000155, "正式名称": "Ｉ　歯科", "機関区分": 3, "都道府県コード": 2, "市区町村コード": 202, "所在地": "青森県弘前市富士見町７－１", "緯度": 40.591214, "経度": 140.471228, "url": "https://www.iryou.teikyouseido.mhlw.go.jp/znk-web/juminkanja/S2430/initialize?prefCd=02&kikanCd=0230000155&kikanKbn=3", "url2": null, "内容": "Ｉ　歯科【3:歯科】青森県弘前市富士見町７－１" }, "geometry": { "type": "Point", "coordinates": [ 140.471228, 40.591214 ] } },
{ "type": "Feature", "properties": { "ID": 230230000158, "正式名称": "秋元歯科クリニック", "機関区分": 3, "都道府県コード": 2, "市区町村コード": 202, "所在地": "青森県弘前市大開２丁目１－１２", "緯度": 40.575243, "経度": 140.44762, "url": "https://www.iryou.teikyouseido.mhlw.go.jp/znk-web/juminkanja/S2430/initialize?prefCd=02&kikanCd=0230000158&kikanKbn=3", "url2": null, "内容": "秋元歯科クリニック【3:歯科】青森県弘前市大開２丁目１－１２" }, "geometry": { "type": "Point", "coordinates": [ 140.44762, 40.575243 ] } },
{ "type": "Feature", "properties": { "ID": 230230000159, "正式名称": "明本歯科医院", "機関区分": 3, "都道府県コード": 2, "市区町村コード": 202, "所在地": "青森県弘前市大町３丁目４－９", "緯度": 40.596325, "経度": 140.479533, "url": "https://www.iryou.teikyouseido.mhlw.go.jp/znk-web/juminkanja/S2430/initialize?prefCd=02&kikanCd=0230000159&kikanKbn=3", "url2": "http://www.akemoto-dc.com/", "内容": "明本歯科医院【3:歯科】青森県弘前市大町３丁目４－９" }, "geometry": { "type": "Point", "coordinates": [ 140.479533, 40.596325 ] } },
{ "type": "Feature", "properties": { "ID": 230230000160, "正式名称": "医療法人弘淳会　あべ歯科医院", "機関区分": 3, "都道府県コード": 2, "市区町村コード": 202, "所在地": "青森県弘前市青山　３－８－１", "緯度": 40.619072, "経度": 140.482476, "url": "https://www.iryou.teikyouseido.mhlw.go.jp/znk-web/juminkanja/S2430/initialize?prefCd=02&kikanCd=0230000160&kikanKbn=3", "url2": "http://www.koujunkai.net", "内容": "医療法人弘淳会　あべ歯科医院【3:歯科】青森県弘前市青山　３－８－１" }, "geometry": { "type": "Point", "coordinates": [ 140.482476, 40.619072 ] } },
{ "type": "Feature", "properties": { "ID": 230230000161, "正式名称": "石岡歯科医院", "機関区分": 3, "都道府県コード": 2, "市区町村コード": 202, "所在地": "青森県弘前市松森町７５－１", "緯度": 40.592547, "経度": 140.480672, "url": "https://www.iryou.teikyouseido.mhlw.go.jp/znk-web/juminkanja/S2430/initialize?prefCd=02&kikanCd=0230000161&kikanKbn=3", "url2": null, "内容": "石岡歯科医院【3:歯科】青森県弘前市松森町７５－１" }, "geometry": { "type": "Point", "coordinates": [ 140.480672, 40.592547 ] } },
{ "type": "Feature", "properties": { "ID": 230230000164, "正式名称": "いちむら歯科医院", "機関区分": 3, "都道府県コード": 2, "市区町村コード": 202, "所在地": "青森県弘前市取上二丁目１６－２", "緯度": 40.587076, "経度": 140.482977, "url": "https://www.iryou.teikyouseido.mhlw.go.jp/znk-web/juminkanja/S2430/initialize?prefCd=02&kikanCd=0230000164&kikanKbn=3", "url2": null, "内容": "いちむら歯科医院【3:歯科】青森県弘前市取上二丁目１６－２" }, "geometry": { "type": "Point", "coordinates": [ 140.482977, 40.587076 ] } },
{ "type": "Feature", "properties": { "ID": 230230000165, "正式名称": "医療法人審美会　梅原歯科医院", "機関区分": 3, "都道府県コード": 2, "市区町村コード": 202, "所在地": "青森県弘前市土手町１２３－１", "緯度": 40.598796, "経度": 140.474922, "url": "https://www.iryou.teikyouseido.mhlw.go.jp/znk-web/juminkanja/S2430/initialize?prefCd=02&kikanCd=0230000165&kikanKbn=3", "url2": "http://www.umehar.or.jp", "内容": "医療法人審美会　梅原歯科医院【3:歯科】青森県弘前市土手町１２３－１" }, "geometry": { "type": "Point", "coordinates": [ 140.474922, 40.598796 ] } },
{ "type": "Feature", "properties": { "ID": 230230000172, "正式名称": "大町歯科医院", "機関区分": 3, "都道府県コード": 2, "市区町村コード": 202, "所在地": "青森県弘前市大町３丁目１０－４", "緯度": 40.597075, "経度": 140.479561, "url": "https://www.iryou.teikyouseido.mhlw.go.jp/znk-web/juminkanja/S2430/initialize?prefCd=02&kikanCd=0230000172&kikanKbn=3", "url2": "http://www.omachi-shika.com", "内容": "大町歯科医院【3:歯科】青森県弘前市大町３丁目１０－４" }, "geometry": { "type": "Point", "coordinates": [ 140.479561, 40.597075 ] } },
{ "type": "Feature", "properties": { "ID": 230230000173, "正式名称": "オリオン歯科クリニック", "機関区分": 3, "都道府県コード": 2, "市区町村コード": 202, "所在地": "青森県弘前市元寺町３５", "緯度": 40.604435, "経度": 140.469949, "url": "https://www.iryou.teikyouseido.mhlw.go.jp/znk-web/juminkanja/S2430/initialize?prefCd=02&kikanCd=0230000173&kikanKbn=3", "url2": null, "内容": "オリオン歯科クリニック【3:歯科】青森県弘前市元寺町３５" }, "geometry": { "type": "Point", "coordinates": [ 140.469949, 40.604435 ] } },
{ "type": "Feature", "properties": { "ID": 230230000174, "正式名称": "かなもり歯科", "機関区分": 3, "都道府県コード": 2, "市区町村コード": 202, "所在地": "青森県弘前市中野５－１２－２７", "緯度": 40.577022, "経度": 140.475117, "url": "https://www.iryou.teikyouseido.mhlw.go.jp/znk-web/juminkanja/S2430/initialize?prefCd=02&kikanCd=0230000174&kikanKbn=3", "url2": "http://www.hirosaki.or.jp/office/info/kanamori.thml", "内容": "かなもり歯科【3:歯科】青森県弘前市中野５－１２－２７" }, "geometry": { "type": "Point", "coordinates": [ 140.475117, 40.577022 ] } },
{ "type": "Feature", "properties": { "ID": 230230000179, "正式名称": "桔梗野歯科", "機関区分": 3, "都道府県コード": 2, "市区町村コード": 202, "所在地": "青森県弘前市桔梗野２－５－２３", "緯度": 40.591686, "経度": 140.464201, "url": "https://www.iryou.teikyouseido.mhlw.go.jp/znk-web/juminkanja/S2430/initialize?prefCd=02&kikanCd=0230000179&kikanKbn=3", "url2": "http://www.kikyono.com", "内容": "桔梗野歯科【3:歯科】青森県弘前市桔梗野２－５－２３" }, "geometry": { "type": "Point", "coordinates": [ 140.464201, 40.591686 ] } },
{ "type": "Feature", "properties": { "ID": 230230000180, "正式名称": "菊地歯科医院", "機関区分": 3, "都道府県コード": 2, "市区町村コード": 202, "所在地": "青森県弘前市中野１丁目１１－６", "緯度": 40.584493, "経度": 140.471256, "url": "https://www.iryou.teikyouseido.mhlw.go.jp/znk-web/juminkanja/S2430/initialize?prefCd=02&kikanCd=0230000180&kikanKbn=3", "url2": "http://www18.ocn.ne.jp/~kikuchis", "内容": "菊地歯科医院【3:歯科】青森県弘前市中野１丁目１１－６" }, "geometry": { "type": "Point", "coordinates": [ 140.471256, 40.584493 ] } },
{ "type": "Feature", "properties": { "ID": 230230000182, "正式名称": "矯正歯科　じん歯科クリニック", "機関区分": 3, "都道府県コード": 2, "市区町村コード": 202, "所在地": "青森県弘前市大町二丁目１０番地３", "緯度": 40.595131, "経度": 140.482505, "url": "https://www.iryou.teikyouseido.mhlw.go.jp/znk-web/juminkanja/S2430/initialize?prefCd=02&kikanCd=0230000182&kikanKbn=3", "url2": "http://www.jin-dental.com", "内容": "矯正歯科　じん歯科クリニック【3:歯科】青森県弘前市大町二丁目１０番地３" }, "geometry": { "type": "Point", "coordinates": [ 140.482505, 40.595131 ] } },
{ "type": "Feature", "properties": { "ID": 230230000183, "正式名称": "楠美歯科クリニック", "機関区分": 3, "都道府県コード": 2, "市区町村コード": 202, "所在地": "青森県弘前市中野２丁目６番地２１", "緯度": 40.580909, "経度": 140.475034, "url": "https://www.iryou.teikyouseido.mhlw.go.jp/znk-web/juminkanja/S2430/initialize?prefCd=02&kikanCd=0230000183&kikanKbn=3", "url2": null, "内容": "楠美歯科クリニック【3:歯科】青森県弘前市中野２丁目６番地２１" }, "geometry": { "type": "Point", "coordinates": [ 140.475034, 40.580909 ] } },
{ "type": "Feature", "properties": { "ID": 230230000184, "正式名称": "くどう歯科", "機関区分": 3, "都道府県コード": 2, "市区町村コード": 202, "所在地": "青森県弘前市茂森町１２１番地", "緯度": 40.598796, "経度": 140.460478, "url": "https://www.iryou.teikyouseido.mhlw.go.jp/znk-web/juminkanja/S2430/initialize?prefCd=02&kikanCd=0230000184&kikanKbn=3", "url2": null, "内容": "くどう歯科【3:歯科】青森県弘前市茂森町１２１番地" }, "geometry": { "type": "Point", "coordinates": [ 140.460478, 40.598796 ] } },
{ "type": "Feature", "properties": { "ID": 230230000185, "正式名称": "工藤歯科医院", "機関区分": 3, "都道府県コード": 2, "市区町村コード": 202, "所在地": "青森県弘前市石川字家岸１０－６", "緯度": 40.551941, "経度": 140.543252, "url": "https://www.iryou.teikyouseido.mhlw.go.jp/znk-web/juminkanja/S2430/initialize?prefCd=02&kikanCd=0230000185&kikanKbn=3", "url2": null, "内容": "工藤歯科医院【3:歯科】青森県弘前市石川字家岸１０－６" }, "geometry": { "type": "Point", "coordinates": [ 140.543252, 40.551941 ] } },
{ "type": "Feature", "properties": { "ID": 230230000187, "正式名称": "弘南歯科医院", "機関区分": 3, "都道府県コード": 2, "市区町村コード": 202, "所在地": "青森県弘前市川先四丁目１２－２４", "緯度": 40.592158, "経度": 140.487922, "url": "https://www.iryou.teikyouseido.mhlw.go.jp/znk-web/juminkanja/S2430/initialize?prefCd=02&kikanCd=0230000187&kikanKbn=3", "url2": "http://Konan-dental.com", "内容": "弘南歯科医院【3:歯科】青森県弘前市川先四丁目１２－２４" }, "geometry": { "type": "Point", "coordinates": [ 140.487922, 40.592158 ] } },
{ "type": "Feature", "properties": { "ID": 230230000188, "正式名称": "小泉歯科医院", "機関区分": 3, "都道府県コード": 2, "市区町村コード": 202, "所在地": "青森県弘前市高屋本宮４８０－４", "緯度": 40.618043, "経度": 140.422092, "url": "https://www.iryou.teikyouseido.mhlw.go.jp/znk-web/juminkanja/S2430/initialize?prefCd=02&kikanCd=0230000188&kikanKbn=3", "url2": "http://senchikai.me/", "内容": "小泉歯科医院【3:歯科】青森県弘前市高屋本宮４８０－４" }, "geometry": { "type": "Point", "coordinates": [ 140.422092, 40.618043 ] } },
{ "type": "Feature", "properties": { "ID": 230230000192, "正式名称": "さくらデンタルクリニック", "機関区分": 3, "都道府県コード": 2, "市区町村コード": 202, "所在地": "青森県弘前市城東北３丁目５－１２", "緯度": 40.605741, "経度": 140.494059, "url": "https://www.iryou.teikyouseido.mhlw.go.jp/znk-web/juminkanja/S2430/initialize?prefCd=02&kikanCd=0230000192&kikanKbn=3", "url2": "http://Sakura-dentalclinic.jp", "内容": "さくらデンタルクリニック【3:歯科】青森県弘前市城東北３丁目５－１２" }, "geometry": { "type": "Point", "coordinates": [ 140.494059, 40.605741 ] } },
{ "type": "Feature", "properties": { "ID": 230230000193, "正式名称": "笹村歯科医院", "機関区分": 3, "都道府県コード": 2, "市区町村コード": 202, "所在地": "青森県弘前市城東中央４－３－３１", "緯度": 40.600519, "経度": 140.495503, "url": "https://www.iryou.teikyouseido.mhlw.go.jp/znk-web/juminkanja/S2430/initialize?prefCd=02&kikanCd=0230000193&kikanKbn=3", "url2": "http://sasamura-dc.com/index.html", "内容": "笹村歯科医院【3:歯科】青森県弘前市城東中央４－３－３１" }, "geometry": { "type": "Point", "coordinates": [ 140.495503, 40.600519 ] } },
{ "type": "Feature", "properties": { "ID": 230230000197, "正式名称": "三和歯科クリニック", "機関区分": 3, "都道府県コード": 2, "市区町村コード": 202, "所在地": "青森県弘前市中野４－６－１０", "緯度": 40.574327, "経度": 140.477978, "url": "https://www.iryou.teikyouseido.mhlw.go.jp/znk-web/juminkanja/S2430/initialize?prefCd=02&kikanCd=0230000197&kikanKbn=3", "url2": null, "内容": "三和歯科クリニック【3:歯科】青森県弘前市中野４－６－１０" }, "geometry": { "type": "Point", "coordinates": [ 140.477978, 40.574327 ] } },
{ "type": "Feature", "properties": { "ID": 230230000201, "正式名称": "城西歯科クリニック", "機関区分": 3, "都道府県コード": 2, "市区町村コード": 202, "所在地": "青森県弘前市五十石町２", "緯度": 40.607712, "経度": 140.458562, "url": "https://www.iryou.teikyouseido.mhlw.go.jp/znk-web/juminkanja/S2430/initialize?prefCd=02&kikanCd=0230000201&kikanKbn=3", "url2": null, "内容": "城西歯科クリニック【3:歯科】青森県弘前市五十石町２" }, "geometry": { "type": "Point", "coordinates": [ 140.458562, 40.607712 ] } },
{ "type": "Feature", "properties": { "ID": 230230000202, "正式名称": "しろと歯科医院", "機関区分": 3, "都道府県コード": 2, "市区町村コード": 202, "所在地": "青森県弘前市川先１－２－１", "緯度": 40.589771, "経度": 140.494337, "url": "https://www.iryou.teikyouseido.mhlw.go.jp/znk-web/juminkanja/S2430/initialize?prefCd=02&kikanCd=0230000202&kikanKbn=3", "url2": null, "内容": "しろと歯科医院【3:歯科】青森県弘前市川先１－２－１" }, "geometry": { "type": "Point", "coordinates": [ 140.494337, 40.589771 ] } },
{ "type": "Feature", "properties": { "ID": 230230000205, "正式名称": "関歯科医院", "機関区分": 3, "都道府県コード": 2, "市区町村コード": 202, "所在地": "青森県弘前市和泉１丁目４番地７", "緯度": 40.609545, "経度": 140.493447, "url": "https://www.iryou.teikyouseido.mhlw.go.jp/znk-web/juminkanja/S2430/initialize?prefCd=02&kikanCd=0230000205&kikanKbn=3", "url2": null, "内容": "関歯科医院【3:歯科】青森県弘前市和泉１丁目４番地７" }, "geometry": { "type": "Point", "coordinates": [ 140.493447, 40.609545 ] } },
{ "type": "Feature", "properties": { "ID": 230230000208, "正式名称": "副島歯科医院", "機関区分": 3, "都道府県コード": 2, "市区町村コード": 202, "所在地": "青森県弘前市稔町８－４", "緯度": 40.585354, "経度": 140.469256, "url": "https://www.iryou.teikyouseido.mhlw.go.jp/znk-web/juminkanja/S2430/initialize?prefCd=02&kikanCd=0230000208&kikanKbn=3", "url2": null, "内容": "副島歯科医院【3:歯科】青森県弘前市稔町８－４" }, "geometry": { "type": "Point", "coordinates": [ 140.469256, 40.585354 ] } },
{ "type": "Feature", "properties": { "ID": 230230000209, "正式名称": "ソレイユ歯科医院", "機関区分": 3, "都道府県コード": 2, "市区町村コード": 202, "所在地": "青森県弘前市新町１６２－３", "緯度": 40.606906, "経度": 140.455757, "url": "https://www.iryou.teikyouseido.mhlw.go.jp/znk-web/juminkanja/S2430/initialize?prefCd=02&kikanCd=0230000209&kikanKbn=3", "url2": null, "内容": "ソレイユ歯科医院【3:歯科】青森県弘前市新町１６２－３" }, "geometry": { "type": "Point", "coordinates": [ 140.455757, 40.606906 ] } },
{ "type": "Feature", "properties": { "ID": 230230000210, "正式名称": "第一歯科クリニック", "機関区分": 3, "都道府県コード": 2, "市区町村コード": 202, "所在地": "青森県弘前市城東中央３丁目１－２５", "緯度": 40.599852, "経度": 140.491671, "url": "https://www.iryou.teikyouseido.mhlw.go.jp/znk-web/juminkanja/S2430/initialize?prefCd=02&kikanCd=0230000210&kikanKbn=3", "url2": null, "内容": "第一歯科クリニック【3:歯科】青森県弘前市城東中央３丁目１－２５" }, "geometry": { "type": "Point", "coordinates": [ 140.491671, 40.599852 ] } },
{ "type": "Feature", "properties": { "ID": 230230000211, "正式名称": "第一ファミリー歯科", "機関区分": 3, "都道府県コード": 2, "市区町村コード": 202, "所在地": "青森県弘前市城東中央３－１０－１９", "緯度": 40.600046, "経度": 140.492337, "url": "https://www.iryou.teikyouseido.mhlw.go.jp/znk-web/juminkanja/S2430/initialize?prefCd=02&kikanCd=0230000211&kikanKbn=3", "url2": null, "内容": "第一ファミリー歯科【3:歯科】青森県弘前市城東中央３－１０－１９" }, "geometry": { "type": "Point", "coordinates": [ 140.492337, 40.600046 ] } },
{ "type": "Feature", "properties": { "ID": 230230000213, "正式名称": "たかち歯科・小児歯科医院", "機関区分": 3, "都道府県コード": 2, "市区町村コード": 202, "所在地": "青森県弘前市向外瀬４丁目１４－１", "緯度": 40.625682, "経度": 140.475004, "url": "https://www.iryou.teikyouseido.mhlw.go.jp/znk-web/juminkanja/S2430/initialize?prefCd=02&kikanCd=0230000213&kikanKbn=3", "url2": "http://tdc.sakura.ne.jp/hp/", "内容": "たかち歯科・小児歯科医院【3:歯科】青森県弘前市向外瀬４丁目１４－１" }, "geometry": { "type": "Point", "coordinates": [ 140.475004, 40.625682 ] } },
{ "type": "Feature", "properties": { "ID": 230230000215, "正式名称": "竹沢歯科クリニック", "機関区分": 3, "都道府県コード": 2, "市区町村コード": 202, "所在地": "青森県弘前市松原西３－１－１", "緯度": 40.568384, "経度": 140.481089, "url": "https://www.iryou.teikyouseido.mhlw.go.jp/znk-web/juminkanja/S2430/initialize?prefCd=02&kikanCd=0230000215&kikanKbn=3", "url2": null, "内容": "竹沢歯科クリニック【3:歯科】青森県弘前市松原西３－１－１" }, "geometry": { "type": "Point", "coordinates": [ 140.481089, 40.568384 ] } },
{ "type": "Feature", "properties": { "ID": 230230000216, "正式名称": "玉山歯科医院", "機関区分": 3, "都道府県コード": 2, "市区町村コード": 202, "所在地": "青森県弘前市駒越町２２－１", "緯度": 40.607545, "経度": 140.454201, "url": "https://www.iryou.teikyouseido.mhlw.go.jp/znk-web/juminkanja/S2430/initialize?prefCd=02&kikanCd=0230000216&kikanKbn=3", "url2": null, "内容": "玉山歯科医院【3:歯科】青森県弘前市駒越町２２－１" }, "geometry": { "type": "Point", "coordinates": [ 140.454201, 40.607545 ] } },
{ "type": "Feature", "properties": { "ID": 230230000218, "正式名称": "中畑歯科診療所", "機関区分": 3, "都道府県コード": 2, "市区町村コード": 202, "所在地": "青森県弘前市山道町１４－３", "緯度": 40.598991, "経度": 140.473561, "url": "https://www.iryou.teikyouseido.mhlw.go.jp/znk-web/juminkanja/S2430/initialize?prefCd=02&kikanCd=0230000218&kikanKbn=3", "url2": null, "内容": "中畑歯科診療所【3:歯科】青森県弘前市山道町１４－３" }, "geometry": { "type": "Point", "coordinates": [ 140.473561, 40.598991 ] } },
{ "type": "Feature", "properties": { "ID": 230230000221, "正式名称": "なかむら歯科医院", "機関区分": 3, "都道府県コード": 2, "市区町村コード": 202, "所在地": "青森県弘前市末広４－２－３", "緯度": 40.607102, "経度": 140.502447, "url": "https://www.iryou.teikyouseido.mhlw.go.jp/znk-web/juminkanja/S2430/initialize?prefCd=02&kikanCd=0230000221&kikanKbn=3", "url2": "ndc-1992.com", "内容": "なかむら歯科医院【3:歯科】青森県弘前市末広４－２－３" }, "geometry": { "type": "Point", "coordinates": [ 140.502447, 40.607102 ] } },
{ "type": "Feature", "properties": { "ID": 230230000225, "正式名称": "鳴海デンタルクリニック", "機関区分": 3, "都道府県コード": 2, "市区町村コード": 202, "所在地": "青森県弘前市城東中央三丁目１０－１３", "緯度": 40.600796, "経度": 140.492087, "url": "https://www.iryou.teikyouseido.mhlw.go.jp/znk-web/juminkanja/S2430/initialize?prefCd=02&kikanCd=0230000225&kikanKbn=3", "url2": null, "内容": "鳴海デンタルクリニック【3:歯科】青森県弘前市城東中央三丁目１０－１３" }, "geometry": { "type": "Point", "coordinates": [ 140.492087, 40.600796 ] } },
{ "type": "Feature", "properties": { "ID": 230230000226, "正式名称": "野村歯科医院", "機関区分": 3, "都道府県コード": 2, "市区町村コード": 202, "所在地": "青森県弘前市西川岸町１", "緯度": 40.601342, "経度": 140.47477, "url": "https://www.iryou.teikyouseido.mhlw.go.jp/znk-web/juminkanja/S2430/initialize?prefCd=02&kikanCd=0230000226&kikanKbn=3", "url2": "https://nomura-dental.com/", "内容": "野村歯科医院【3:歯科】青森県弘前市西川岸町１" }, "geometry": { "type": "Point", "coordinates": [ 140.47477, 40.601342 ] } },
{ "type": "Feature", "properties": { "ID": 230230000228, "正式名称": "浜の町歯科クリニック", "機関区分": 3, "都道府県コード": 2, "市区町村コード": 202, "所在地": "青森県弘前市浜の町東３－３－５", "緯度": 40.624488, "経度": 140.456673, "url": "https://www.iryou.teikyouseido.mhlw.go.jp/znk-web/juminkanja/S2430/initialize?prefCd=02&kikanCd=0230000228&kikanKbn=3", "url2": "hamanomachi-shika.com", "内容": "浜の町歯科クリニック【3:歯科】青森県弘前市浜の町東３－３－５" }, "geometry": { "type": "Point", "coordinates": [ 140.456673, 40.624488 ] } },
{ "type": "Feature", "properties": { "ID": 230230000229, "正式名称": "ひまわり歯科クリニック", "機関区分": 3, "都道府県コード": 2, "市区町村コード": 202, "所在地": "青森県弘前市早稲田二丁目１２－１４", "緯度": 40.601881, "経度": 140.51003, "url": "https://www.iryou.teikyouseido.mhlw.go.jp/znk-web/juminkanja/S2430/initialize?prefCd=02&kikanCd=0230000229&kikanKbn=3", "url2": null, "内容": "ひまわり歯科クリニック【3:歯科】青森県弘前市早稲田二丁目１２－１４" }, "geometry": { "type": "Point", "coordinates": [ 140.51003, 40.601881 ] } },
{ "type": "Feature", "properties": { "ID": 230230000231, "正式名称": "平山歯科クリニック", "機関区分": 3, "都道府県コード": 2, "市区町村コード": 202, "所在地": "青森県弘前市宮園５丁目３５－３", "緯度": 40.621155, "経度": 140.476032, "url": "https://www.iryou.teikyouseido.mhlw.go.jp/znk-web/juminkanja/S2430/initialize?prefCd=02&kikanCd=0230000231&kikanKbn=3", "url2": null, "内容": "平山歯科クリニック【3:歯科】青森県弘前市宮園５丁目３５－３" }, "geometry": { "type": "Point", "coordinates": [ 140.476032, 40.621155 ] } },
{ "type": "Feature", "properties": { "ID": 230230000235, "正式名称": "ふくい歯科口腔外科クリニック", "機関区分": 3, "都道府県コード": 2, "市区町村コード": 202, "所在地": "青森県弘前市松原西１丁目１４－１９", "緯度": 40.572494, "経度": 140.476339, "url": "https://www.iryou.teikyouseido.mhlw.go.jp/znk-web/juminkanja/S2430/initialize?prefCd=02&kikanCd=0230000235&kikanKbn=3", "url2": null, "内容": "ふくい歯科口腔外科クリニック【3:歯科】青森県弘前市松原西１丁目１４－１９" }, "geometry": { "type": "Point", "coordinates": [ 140.476339, 40.572494 ] } },
{ "type": "Feature", "properties": { "ID": 230230000236, "正式名称": "福原歯科医院", "機関区分": 3, "都道府県コード": 2, "市区町村コード": 202, "所在地": "青森県弘前市上鞘師町１２－３", "緯度": 40.604963, "経度": 140.471033, "url": "https://www.iryou.teikyouseido.mhlw.go.jp/znk-web/juminkanja/S2430/initialize?prefCd=02&kikanCd=0230000236&kikanKbn=3", "url2": null, "内容": "福原歯科医院【3:歯科】青森県弘前市上鞘師町１２－３" }, "geometry": { "type": "Point", "coordinates": [ 140.471033, 40.604963 ] } },
{ "type": "Feature", "properties": { "ID": 230230000237, "正式名称": "ふじた歯科医院", "機関区分": 3, "都道府県コード": 2, "市区町村コード": 202, "所在地": "青森県弘前市石渡４－１３－３", "緯度": 40.629599, "経度": 140.458088, "url": "https://www.iryou.teikyouseido.mhlw.go.jp/znk-web/juminkanja/S2430/initialize?prefCd=02&kikanCd=0230000237&kikanKbn=3", "url2": "http://www.fujitashika.net/", "内容": "ふじた歯科医院【3:歯科】青森県弘前市石渡４－１３－３" }, "geometry": { "type": "Point", "coordinates": [ 140.458088, 40.629599 ] } },
{ "type": "Feature", "properties": { "ID": 230230000241, "正式名称": "松野歯科医院", "機関区分": 3, "都道府県コード": 2, "市区町村コード": 202, "所在地": "青森県弘前市上瓦ケ町五", "緯度": 40.59938, "経度": 140.476033, "url": "https://www.iryou.teikyouseido.mhlw.go.jp/znk-web/juminkanja/S2430/initialize?prefCd=02&kikanCd=0230000241&kikanKbn=3", "url2": null, "内容": "松野歯科医院【3:歯科】青森県弘前市上瓦ケ町五" }, "geometry": { "type": "Point", "coordinates": [ 140.476033, 40.59938 ] } },
{ "type": "Feature", "properties": { "ID": 230230000246, "正式名称": "毛内歯科医院", "機関区分": 3, "都道府県コード": 2, "市区町村コード": 202, "所在地": "青森県弘前市田園４－１２－２１", "緯度": 40.604407, "経度": 140.508835, "url": "https://www.iryou.teikyouseido.mhlw.go.jp/znk-web/juminkanja/S2430/initialize?prefCd=02&kikanCd=0230000246&kikanKbn=3", "url2": null, "内容": "毛内歯科医院【3:歯科】青森県弘前市田園４－１２－２１" }, "geometry": { "type": "Point", "coordinates": [ 140.508835, 40.604407 ] } },
{ "type": "Feature", "properties": { "ID": 230230000248, "正式名称": "やがわ歯科医院", "機関区分": 3, "都道府県コード": 2, "市区町村コード": 202, "所在地": "青森県弘前市城西４－１－１３", "緯度": 40.604295, "経度": 140.449813, "url": "https://www.iryou.teikyouseido.mhlw.go.jp/znk-web/juminkanja/S2430/initialize?prefCd=02&kikanCd=0230000248&kikanKbn=3", "url2": "yagawashikaiin.com", "内容": "やがわ歯科医院【3:歯科】青森県弘前市城西４－１－１３" }, "geometry": { "type": "Point", "coordinates": [ 140.449813, 40.604295 ] } },
{ "type": "Feature", "properties": { "ID": 230230000249, "正式名称": "やぎはしファミリー歯科", "機関区分": 3, "都道府県コード": 2, "市区町村コード": 202, "所在地": "青森県弘前市富田町３４", "緯度": 40.589214, "経度": 140.482033, "url": "https://www.iryou.teikyouseido.mhlw.go.jp/znk-web/juminkanja/S2430/initialize?prefCd=02&kikanCd=0230000249&kikanKbn=3", "url2": "http://www.yagihashi-dental.com", "内容": "やぎはしファミリー歯科【3:歯科】青森県弘前市富田町３４" }, "geometry": { "type": "Point", "coordinates": [ 140.482033, 40.589214 ] } },
{ "type": "Feature", "properties": { "ID": 230230000257, "正式名称": "渡辺歯科医院", "機関区分": 3, "都道府県コード": 2, "市区町村コード": 202, "所在地": "青森県弘前市茂森町４２－１", "緯度": 40.601352, "経度": 140.461173, "url": "https://www.iryou.teikyouseido.mhlw.go.jp/znk-web/juminkanja/S2430/initialize?prefCd=02&kikanCd=0230000257&kikanKbn=3", "url2": null, "内容": "渡辺歯科医院【3:歯科】青森県弘前市茂森町４２－１" }, "geometry": { "type": "Point", "coordinates": [ 140.461173, 40.601352 ] } },
{ "type": "Feature", "properties": { "ID": 230230000260, "正式名称": "アップル歯科医院", "機関区分": 3, "都道府県コード": 2, "市区町村コード": 204, "所在地": "青森県黒石市東新町１丁目６", "緯度": 40.641461, "経度": 140.600382, "url": "https://www.iryou.teikyouseido.mhlw.go.jp/znk-web/juminkanja/S2430/initialize?prefCd=02&kikanCd=0230000260&kikanKbn=3", "url2": null, "内容": "アップル歯科医院【3:歯科】青森県黒石市東新町１丁目６" }, "geometry": { "type": "Point", "coordinates": [ 140.600382, 40.641461 ] } },
{ "type": "Feature", "properties": { "ID": 230230000262, "正式名称": "あぼ歯科クリニック", "機関区分": 3, "都道府県コード": 2, "市区町村コード": 204, "所在地": "青森県黒石市北美町１－５８", "緯度": 40.654766, "経度": 140.602381, "url": "https://www.iryou.teikyouseido.mhlw.go.jp/znk-web/juminkanja/S2430/initialize?prefCd=02&kikanCd=0230000262&kikanKbn=3", "url2": null, "内容": "あぼ歯科クリニック【3:歯科】青森県黒石市北美町１－５８" }, "geometry": { "type": "Point", "coordinates": [ 140.602381, 40.654766 ] } },
{ "type": "Feature", "properties": { "ID": 230230000263, "正式名称": "石川歯科クリニック", "機関区分": 3, "都道府県コード": 2, "市区町村コード": 204, "所在地": "青森県黒石市黒石十三森１８４－９", "緯度": 40.65382, "経度": 140.585022, "url": "https://www.iryou.teikyouseido.mhlw.go.jp/znk-web/juminkanja/S2430/initialize?prefCd=02&kikanCd=0230000263&kikanKbn=3", "url2": "http://www.ishikawa-dc.info/", "内容": "石川歯科クリニック【3:歯科】青森県黒石市黒石十三森１８４－９" }, "geometry": { "type": "Point", "coordinates": [ 140.585022, 40.65382 ] } },
{ "type": "Feature", "properties": { "ID": 230230000270, "正式名称": "清藤歯科医院", "機関区分": 3, "都道府県コード": 2, "市区町村コード": 204, "所在地": "青森県黒石市前町２３－２", "緯度": 40.64135, "経度": 140.595243, "url": "https://www.iryou.teikyouseido.mhlw.go.jp/znk-web/juminkanja/S2430/initialize?prefCd=02&kikanCd=0230000270&kikanKbn=3", "url2": null, "内容": "清藤歯科医院【3:歯科】青森県黒石市前町２３－２" }, "geometry": { "type": "Point", "coordinates": [ 140.595243, 40.64135 ] } },
{ "type": "Feature", "properties": { "ID": 230230000278, "正式名称": "工藤歯科医院", "機関区分": 3, "都道府県コード": 2, "市区町村コード": 210, "所在地": "青森県平川市柏木町藤山１１－６", "緯度": 40.582495, "経度": 140.565915, "url": "https://www.iryou.teikyouseido.mhlw.go.jp/znk-web/juminkanja/S2430/initialize?prefCd=02&kikanCd=0230000278&kikanKbn=3", "url2": null, "内容": "工藤歯科医院【3:歯科】青森県平川市柏木町藤山１１－６" }, "geometry": { "type": "Point", "coordinates": [ 140.565915, 40.582495 ] } },
{ "type": "Feature", "properties": { "ID": 230230000279, "正式名称": "さとう歯科クリニック", "機関区分": 3, "都道府県コード": 2, "市区町村コード": 210, "所在地": "青森県平川市南田中北林元３７－１", "緯度": 40.607797, "経度": 140.588828, "url": "https://www.iryou.teikyouseido.mhlw.go.jp/znk-web/juminkanja/S2430/initialize?prefCd=02&kikanCd=0230000279&kikanKbn=3", "url2": null, "内容": "さとう歯科クリニック【3:歯科】青森県平川市南田中北林元３７－１" }, "geometry": { "type": "Point", "coordinates": [ 140.588828, 40.607797 ] } },
{ "type": "Feature", "properties": { "ID": 230230000280, "正式名称": "すぎた歯科", "機関区分": 3, "都道府県コード": 2, "市区町村コード": 210, "所在地": "青森県平川市中佐渡南田１８－１６", "緯度": 40.61438, "経度": 140.576329, "url": "https://www.iryou.teikyouseido.mhlw.go.jp/znk-web/juminkanja/S2430/initialize?prefCd=02&kikanCd=0230000280&kikanKbn=3", "url2": "https://www.sugita-dental.com", "内容": "すぎた歯科【3:歯科】青森県平川市中佐渡南田１８－１６" }, "geometry": { "type": "Point", "coordinates": [ 140.576329, 40.61438 ] } },
{ "type": "Feature", "properties": { "ID": 230230000282, "正式名称": "清藤歯科平賀医院", "機関区分": 3, "都道府県コード": 2, "市区町村コード": 210, "所在地": "青森県平川市本町北柳田２１－３", "緯度": 40.585188, "経度": 140.562055, "url": "https://www.iryou.teikyouseido.mhlw.go.jp/znk-web/juminkanja/S2430/initialize?prefCd=02&kikanCd=0230000282&kikanKbn=3", "url2": null, "内容": "清藤歯科平賀医院【3:歯科】青森県平川市本町北柳田２１－３" }, "geometry": { "type": "Point", "coordinates": [ 140.562055, 40.585188 ] } },
{ "type": "Feature", "properties": { "ID": 230230000284, "正式名称": "ひらかわ歯科クリニック", "機関区分": 3, "都道府県コード": 2, "市区町村コード": 210, "所在地": "青森県平川市小和森中松岡１１６－２", "緯度": 40.592244, "経度": 140.566137, "url": "https://www.iryou.teikyouseido.mhlw.go.jp/znk-web/juminkanja/S2430/initialize?prefCd=02&kikanCd=0230000284&kikanKbn=3", "url2": null, "内容": "ひらかわ歯科クリニック【3:歯科】青森県平川市小和森中松岡１１６－２" }, "geometry": { "type": "Point", "coordinates": [ 140.566137, 40.592244 ] } },
{ "type": "Feature", "properties": { "ID": 230230000292, "正式名称": "デンタルクリニック～さとう", "機関区分": 3, "都道府県コード": 2, "市区町村コード": 362, "所在地": "青森県南津軽郡大鰐町大鰐前田３３－２", "緯度": 40.520973, "経度": 140.568862, "url": "https://www.iryou.teikyouseido.mhlw.go.jp/znk-web/juminkanja/S2430/initialize?prefCd=02&kikanCd=0230000292&kikanKbn=3", "url2": null, "内容": "デンタルクリニック～さとう【3:歯科】青森県南津軽郡大鰐町大鰐前田３３－２" }, "geometry": { "type": "Point", "coordinates": [ 140.568862, 40.520973 ] } },
{ "type": "Feature", "properties": { "ID": 230230000297, "正式名称": "工藤八歯科医院", "機関区分": 3, "都道府県コード": 2, "市区町村コード": 381, "所在地": "青森県北津軽郡板柳町板柳土井１０８－２", "緯度": 40.696203, "経度": 140.457613, "url": "https://www.iryou.teikyouseido.mhlw.go.jp/znk-web/juminkanja/S2430/initialize?prefCd=02&kikanCd=0230000297&kikanKbn=3", "url2": null, "内容": "工藤八歯科医院【3:歯科】青森県北津軽郡板柳町板柳土井１０８－２" }, "geometry": { "type": "Point", "coordinates": [ 140.457613, 40.696203 ] } },
{ "type": "Feature", "properties": { "ID": 230230000298, "正式名称": "久米田歯科矯正歯科医院", "機関区分": 3, "都道府県コード": 2, "市区町村コード": 381, "所在地": "青森県北津軽郡板柳町福野田実田８４－２", "緯度": 40.697063, "経度": 140.458891, "url": "https://www.iryou.teikyouseido.mhlw.go.jp/znk-web/juminkanja/S2430/initialize?prefCd=02&kikanCd=0230000298&kikanKbn=3", "url2": null, "内容": "久米田歯科矯正歯科医院【3:歯科】青森県北津軽郡板柳町福野田実田８４－２" }, "geometry": { "type": "Point", "coordinates": [ 140.458891, 40.697063 ] } },
{ "type": "Feature", "properties": { "ID": 230230000299, "正式名称": "久米田歯科", "機関区分": 3, "都道府県コード": 2, "市区町村コード": 381, "所在地": "青森県北津軽郡板柳町五林平三宅１１－１", "緯度": 40.75453, "経度": 140.505746, "url": "https://www.iryou.teikyouseido.mhlw.go.jp/znk-web/juminkanja/S2430/initialize?prefCd=02&kikanCd=0230000299&kikanKbn=3", "url2": null, "内容": "久米田歯科【3:歯科】青森県北津軽郡板柳町五林平三宅１１－１" }, "geometry": { "type": "Point", "coordinates": [ 140.505746, 40.75453 ] } },
{ "type": "Feature", "properties": { "ID": 230230000300, "正式名称": "諏訪歯科", "機関区分": 3, "都道府県コード": 2, "市区町村コード": 381, "所在地": "青森県北津軽郡板柳町福野田増田１８－３", "緯度": 40.699396, "経度": 140.457558, "url": "https://www.iryou.teikyouseido.mhlw.go.jp/znk-web/juminkanja/S2430/initialize?prefCd=02&kikanCd=0230000300&kikanKbn=3", "url2": null, "内容": "諏訪歯科【3:歯科】青森県北津軽郡板柳町福野田増田１８－３" }, "geometry": { "type": "Point", "coordinates": [ 140.457558, 40.699396 ] } },
{ "type": "Feature", "properties": { "ID": 230230000304, "正式名称": "青葉歯科クリニック", "機関区分": 3, "都道府県コード": 2, "市区町村コード": 203, "所在地": "青森県八戸市青葉３－４－１", "緯度": 40.509769, "経度": 141.507035, "url": "https://www.iryou.teikyouseido.mhlw.go.jp/znk-web/juminkanja/S2430/initialize?prefCd=02&kikanCd=0230000304&kikanKbn=3", "url2": "http://www.hmf.gr.jp/Aoba/", "内容": "青葉歯科クリニック【3:歯科】青森県八戸市青葉３－４－１" }, "geometry": { "type": "Point", "coordinates": [ 141.507035, 40.509769 ] } },
{ "type": "Feature", "properties": { "ID": 230230000305, "正式名称": "医療法人あおもりデンタルケア", "機関区分": 3, "都道府県コード": 2, "市区町村コード": 203, "所在地": "青森県八戸市売市４－５－１９", "緯度": 40.512407, "経度": 141.473759, "url": "https://www.iryou.teikyouseido.mhlw.go.jp/znk-web/juminkanja/S2430/initialize?prefCd=02&kikanCd=0230000305&kikanKbn=3", "url2": "http://www.aomori-dental.com/", "内容": "医療法人あおもりデンタルケア【3:歯科】青森県八戸市売市４－５－１９" }, "geometry": { "type": "Point", "coordinates": [ 141.473759, 40.512407 ] } },
{ "type": "Feature", "properties": { "ID": 230230000306, "正式名称": "あこう歯科医院", "機関区分": 3, "都道府県コード": 2, "市区町村コード": 203, "所在地": "青森県八戸市南郷字市野沢３３－１", "緯度": 40.400918, "経度": 141.448545, "url": "https://www.iryou.teikyouseido.mhlw.go.jp/znk-web/juminkanja/S2430/initialize?prefCd=02&kikanCd=0230000306&kikanKbn=3", "url2": "http://www.akoh-dc.com/", "内容": "あこう歯科医院【3:歯科】青森県八戸市南郷字市野沢３３－１" }, "geometry": { "type": "Point", "coordinates": [ 141.448545, 40.400918 ] } },
{ "type": "Feature", "properties": { "ID": 230230000307, "正式名称": "あとむら歯科医院", "機関区分": 3, "都道府県コード": 2, "市区町村コード": 412, "所在地": "青森県上北郡おいらせ町青葉１丁目５０－１５０２", "緯度": 40.659472, "経度": 141.367956, "url": "https://www.iryou.teikyouseido.mhlw.go.jp/znk-web/juminkanja/S2430/initialize?prefCd=02&kikanCd=0230000307&kikanKbn=3", "url2": null, "内容": "あとむら歯科医院【3:歯科】青森県上北郡おいらせ町青葉１丁目５０－１５０２" }, "geometry": { "type": "Point", "coordinates": [ 141.367956, 40.659472 ] } },
{ "type": "Feature", "properties": { "ID": 230230000312, "正式名称": "石亀歯科まさる矯正歯科", "機関区分": 3, "都道府県コード": 2, "市区町村コード": 203, "所在地": "青森県八戸市廿三日町七番地", "緯度": 40.507741, "経度": 141.487064, "url": "https://www.iryou.teikyouseido.mhlw.go.jp/znk-web/juminkanja/S2430/initialize?prefCd=02&kikanCd=0230000312&kikanKbn=3", "url2": "http://www.ishigameshika.com", "内容": "石亀歯科まさる矯正歯科【3:歯科】青森県八戸市廿三日町七番地" }, "geometry": { "type": "Point", "coordinates": [ 141.487064, 40.507741 ] } },
{ "type": "Feature", "properties": { "ID": 230230000314, "正式名称": "石亀歯科医院", "機関区分": 3, "都道府県コード": 2, "市区町村コード": 443, "所在地": "青森県三戸郡田子町田子田子３４－１", "緯度": 40.360221, "経度": 141.077466, "url": "https://www.iryou.teikyouseido.mhlw.go.jp/znk-web/juminkanja/S2430/initialize?prefCd=02&kikanCd=0230000314&kikanKbn=3", "url2": "http://www.ishigameshika.com", "内容": "石亀歯科医院【3:歯科】青森県三戸郡田子町田子田子３４－１" }, "geometry": { "type": "Point", "coordinates": [ 141.077466, 40.360221 ] } },
{ "type": "Feature", "properties": { "ID": 230230000321, "正式名称": "伊藤歯科医院", "機関区分": 3, "都道府県コード": 2, "市区町村コード": 203, "所在地": "青森県八戸市青葉三丁目６－１３", "緯度": 40.511352, "経度": 141.508756, "url": "https://www.iryou.teikyouseido.mhlw.go.jp/znk-web/juminkanja/S2430/initialize?prefCd=02&kikanCd=0230000321&kikanKbn=3", "url2": "http://itou.dental-net.jp", "内容": "伊藤歯科医院【3:歯科】青森県八戸市青葉三丁目６－１３" }, "geometry": { "type": "Point", "coordinates": [ 141.508756, 40.511352 ] } },
{ "type": "Feature", "properties": { "ID": 230230000325, "正式名称": "岩崎歯科クリニック", "機関区分": 3, "都道府県コード": 2, "市区町村コード": 203, "所在地": "青森県八戸市下長８－１１－８", "緯度": 40.538126, "経度": 141.48673, "url": "https://www.iryou.teikyouseido.mhlw.go.jp/znk-web/juminkanja/S2430/initialize?prefCd=02&kikanCd=0230000325&kikanKbn=3", "url2": "www.iwasaki-dental-clinic.com", "内容": "岩崎歯科クリニック【3:歯科】青森県八戸市下長８－１１－８" }, "geometry": { "type": "Point", "coordinates": [ 141.48673, 40.538126 ] } },
{ "type": "Feature", "properties": { "ID": 230230000326, "正式名称": "えと歯科医院", "機関区分": 3, "都道府県コード": 2, "市区町村コード": 203, "所在地": "青森県八戸市鳥屋部町１", "緯度": 40.506769, "経度": 141.489286, "url": "https://www.iryou.teikyouseido.mhlw.go.jp/znk-web/juminkanja/S2430/initialize?prefCd=02&kikanCd=0230000326&kikanKbn=3", "url2": null, "内容": "えと歯科医院【3:歯科】青森県八戸市鳥屋部町１" }, "geometry": { "type": "Point", "coordinates": [ 141.489286, 40.506769 ] } },
{ "type": "Feature", "properties": { "ID": 230230000328, "正式名称": "大里歯科医院", "機関区分": 3, "都道府県コード": 2, "市区町村コード": 203, "所在地": "青森県八戸市長横町１６", "緯度": 40.508213, "経度": 141.493092, "url": "https://www.iryou.teikyouseido.mhlw.go.jp/znk-web/juminkanja/S2430/initialize?prefCd=02&kikanCd=0230000328&kikanKbn=3", "url2": null, "内容": "大里歯科医院【3:歯科】青森県八戸市長横町１６" }, "geometry": { "type": "Point", "coordinates": [ 141.493092, 40.508213 ] } },
{ "type": "Feature", "properties": { "ID": 230230000329, "正式名称": "大下歯科クリニック", "機関区分": 3, "都道府県コード": 2, "市区町村コード": 203, "所在地": "青森県八戸市大字尻内町字八百刈２３番地７", "緯度": 40.508796, "経度": 141.436513, "url": "https://www.iryou.teikyouseido.mhlw.go.jp/znk-web/juminkanja/S2430/initialize?prefCd=02&kikanCd=0230000329&kikanKbn=3", "url2": "http://oshita-dc.com/", "内容": "大下歯科クリニック【3:歯科】青森県八戸市大字尻内町字八百刈２３番地７" }, "geometry": { "type": "Point", "coordinates": [ 141.436513, 40.508796 ] } },
{ "type": "Feature", "properties": { "ID": 230230000333, "正式名称": "かが歯科医院", "機関区分": 3, "都道府県コード": 2, "市区町村コード": 203, "所在地": "青森県八戸市一番町２丁目１－２", "緯度": 40.507796, "経度": 141.43368, "url": "https://www.iryou.teikyouseido.mhlw.go.jp/znk-web/juminkanja/S2430/initialize?prefCd=02&kikanCd=0230000333&kikanKbn=3", "url2": null, "内容": "かが歯科医院【3:歯科】青森県八戸市一番町２丁目１－２" }, "geometry": { "type": "Point", "coordinates": [ 141.43368, 40.507796 ] } },
{ "type": "Feature", "properties": { "ID": 230230000335, "正式名称": "柏崎歯科医院", "機関区分": 3, "都道府県コード": 2, "市区町村コード": 203, "所在地": "青森県八戸市下長四丁目５番１９号", "緯度": 40.534905, "経度": 141.477119, "url": "https://www.iryou.teikyouseido.mhlw.go.jp/znk-web/juminkanja/S2430/initialize?prefCd=02&kikanCd=0230000335&kikanKbn=3", "url2": "http://www.kashiwazaki-dental.com/", "内容": "柏崎歯科医院【3:歯科】青森県八戸市下長四丁目５番１９号" }, "geometry": { "type": "Point", "coordinates": [ 141.477119, 40.534905 ] } },
{ "type": "Feature", "properties": { "ID": 230230000336, "正式名称": "柏崎歯科階上診療所", "機関区分": 3, "都道府県コード": 2, "市区町村コード": 446, "所在地": "青森県三戸郡階上町道仏耳ヶ吠３－５３７", "緯度": 40.46172, "経度": 141.606335, "url": "https://www.iryou.teikyouseido.mhlw.go.jp/znk-web/juminkanja/S2430/initialize?prefCd=02&kikanCd=0230000336&kikanKbn=3", "url2": "http://www.kashiwazaki-dental.com/", "内容": "柏崎歯科階上診療所【3:歯科】青森県三戸郡階上町道仏耳ヶ吠３－５３７" }, "geometry": { "type": "Point", "coordinates": [ 141.606335, 40.46172 ] } },
{ "type": "Feature", "properties": { "ID": 230230000337, "正式名称": "やはば歯科クリニック", "機関区分": 3, "都道府県コード": 2, "市区町村コード": 412, "所在地": "青森県上北郡おいらせ町中野平４０－１　イオンモール下田内　イオンモール下田", "緯度": 40.606951, "経度": 141.419537, "url": "https://www.iryou.teikyouseido.mhlw.go.jp/znk-web/juminkanja/S2430/initialize?prefCd=02&kikanCd=0230000337&kikanKbn=3", "url2": null, "内容": "やはば歯科クリニック【3:歯科】青森県上北郡おいらせ町中野平４０－１　イオンモール下田内　イオンモール下田" }, "geometry": { "type": "Point", "coordinates": [ 141.419537, 40.606951 ] } },
{ "type": "Feature", "properties": { "ID": 230230000340, "正式名称": "川村歯科医院", "機関区分": 3, "都道府県コード": 2, "市区町村コード": 203, "所在地": "青森県八戸市類家４－７－１", "緯度": 40.507102, "経度": 141.508118, "url": "https://www.iryou.teikyouseido.mhlw.go.jp/znk-web/juminkanja/S2430/initialize?prefCd=02&kikanCd=0230000340&kikanKbn=3", "url2": null, "内容": "川村歯科医院【3:歯科】青森県八戸市類家４－７－１" }, "geometry": { "type": "Point", "coordinates": [ 141.508118, 40.507102 ] } },
{ "type": "Feature", "properties": { "ID": 230230000341, "正式名称": "川野歯科医院", "機関区分": 3, "都道府県コード": 2, "市区町村コード": 203, "所在地": "青森県八戸市旭ケ丘５丁目１－１９", "緯度": 40.494687, "経度": 141.535339, "url": "https://www.iryou.teikyouseido.mhlw.go.jp/znk-web/juminkanja/S2430/initialize?prefCd=02&kikanCd=0230000341&kikanKbn=3", "url2": null, "内容": "川野歯科医院【3:歯科】青森県八戸市旭ケ丘５丁目１－１９" }, "geometry": { "type": "Point", "coordinates": [ 141.535339, 40.494687 ] } },
{ "type": "Feature", "properties": { "ID": 230230000343, "正式名称": "北村歯科医院", "機関区分": 3, "都道府県コード": 2, "市区町村コード": 441, "所在地": "青森県三戸郡三戸町川守田沖中３－２", "緯度": 40.38836, "経度": 141.239174, "url": "https://www.iryou.teikyouseido.mhlw.go.jp/znk-web/juminkanja/S2430/initialize?prefCd=02&kikanCd=0230000343&kikanKbn=3", "url2": "kitamura-shikaiin.com", "内容": "北村歯科医院【3:歯科】青森県三戸郡三戸町川守田沖中３－２" }, "geometry": { "type": "Point", "coordinates": [ 141.239174, 40.38836 ] } },
{ "type": "Feature", "properties": { "ID": 230230000347, "正式名称": "くぼた歯科医院", "機関区分": 3, "都道府県コード": 2, "市区町村コード": 203, "所在地": "青森県八戸市沼館３丁目３－３", "緯度": 40.529488, "経度": 141.491174, "url": "https://www.iryou.teikyouseido.mhlw.go.jp/znk-web/juminkanja/S2430/initialize?prefCd=02&kikanCd=0230000347&kikanKbn=3", "url2": "https://www.kubota-shikaiin.jp/", "内容": "くぼた歯科医院【3:歯科】青森県八戸市沼館３丁目３－３" }, "geometry": { "type": "Point", "coordinates": [ 141.491174, 40.529488 ] } },
{ "type": "Feature", "properties": { "ID": 230230000349, "正式名称": "くまさか歯科", "機関区分": 3, "都道府県コード": 2, "市区町村コード": 203, "所在地": "青森県八戸市石堂一丁目２７－１３", "緯度": 40.53071, "経度": 141.474758, "url": "https://www.iryou.teikyouseido.mhlw.go.jp/znk-web/juminkanja/S2430/initialize?prefCd=02&kikanCd=0230000349&kikanKbn=3", "url2": "http://www.dentalkuma.com", "内容": "くまさか歯科【3:歯科】青森県八戸市石堂一丁目２７－１３" }, "geometry": { "type": "Point", "coordinates": [ 141.474758, 40.53071 ] } },
{ "type": "Feature", "properties": { "ID": 230230000350, "正式名称": "栗田歯科医院", "機関区分": 3, "都道府県コード": 2, "市区町村コード": 203, "所在地": "青森県八戸市湊高台４－２－１５", "緯度": 40.506992, "経度": 141.539032, "url": "https://www.iryou.teikyouseido.mhlw.go.jp/znk-web/juminkanja/S2430/initialize?prefCd=02&kikanCd=0230000350&kikanKbn=3", "url2": null, "内容": "栗田歯科医院【3:歯科】青森県八戸市湊高台４－２－１５" }, "geometry": { "type": "Point", "coordinates": [ 141.539032, 40.506992 ] } },
{ "type": "Feature", "properties": { "ID": 230230000351, "正式名称": "くりはし歯科医院", "機関区分": 3, "都道府県コード": 2, "市区町村コード": 203, "所在地": "青森県八戸市東白山台２丁目２６－３", "緯度": 40.482132, "経度": 141.468011, "url": "https://www.iryou.teikyouseido.mhlw.go.jp/znk-web/juminkanja/S2430/initialize?prefCd=02&kikanCd=0230000351&kikanKbn=3", "url2": null, "内容": "くりはし歯科医院【3:歯科】青森県八戸市東白山台２丁目２６－３" }, "geometry": { "type": "Point", "coordinates": [ 141.468011, 40.482132 ] } },
{ "type": "Feature", "properties": { "ID": 230230000352, "正式名称": "医療法人小村歯科医院", "機関区分": 3, "都道府県コード": 2, "市区町村コード": 442, "所在地": "青森県三戸郡五戸町熊ノ沢２５－６", "緯度": 40.52651, "経度": 141.307425, "url": "https://www.iryou.teikyouseido.mhlw.go.jp/znk-web/juminkanja/S2430/initialize?prefCd=02&kikanCd=0230000352&kikanKbn=3", "url2": "www.komura-dental.com", "内容": "医療法人小村歯科医院【3:歯科】青森県三戸郡五戸町熊ノ沢２５－６" }, "geometry": { "type": "Point", "coordinates": [ 141.307425, 40.52651 ] } },
{ "type": "Feature", "properties": { "ID": 230230000353, "正式名称": "こなかの歯科よしだ", "機関区分": 3, "都道府県コード": 2, "市区町村コード": 203, "所在地": "青森県八戸市小中野四丁目８－１２", "緯度": 40.520879, "経度": 141.511979, "url": "https://www.iryou.teikyouseido.mhlw.go.jp/znk-web/juminkanja/S2430/initialize?prefCd=02&kikanCd=0230000353&kikanKbn=3", "url2": null, "内容": "こなかの歯科よしだ【3:歯科】青森県八戸市小中野四丁目８－１２" }, "geometry": { "type": "Point", "coordinates": [ 141.511979, 40.520879 ] } },
{ "type": "Feature", "properties": { "ID": 230230000354, "正式名称": "是川歯科クリニック", "機関区分": 3, "都道府県コード": 2, "市区町村コード": 203, "所在地": "青森県八戸市是川４丁目４－１", "緯度": 40.469356, "経度": 141.502982, "url": "https://www.iryou.teikyouseido.mhlw.go.jp/znk-web/juminkanja/S2430/initialize?prefCd=02&kikanCd=0230000354&kikanKbn=3", "url2": "https://www.korekawa-dental-office.com", "内容": "是川歯科クリニック【3:歯科】青森県八戸市是川４丁目４－１" }, "geometry": { "type": "Point", "coordinates": [ 141.502982, 40.469356 ] } },
{ "type": "Feature", "properties": { "ID": 230230000355, "正式名称": "昆歯科医院", "機関区分": 3, "都道府県コード": 2, "市区町村コード": 412, "所在地": "青森県上北郡おいらせ町上明堂８２", "緯度": 40.597313, "経度": 141.429815, "url": "https://www.iryou.teikyouseido.mhlw.go.jp/znk-web/juminkanja/S2430/initialize?prefCd=02&kikanCd=0230000355&kikanKbn=3", "url2": null, "内容": "昆歯科医院【3:歯科】青森県上北郡おいらせ町上明堂８２" }, "geometry": { "type": "Point", "coordinates": [ 141.429815, 40.597313 ] } },
{ "type": "Feature", "properties": { "ID": 230230000357, "正式名称": "こんどうファミリー歯科", "機関区分": 3, "都道府県コード": 2, "市区町村コード": 203, "所在地": "青森県八戸市鮫町小長根１２－１", "緯度": 40.527851, "経度": 141.559557, "url": "https://www.iryou.teikyouseido.mhlw.go.jp/znk-web/juminkanja/S2430/initialize?prefCd=02&kikanCd=0230000357&kikanKbn=3", "url2": null, "内容": "こんどうファミリー歯科【3:歯科】青森県八戸市鮫町小長根１２－１" }, "geometry": { "type": "Point", "coordinates": [ 141.559557, 40.527851 ] } },
{ "type": "Feature", "properties": { "ID": 230230000360, "正式名称": "さとうデンタルクリニック", "機関区分": 3, "都道府県コード": 2, "市区町村コード": 441, "所在地": "青森県三戸郡三戸町八日町１９－１", "緯度": 40.376834, "経度": 141.253812, "url": "https://www.iryou.teikyouseido.mhlw.go.jp/znk-web/juminkanja/S2430/initialize?prefCd=02&kikanCd=0230000360&kikanKbn=3", "url2": "http://satodc-sannohe.com/", "内容": "さとうデンタルクリニック【3:歯科】青森県三戸郡三戸町八日町１９－１" }, "geometry": { "type": "Point", "coordinates": [ 141.253812, 40.376834 ] } },
{ "type": "Feature", "properties": { "ID": 230230000361, "正式名称": "医療法人渋田歯科クリニック", "機関区分": 3, "都道府県コード": 2, "市区町村コード": 203, "所在地": "青森県八戸市大久保沢目１３－５", "緯度": 40.512824, "経度": 141.549281, "url": "https://www.iryou.teikyouseido.mhlw.go.jp/znk-web/juminkanja/S2430/initialize?prefCd=02&kikanCd=0230000361&kikanKbn=3", "url2": "http://www.shibuta.jp", "内容": "医療法人渋田歯科クリニック【3:歯科】青森県八戸市大久保沢目１３－５" }, "geometry": { "type": "Point", "coordinates": [ 141.549281, 40.512824 ] } },
{ "type": "Feature", "properties": { "ID": 230230000366, "正式名称": "しんどう歯科医院", "機関区分": 3, "都道府県コード": 2, "市区町村コード": 203, "所在地": "青森県八戸市長苗代２－１７－５", "緯度": 40.525488, "経度": 141.468509, "url": "https://www.iryou.teikyouseido.mhlw.go.jp/znk-web/juminkanja/S2430/initialize?prefCd=02&kikanCd=0230000366&kikanKbn=3", "url2": "https://www.shindoh-dc.com/", "内容": "しんどう歯科医院【3:歯科】青森県八戸市長苗代２－１７－５" }, "geometry": { "type": "Point", "coordinates": [ 141.468509, 40.525488 ] } },
{ "type": "Feature", "properties": { "ID": 230230000369, "正式名称": "スマイル歯科", "機関区分": 3, "都道府県コード": 2, "市区町村コード": 412, "所在地": "青森県上北郡おいらせ町下前田６２－１", "緯度": 40.600952, "経度": 141.430676, "url": "https://www.iryou.teikyouseido.mhlw.go.jp/znk-web/juminkanja/S2430/initialize?prefCd=02&kikanCd=0230000369&kikanKbn=3", "url2": null, "内容": "スマイル歯科【3:歯科】青森県上北郡おいらせ町下前田６２－１" }, "geometry": { "type": "Point", "coordinates": [ 141.430676, 40.600952 ] } },
{ "type": "Feature", "properties": { "ID": 230230000371, "正式名称": "蒼前歯科医院", "機関区分": 3, "都道府県コード": 2, "市区町村コード": 446, "所在地": "青森県三戸郡階上町角柄折蒼前９－１０７２", "緯度": 40.46694, "経度": 141.567143, "url": "https://www.iryou.teikyouseido.mhlw.go.jp/znk-web/juminkanja/S2430/initialize?prefCd=02&kikanCd=0230000371&kikanKbn=3", "url2": null, "内容": "蒼前歯科医院【3:歯科】青森県三戸郡階上町角柄折蒼前９－１０７２" }, "geometry": { "type": "Point", "coordinates": [ 141.567143, 40.46694 ] } },
{ "type": "Feature", "properties": { "ID": 230230000372, "正式名称": "だいすけ歯科", "機関区分": 3, "都道府県コード": 2, "市区町村コード": 203, "所在地": "青森県八戸市湊高台４－１２－１４", "緯度": 40.509547, "経度": 141.540865, "url": "https://www.iryou.teikyouseido.mhlw.go.jp/znk-web/juminkanja/S2430/initialize?prefCd=02&kikanCd=0230000372&kikanKbn=3", "url2": null, "内容": "だいすけ歯科【3:歯科】青森県八戸市湊高台４－１２－１４" }, "geometry": { "type": "Point", "coordinates": [ 141.540865, 40.509547 ] } },
{ "type": "Feature", "properties": { "ID": 230230000374, "正式名称": "高橋歯科クリニック", "機関区分": 3, "都道府県コード": 2, "市区町村コード": 203, "所在地": "青森県八戸市白銀町三島上２０－１", "緯度": 40.520018, "経度": 141.542698, "url": "https://www.iryou.teikyouseido.mhlw.go.jp/znk-web/juminkanja/S2430/initialize?prefCd=02&kikanCd=0230000374&kikanKbn=3", "url2": null, "内容": "高橋歯科クリニック【3:歯科】青森県八戸市白銀町三島上２０－１" }, "geometry": { "type": "Point", "coordinates": [ 141.542698, 40.520018 ] } },
{ "type": "Feature", "properties": { "ID": 230230000376, "正式名称": "たかのはし歯科医院", "機関区分": 3, "都道府県コード": 2, "市区町村コード": 203, "所在地": "青森県八戸市白銀町右岩淵通り１９－２，１８－１３", "緯度": 40.520851, "経度": 141.534115, "url": "https://www.iryou.teikyouseido.mhlw.go.jp/znk-web/juminkanja/S2430/initialize?prefCd=02&kikanCd=0230000376&kikanKbn=3", "url2": null, "内容": "たかのはし歯科医院【3:歯科】青森県八戸市白銀町右岩淵通り１９－２，１８－１３" }, "geometry": { "type": "Point", "coordinates": [ 141.534115, 40.520851 ] } },
{ "type": "Feature", "properties": { "ID": 230230000377, "正式名称": "滝沢北村歯科医院", "機関区分": 3, "都道府県コード": 2, "市区町村コード": 203, "所在地": "青森県八戸市売市二丁目１番６号", "緯度": 40.50763, "経度": 141.477593, "url": "https://www.iryou.teikyouseido.mhlw.go.jp/znk-web/juminkanja/S2430/initialize?prefCd=02&kikanCd=0230000377&kikanKbn=3", "url2": null, "内容": "滝沢北村歯科医院【3:歯科】青森県八戸市売市二丁目１番６号" }, "geometry": { "type": "Point", "coordinates": [ 141.477593, 40.50763 ] } },
{ "type": "Feature", "properties": { "ID": 230230000379, "正式名称": "立花歯科クリニック", "機関区分": 3, "都道府県コード": 2, "市区町村コード": 203, "所在地": "青森県八戸市旭ケ丘３丁目１－１２", "緯度": 40.498354, "経度": 141.535228, "url": "https://www.iryou.teikyouseido.mhlw.go.jp/znk-web/juminkanja/S2430/initialize?prefCd=02&kikanCd=0230000379&kikanKbn=3", "url2": null, "内容": "立花歯科クリニック【3:歯科】青森県八戸市旭ケ丘３丁目１－１２" }, "geometry": { "type": "Point", "coordinates": [ 141.535228, 40.498354 ] } },
{ "type": "Feature", "properties": { "ID": 230230000383, "正式名称": "千葉歯科医院", "機関区分": 3, "都道府県コード": 2, "市区町村コード": 445, "所在地": "青森県三戸郡南部町沖田面千刈６２－２", "緯度": 40.415386, "経度": 141.277641, "url": "https://www.iryou.teikyouseido.mhlw.go.jp/znk-web/juminkanja/S2430/initialize?prefCd=02&kikanCd=0230000383&kikanKbn=3", "url2": null, "内容": "千葉歯科医院【3:歯科】青森県三戸郡南部町沖田面千刈６２－２" }, "geometry": { "type": "Point", "coordinates": [ 141.277641, 40.415386 ] } },
{ "type": "Feature", "properties": { "ID": 230230000388, "正式名称": "中村歯科医院", "機関区分": 3, "都道府県コード": 2, "市区町村コード": 203, "所在地": "青森県八戸市小中野２－１－９", "緯度": 40.516657, "経度": 141.507173, "url": "https://www.iryou.teikyouseido.mhlw.go.jp/znk-web/juminkanja/S2430/initialize?prefCd=02&kikanCd=0230000388&kikanKbn=3", "url2": "https://peraichi.com/landing_pages/view/nakamurashika2020/", "内容": "中村歯科医院【3:歯科】青森県八戸市小中野２－１－９" }, "geometry": { "type": "Point", "coordinates": [ 141.507173, 40.516657 ] } },
{ "type": "Feature", "properties": { "ID": 230230000389, "正式名称": "中村歯科クリニック", "機関区分": 3, "都道府県コード": 2, "市区町村コード": 203, "所在地": "青森県八戸市根城２丁目１３－１２", "緯度": 40.501963, "経度": 141.480037, "url": "https://www.iryou.teikyouseido.mhlw.go.jp/znk-web/juminkanja/S2430/initialize?prefCd=02&kikanCd=0230000389&kikanKbn=3", "url2": null, "内容": "中村歯科クリニック【3:歯科】青森県八戸市根城２丁目１３－１２" }, "geometry": { "type": "Point", "coordinates": [ 141.480037, 40.501963 ] } },
{ "type": "Feature", "properties": { "ID": 230230000390, "正式名称": "中村歯科医院", "機関区分": 3, "都道府県コード": 2, "市区町村コード": 445, "所在地": "青森県三戸郡南部町剣吉桜場１－４", "緯度": 40.448966, "経度": 141.33108, "url": "https://www.iryou.teikyouseido.mhlw.go.jp/znk-web/juminkanja/S2430/initialize?prefCd=02&kikanCd=0230000390&kikanKbn=3", "url2": null, "内容": "中村歯科医院【3:歯科】青森県三戸郡南部町剣吉桜場１－４" }, "geometry": { "type": "Point", "coordinates": [ 141.33108, 40.448966 ] } },
{ "type": "Feature", "properties": { "ID": 230230000391, "正式名称": "なかさと歯科", "機関区分": 3, "都道府県コード": 2, "市区町村コード": 203, "所在地": "青森県八戸市城下４丁目５－１３", "緯度": 40.52085, "経度": 141.490481, "url": "https://www.iryou.teikyouseido.mhlw.go.jp/znk-web/juminkanja/S2430/initialize?prefCd=02&kikanCd=0230000391&kikanKbn=3", "url2": null, "内容": "なかさと歯科【3:歯科】青森県八戸市城下４丁目５－１３" }, "geometry": { "type": "Point", "coordinates": [ 141.490481, 40.52085 ] } },
{ "type": "Feature", "properties": { "ID": 230230000393, "正式名称": "なかだて歯科医院", "機関区分": 3, "都道府県コード": 2, "市区町村コード": 203, "所在地": "青森県八戸市新井田西２丁目１４番１０号", "緯度": 40.502936, "経度": 141.521423, "url": "https://www.iryou.teikyouseido.mhlw.go.jp/znk-web/juminkanja/S2430/initialize?prefCd=02&kikanCd=0230000393&kikanKbn=3", "url2": null, "内容": "なかだて歯科医院【3:歯科】青森県八戸市新井田西２丁目１４番１０号" }, "geometry": { "type": "Point", "coordinates": [ 141.521423, 40.502936 ] } },
{ "type": "Feature", "properties": { "ID": 230230000395, "正式名称": "医療法人　夏堀デンタルクリニック　城下診療所", "機関区分": 3, "都道府県コード": 2, "市区町村コード": 203, "所在地": "青森県八戸市城下１－１５－２８", "緯度": 40.516407, "経度": 141.491036, "url": "https://www.iryou.teikyouseido.mhlw.go.jp/znk-web/juminkanja/S2430/initialize?prefCd=02&kikanCd=0230000395&kikanKbn=3", "url2": "http://www.natsubori-dc.com/", "内容": "医療法人　夏堀デンタルクリニック　城下診療所【3:歯科】青森県八戸市城下１－１５－２８" }, "geometry": { "type": "Point", "coordinates": [ 141.491036, 40.516407 ] } },
{ "type": "Feature", "properties": { "ID": 230230000396, "正式名称": "医療法人　夏堀デンタルクリニック　南部診療所", "機関区分": 3, "都道府県コード": 2, "市区町村コード": 445, "所在地": "青森県三戸郡南部町苫米地町中２２", "緯度": 40.467326, "経度": 141.379964, "url": "https://www.iryou.teikyouseido.mhlw.go.jp/znk-web/juminkanja/S2430/initialize?prefCd=02&kikanCd=0230000396&kikanKbn=3", "url2": "http://www.natsubori-dc.com/", "内容": "医療法人　夏堀デンタルクリニック　南部診療所【3:歯科】青森県三戸郡南部町苫米地町中２２" }, "geometry": { "type": "Point", "coordinates": [ 141.379964, 40.467326 ] } },
{ "type": "Feature", "properties": { "ID": 230230000398, "正式名称": "成田歯科医院", "機関区分": 3, "都道府県コード": 2, "市区町村コード": 442, "所在地": "青森県三戸郡五戸町下大町１２", "緯度": 40.522514, "経度": 141.300496, "url": "https://www.iryou.teikyouseido.mhlw.go.jp/znk-web/juminkanja/S2430/initialize?prefCd=02&kikanCd=0230000398&kikanKbn=3", "url2": null, "内容": "成田歯科医院【3:歯科】青森県三戸郡五戸町下大町１２" }, "geometry": { "type": "Point", "coordinates": [ 141.300496, 40.522514 ] } },
{ "type": "Feature", "properties": { "ID": 230230000401, "正式名称": "医療法人根城歯科クリニック", "機関区分": 3, "都道府県コード": 2, "市区町村コード": 203, "所在地": "青森県八戸市根城３－２３－１６", "緯度": 40.503713, "経度": 141.472621, "url": "https://www.iryou.teikyouseido.mhlw.go.jp/znk-web/juminkanja/S2430/initialize?prefCd=02&kikanCd=0230000401&kikanKbn=3", "url2": "http://www.nejou-dc.com", "内容": "医療法人根城歯科クリニック【3:歯科】青森県八戸市根城３－２３－１６" }, "geometry": { "type": "Point", "coordinates": [ 141.472621, 40.503713 ] } },
{ "type": "Feature", "properties": { "ID": 230230000403, "正式名称": "のぶデンタルクリニック", "機関区分": 3, "都道府県コード": 2, "市区町村コード": 203, "所在地": "青森県八戸市類家５－３８－１８", "緯度": 40.503353, "経度": 141.512673, "url": "https://www.iryou.teikyouseido.mhlw.go.jp/znk-web/juminkanja/S2430/initialize?prefCd=02&kikanCd=0230000403&kikanKbn=3", "url2": "http://www.htv-net,ne.jp/nobudental/index.html", "内容": "のぶデンタルクリニック【3:歯科】青森県八戸市類家５－３８－１８" }, "geometry": { "type": "Point", "coordinates": [ 141.512673, 40.503353 ] } },
{ "type": "Feature", "properties": { "ID": 230230000404, "正式名称": "乗上歯科医院", "機関区分": 3, "都道府県コード": 2, "市区町村コード": 443, "所在地": "青森県三戸郡田子町田子田子６１", "緯度": 40.360221, "経度": 141.077466, "url": "https://www.iryou.teikyouseido.mhlw.go.jp/znk-web/juminkanja/S2430/initialize?prefCd=02&kikanCd=0230000404&kikanKbn=3", "url2": null, "内容": "乗上歯科医院【3:歯科】青森県三戸郡田子町田子田子６１" }, "geometry": { "type": "Point", "coordinates": [ 141.077466, 40.360221 ] } },
{ "type": "Feature", "properties": { "ID": 230230000405, "正式名称": "ハーモニー歯科医院", "機関区分": 3, "都道府県コード": 2, "市区町村コード": 203, "所在地": "青森県八戸市南類家５丁目８番１２", "緯度": 40.498436, "経度": 141.508118, "url": "https://www.iryou.teikyouseido.mhlw.go.jp/znk-web/juminkanja/S2430/initialize?prefCd=02&kikanCd=0230000405&kikanKbn=3", "url2": null, "内容": "ハーモニー歯科医院【3:歯科】青森県八戸市南類家５丁目８番１２" }, "geometry": { "type": "Point", "coordinates": [ 141.508118, 40.498436 ] } },
{ "type": "Feature", "properties": { "ID": 230230000406, "正式名称": "白山台歯科医院", "機関区分": 3, "都道府県コード": 2, "市区町村コード": 203, "所在地": "青森県八戸市北白山台３丁目４－１７", "緯度": 40.488298, "経度": 141.4659, "url": "https://www.iryou.teikyouseido.mhlw.go.jp/znk-web/juminkanja/S2430/initialize?prefCd=02&kikanCd=0230000406&kikanKbn=3", "url2": null, "内容": "白山台歯科医院【3:歯科】青森県八戸市北白山台３丁目４－１７" }, "geometry": { "type": "Point", "coordinates": [ 141.4659, 40.488298 ] } },
{ "type": "Feature", "properties": { "ID": 230230000407, "正式名称": "はこいし歯科医院", "機関区分": 3, "都道府県コード": 2, "市区町村コード": 203, "所在地": "青森県八戸市売市３－２－１６　イシガメビル　１Ｆ", "緯度": 40.508518, "経度": 141.471621, "url": "https://www.iryou.teikyouseido.mhlw.go.jp/znk-web/juminkanja/S2430/initialize?prefCd=02&kikanCd=0230000407&kikanKbn=3", "url2": null, "内容": "はこいし歯科医院【3:歯科】青森県八戸市売市３－２－１６　イシガメビル　１Ｆ" }, "geometry": { "type": "Point", "coordinates": [ 141.471621, 40.508518 ] } },
{ "type": "Feature", "properties": { "ID": 230230000410, "正式名称": "はたやま歯科医院", "機関区分": 3, "都道府県コード": 2, "市区町村コード": 203, "所在地": "青森県八戸市吹上６丁目５－１", "緯度": 40.492881, "経度": 141.497647, "url": "https://www.iryou.teikyouseido.mhlw.go.jp/znk-web/juminkanja/S2430/initialize?prefCd=02&kikanCd=0230000410&kikanKbn=3", "url2": null, "内容": "はたやま歯科医院【3:歯科】青森県八戸市吹上６丁目５－１" }, "geometry": { "type": "Point", "coordinates": [ 141.497647, 40.492881 ] } },
{ "type": "Feature", "properties": { "ID": 230230000411, "正式名称": "畑山歯科クリニック", "機関区分": 3, "都道府県コード": 2, "市区町村コード": 203, "所在地": "青森県八戸市長者１－１－６", "緯度": 40.50538, "経度": 141.489369, "url": "https://www.iryou.teikyouseido.mhlw.go.jp/znk-web/juminkanja/S2430/initialize?prefCd=02&kikanCd=0230000411&kikanKbn=3", "url2": null, "内容": "畑山歯科クリニック【3:歯科】青森県八戸市長者１－１－６" }, "geometry": { "type": "Point", "coordinates": [ 141.489369, 40.50538 ] } },
{ "type": "Feature", "properties": { "ID": 230230000413, "正式名称": "ハローデンタルオフィス", "機関区分": 3, "都道府県コード": 2, "市区町村コード": 203, "所在地": "青森県八戸市諏訪１－１－９６", "緯度": 40.515879, "経度": 141.516645, "url": "https://www.iryou.teikyouseido.mhlw.go.jp/znk-web/juminkanja/S2430/initialize?prefCd=02&kikanCd=0230000413&kikanKbn=3", "url2": null, "内容": "ハローデンタルオフィス【3:歯科】青森県八戸市諏訪１－１－９６" }, "geometry": { "type": "Point", "coordinates": [ 141.516645, 40.515879 ] } },
{ "type": "Feature", "properties": { "ID": 230230000414, "正式名称": "樋口歯科医院", "機関区分": 3, "都道府県コード": 2, "市区町村コード": 203, "所在地": "青森県八戸市城下３丁目１３－１５", "緯度": 40.522572, "経度": 141.488175, "url": "https://www.iryou.teikyouseido.mhlw.go.jp/znk-web/juminkanja/S2430/initialize?prefCd=02&kikanCd=0230000414&kikanKbn=3", "url2": null, "内容": "樋口歯科医院【3:歯科】青森県八戸市城下３丁目１３－１５" }, "geometry": { "type": "Point", "coordinates": [ 141.488175, 40.522572 ] } },
{ "type": "Feature", "properties": { "ID": 230230000417, "正式名称": "古川歯科医院", "機関区分": 3, "都道府県コード": 2, "市区町村コード": 203, "所在地": "青森県八戸市小中野５丁目１１番３号", "緯度": 40.52199, "経度": 141.516172, "url": "https://www.iryou.teikyouseido.mhlw.go.jp/znk-web/juminkanja/S2430/initialize?prefCd=02&kikanCd=0230000417&kikanKbn=3", "url2": null, "内容": "古川歯科医院【3:歯科】青森県八戸市小中野５丁目１１番３号" }, "geometry": { "type": "Point", "coordinates": [ 141.516172, 40.52199 ] } },
{ "type": "Feature", "properties": { "ID": 230230000419, "正式名称": "ほりべ歯科クリニック", "機関区分": 3, "都道府県コード": 2, "市区町村コード": 203, "所在地": "青森県八戸市根城２－３０－２８", "緯度": 40.502408, "経度": 141.473344, "url": "https://www.iryou.teikyouseido.mhlw.go.jp/znk-web/juminkanja/S2430/initialize?prefCd=02&kikanCd=0230000419&kikanKbn=3", "url2": "http://www.horibe-dc.com/index.html", "内容": "ほりべ歯科クリニック【3:歯科】青森県八戸市根城２－３０－２８" }, "geometry": { "type": "Point", "coordinates": [ 141.473344, 40.502408 ] } },
{ "type": "Feature", "properties": { "ID": 230230000420, "正式名称": "松尾歯科医院", "機関区分": 3, "都道府県コード": 2, "市区町村コード": 441, "所在地": "青森県三戸郡三戸町八日町５３－２", "緯度": 40.377223, "経度": 141.256034, "url": "https://www.iryou.teikyouseido.mhlw.go.jp/znk-web/juminkanja/S2430/initialize?prefCd=02&kikanCd=0230000420&kikanKbn=3", "url2": null, "内容": "松尾歯科医院【3:歯科】青森県三戸郡三戸町八日町５３－２" }, "geometry": { "type": "Point", "coordinates": [ 141.256034, 40.377223 ] } },
{ "type": "Feature", "properties": { "ID": 230230000421, "正式名称": "松舘歯科医院", "機関区分": 3, "都道府県コード": 2, "市区町村コード": 203, "所在地": "青森県八戸市新井田西３丁目１８－１０", "緯度": 40.494687, "経度": 141.517146, "url": "https://www.iryou.teikyouseido.mhlw.go.jp/znk-web/juminkanja/S2430/initialize?prefCd=02&kikanCd=0230000421&kikanKbn=3", "url2": null, "内容": "松舘歯科医院【3:歯科】青森県八戸市新井田西３丁目１８－１０" }, "geometry": { "type": "Point", "coordinates": [ 141.517146, 40.494687 ] } },
{ "type": "Feature", "properties": { "ID": 230230000423, "正式名称": "松川歯科", "機関区分": 3, "都道府県コード": 2, "市区町村コード": 203, "所在地": "青森県八戸市本徒士町８－６", "緯度": 40.508991, "経度": 141.486231, "url": "https://www.iryou.teikyouseido.mhlw.go.jp/znk-web/juminkanja/S2430/initialize?prefCd=02&kikanCd=0230000423&kikanKbn=3", "url2": null, "内容": "松川歯科【3:歯科】青森県八戸市本徒士町８－６" }, "geometry": { "type": "Point", "coordinates": [ 141.486231, 40.508991 ] } },
{ "type": "Feature", "properties": { "ID": 230230000424, "正式名称": "丸谷歯科医院", "機関区分": 3, "都道府県コード": 2, "市区町村コード": 203, "所在地": "青森県八戸市湊町久保４４－２", "緯度": 40.523268, "経度": 141.526032, "url": "https://www.iryou.teikyouseido.mhlw.go.jp/znk-web/juminkanja/S2430/initialize?prefCd=02&kikanCd=0230000424&kikanKbn=3", "url2": null, "内容": "丸谷歯科医院【3:歯科】青森県八戸市湊町久保４４－２" }, "geometry": { "type": "Point", "coordinates": [ 141.526032, 40.523268 ] } },
{ "type": "Feature", "properties": { "ID": 230230000428, "正式名称": "宮沢歯科矯正歯科医院", "機関区分": 3, "都道府県コード": 2, "市区町村コード": 203, "所在地": "青森県八戸市番町３６－１", "緯度": 40.509741, "経度": 141.489731, "url": "https://www.iryou.teikyouseido.mhlw.go.jp/znk-web/juminkanja/S2430/initialize?prefCd=02&kikanCd=0230000428&kikanKbn=3", "url2": "http://www.miyazawa-do.com", "内容": "宮沢歯科矯正歯科医院【3:歯科】青森県八戸市番町３６－１" }, "geometry": { "type": "Point", "coordinates": [ 141.489731, 40.509741 ] } },
{ "type": "Feature", "properties": { "ID": 230230000429, "正式名称": "村上歯科医院", "機関区分": 3, "都道府県コード": 2, "市区町村コード": 203, "所在地": "青森県八戸市湊町上中道１－１３", "緯度": 40.523296, "経度": 141.529282, "url": "https://www.iryou.teikyouseido.mhlw.go.jp/znk-web/juminkanja/S2430/initialize?prefCd=02&kikanCd=0230000429&kikanKbn=3", "url2": null, "内容": "村上歯科医院【3:歯科】青森県八戸市湊町上中道１－１３" }, "geometry": { "type": "Point", "coordinates": [ 141.529282, 40.523296 ] } },
{ "type": "Feature", "properties": { "ID": 230230000430, "正式名称": "村上歯科", "機関区分": 3, "都道府県コード": 2, "市区町村コード": 203, "所在地": "青森県八戸市南郷区島守稲荷１－３", "緯度": 40.376894, "経度": 141.517123, "url": "https://www.iryou.teikyouseido.mhlw.go.jp/znk-web/juminkanja/S2430/initialize?prefCd=02&kikanCd=0230000430&kikanKbn=3", "url2": null, "内容": "村上歯科【3:歯科】青森県八戸市南郷区島守稲荷１－３" }, "geometry": { "type": "Point", "coordinates": [ 141.517123, 40.376894 ] } },
{ "type": "Feature", "properties": { "ID": 230230000432, "正式名称": "多賀台歯科", "機関区分": 3, "都道府県コード": 2, "市区町村コード": 203, "所在地": "青森県八戸市多賀台２－３－５", "緯度": 40.585343, "経度": 141.440009, "url": "https://www.iryou.teikyouseido.mhlw.go.jp/znk-web/juminkanja/S2430/initialize?prefCd=02&kikanCd=0230000432&kikanKbn=3", "url2": null, "内容": "多賀台歯科【3:歯科】青森県八戸市多賀台２－３－５" }, "geometry": { "type": "Point", "coordinates": [ 141.440009, 40.585343 ] } },
{ "type": "Feature", "properties": { "ID": 230230000433, "正式名称": "やち歯科クリニック", "機関区分": 3, "都道府県コード": 2, "市区町村コード": 203, "所在地": "青森県八戸市諏訪３丁目１－２１", "緯度": 40.50988, "経度": 141.513284, "url": "https://www.iryou.teikyouseido.mhlw.go.jp/znk-web/juminkanja/S2430/initialize?prefCd=02&kikanCd=0230000433&kikanKbn=3", "url2": null, "内容": "やち歯科クリニック【3:歯科】青森県八戸市諏訪３丁目１－２１" }, "geometry": { "type": "Point", "coordinates": [ 141.513284, 40.50988 ] } },
{ "type": "Feature", "properties": { "ID": 230230000435, "正式名称": "山口歯科医院", "機関区分": 3, "都道府県コード": 2, "市区町村コード": 442, "所在地": "青森県三戸郡五戸町荒町１５－１", "緯度": 40.520347, "経度": 141.299384, "url": "https://www.iryou.teikyouseido.mhlw.go.jp/znk-web/juminkanja/S2430/initialize?prefCd=02&kikanCd=0230000435&kikanKbn=3", "url2": null, "内容": "山口歯科医院【3:歯科】青森県三戸郡五戸町荒町１５－１" }, "geometry": { "type": "Point", "coordinates": [ 141.299384, 40.520347 ] } },
{ "type": "Feature", "properties": { "ID": 230230000436, "正式名称": "山口歯科医院", "機関区分": 3, "都道府県コード": 2, "市区町村コード": 203, "所在地": "青森県八戸市南類家２丁目２－９", "緯度": 40.501298, "経度": 141.508841, "url": "https://www.iryou.teikyouseido.mhlw.go.jp/znk-web/juminkanja/S2430/initialize?prefCd=02&kikanCd=0230000436&kikanKbn=3", "url2": "https://byoinnavi.jp/clinic/125523", "内容": "山口歯科医院【3:歯科】青森県八戸市南類家２丁目２－９" }, "geometry": { "type": "Point", "coordinates": [ 141.508841, 40.501298 ] } },
{ "type": "Feature", "properties": { "ID": 230230000437, "正式名称": "山本歯科医院", "機関区分": 3, "都道府県コード": 2, "市区町村コード": 203, "所在地": "青森県八戸市沢里二ツ屋３－１２", "緯度": 40.489492, "経度": 141.478427, "url": "https://www.iryou.teikyouseido.mhlw.go.jp/znk-web/juminkanja/S2430/initialize?prefCd=02&kikanCd=0230000437&kikanKbn=3", "url2": null, "内容": "山本歯科医院【3:歯科】青森県八戸市沢里二ツ屋３－１２" }, "geometry": { "type": "Point", "coordinates": [ 141.478427, 40.489492 ] } },
{ "type": "Feature", "properties": { "ID": 230230000438, "正式名称": "よしだ歯科医院", "機関区分": 3, "都道府県コード": 2, "市区町村コード": 203, "所在地": "青森県八戸市湊町柳町１－２", "緯度": 40.518712, "経度": 141.528282, "url": "https://www.iryou.teikyouseido.mhlw.go.jp/znk-web/juminkanja/S2430/initialize?prefCd=02&kikanCd=0230000438&kikanKbn=3", "url2": null, "内容": "よしだ歯科医院【3:歯科】青森県八戸市湊町柳町１－２" }, "geometry": { "type": "Point", "coordinates": [ 141.528282, 40.518712 ] } },
{ "type": "Feature", "properties": { "ID": 230230000440, "正式名称": "米沢歯科医院", "機関区分": 3, "都道府県コード": 2, "市区町村コード": 203, "所在地": "青森県八戸市白銀台４丁目１－２０", "緯度": 40.515519, "経度": 141.56028, "url": "https://www.iryou.teikyouseido.mhlw.go.jp/znk-web/juminkanja/S2430/initialize?prefCd=02&kikanCd=0230000440&kikanKbn=3", "url2": "http://aomori.cool.ne.jp/misril/byo.yonezawa.d.html", "内容": "米沢歯科医院【3:歯科】青森県八戸市白銀台４丁目１－２０" }, "geometry": { "type": "Point", "coordinates": [ 141.56028, 40.515519 ] } },
{ "type": "Feature", "properties": { "ID": 230230000442, "正式名称": "あすなろ歯科医院", "機関区分": 3, "都道府県コード": 2, "市区町村コード": 205, "所在地": "青森県五所川原市一ツ谷５０７－２３", "緯度": 40.808023, "経度": 140.451859, "url": "https://www.iryou.teikyouseido.mhlw.go.jp/znk-web/juminkanja/S2430/initialize?prefCd=02&kikanCd=0230000442&kikanKbn=3", "url2": null, "内容": "あすなろ歯科医院【3:歯科】青森県五所川原市一ツ谷５０７－２３" }, "geometry": { "type": "Point", "coordinates": [ 140.451859, 40.808023 ] } },
{ "type": "Feature", "properties": { "ID": 230230000443, "正式名称": "アップル歯科医院", "機関区分": 3, "都道府県コード": 2, "市区町村コード": 205, "所在地": "青森県五所川原市稲実米崎１１８－２", "緯度": 40.787776, "経度": 140.466386, "url": "https://www.iryou.teikyouseido.mhlw.go.jp/znk-web/juminkanja/S2430/initialize?prefCd=02&kikanCd=0230000443&kikanKbn=3", "url2": null, "内容": "アップル歯科医院【3:歯科】青森県五所川原市稲実米崎１１８－２" }, "geometry": { "type": "Point", "coordinates": [ 140.466386, 40.787776 ] } },
{ "type": "Feature", "properties": { "ID": 230230000446, "正式名称": "工藤歯科医院", "機関区分": 3, "都道府県コード": 2, "市区町村コード": 205, "所在地": "青森県五所川原市大町３７番地５", "緯度": 40.809496, "経度": 140.447026, "url": "https://www.iryou.teikyouseido.mhlw.go.jp/znk-web/juminkanja/S2430/initialize?prefCd=02&kikanCd=0230000446&kikanKbn=3", "url2": null, "内容": "工藤歯科医院【3:歯科】青森県五所川原市大町３７番地５" }, "geometry": { "type": "Point", "coordinates": [ 140.447026, 40.809496 ] } },
{ "type": "Feature", "properties": { "ID": 230230000447, "正式名称": "黒部歯科クリニック", "機関区分": 3, "都道府県コード": 2, "市区町村コード": 205, "所在地": "青森県五所川原市広田榊森５４－６５", "緯度": 40.784193, "経度": 140.466914, "url": "https://www.iryou.teikyouseido.mhlw.go.jp/znk-web/juminkanja/S2430/initialize?prefCd=02&kikanCd=0230000447&kikanKbn=3", "url2": null, "内容": "黒部歯科クリニック【3:歯科】青森県五所川原市広田榊森５４－６５" }, "geometry": { "type": "Point", "coordinates": [ 140.466914, 40.784193 ] } },
{ "type": "Feature", "properties": { "ID": 230230000453, "正式名称": "高満歯科医院", "機関区分": 3, "都道府県コード": 2, "市区町村コード": 205, "所在地": "青森県五所川原市川端町３－６", "緯度": 40.807496, "経度": 140.442859, "url": "https://www.iryou.teikyouseido.mhlw.go.jp/znk-web/juminkanja/S2430/initialize?prefCd=02&kikanCd=0230000453&kikanKbn=3", "url2": null, "内容": "高満歯科医院【3:歯科】青森県五所川原市川端町３－６" }, "geometry": { "type": "Point", "coordinates": [ 140.442859, 40.807496 ] } },
{ "type": "Feature", "properties": { "ID": 230230000454, "正式名称": "田附歯科医院", "機関区分": 3, "都道府県コード": 2, "市区町村コード": 205, "所在地": "青森県五所川原市寺町１６", "緯度": 40.809968, "経度": 140.440331, "url": "https://www.iryou.teikyouseido.mhlw.go.jp/znk-web/juminkanja/S2430/initialize?prefCd=02&kikanCd=0230000454&kikanKbn=3", "url2": null, "内容": "田附歯科医院【3:歯科】青森県五所川原市寺町１６" }, "geometry": { "type": "Point", "coordinates": [ 140.440331, 40.809968 ] } },
{ "type": "Feature", "properties": { "ID": 230230000455, "正式名称": "たんぽぽ歯科", "機関区分": 3, "都道府県コード": 2, "市区町村コード": 205, "所在地": "青森県五所川原市中央６－６４", "緯度": 40.808023, "経度": 140.44011, "url": "https://www.iryou.teikyouseido.mhlw.go.jp/znk-web/juminkanja/S2430/initialize?prefCd=02&kikanCd=0230000455&kikanKbn=3", "url2": "http://www.tanpopo-dental.net/", "内容": "たんぽぽ歯科【3:歯科】青森県五所川原市中央６－６４" }, "geometry": { "type": "Point", "coordinates": [ 140.44011, 40.808023 ] } },
{ "type": "Feature", "properties": { "ID": 230230000458, "正式名称": "中嶋歯科医院", "機関区分": 3, "都道府県コード": 2, "市区町村コード": 205, "所在地": "青森県五所川原市雛田３２", "緯度": 40.811773, "経度": 140.446776, "url": "https://www.iryou.teikyouseido.mhlw.go.jp/znk-web/juminkanja/S2430/initialize?prefCd=02&kikanCd=0230000458&kikanKbn=3", "url2": null, "内容": "中嶋歯科医院【3:歯科】青森県五所川原市雛田３２" }, "geometry": { "type": "Point", "coordinates": [ 140.446776, 40.811773 ] } },
{ "type": "Feature", "properties": { "ID": 230230000459, "正式名称": "成田歯科診療所", "機関区分": 3, "都道府県コード": 2, "市区町村コード": 205, "所在地": "青森県五所川原市旭町２７番地", "緯度": 40.811468, "経度": 140.44572, "url": "https://www.iryou.teikyouseido.mhlw.go.jp/znk-web/juminkanja/S2430/initialize?prefCd=02&kikanCd=0230000459&kikanKbn=3", "url2": "http://www.narita-do.com", "内容": "成田歯科診療所【3:歯科】青森県五所川原市旭町２７番地" }, "geometry": { "type": "Point", "coordinates": [ 140.44572, 40.811468 ] } },
{ "type": "Feature", "properties": { "ID": 230230000461, "正式名称": "ひろし歯科", "機関区分": 3, "都道府県コード": 2, "市区町村コード": 205, "所在地": "青森県五所川原市幾世森２４－３", "緯度": 40.819856, "経度": 140.448414, "url": "https://www.iryou.teikyouseido.mhlw.go.jp/znk-web/juminkanja/S2430/initialize?prefCd=02&kikanCd=0230000461&kikanKbn=3", "url2": "hiroshi-shika.com", "内容": "ひろし歯科【3:歯科】青森県五所川原市幾世森２４－３" }, "geometry": { "type": "Point", "coordinates": [ 140.448414, 40.819856 ] } },
{ "type": "Feature", "properties": { "ID": 230230000464, "正式名称": "本町歯科医院", "機関区分": 3, "都道府県コード": 2, "市区町村コード": 205, "所在地": "青森県五所川原市本町１４", "緯度": 40.808607, "経度": 140.443331, "url": "https://www.iryou.teikyouseido.mhlw.go.jp/znk-web/juminkanja/S2430/initialize?prefCd=02&kikanCd=0230000464&kikanKbn=3", "url2": null, "内容": "本町歯科医院【3:歯科】青森県五所川原市本町１４" }, "geometry": { "type": "Point", "coordinates": [ 140.443331, 40.808607 ] } },
{ "type": "Feature", "properties": { "ID": 230230000466, "正式名称": "渋谷歯科診療所", "機関区分": 3, "都道府県コード": 2, "市区町村コード": 205, "所在地": "青森県五所川原市金木町朝日山３３６－１", "緯度": 40.907402, "経度": 140.454521, "url": "https://www.iryou.teikyouseido.mhlw.go.jp/znk-web/juminkanja/S2430/initialize?prefCd=02&kikanCd=0230000466&kikanKbn=3", "url2": null, "内容": "渋谷歯科診療所【3:歯科】青森県五所川原市金木町朝日山３３６－１" }, "geometry": { "type": "Point", "coordinates": [ 140.454521, 40.907402 ] } },
{ "type": "Feature", "properties": { "ID": 230230000470, "正式名称": "五所川原市国民健康保険市浦歯科診療所", "機関区分": 3, "都道府県コード": 2, "市区町村コード": 205, "所在地": "青森県五所川原市相内２７３", "緯度": 41.054995, "経度": 140.347134, "url": "https://www.iryou.teikyouseido.mhlw.go.jp/znk-web/juminkanja/S2430/initialize?prefCd=02&kikanCd=0230000470&kikanKbn=3", "url2": null, "内容": "五所川原市国民健康保険市浦歯科診療所【3:歯科】青森県五所川原市相内２７３" }, "geometry": { "type": "Point", "coordinates": [ 140.347134, 41.054995 ] } },
{ "type": "Feature", "properties": { "ID": 230230000472, "正式名称": "長内歯科医院", "機関区分": 3, "都道府県コード": 2, "市区町村コード": 209, "所在地": "青森県つがる市車力町下林７－１", "緯度": 40.953645, "経度": 140.342361, "url": "https://www.iryou.teikyouseido.mhlw.go.jp/znk-web/juminkanja/S2430/initialize?prefCd=02&kikanCd=0230000472&kikanKbn=3", "url2": null, "内容": "長内歯科医院【3:歯科】青森県つがる市車力町下林７－１" }, "geometry": { "type": "Point", "coordinates": [ 140.342361, 40.953645 ] } },
{ "type": "Feature", "properties": { "ID": 230230000473, "正式名称": "医療法人　光治会　葛西歯科診療所", "機関区分": 3, "都道府県コード": 2, "市区町村コード": 209, "所在地": "青森県つがる市木造清水４７番地", "緯度": 40.811272, "経度": 140.38817, "url": "https://www.iryou.teikyouseido.mhlw.go.jp/znk-web/juminkanja/S2430/initialize?prefCd=02&kikanCd=0230000473&kikanKbn=3", "url2": null, "内容": "医療法人　光治会　葛西歯科診療所【3:歯科】青森県つがる市木造清水４７番地" }, "geometry": { "type": "Point", "coordinates": [ 140.38817, 40.811272 ] } },
{ "type": "Feature", "properties": { "ID": 230230000476, "正式名称": "菊池歯科医院", "機関区分": 3, "都道府県コード": 2, "市区町村コード": 209, "所在地": "青森県つがる市木造曙６５", "緯度": 40.807947, "経度": 140.388028, "url": "https://www.iryou.teikyouseido.mhlw.go.jp/znk-web/juminkanja/S2430/initialize?prefCd=02&kikanCd=0230000476&kikanKbn=3", "url2": null, "内容": "菊池歯科医院【3:歯科】青森県つがる市木造曙６５" }, "geometry": { "type": "Point", "coordinates": [ 140.388028, 40.807947 ] } },
{ "type": "Feature", "properties": { "ID": 230230000477, "正式名称": "しもや歯科医院", "機関区分": 3, "都道府県コード": 2, "市区町村コード": 209, "所在地": "青森県つがる市森田町森田月見野２５６－１", "緯度": 40.776748, "経度": 140.343841, "url": "https://www.iryou.teikyouseido.mhlw.go.jp/znk-web/juminkanja/S2430/initialize?prefCd=02&kikanCd=0230000477&kikanKbn=3", "url2": null, "内容": "しもや歯科医院【3:歯科】青森県つがる市森田町森田月見野２５６－１" }, "geometry": { "type": "Point", "coordinates": [ 140.343841, 40.776748 ] } },
{ "type": "Feature", "properties": { "ID": 230230000481, "正式名称": "福士歯科医院", "機関区分": 3, "都道府県コード": 2, "市区町村コード": 209, "所在地": "青森県つがる市木造千代町２７－２", "緯度": 40.811272, "経度": 140.38817, "url": "https://www.iryou.teikyouseido.mhlw.go.jp/znk-web/juminkanja/S2430/initialize?prefCd=02&kikanCd=0230000481&kikanKbn=3", "url2": null, "内容": "福士歯科医院【3:歯科】青森県つがる市木造千代町２７－２" }, "geometry": { "type": "Point", "coordinates": [ 140.38817, 40.811272 ] } },
{ "type": "Feature", "properties": { "ID": 230230000482, "正式名称": "かなざわ歯科医院", "機関区分": 3, "都道府県コード": 2, "市区町村コード": 321, "所在地": "青森県西津軽郡鰺ヶ沢町舞戸町蒲生１２４－１", "緯度": 40.767024, "経度": 140.216241, "url": "https://www.iryou.teikyouseido.mhlw.go.jp/znk-web/juminkanja/S2430/initialize?prefCd=02&kikanCd=0230000482&kikanKbn=3", "url2": null, "内容": "かなざわ歯科医院【3:歯科】青森県西津軽郡鰺ヶ沢町舞戸町蒲生１２４－１" }, "geometry": { "type": "Point", "coordinates": [ 140.216241, 40.767024 ] } },
{ "type": "Feature", "properties": { "ID": 230230000486, "正式名称": "さいとう歯科医院", "機関区分": 3, "都道府県コード": 2, "市区町村コード": 323, "所在地": "青森県西津軽郡深浦町深浦苗代沢８２－２０", "緯度": 40.65217, "経度": 139.930159, "url": "https://www.iryou.teikyouseido.mhlw.go.jp/znk-web/juminkanja/S2430/initialize?prefCd=02&kikanCd=0230000486&kikanKbn=3", "url2": null, "内容": "さいとう歯科医院【3:歯科】青森県西津軽郡深浦町深浦苗代沢８２－２０" }, "geometry": { "type": "Point", "coordinates": [ 139.930159, 40.65217 ] } },
{ "type": "Feature", "properties": { "ID": 230230000490, "正式名称": "山口歯科診療室", "機関区分": 3, "都道府県コード": 2, "市区町村コード": 387, "所在地": "青森県北津軽郡中泊町中里亀山４７３－１", "緯度": 40.970145, "経度": 140.440324, "url": "https://www.iryou.teikyouseido.mhlw.go.jp/znk-web/juminkanja/S2430/initialize?prefCd=02&kikanCd=0230000490&kikanKbn=3", "url2": null, "内容": "山口歯科診療室【3:歯科】青森県北津軽郡中泊町中里亀山４７３－１" }, "geometry": { "type": "Point", "coordinates": [ 140.440324, 40.970145 ] } },
{ "type": "Feature", "properties": { "ID": 230230000491, "正式名称": "ゆみこ歯科クリニック", "機関区分": 3, "都道府県コード": 2, "市区町村コード": 387, "所在地": "青森県北津軽郡中泊町中里亀山４２５－２", "緯度": 40.970117, "経度": 140.440324, "url": "https://www.iryou.teikyouseido.mhlw.go.jp/znk-web/juminkanja/S2430/initialize?prefCd=02&kikanCd=0230000491&kikanKbn=3", "url2": null, "内容": "ゆみこ歯科クリニック【3:歯科】青森県北津軽郡中泊町中里亀山４２５－２" }, "geometry": { "type": "Point", "coordinates": [ 140.440324, 40.970117 ] } },
{ "type": "Feature", "properties": { "ID": 230230000493, "正式名称": "医療法人　中田歯科医院", "機関区分": 3, "都道府県コード": 2, "市区町村コード": 384, "所在地": "青森県北津軽郡鶴田町鶴田早瀬１８２－５", "緯度": 40.775305, "経度": 140.436361, "url": "https://www.iryou.teikyouseido.mhlw.go.jp/znk-web/juminkanja/S2430/initialize?prefCd=02&kikanCd=0230000493&kikanKbn=3", "url2": null, "内容": "医療法人　中田歯科医院【3:歯科】青森県北津軽郡鶴田町鶴田早瀬１８２－５" }, "geometry": { "type": "Point", "coordinates": [ 140.436361, 40.775305 ] } },
{ "type": "Feature", "properties": { "ID": 230230000494, "正式名称": "なかじま歯科クリニック", "機関区分": 3, "都道府県コード": 2, "市区町村コード": 384, "所在地": "青森県北津軽郡鶴田町鶴田相原１７", "緯度": 40.773638, "経度": 140.438444, "url": "https://www.iryou.teikyouseido.mhlw.go.jp/znk-web/juminkanja/S2430/initialize?prefCd=02&kikanCd=0230000494&kikanKbn=3", "url2": null, "内容": "なかじま歯科クリニック【3:歯科】青森県北津軽郡鶴田町鶴田相原１７" }, "geometry": { "type": "Point", "coordinates": [ 140.438444, 40.773638 ] } },
{ "type": "Feature", "properties": { "ID": 230230000495, "正式名称": "大友歯科医院", "機関区分": 3, "都道府県コード": 2, "市区町村コード": 206, "所在地": "青森県十和田市稲生町２０－３４", "緯度": 40.612586, "経度": 141.215804, "url": "https://www.iryou.teikyouseido.mhlw.go.jp/znk-web/juminkanja/S2430/initialize?prefCd=02&kikanCd=0230000495&kikanKbn=3", "url2": null, "内容": "大友歯科医院【3:歯科】青森県十和田市稲生町２０－３４" }, "geometry": { "type": "Point", "coordinates": [ 141.215804, 40.612586 ] } },
{ "type": "Feature", "properties": { "ID": 230230000496, "正式名称": "浅原歯科医院", "機関区分": 3, "都道府県コード": 2, "市区町村コード": 206, "所在地": "青森県十和田市西三番町１５－３７", "緯度": 40.611086, "経度": 141.213582, "url": "https://www.iryou.teikyouseido.mhlw.go.jp/znk-web/juminkanja/S2430/initialize?prefCd=02&kikanCd=0230000496&kikanKbn=3", "url2": null, "内容": "浅原歯科医院【3:歯科】青森県十和田市西三番町１５－３７" }, "geometry": { "type": "Point", "coordinates": [ 141.213582, 40.611086 ] } },
{ "type": "Feature", "properties": { "ID": 230230000497, "正式名称": "稲生歯科診療所", "機関区分": 3, "都道府県コード": 2, "市区町村コード": 206, "所在地": "青森県十和田市稲生町１５－２４　パルコビル５Ｆ", "緯度": 40.613697, "経度": 141.213249, "url": "https://www.iryou.teikyouseido.mhlw.go.jp/znk-web/juminkanja/S2430/initialize?prefCd=02&kikanCd=0230000497&kikanKbn=3", "url2": null, "内容": "稲生歯科診療所【3:歯科】青森県十和田市稲生町１５－２４　パルコビル５Ｆ" }, "geometry": { "type": "Point", "coordinates": [ 141.213249, 40.613697 ] } },
{ "type": "Feature", "properties": { "ID": 230230000501, "正式名称": "官庁街歯科", "機関区分": 3, "都道府県コード": 2, "市区町村コード": 206, "所在地": "青森県十和田市西二番町１３－２", "緯度": 40.614446, "経度": 141.206916, "url": "https://www.iryou.teikyouseido.mhlw.go.jp/znk-web/juminkanja/S2430/initialize?prefCd=02&kikanCd=0230000501&kikanKbn=3", "url2": "http://www.implant-center.jp", "内容": "官庁街歯科【3:歯科】青森県十和田市西二番町１３－２" }, "geometry": { "type": "Point", "coordinates": [ 141.206916, 40.614446 ] } },
{ "type": "Feature", "properties": { "ID": 230230000502, "正式名称": "佐々木歯科クリニック", "機関区分": 3, "都道府県コード": 2, "市区町村コード": 206, "所在地": "青森県十和田市西二番町３－２５", "緯度": 40.615696, "経度": 141.209749, "url": "https://www.iryou.teikyouseido.mhlw.go.jp/znk-web/juminkanja/S2430/initialize?prefCd=02&kikanCd=0230000502&kikanKbn=3", "url2": null, "内容": "佐々木歯科クリニック【3:歯科】青森県十和田市西二番町３－２５" }, "geometry": { "type": "Point", "coordinates": [ 141.209749, 40.615696 ] } },
{ "type": "Feature", "properties": { "ID": 230230000503, "正式名称": "さつき歯科医院", "機関区分": 3, "都道府県コード": 2, "市区町村コード": 206, "所在地": "青森県十和田市東三番町１０－８１", "緯度": 40.612725, "経度": 141.219554, "url": "https://www.iryou.teikyouseido.mhlw.go.jp/znk-web/juminkanja/S2430/initialize?prefCd=02&kikanCd=0230000503&kikanKbn=3", "url2": null, "内容": "さつき歯科医院【3:歯科】青森県十和田市東三番町１０－８１" }, "geometry": { "type": "Point", "coordinates": [ 141.219554, 40.612725 ] } },
{ "type": "Feature", "properties": { "ID": 230230000505, "正式名称": "仁歯科医院", "機関区分": 3, "都道府県コード": 2, "市区町村コード": 206, "所在地": "青森県十和田市三本木並木西１７８－１０", "緯度": 40.602975, "経度": 141.199751, "url": "https://www.iryou.teikyouseido.mhlw.go.jp/znk-web/juminkanja/S2430/initialize?prefCd=02&kikanCd=0230000505&kikanKbn=3", "url2": null, "内容": "仁歯科医院【3:歯科】青森県十和田市三本木並木西１７８－１０" }, "geometry": { "type": "Point", "coordinates": [ 141.199751, 40.602975 ] } },
{ "type": "Feature", "properties": { "ID": 230230000507, "正式名称": "大学通り歯科医院", "機関区分": 3, "都道府県コード": 2, "市区町村コード": 206, "所在地": "青森県十和田市東十二番町１２－４１", "緯度": 40.620168, "経度": 141.222609, "url": "https://www.iryou.teikyouseido.mhlw.go.jp/znk-web/juminkanja/S2430/initialize?prefCd=02&kikanCd=0230000507&kikanKbn=3", "url2": null, "内容": "大学通り歯科医院【3:歯科】青森県十和田市東十二番町１２－４１" }, "geometry": { "type": "Point", "coordinates": [ 141.222609, 40.620168 ] } },
{ "type": "Feature", "properties": { "ID": 230230000510, "正式名称": "タカヒロ矯正歯科医院", "機関区分": 3, "都道府県コード": 2, "市区町村コード": 206, "所在地": "青森県十和田市東二十三番町２１－６", "緯度": 40.624113, "経度": 141.233747, "url": "https://www.iryou.teikyouseido.mhlw.go.jp/znk-web/juminkanja/S2430/initialize?prefCd=02&kikanCd=0230000510&kikanKbn=3", "url2": null, "内容": "タカヒロ矯正歯科医院【3:歯科】青森県十和田市東二十三番町２１－６" }, "geometry": { "type": "Point", "coordinates": [ 141.233747, 40.624113 ] } },
{ "type": "Feature", "properties": { "ID": 230230000511, "正式名称": "医療法人　高屋歯科医院", "機関区分": 3, "都道府県コード": 2, "市区町村コード": 206, "所在地": "青森県十和田市稲生町２３－１０", "緯度": 40.610308, "経度": 141.216665, "url": "https://www.iryou.teikyouseido.mhlw.go.jp/znk-web/juminkanja/S2430/initialize?prefCd=02&kikanCd=0230000511&kikanKbn=3", "url2": null, "内容": "医療法人　高屋歯科医院【3:歯科】青森県十和田市稲生町２３－１０" }, "geometry": { "type": "Point", "coordinates": [ 141.216665, 40.610308 ] } },
{ "type": "Feature", "properties": { "ID": 230230000512, "正式名称": "立花歯科医院", "機関区分": 3, "都道府県コード": 2, "市区町村コード": 206, "所在地": "青森県十和田市東十四番町１７－４０", "緯度": 40.609697, "経度": 141.226303, "url": "https://www.iryou.teikyouseido.mhlw.go.jp/znk-web/juminkanja/S2430/initialize?prefCd=02&kikanCd=0230000512&kikanKbn=3", "url2": null, "内容": "立花歯科医院【3:歯科】青森県十和田市東十四番町１７－４０" }, "geometry": { "type": "Point", "coordinates": [ 141.226303, 40.609697 ] } },
{ "type": "Feature", "properties": { "ID": 230230000516, "正式名称": "藤坂歯科診療所", "機関区分": 3, "都道府県コード": 2, "市区町村コード": 206, "所在地": "青森県十和田市相坂小林１１５－３", "緯度": 40.59556, "経度": 141.23347, "url": "https://www.iryou.teikyouseido.mhlw.go.jp/znk-web/juminkanja/S2430/initialize?prefCd=02&kikanCd=0230000516&kikanKbn=3", "url2": null, "内容": "藤坂歯科診療所【3:歯科】青森県十和田市相坂小林１１５－３" }, "geometry": { "type": "Point", "coordinates": [ 141.23347, 40.59556 ] } },
{ "type": "Feature", "properties": { "ID": 230230000518, "正式名称": "村上歯科クリニック", "機関区分": 3, "都道府県コード": 2, "市区町村コード": 206, "所在地": "青森県十和田市東二十三番町１－５", "緯度": 40.621196, "経度": 141.227248, "url": "https://www.iryou.teikyouseido.mhlw.go.jp/znk-web/juminkanja/S2430/initialize?prefCd=02&kikanCd=0230000518&kikanKbn=3", "url2": null, "内容": "村上歯科クリニック【3:歯科】青森県十和田市東二十三番町１－５" }, "geometry": { "type": "Point", "coordinates": [ 141.227248, 40.621196 ] } },
{ "type": "Feature", "properties": { "ID": 230230000519, "正式名称": "渡辺歯科医院", "機関区分": 3, "都道府県コード": 2, "市区町村コード": 206, "所在地": "青森県十和田市西三番町１４－４４", "緯度": 40.611781, "経度": 141.213582, "url": "https://www.iryou.teikyouseido.mhlw.go.jp/znk-web/juminkanja/S2430/initialize?prefCd=02&kikanCd=0230000519&kikanKbn=3", "url2": null, "内容": "渡辺歯科医院【3:歯科】青森県十和田市西三番町１４－４４" }, "geometry": { "type": "Point", "coordinates": [ 141.213582, 40.611781 ] } },
{ "type": "Feature", "properties": { "ID": 230230000520, "正式名称": "ポプラ歯科医院", "機関区分": 3, "都道府県コード": 2, "市区町村コード": 206, "所在地": "青森県十和田市西二十二番町２７－１９", "緯度": 40.608031, "経度": 141.195917, "url": "https://www.iryou.teikyouseido.mhlw.go.jp/znk-web/juminkanja/S2430/initialize?prefCd=02&kikanCd=0230000520&kikanKbn=3", "url2": null, "内容": "ポプラ歯科医院【3:歯科】青森県十和田市西二十二番町２７－１９" }, "geometry": { "type": "Point", "coordinates": [ 141.195917, 40.608031 ] } },
{ "type": "Feature", "properties": { "ID": 230230000521, "正式名称": "みきのがはら歯科医院", "機関区分": 3, "都道府県コード": 2, "市区町村コード": 206, "所在地": "青森県十和田市東一番町１０－１", "緯度": 40.62439, "経度": 141.216054, "url": "https://www.iryou.teikyouseido.mhlw.go.jp/znk-web/juminkanja/S2430/initialize?prefCd=02&kikanCd=0230000521&kikanKbn=3", "url2": "http://www.mikinogahara.com", "内容": "みきのがはら歯科医院【3:歯科】青森県十和田市東一番町１０－１" }, "geometry": { "type": "Point", "coordinates": [ 141.216054, 40.62439 ] } },
{ "type": "Feature", "properties": { "ID": 230230000524, "正式名称": "富田歯科医院", "機関区分": 3, "都道府県コード": 2, "市区町村コード": 207, "所在地": "青森県三沢市松園町２－１－４６", "緯度": 40.679581, "経度": 141.367371, "url": "https://www.iryou.teikyouseido.mhlw.go.jp/znk-web/juminkanja/S2430/initialize?prefCd=02&kikanCd=0230000524&kikanKbn=3", "url2": "http://www.tomita-dental.com", "内容": "富田歯科医院【3:歯科】青森県三沢市松園町２－１－４６" }, "geometry": { "type": "Point", "coordinates": [ 141.367371, 40.679581 ] } },
{ "type": "Feature", "properties": { "ID": 230230000526, "正式名称": "石要歯科", "機関区分": 3, "都道府県コード": 2, "市区町村コード": 207, "所在地": "青森県三沢市本町２－８１－２", "緯度": 40.670582, "経度": 141.352818, "url": "https://www.iryou.teikyouseido.mhlw.go.jp/znk-web/juminkanja/S2430/initialize?prefCd=02&kikanCd=0230000526&kikanKbn=3", "url2": "http://ishiyoshika.com", "内容": "石要歯科【3:歯科】青森県三沢市本町２－８１－２" }, "geometry": { "type": "Point", "coordinates": [ 141.352818, 40.670582 ] } },
{ "type": "Feature", "properties": { "ID": 230230000527, "正式名称": "医療法人　愛歯会　黒田歯科医院", "機関区分": 3, "都道府県コード": 2, "市区町村コード": 207, "所在地": "青森県三沢市幸町１－２－２３", "緯度": 40.684803, "経度": 141.368955, "url": "https://www.iryou.teikyouseido.mhlw.go.jp/znk-web/juminkanja/S2430/initialize?prefCd=02&kikanCd=0230000527&kikanKbn=3", "url2": null, "内容": "医療法人　愛歯会　黒田歯科医院【3:歯科】青森県三沢市幸町１－２－２３" }, "geometry": { "type": "Point", "coordinates": [ 141.368955, 40.684803 ] } },
{ "type": "Feature", "properties": { "ID": 230230000529, "正式名称": "医療法人　第二黒田歯科診療所", "機関区分": 3, "都道府県コード": 2, "市区町村コード": 207, "所在地": "青森県三沢市中央町四丁目１１－３９", "緯度": 40.678887, "経度": 141.364511, "url": "https://www.iryou.teikyouseido.mhlw.go.jp/znk-web/juminkanja/S2430/initialize?prefCd=02&kikanCd=0230000529&kikanKbn=3", "url2": null, "内容": "医療法人　第二黒田歯科診療所【3:歯科】青森県三沢市中央町四丁目１１－３９" }, "geometry": { "type": "Point", "coordinates": [ 141.364511, 40.678887 ] } },
{ "type": "Feature", "properties": { "ID": 230230000530, "正式名称": "医療法人　よしだ歯科医院", "機関区分": 3, "都道府県コード": 2, "市区町村コード": 207, "所在地": "青森県三沢市東町１丁目１－１０", "緯度": 40.679081, "経度": 141.373483, "url": "https://www.iryou.teikyouseido.mhlw.go.jp/znk-web/juminkanja/S2430/initialize?prefCd=02&kikanCd=0230000530&kikanKbn=3", "url2": "http://ydc330.jp/", "内容": "医療法人　よしだ歯科医院【3:歯科】青森県三沢市東町１丁目１－１０" }, "geometry": { "type": "Point", "coordinates": [ 141.373483, 40.679081 ] } },
{ "type": "Feature", "properties": { "ID": 230230000533, "正式名称": "篠田歯科医院", "機関区分": 3, "都道府県コード": 2, "市区町村コード": 207, "所在地": "青森県三沢市下久保３丁目１９－５", "緯度": 40.690636, "経度": 141.382593, "url": "https://www.iryou.teikyouseido.mhlw.go.jp/znk-web/juminkanja/S2430/initialize?prefCd=02&kikanCd=0230000533&kikanKbn=3", "url2": null, "内容": "篠田歯科医院【3:歯科】青森県三沢市下久保３丁目１９－５" }, "geometry": { "type": "Point", "coordinates": [ 141.382593, 40.690636 ] } },
{ "type": "Feature", "properties": { "ID": 230230000535, "正式名称": "山木歯科医院", "機関区分": 3, "都道府県コード": 2, "市区町村コード": 207, "所在地": "青森県三沢市松園町３丁目７－９", "緯度": 40.676498, "経度": 141.363872, "url": "https://www.iryou.teikyouseido.mhlw.go.jp/znk-web/juminkanja/S2430/initialize?prefCd=02&kikanCd=0230000535&kikanKbn=3", "url2": "http://www.citydo.com/prf/aomori/guide/sg/103000682.html", "内容": "山木歯科医院【3:歯科】青森県三沢市松園町３丁目７－９" }, "geometry": { "type": "Point", "coordinates": [ 141.363872, 40.676498 ] } },
{ "type": "Feature", "properties": { "ID": 230230000536, "正式名称": "なみおか歯科医院", "機関区分": 3, "都道府県コード": 2, "市区町村コード": 207, "所在地": "青森県三沢市松園町２丁目１２－１０", "緯度": 40.676527, "経度": 141.367039, "url": "https://www.iryou.teikyouseido.mhlw.go.jp/znk-web/juminkanja/S2430/initialize?prefCd=02&kikanCd=0230000536&kikanKbn=3", "url2": "http://www.namioka-dental.com", "内容": "なみおか歯科医院【3:歯科】青森県三沢市松園町２丁目１２－１０" }, "geometry": { "type": "Point", "coordinates": [ 141.367039, 40.676527 ] } },
{ "type": "Feature", "properties": { "ID": 230230000537, "正式名称": "あしはらデンタルクリニック", "機関区分": 3, "都道府県コード": 2, "市区町村コード": 207, "所在地": "青森県三沢市東町一丁目１２－１", "緯度": 40.677499, "経度": 141.375649, "url": "https://www.iryou.teikyouseido.mhlw.go.jp/znk-web/juminkanja/S2430/initialize?prefCd=02&kikanCd=0230000537&kikanKbn=3", "url2": "http://ashihara-dc.com/", "内容": "あしはらデンタルクリニック【3:歯科】青森県三沢市東町一丁目１２－１" }, "geometry": { "type": "Point", "coordinates": [ 141.375649, 40.677499 ] } },
{ "type": "Feature", "properties": { "ID": 230230000541, "正式名称": "鈴晃歯科医院", "機関区分": 3, "都道府県コード": 2, "市区町村コード": 401, "所在地": "青森県上北郡野辺地町野辺地２８－４", "緯度": 40.86689, "経度": 141.12555, "url": "https://www.iryou.teikyouseido.mhlw.go.jp/znk-web/juminkanja/S2430/initialize?prefCd=02&kikanCd=0230000541&kikanKbn=3", "url2": "https://suzukohdc.com/", "内容": "鈴晃歯科医院【3:歯科】青森県上北郡野辺地町野辺地２８－４" }, "geometry": { "type": "Point", "coordinates": [ 141.12555, 40.86689 ] } },
{ "type": "Feature", "properties": { "ID": 230230000542, "正式名称": "第２久保田歯科", "機関区分": 3, "都道府県コード": 2, "市区町村コード": 401, "所在地": "青森県上北郡野辺地町野辺地８６－１", "緯度": 40.86689, "経度": 141.12555, "url": "https://www.iryou.teikyouseido.mhlw.go.jp/znk-web/juminkanja/S2430/initialize?prefCd=02&kikanCd=0230000542&kikanKbn=3", "url2": null, "内容": "第２久保田歯科【3:歯科】青森県上北郡野辺地町野辺地８６－１" }, "geometry": { "type": "Point", "coordinates": [ 141.12555, 40.86689 ] } },
{ "type": "Feature", "properties": { "ID": 230230000543, "正式名称": "のさか歯科医院", "機関区分": 3, "都道府県コード": 2, "市区町村コード": 401, "所在地": "青森県上北郡野辺地町野辺地２７９－１", "緯度": 40.86689, "経度": 141.12555, "url": "https://www.iryou.teikyouseido.mhlw.go.jp/znk-web/juminkanja/S2430/initialize?prefCd=02&kikanCd=0230000543&kikanKbn=3", "url2": "http://www.nosaka-shika.com/", "内容": "のさか歯科医院【3:歯科】青森県上北郡野辺地町野辺地２７９－１" }, "geometry": { "type": "Point", "coordinates": [ 141.12555, 40.86689 ] } },
{ "type": "Feature", "properties": { "ID": 230230000550, "正式名称": "あらと歯科クリニック", "機関区分": 3, "都道府県コード": 2, "市区町村コード": 402, "所在地": "青森県上北郡七戸町森ノ上２１４－２", "緯度": 40.744627, "経度": 141.157942, "url": "https://www.iryou.teikyouseido.mhlw.go.jp/znk-web/juminkanja/S2430/initialize?prefCd=02&kikanCd=0230000550&kikanKbn=3", "url2": null, "内容": "あらと歯科クリニック【3:歯科】青森県上北郡七戸町森ノ上２１４－２" }, "geometry": { "type": "Point", "coordinates": [ 141.157942, 40.744627 ] } },
{ "type": "Feature", "properties": { "ID": 230230000551, "正式名称": "医療法人　奥寺歯科医院", "機関区分": 3, "都道府県コード": 2, "市区町村コード": 405, "所在地": "青森県上北郡六戸町犬落瀬若宮２番地３", "緯度": 40.645362, "経度": 141.331821, "url": "https://www.iryou.teikyouseido.mhlw.go.jp/znk-web/juminkanja/S2430/initialize?prefCd=02&kikanCd=0230000551&kikanKbn=3", "url2": null, "内容": "医療法人　奥寺歯科医院【3:歯科】青森県上北郡六戸町犬落瀬若宮２番地３" }, "geometry": { "type": "Point", "coordinates": [ 141.331821, 40.645362 ] } },
{ "type": "Feature", "properties": { "ID": 230230000552, "正式名称": "中村歯科医院", "機関区分": 3, "都道府県コード": 2, "市区町村コード": 405, "所在地": "青森県上北郡六戸町犬落瀬後田５２－４８", "緯度": 40.606866, "経度": 141.325767, "url": "https://www.iryou.teikyouseido.mhlw.go.jp/znk-web/juminkanja/S2430/initialize?prefCd=02&kikanCd=0230000552&kikanKbn=3", "url2": null, "内容": "中村歯科医院【3:歯科】青森県上北郡六戸町犬落瀬後田５２－４８" }, "geometry": { "type": "Point", "coordinates": [ 141.325767, 40.606866 ] } },
{ "type": "Feature", "properties": { "ID": 230230000553, "正式名称": "小松ヶ丘歯科医院", "機関区分": 3, "都道府県コード": 2, "市区町村コード": 405, "所在地": "青森県上北郡六戸町小松ケ丘３－７７－１０７６", "緯度": 40.659833, "経度": 141.344069, "url": "https://www.iryou.teikyouseido.mhlw.go.jp/znk-web/juminkanja/S2430/initialize?prefCd=02&kikanCd=0230000553&kikanKbn=3", "url2": "http://www.komatsugaoka-dc.com", "内容": "小松ヶ丘歯科医院【3:歯科】青森県上北郡六戸町小松ケ丘３－７７－１０７６" }, "geometry": { "type": "Point", "coordinates": [ 141.344069, 40.659833 ] } },
{ "type": "Feature", "properties": { "ID": 230230000554, "正式名称": "橋本歯科医院", "機関区分": 3, "都道府県コード": 2, "市区町村コード": 406, "所在地": "青森県上北郡横浜町寺下２２－１", "緯度": 41.082981, "経度": 141.248475, "url": "https://www.iryou.teikyouseido.mhlw.go.jp/znk-web/juminkanja/S2430/initialize?prefCd=02&kikanCd=0230000554&kikanKbn=3", "url2": null, "内容": "橋本歯科医院【3:歯科】青森県上北郡横浜町寺下２２－１" }, "geometry": { "type": "Point", "coordinates": [ 141.248475, 41.082981 ] } },
{ "type": "Feature", "properties": { "ID": 230230000556, "正式名称": "かみきたデンタルクリニック", "機関区分": 3, "都道府県コード": 2, "市区町村コード": 408, "所在地": "青森県上北郡東北町旭北１丁目３１－９０", "緯度": 40.732788, "経度": 141.266757, "url": "https://www.iryou.teikyouseido.mhlw.go.jp/znk-web/juminkanja/S2430/initialize?prefCd=02&kikanCd=0230000556&kikanKbn=3", "url2": "http://kamiden.net", "内容": "かみきたデンタルクリニック【3:歯科】青森県上北郡東北町旭北１丁目３１－９０" }, "geometry": { "type": "Point", "coordinates": [ 141.266757, 40.732788 ] } },
{ "type": "Feature", "properties": { "ID": 230230000557, "正式名称": "沼山歯科医院", "機関区分": 3, "都道府県コード": 2, "市区町村コード": 408, "所在地": "青森県上北郡東北町上北南３－３２－５５４", "緯度": 40.728769, "経度": 141.259601, "url": "https://www.iryou.teikyouseido.mhlw.go.jp/znk-web/juminkanja/S2430/initialize?prefCd=02&kikanCd=0230000557&kikanKbn=3", "url2": null, "内容": "沼山歯科医院【3:歯科】青森県上北郡東北町上北南３－３２－５５４" }, "geometry": { "type": "Point", "coordinates": [ 141.259601, 40.728769 ] } },
{ "type": "Feature", "properties": { "ID": 230230000562, "正式名称": "とがしデンタルクリニック", "機関区分": 3, "都道府県コード": 2, "市区町村コード": 411, "所在地": "青森県上北郡六ヶ所村泊川原７５－８１", "緯度": 41.022545, "経度": 141.388299, "url": "https://www.iryou.teikyouseido.mhlw.go.jp/znk-web/juminkanja/S2430/initialize?prefCd=02&kikanCd=0230000562&kikanKbn=3", "url2": null, "内容": "とがしデンタルクリニック【3:歯科】青森県上北郡六ヶ所村泊川原７５－８１" }, "geometry": { "type": "Point", "coordinates": [ 141.388299, 41.022545 ] } },
{ "type": "Feature", "properties": { "ID": 230230000568, "正式名称": "山中歯科医院", "機関区分": 3, "都道府県コード": 2, "市区町村コード": 208, "所在地": "青森県むつ市柳町１－２－４", "緯度": 41.295763, "経度": 141.213718, "url": "https://www.iryou.teikyouseido.mhlw.go.jp/znk-web/juminkanja/S2430/initialize?prefCd=02&kikanCd=0230000568&kikanKbn=3", "url2": null, "内容": "山中歯科医院【3:歯科】青森県むつ市柳町１－２－４" }, "geometry": { "type": "Point", "coordinates": [ 141.213718, 41.295763 ] } },
{ "type": "Feature", "properties": { "ID": 230230000569, "正式名称": "医療法人　美歯会　板垣矯正歯科　むつ診療室", "機関区分": 3, "都道府県コード": 2, "市区町村コード": 208, "所在地": "青森県むつ市上川町１－５", "緯度": 41.297984, "経度": 141.218105, "url": "https://www.iryou.teikyouseido.mhlw.go.jp/znk-web/juminkanja/S2430/initialize?prefCd=02&kikanCd=0230000569&kikanKbn=3", "url2": null, "内容": "医療法人　美歯会　板垣矯正歯科　むつ診療室【3:歯科】青森県むつ市上川町１－５" }, "geometry": { "type": "Point", "coordinates": [ 141.218105, 41.297984 ] } },
{ "type": "Feature", "properties": { "ID": 230230000572, "正式名称": "小田川歯科医院", "機関区分": 3, "都道府県コード": 2, "市区町村コード": 208, "所在地": "青森県むつ市金曲１－１－６", "緯度": 41.285403, "経度": 141.211801, "url": "https://www.iryou.teikyouseido.mhlw.go.jp/znk-web/juminkanja/S2430/initialize?prefCd=02&kikanCd=0230000572&kikanKbn=3", "url2": null, "内容": "小田川歯科医院【3:歯科】青森県むつ市金曲１－１－６" }, "geometry": { "type": "Point", "coordinates": [ 141.211801, 41.285403 ] } },
{ "type": "Feature", "properties": { "ID": 230230000574, "正式名称": "たかはし歯科医院", "機関区分": 3, "都道府県コード": 2, "市区町村コード": 208, "所在地": "青森県むつ市新町１０－２０", "緯度": 41.291152, "経度": 141.206607, "url": "https://www.iryou.teikyouseido.mhlw.go.jp/znk-web/juminkanja/S2430/initialize?prefCd=02&kikanCd=0230000574&kikanKbn=3", "url2": null, "内容": "たかはし歯科医院【3:歯科】青森県むつ市新町１０－２０" }, "geometry": { "type": "Point", "coordinates": [ 141.206607, 41.291152 ] } },
{ "type": "Feature", "properties": { "ID": 230230000575, "正式名称": "上條ファミリー歯科", "機関区分": 3, "都道府県コード": 2, "市区町村コード": 208, "所在地": "青森県むつ市海老川町１４番１号", "緯度": 41.289819, "経度": 141.196775, "url": "https://www.iryou.teikyouseido.mhlw.go.jp/znk-web/juminkanja/S2430/initialize?prefCd=02&kikanCd=0230000575&kikanKbn=3", "url2": null, "内容": "上條ファミリー歯科【3:歯科】青森県むつ市海老川町１４番１号" }, "geometry": { "type": "Point", "coordinates": [ 141.196775, 41.289819 ] } },
{ "type": "Feature", "properties": { "ID": 230230000577, "正式名称": "田中歯科クリニック", "機関区分": 3, "都道府県コード": 2, "市区町村コード": 208, "所在地": "青森県むつ市小川町１－４－１７", "緯度": 41.291958, "経度": 141.204357, "url": "https://www.iryou.teikyouseido.mhlw.go.jp/znk-web/juminkanja/S2430/initialize?prefCd=02&kikanCd=0230000577&kikanKbn=3", "url2": "http://blueberry-dc.com", "内容": "田中歯科クリニック【3:歯科】青森県むつ市小川町１－４－１７" }, "geometry": { "type": "Point", "coordinates": [ 141.204357, 41.291958 ] } },
{ "type": "Feature", "properties": { "ID": 230230000581, "正式名称": "あわさ歯科医院", "機関区分": 3, "都道府県コード": 2, "市区町村コード": 208, "所在地": "青森県むつ市大平町４２－５", "緯度": 41.281735, "経度": 141.165334, "url": "https://www.iryou.teikyouseido.mhlw.go.jp/znk-web/juminkanja/S2430/initialize?prefCd=02&kikanCd=0230000581&kikanKbn=3", "url2": "http://www.awasa-shika.com/", "内容": "あわさ歯科医院【3:歯科】青森県むつ市大平町４２－５" }, "geometry": { "type": "Point", "coordinates": [ 141.165334, 41.281735 ] } },
{ "type": "Feature", "properties": { "ID": 230230000588, "正式名称": "みどりがおか歯科クリニック", "機関区分": 3, "都道府県コード": 2, "市区町村コード": 208, "所在地": "青森県むつ市緑ヶ丘６－１２", "緯度": 41.299818, "経度": 141.192107, "url": "https://www.iryou.teikyouseido.mhlw.go.jp/znk-web/juminkanja/S2430/initialize?prefCd=02&kikanCd=0230000588&kikanKbn=3", "url2": "http://midorigaoka.byoinnavi.jp/pc/", "内容": "みどりがおか歯科クリニック【3:歯科】青森県むつ市緑ヶ丘６－１２" }, "geometry": { "type": "Point", "coordinates": [ 141.192107, 41.299818 ] } },
{ "type": "Feature", "properties": { "ID": 230230000590, "正式名称": "ちよや歯科クリニック", "機関区分": 3, "都道府県コード": 2, "市区町村コード": 423, "所在地": "青森県下北郡大間町大間大間平２８－２１", "緯度": 41.5274, "経度": 140.916232, "url": "https://www.iryou.teikyouseido.mhlw.go.jp/znk-web/juminkanja/S2430/initialize?prefCd=02&kikanCd=0230000590&kikanKbn=3", "url2": null, "内容": "ちよや歯科クリニック【3:歯科】青森県下北郡大間町大間大間平２８－２１" }, "geometry": { "type": "Point", "coordinates": [ 140.916232, 41.5274 ] } },
{ "type": "Feature", "properties": { "ID": 230230000591, "正式名称": "杉山歯科クリニック", "機関区分": 3, "都道府県コード": 2, "市区町村コード": 202, "所在地": "青森県弘前市泉野二丁目１８－６", "緯度": 40.576049, "経度": 140.492088, "url": "https://www.iryou.teikyouseido.mhlw.go.jp/znk-web/juminkanja/S2430/initialize?prefCd=02&kikanCd=0230000591&kikanKbn=3", "url2": "https://www.sugi-dental.jp/", "内容": "杉山歯科クリニック【3:歯科】青森県弘前市泉野二丁目１８－６" }, "geometry": { "type": "Point", "coordinates": [ 140.492088, 40.576049 ] } },
{ "type": "Feature", "properties": { "ID": 230230000593, "正式名称": "いしおかデンタルクリニック", "機関区分": 3, "都道府県コード": 2, "市区町村コード": 203, "所在地": "青森県八戸市三日町２４　石岡商事ビル２Ｆ", "緯度": 40.50938, "経度": 141.490842, "url": "https://www.iryou.teikyouseido.mhlw.go.jp/znk-web/juminkanja/S2430/initialize?prefCd=02&kikanCd=0230000593&kikanKbn=3", "url2": null, "内容": "いしおかデンタルクリニック【3:歯科】青森県八戸市三日町２４　石岡商事ビル２Ｆ" }, "geometry": { "type": "Point", "coordinates": [ 141.490842, 40.50938 ] } },
{ "type": "Feature", "properties": { "ID": 230230000594, "正式名称": "兼田歯科クリニック", "機関区分": 3, "都道府県コード": 2, "市区町村コード": 203, "所在地": "青森県八戸市吹上３－３－５", "緯度": 40.503269, "経度": 141.494981, "url": "https://www.iryou.teikyouseido.mhlw.go.jp/znk-web/juminkanja/S2430/initialize?prefCd=02&kikanCd=0230000594&kikanKbn=3", "url2": null, "内容": "兼田歯科クリニック【3:歯科】青森県八戸市吹上３－３－５" }, "geometry": { "type": "Point", "coordinates": [ 141.494981, 40.503269 ] } },
{ "type": "Feature", "properties": { "ID": 230230000595, "正式名称": "ふなこし歯科医院", "機関区分": 3, "都道府県コード": 2, "市区町村コード": 442, "所在地": "青森県三戸郡五戸町上市川高田８－１", "緯度": 40.554623, "経度": 141.39082, "url": "https://www.iryou.teikyouseido.mhlw.go.jp/znk-web/juminkanja/S2430/initialize?prefCd=02&kikanCd=0230000595&kikanKbn=3", "url2": null, "内容": "ふなこし歯科医院【3:歯科】青森県三戸郡五戸町上市川高田８－１" }, "geometry": { "type": "Point", "coordinates": [ 141.39082, 40.554623 ] } },
{ "type": "Feature", "properties": { "ID": 230230000596, "正式名称": "シンフォニー・デンタル・クリニック", "機関区分": 3, "都道府県コード": 2, "市区町村コード": 203, "所在地": "青森県八戸市沼館４丁目４－８　シンフォニープラザ沼館２Ｆ", "緯度": 40.52885, "経度": 141.495841, "url": "https://www.iryou.teikyouseido.mhlw.go.jp/znk-web/juminkanja/S2430/initialize?prefCd=02&kikanCd=0230000596&kikanKbn=3", "url2": "http://www.symphony-dc.com", "内容": "シンフォニー・デンタル・クリニック【3:歯科】青森県八戸市沼館４丁目４－８　シンフォニープラザ沼館２Ｆ" }, "geometry": { "type": "Point", "coordinates": [ 141.495841, 40.52885 ] } },
{ "type": "Feature", "properties": { "ID": 230230000597, "正式名称": "かねこ歯科医院", "機関区分": 3, "都道府県コード": 2, "市区町村コード": 321, "所在地": "青森県西津軽郡鰺ヶ沢町舞戸町字下富田５６－１２", "緯度": 40.774078, "経度": 140.223289, "url": "https://www.iryou.teikyouseido.mhlw.go.jp/znk-web/juminkanja/S2430/initialize?prefCd=02&kikanCd=0230000597&kikanKbn=3", "url2": null, "内容": "かねこ歯科医院【3:歯科】青森県西津軽郡鰺ヶ沢町舞戸町字下富田５６－１２" }, "geometry": { "type": "Point", "coordinates": [ 140.223289, 40.774078 ] } },
{ "type": "Feature", "properties": { "ID": 230230000598, "正式名称": "むつ歯科医院", "機関区分": 3, "都道府県コード": 2, "市区町村コード": 201, "所在地": "青森県青森市金沢３丁目１１番１５号", "緯度": 40.808695, "経度": 140.732196, "url": "https://www.iryou.teikyouseido.mhlw.go.jp/znk-web/juminkanja/S2430/initialize?prefCd=02&kikanCd=0230000598&kikanKbn=3", "url2": "https://62shika.jp/", "内容": "むつ歯科医院【3:歯科】青森県青森市金沢３丁目１１番１５号" }, "geometry": { "type": "Point", "coordinates": [ 140.732196, 40.808695 ] } },
{ "type": "Feature", "properties": { "ID": 230230000603, "正式名称": "青の森歯科医院", "機関区分": 3, "都道府県コード": 2, "市区町村コード": 206, "所在地": "青森県十和田市東十三番町２５－２８－５", "緯度": 40.617486, "経度": 141.226163, "url": "https://www.iryou.teikyouseido.mhlw.go.jp/znk-web/juminkanja/S2430/initialize?prefCd=02&kikanCd=0230000603&kikanKbn=3", "url2": null, "内容": "青の森歯科医院【3:歯科】青森県十和田市東十三番町２５－２８－５" }, "geometry": { "type": "Point", "coordinates": [ 141.226163, 40.617486 ] } },
{ "type": "Feature", "properties": { "ID": 230230000605, "正式名称": "Ｋｏｊｉ　Ｄｅｎｔａｌ　Ｃｌｉｎｉｃ", "機関区分": 3, "都道府県コード": 2, "市区町村コード": 201, "所在地": "青森県青森市花園１－５－１１", "緯度": 40.822777, "経度": 140.765443, "url": "https://www.iryou.teikyouseido.mhlw.go.jp/znk-web/juminkanja/S2430/initialize?prefCd=02&kikanCd=0230000605&kikanKbn=3", "url2": null, "内容": "Ｋｏｊｉ　Ｄｅｎｔａｌ　Ｃｌｉｎｉｃ【3:歯科】青森県青森市花園１－５－１１" }, "geometry": { "type": "Point", "coordinates": [ 140.765443, 40.822777 ] } },
{ "type": "Feature", "properties": { "ID": 230230000606, "正式名称": "久米田歯科医院", "機関区分": 3, "都道府県コード": 2, "市区町村コード": 202, "所在地": "青森県弘前市神田５－７－１", "緯度": 40.626294, "経度": 140.492586, "url": "https://www.iryou.teikyouseido.mhlw.go.jp/znk-web/juminkanja/S2430/initialize?prefCd=02&kikanCd=0230000606&kikanKbn=3", "url2": null, "内容": "久米田歯科医院【3:歯科】青森県弘前市神田５－７－１" }, "geometry": { "type": "Point", "coordinates": [ 140.492586, 40.626294 ] } },
{ "type": "Feature", "properties": { "ID": 230230000607, "正式名称": "小川歯科", "機関区分": 3, "都道府県コード": 2, "市区町村コード": 402, "所在地": "青森県上北郡七戸町七戸３２４－５", "緯度": 40.696159, "経度": 141.156333, "url": "https://www.iryou.teikyouseido.mhlw.go.jp/znk-web/juminkanja/S2430/initialize?prefCd=02&kikanCd=0230000607&kikanKbn=3", "url2": null, "内容": "小川歯科【3:歯科】青森県上北郡七戸町七戸３２４－５" }, "geometry": { "type": "Point", "coordinates": [ 141.156333, 40.696159 ] } },
{ "type": "Feature", "properties": { "ID": 230230000608, "正式名称": "国民健康保険　佐井歯科診療所", "機関区分": 3, "都道府県コード": 2, "市区町村コード": 426, "所在地": "青森県下北郡佐井村佐井大佐井１１４－１", "緯度": 41.433159, "経度": 140.862379, "url": "https://www.iryou.teikyouseido.mhlw.go.jp/znk-web/juminkanja/S2430/initialize?prefCd=02&kikanCd=0230000608&kikanKbn=3", "url2": null, "内容": "国民健康保険　佐井歯科診療所【3:歯科】青森県下北郡佐井村佐井大佐井１１４－１" }, "geometry": { "type": "Point", "coordinates": [ 140.862379, 41.433159 ] } },
{ "type": "Feature", "properties": { "ID": 230230000610, "正式名称": "サトウ歯科クリニック", "機関区分": 3, "都道府県コード": 2, "市区町村コード": 205, "所在地": "青森県五所川原市中央６丁目２１", "緯度": 40.792025, "経度": 140.449887, "url": "https://www.iryou.teikyouseido.mhlw.go.jp/znk-web/juminkanja/S2430/initialize?prefCd=02&kikanCd=0230000610&kikanKbn=3", "url2": null, "内容": "サトウ歯科クリニック【3:歯科】青森県五所川原市中央６丁目２１" }, "geometry": { "type": "Point", "coordinates": [ 140.449887, 40.792025 ] } },
{ "type": "Feature", "properties": { "ID": 230230000611, "正式名称": "Ｄｅｎｔａｌ　Ｓａｌｏｎ　Ｋ", "機関区分": 3, "都道府県コード": 2, "市区町村コード": 203, "所在地": "青森県八戸市石堂１丁目２７－１５　石堂ＹＳビル５階", "緯度": 40.530905, "経度": 141.475286, "url": "https://www.iryou.teikyouseido.mhlw.go.jp/znk-web/juminkanja/S2430/initialize?prefCd=02&kikanCd=0230000611&kikanKbn=3", "url2": "http://www.dentalkuma-salon.com", "内容": "Ｄｅｎｔａｌ　Ｓａｌｏｎ　Ｋ【3:歯科】青森県八戸市石堂１丁目２７－１５　石堂ＹＳビル５階" }, "geometry": { "type": "Point", "coordinates": [ 141.475286, 40.530905 ] } },
{ "type": "Feature", "properties": { "ID": 230230000612, "正式名称": "くるみ歯科", "機関区分": 3, "都道府県コード": 2, "市区町村コード": 202, "所在地": "青森県弘前市末広１－３－１", "緯度": 40.603796, "経度": 140.499503, "url": "https://www.iryou.teikyouseido.mhlw.go.jp/znk-web/juminkanja/S2430/initialize?prefCd=02&kikanCd=0230000612&kikanKbn=3", "url2": "http://kurumi-dencli.com/", "内容": "くるみ歯科【3:歯科】青森県弘前市末広１－３－１" }, "geometry": { "type": "Point", "coordinates": [ 140.499503, 40.603796 ] } },
{ "type": "Feature", "properties": { "ID": 230230000619, "正式名称": "イナムラ歯科医院", "機関区分": 3, "都道府県コード": 2, "市区町村コード": 445, "所在地": "青森県三戸郡南部町下名久井字如来堂６－１０", "緯度": 40.422389, "経度": 141.334879, "url": "https://www.iryou.teikyouseido.mhlw.go.jp/znk-web/juminkanja/S2430/initialize?prefCd=02&kikanCd=0230000619&kikanKbn=3", "url2": "https://inamura-dc.com", "内容": "イナムラ歯科医院【3:歯科】青森県三戸郡南部町下名久井字如来堂６－１０" }, "geometry": { "type": "Point", "coordinates": [ 141.334879, 40.422389 ] } },
{ "type": "Feature", "properties": { "ID": 230230000620, "正式名称": "Ａｉ　Ｄｅｎｔａｌ", "機関区分": 3, "都道府県コード": 2, "市区町村コード": 203, "所在地": "青森県八戸市長根４－１１－９", "緯度": 40.511712, "経度": 141.479593, "url": "https://www.iryou.teikyouseido.mhlw.go.jp/znk-web/juminkanja/S2430/initialize?prefCd=02&kikanCd=0230000620&kikanKbn=3", "url2": "https://www.aidental8.com", "内容": "Ａｉ　Ｄｅｎｔａｌ【3:歯科】青森県八戸市長根４－１１－９" }, "geometry": { "type": "Point", "coordinates": [ 141.479593, 40.511712 ] } },
{ "type": "Feature", "properties": { "ID": 230230000624, "正式名称": "ＴＯＪＯ　ＤＥＮＴＡＬ　ＣＬＩＮＩＣ", "機関区分": 3, "都道府県コード": 2, "市区町村コード": 207, "所在地": "青森県三沢市中央町４－３－１９", "緯度": 40.680109, "経度": 141.363872, "url": "https://www.iryou.teikyouseido.mhlw.go.jp/znk-web/juminkanja/S2430/initialize?prefCd=02&kikanCd=0230000624&kikanKbn=3", "url2": "http://tojo-dental.com/", "内容": "ＴＯＪＯ　ＤＥＮＴＡＬ　ＣＬＩＮＩＣ【3:歯科】青森県三沢市中央町４－３－１９" }, "geometry": { "type": "Point", "coordinates": [ 141.363872, 40.680109 ] } },
{ "type": "Feature", "properties": { "ID": 230230000626, "正式名称": "医療法人ウェルビーイング津島歯科", "機関区分": 3, "都道府県コード": 2, "市区町村コード": 205, "所在地": "青森県五所川原市大町５０１番地１５", "緯度": 40.809746, "経度": 140.444526, "url": "https://www.iryou.teikyouseido.mhlw.go.jp/znk-web/juminkanja/S2430/initialize?prefCd=02&kikanCd=0230000626&kikanKbn=3", "url2": "http://www.tsushima-do.jp/", "内容": "医療法人ウェルビーイング津島歯科【3:歯科】青森県五所川原市大町５０１番地１５" }, "geometry": { "type": "Point", "coordinates": [ 140.444526, 40.809746 ] } },
{ "type": "Feature", "properties": { "ID": 230230000630, "正式名称": "百石町デンタルクリニック", "機関区分": 3, "都道府県コード": 2, "市区町村コード": 202, "所在地": "青森県弘前市百石町３３番地", "緯度": 40.604713, "経度": 140.472922, "url": "https://www.iryou.teikyouseido.mhlw.go.jp/znk-web/juminkanja/S2430/initialize?prefCd=02&kikanCd=0230000630&kikanKbn=3", "url2": null, "内容": "百石町デンタルクリニック【3:歯科】青森県弘前市百石町３３番地" }, "geometry": { "type": "Point", "coordinates": [ 140.472922, 40.604713 ] } },
{ "type": "Feature", "properties": { "ID": 230230000633, "正式名称": "弘前歯科中央クリニック", "機関区分": 3, "都道府県コード": 2, "市区町村コード": 202, "所在地": "青森県弘前市城東３丁目６－１", "緯度": 40.597408, "経度": 140.488032, "url": "https://www.iryou.teikyouseido.mhlw.go.jp/znk-web/juminkanja/S2430/initialize?prefCd=02&kikanCd=0230000633&kikanKbn=3", "url2": null, "内容": "弘前歯科中央クリニック【3:歯科】青森県弘前市城東３丁目６－１" }, "geometry": { "type": "Point", "coordinates": [ 140.488032, 40.597408 ] } },
{ "type": "Feature", "properties": { "ID": 230230000634, "正式名称": "よりみつ歯科クリニック", "機関区分": 3, "都道府県コード": 2, "市区町村コード": 202, "所在地": "青森県弘前市南城西２－５－３", "緯度": 40.602296, "経度": 140.454257, "url": "https://www.iryou.teikyouseido.mhlw.go.jp/znk-web/juminkanja/S2430/initialize?prefCd=02&kikanCd=0230000634&kikanKbn=3", "url2": null, "内容": "よりみつ歯科クリニック【3:歯科】青森県弘前市南城西２－５－３" }, "geometry": { "type": "Point", "coordinates": [ 140.454257, 40.602296 ] } },
{ "type": "Feature", "properties": { "ID": 230230000635, "正式名称": "エルム歯科小児歯科", "機関区分": 3, "都道府県コード": 2, "市区町村コード": 205, "所在地": "青森県五所川原市中央１－６８", "緯度": 40.801304, "経度": 140.450477, "url": "https://www.iryou.teikyouseido.mhlw.go.jp/znk-web/juminkanja/S2430/initialize?prefCd=02&kikanCd=0230000635&kikanKbn=3", "url2": null, "内容": "エルム歯科小児歯科【3:歯科】青森県五所川原市中央１－６８" }, "geometry": { "type": "Point", "coordinates": [ 140.450477, 40.801304 ] } },
{ "type": "Feature", "properties": { "ID": 230230000636, "正式名称": "くりの木デンタルクリニック", "機関区分": 3, "都道府県コード": 2, "市区町村コード": 202, "所在地": "青森県弘前市新町８９－１", "緯度": 40.606823, "経度": 140.456256, "url": "https://www.iryou.teikyouseido.mhlw.go.jp/znk-web/juminkanja/S2430/initialize?prefCd=02&kikanCd=0230000636&kikanKbn=3", "url2": "https://www.kurinoki-dc.com/", "内容": "くりの木デンタルクリニック【3:歯科】青森県弘前市新町８９－１" }, "geometry": { "type": "Point", "coordinates": [ 140.456256, 40.606823 ] } },
{ "type": "Feature", "properties": { "ID": 230230000637, "正式名称": "医療法人あおば歯科医院", "機関区分": 3, "都道府県コード": 2, "市区町村コード": 202, "所在地": "青森県弘前市桔梗野４－９－２６", "緯度": 40.591103, "経度": 140.465395, "url": "https://www.iryou.teikyouseido.mhlw.go.jp/znk-web/juminkanja/S2430/initialize?prefCd=02&kikanCd=0230000637&kikanKbn=3", "url2": "https://aobadc.net", "内容": "医療法人あおば歯科医院【3:歯科】青森県弘前市桔梗野４－９－２６" }, "geometry": { "type": "Point", "coordinates": [ 140.465395, 40.591103 ] } },
{ "type": "Feature", "properties": { "ID": 230230000638, "正式名称": "工藤医院歯科", "機関区分": 3, "都道府県コード": 2, "市区町村コード": 408, "所在地": "青森県上北郡東北町旭南一丁目３１－８０４", "緯度": 40.732019, "経度": 141.270127, "url": "https://www.iryou.teikyouseido.mhlw.go.jp/znk-web/juminkanja/S2430/initialize?prefCd=02&kikanCd=0230000638&kikanKbn=3", "url2": null, "内容": "工藤医院歯科【3:歯科】青森県上北郡東北町旭南一丁目３１－８０４" }, "geometry": { "type": "Point", "coordinates": [ 141.270127, 40.732019 ] } },
{ "type": "Feature", "properties": { "ID": 230230000639, "正式名称": "田中歯科クリニック", "機関区分": 3, "都道府県コード": 2, "市区町村コード": 205, "所在地": "青森県五所川原市金木町朝日山３５８番地１", "緯度": 40.907402, "経度": 140.454493, "url": "https://www.iryou.teikyouseido.mhlw.go.jp/znk-web/juminkanja/S2430/initialize?prefCd=02&kikanCd=0230000639&kikanKbn=3", "url2": null, "内容": "田中歯科クリニック【3:歯科】青森県五所川原市金木町朝日山３５８番地１" }, "geometry": { "type": "Point", "coordinates": [ 140.454493, 40.907402 ] } },
{ "type": "Feature", "properties": { "ID": 230230000642, "正式名称": "飛嶋歯科医院", "機関区分": 3, "都道府県コード": 2, "市区町村コード": 205, "所在地": "青森県五所川原市松島町３丁目５番地６", "緯度": 40.805191, "経度": 140.457303, "url": "https://www.iryou.teikyouseido.mhlw.go.jp/znk-web/juminkanja/S2430/initialize?prefCd=02&kikanCd=0230000642&kikanKbn=3", "url2": null, "内容": "飛嶋歯科医院【3:歯科】青森県五所川原市松島町３丁目５番地６" }, "geometry": { "type": "Point", "coordinates": [ 140.457303, 40.805191 ] } },
{ "type": "Feature", "properties": { "ID": 230230000643, "正式名称": "鹿内歯科医院", "機関区分": 3, "都道府県コード": 2, "市区町村コード": 203, "所在地": "青森県八戸市根城字馬場頭３－１９", "緯度": 40.50288, "経度": 141.456456, "url": "https://www.iryou.teikyouseido.mhlw.go.jp/znk-web/juminkanja/S2430/initialize?prefCd=02&kikanCd=0230000643&kikanKbn=3", "url2": "http://www.shikanaishika.com", "内容": "鹿内歯科医院【3:歯科】青森県八戸市根城字馬場頭３－１９" }, "geometry": { "type": "Point", "coordinates": [ 141.456456, 40.50288 ] } },
{ "type": "Feature", "properties": { "ID": 230230000644, "正式名称": "松枝歯科医院", "機関区分": 3, "都道府県コード": 2, "市区町村コード": 202, "所在地": "青森県弘前市下白銀町１５－４", "緯度": 40.606295, "経度": 140.466562, "url": "https://www.iryou.teikyouseido.mhlw.go.jp/znk-web/juminkanja/S2430/initialize?prefCd=02&kikanCd=0230000644&kikanKbn=3", "url2": "http://matsueda-dental.com", "内容": "松枝歯科医院【3:歯科】青森県弘前市下白銀町１５－４" }, "geometry": { "type": "Point", "coordinates": [ 140.466562, 40.606295 ] } },
{ "type": "Feature", "properties": { "ID": 230230000645, "正式名称": "訪問歯科クリニックこすもす", "機関区分": 3, "都道府県コード": 2, "市区町村コード": 201, "所在地": "青森県青森市野尻今田９８－１", "緯度": 40.784754, "経度": 140.76639, "url": "https://www.iryou.teikyouseido.mhlw.go.jp/znk-web/juminkanja/S2430/initialize?prefCd=02&kikanCd=0230000645&kikanKbn=3", "url2": "https://cosmos.dental-net.jp", "内容": "訪問歯科クリニックこすもす【3:歯科】青森県青森市野尻今田９８－１" }, "geometry": { "type": "Point", "coordinates": [ 140.76639, 40.784754 ] } },
{ "type": "Feature", "properties": { "ID": 230230000651, "正式名称": "のりた歯科医院", "機関区分": 3, "都道府県コード": 2, "市区町村コード": 210, "所在地": "青森県平川市新館野木和２－３", "緯度": 40.583717, "経度": 140.569554, "url": "https://www.iryou.teikyouseido.mhlw.go.jp/znk-web/juminkanja/S2430/initialize?prefCd=02&kikanCd=0230000651&kikanKbn=3", "url2": null, "内容": "のりた歯科医院【3:歯科】青森県平川市新館野木和２－３" }, "geometry": { "type": "Point", "coordinates": [ 140.569554, 40.583717 ] } },
{ "type": "Feature", "properties": { "ID": 230230000653, "正式名称": "沢田歯科クリニック", "機関区分": 3, "都道府県コード": 2, "市区町村コード": 202, "所在地": "青森県弘前市茂森新町１丁目７－６", "緯度": 40.595769, "経度": 140.455868, "url": "https://www.iryou.teikyouseido.mhlw.go.jp/znk-web/juminkanja/S2430/initialize?prefCd=02&kikanCd=0230000653&kikanKbn=3", "url2": null, "内容": "沢田歯科クリニック【3:歯科】青森県弘前市茂森新町１丁目７－６" }, "geometry": { "type": "Point", "coordinates": [ 140.455868, 40.595769 ] } },
{ "type": "Feature", "properties": { "ID": 230230000657, "正式名称": "畑中歯科医院", "機関区分": 3, "都道府県コード": 2, "市区町村コード": 208, "所在地": "青森県むつ市昭和町２２－８", "緯度": 41.281794, "経度": 141.206503, "url": "https://www.iryou.teikyouseido.mhlw.go.jp/znk-web/juminkanja/S2430/initialize?prefCd=02&kikanCd=0230000657&kikanKbn=3", "url2": "https://www.hatanaka-dc.com", "内容": "畑中歯科医院【3:歯科】青森県むつ市昭和町２２－８" }, "geometry": { "type": "Point", "coordinates": [ 141.206503, 41.281794 ] } },
{ "type": "Feature", "properties": { "ID": 230230000660, "正式名称": "松山歯科医院", "機関区分": 3, "都道府県コード": 2, "市区町村コード": 202, "所在地": "青森県弘前市富田三丁目１－１１", "緯度": 40.596436, "経度": 140.474616, "url": "https://www.iryou.teikyouseido.mhlw.go.jp/znk-web/juminkanja/S2430/initialize?prefCd=02&kikanCd=0230000660&kikanKbn=3", "url2": null, "内容": "松山歯科医院【3:歯科】青森県弘前市富田三丁目１－１１" }, "geometry": { "type": "Point", "coordinates": [ 140.474616, 40.596436 ] } },
{ "type": "Feature", "properties": { "ID": 230230000661, "正式名称": "ななほしデンタルクリニック", "機関区分": 3, "都道府県コード": 2, "市区町村コード": 203, "所在地": "青森県八戸市田向１丁目６－５", "緯度": 40.496631, "経度": 141.50973, "url": "https://www.iryou.teikyouseido.mhlw.go.jp/znk-web/juminkanja/S2430/initialize?prefCd=02&kikanCd=0230000661&kikanKbn=3", "url2": "https://nanahoshi.dental-net.jp/smp/index.html", "内容": "ななほしデンタルクリニック【3:歯科】青森県八戸市田向１丁目６－５" }, "geometry": { "type": "Point", "coordinates": [ 141.50973, 40.496631 ] } },
{ "type": "Feature", "properties": { "ID": 230230000663, "正式名称": "たけだ歯科医院", "機関区分": 3, "都道府県コード": 2, "市区町村コード": 381, "所在地": "青森県北津軽郡板柳町板柳土井３６１番地２", "緯度": 40.691175, "経度": 140.456531, "url": "https://www.iryou.teikyouseido.mhlw.go.jp/znk-web/juminkanja/S2430/initialize?prefCd=02&kikanCd=0230000663&kikanKbn=3", "url2": null, "内容": "たけだ歯科医院【3:歯科】青森県北津軽郡板柳町板柳土井３６１番地２" }, "geometry": { "type": "Point", "coordinates": [ 140.456531, 40.691175 ] } },
{ "type": "Feature", "properties": { "ID": 230230000664, "正式名称": "やまざき歯科医院", "機関区分": 3, "都道府県コード": 2, "市区町村コード": 202, "所在地": "青森県弘前市大清水四丁目１０番地１０", "緯度": 40.577049, "経度": 140.497837, "url": "https://www.iryou.teikyouseido.mhlw.go.jp/znk-web/juminkanja/S2430/initialize?prefCd=02&kikanCd=0230000664&kikanKbn=3", "url2": null, "内容": "やまざき歯科医院【3:歯科】青森県弘前市大清水四丁目１０番地１０" }, "geometry": { "type": "Point", "coordinates": [ 140.497837, 40.577049 ] } },
{ "type": "Feature", "properties": { "ID": 230230000665, "正式名称": "渡辺歯科医院", "機関区分": 3, "都道府県コード": 2, "市区町村コード": 208, "所在地": "青森県むつ市旭町１－１０", "緯度": 41.288124, "経度": 141.178221, "url": "https://www.iryou.teikyouseido.mhlw.go.jp/znk-web/juminkanja/S2430/initialize?prefCd=02&kikanCd=0230000665&kikanKbn=3", "url2": null, "内容": "渡辺歯科医院【3:歯科】青森県むつ市旭町１－１０" }, "geometry": { "type": "Point", "coordinates": [ 141.178221, 41.288124 ] } },
{ "type": "Feature", "properties": { "ID": 230230000666, "正式名称": "かよ歯科", "機関区分": 3, "都道府県コード": 2, "市区町村コード": 201, "所在地": "青森県青森市浜田字玉川２１７番地２６", "緯度": 40.798697, "経度": 140.760333, "url": "https://www.iryou.teikyouseido.mhlw.go.jp/znk-web/juminkanja/S2430/initialize?prefCd=02&kikanCd=0230000666&kikanKbn=3", "url2": "http://kayoshika.cihp2.jp", "内容": "かよ歯科【3:歯科】青森県青森市浜田字玉川２１７番地２６" }, "geometry": { "type": "Point", "coordinates": [ 140.760333, 40.798697 ] } },
{ "type": "Feature", "properties": { "ID": 230230000667, "正式名称": "かみきたデンタルクリニックのへじ矯正小児歯科", "機関区分": 3, "都道府県コード": 2, "市区町村コード": 401, "所在地": "青森県上北郡野辺地町鳴沢３６－１", "緯度": 40.854391, "経度": 141.125689, "url": "https://www.iryou.teikyouseido.mhlw.go.jp/znk-web/juminkanja/S2430/initialize?prefCd=02&kikanCd=0230000667&kikanKbn=3", "url2": "https://noheji.kamiden.net/", "内容": "かみきたデンタルクリニックのへじ矯正小児歯科【3:歯科】青森県上北郡野辺地町鳴沢３６－１" }, "geometry": { "type": "Point", "coordinates": [ 141.125689, 40.854391 ] } },
{ "type": "Feature", "properties": { "ID": 230230000668, "正式名称": "柏ミナトヤ歯科医院", "機関区分": 3, "都道府県コード": 2, "市区町村コード": 209, "所在地": "青森県つがる市柏稲盛幾世４１", "緯度": 40.804672, "経度": 140.41965, "url": "https://www.iryou.teikyouseido.mhlw.go.jp/znk-web/juminkanja/S2430/initialize?prefCd=02&kikanCd=0230000668&kikanKbn=3", "url2": null, "内容": "柏ミナトヤ歯科医院【3:歯科】青森県つがる市柏稲盛幾世４１" }, "geometry": { "type": "Point", "coordinates": [ 140.41965, 40.804672 ] } },
{ "type": "Feature", "properties": { "ID": 230230000669, "正式名称": "遠藤歯科", "機関区分": 3, "都道府県コード": 2, "市区町村コード": 202, "所在地": "青森県弘前市代官町７５番地１", "緯度": 40.602019, "経度": 140.479005, "url": "https://www.iryou.teikyouseido.mhlw.go.jp/znk-web/juminkanja/S2430/initialize?prefCd=02&kikanCd=0230000669&kikanKbn=3", "url2": "http://www.peas9.com/", "内容": "遠藤歯科【3:歯科】青森県弘前市代官町７５番地１" }, "geometry": { "type": "Point", "coordinates": [ 140.479005, 40.602019 ] } },
{ "type": "Feature", "properties": { "ID": 230230000670, "正式名称": "こまい歯科クリニック", "機関区分": 3, "都道府県コード": 2, "市区町村コード": 201, "所在地": "青森県青森市松原２－７－９", "緯度": 40.818776, "経度": 140.763378, "url": "https://www.iryou.teikyouseido.mhlw.go.jp/znk-web/juminkanja/S2430/initialize?prefCd=02&kikanCd=0230000670&kikanKbn=3", "url2": "http://komai-dental.com/", "内容": "こまい歯科クリニック【3:歯科】青森県青森市松原２－７－９" }, "geometry": { "type": "Point", "coordinates": [ 140.763378, 40.818776 ] } },
{ "type": "Feature", "properties": { "ID": 230230000672, "正式名称": "ますだ歯科医院", "機関区分": 3, "都道府県コード": 2, "市区町村コード": 208, "所在地": "青森県むつ市大平町４３－７", "緯度": 41.28218, "経度": 141.165722, "url": "https://www.iryou.teikyouseido.mhlw.go.jp/znk-web/juminkanja/S2430/initialize?prefCd=02&kikanCd=0230000672&kikanKbn=3", "url2": null, "内容": "ますだ歯科医院【3:歯科】青森県むつ市大平町４３－７" }, "geometry": { "type": "Point", "coordinates": [ 141.165722, 41.28218 ] } },
{ "type": "Feature", "properties": { "ID": 230230000673, "正式名称": "八戸市休日歯科診療所", "機関区分": 3, "都道府県コード": 2, "市区町村コード": 203, "所在地": "青森県八戸市田向３－６－１　八戸市総合保健センター１階", "緯度": 40.492993, "経度": 141.510341, "url": "https://www.iryou.teikyouseido.mhlw.go.jp/znk-web/juminkanja/S2430/initialize?prefCd=02&kikanCd=0230000673&kikanKbn=3", "url2": "https://www.city.hachinohe.aomori.jp/soshikikarasagasu/hokensomuka/kyuukyuuiryou/1487.html#kyujitsushikashinryojo", "内容": "八戸市休日歯科診療所【3:歯科】青森県八戸市田向３－６－１　八戸市総合保健センター１階" }, "geometry": { "type": "Point", "coordinates": [ 141.510341, 40.492993 ] } },
{ "type": "Feature", "properties": { "ID": 230230000676, "正式名称": "つきだて歯科診療室", "機関区分": 3, "都道府県コード": 2, "市区町村コード": 207, "所在地": "青森県三沢市美野原二丁目２２番１号", "緯度": 40.682581, "経度": 141.376621, "url": "https://www.iryou.teikyouseido.mhlw.go.jp/znk-web/juminkanja/S2430/initialize?prefCd=02&kikanCd=0230000676&kikanKbn=3", "url2": "http://www.tsukidateshika.com", "内容": "つきだて歯科診療室【3:歯科】青森県三沢市美野原二丁目２２番１号" }, "geometry": { "type": "Point", "coordinates": [ 141.376621, 40.682581 ] } },
{ "type": "Feature", "properties": { "ID": 230230000677, "正式名称": "大畑すずらん歯科", "機関区分": 3, "都道府県コード": 2, "市区町村コード": 208, "所在地": "青森県むつ市大畑町中島８０－７", "緯度": 41.405502, "経度": 141.16284, "url": "https://www.iryou.teikyouseido.mhlw.go.jp/znk-web/juminkanja/S2430/initialize?prefCd=02&kikanCd=0230000677&kikanKbn=3", "url2": null, "内容": "大畑すずらん歯科【3:歯科】青森県むつ市大畑町中島８０－７" }, "geometry": { "type": "Point", "coordinates": [ 141.16284, 41.405502 ] } },
{ "type": "Feature", "properties": { "ID": 230230000681, "正式名称": "清藤歯科", "機関区分": 3, "都道府県コード": 2, "市区町村コード": 209, "所在地": "青森県つがる市木造清水２２", "緯度": 40.812606, "経度": 140.381697, "url": "https://www.iryou.teikyouseido.mhlw.go.jp/znk-web/juminkanja/S2430/initialize?prefCd=02&kikanCd=0230000681&kikanKbn=3", "url2": "https://www.seito-dc.com/", "内容": "清藤歯科【3:歯科】青森県つがる市木造清水２２" }, "geometry": { "type": "Point", "coordinates": [ 140.381697, 40.812606 ] } },
{ "type": "Feature", "properties": { "ID": 230230000684, "正式名称": "ようこデンタルクリニック", "機関区分": 3, "都道府県コード": 2, "市区町村コード": 201, "所在地": "青森県青森市筒井４丁目２ー４６", "緯度": 40.8043871, "経度": 140.7729088, "url": "https://www.iryou.teikyouseido.mhlw.go.jp/znk-web/juminkanja/S2430/initialize?prefCd=02&kikanCd=0230000684&kikanKbn=3", "url2": null, "内容": "ようこデンタルクリニック【3:歯科】青森県青森市筒井４丁目２ー４６" }, "geometry": { "type": "Point", "coordinates": [ 140.77290880000001, 40.8043871 ] } },
{ "type": "Feature", "properties": { "ID": 230230000690, "正式名称": "医療法人　宮澤歯科医院", "機関区分": 3, "都道府県コード": 2, "市区町村コード": 401, "所在地": "青森県上北郡野辺地町字野辺地７５－２", "緯度": 40.864758, "経度": 141.12773, "url": "https://www.iryou.teikyouseido.mhlw.go.jp/znk-web/juminkanja/S2430/initialize?prefCd=02&kikanCd=0230000690&kikanKbn=3", "url2": null, "内容": "医療法人　宮澤歯科医院【3:歯科】青森県上北郡野辺地町字野辺地７５－２" }, "geometry": { "type": "Point", "coordinates": [ 141.12773, 40.864758 ] } },
{ "type": "Feature", "properties": { "ID": 230230000691, "正式名称": "あまない歯科医院", "機関区分": 3, "都道府県コード": 2, "市区町村コード": 202, "所在地": "青森県弘前市神田一丁目８ー３", "緯度": 40.616267, "経度": 140.488189, "url": "https://www.iryou.teikyouseido.mhlw.go.jp/znk-web/juminkanja/S2430/initialize?prefCd=02&kikanCd=0230000691&kikanKbn=3", "url2": "https://amanai-dental.jp", "内容": "あまない歯科医院【3:歯科】青森県弘前市神田一丁目８ー３" }, "geometry": { "type": "Point", "coordinates": [ 140.488189, 40.616267 ] } },
{ "type": "Feature", "properties": { "ID": 230230000695, "正式名称": "医療法人雄志会　スクエア歯科", "機関区分": 3, "都道府県コード": 2, "市区町村コード": 202, "所在地": "青森県弘前市富田３－１０－２１", "緯度": 40.591941, "経度": 140.474424, "url": "https://www.iryou.teikyouseido.mhlw.go.jp/znk-web/juminkanja/S2430/initialize?prefCd=02&kikanCd=0230000695&kikanKbn=3", "url2": "http:///www.square-dent.com", "内容": "医療法人雄志会　スクエア歯科【3:歯科】青森県弘前市富田３－１０－２１" }, "geometry": { "type": "Point", "coordinates": [ 140.474424, 40.591941 ] } },
{ "type": "Feature", "properties": { "ID": 230230000696, "正式名称": "東青森駅前まがら歯科", "機関区分": 3, "都道府県コード": 2, "市区町村コード": 201, "所在地": "青森県青森市南佃１丁目４－１０", "緯度": 40.810589, "経度": 140.779697, "url": "https://www.iryou.teikyouseido.mhlw.go.jp/znk-web/juminkanja/S2430/initialize?prefCd=02&kikanCd=0230000696&kikanKbn=3", "url2": null, "内容": "東青森駅前まがら歯科【3:歯科】青森県青森市南佃１丁目４－１０" }, "geometry": { "type": "Point", "coordinates": [ 140.779697, 40.810589 ] } },
{ "type": "Feature", "properties": { "ID": 230230000697, "正式名称": "医療法人共立会　八戸ニュータウンデンタルクリニック", "機関区分": 3, "都道府県コード": 2, "市区町村コード": 203, "所在地": "青森県八戸市北白山台５－１－７", "緯度": 40.486012, "経度": 141.464316, "url": "https://www.iryou.teikyouseido.mhlw.go.jp/znk-web/juminkanja/S2430/initialize?prefCd=02&kikanCd=0230000697&kikanKbn=3", "url2": null, "内容": "医療法人共立会　八戸ニュータウンデンタルクリニック【3:歯科】青森県八戸市北白山台５－１－７" }, "geometry": { "type": "Point", "coordinates": [ 141.464316, 40.486012 ] } },
{ "type": "Feature", "properties": { "ID": 230230000698, "正式名称": "医療法人トリプルウィン　松尾歯科", "機関区分": 3, "都道府県コード": 2, "市区町村コード": 442, "所在地": "青森県三戸郡五戸町愛宕後２６－１４", "緯度": 40.53068, "経度": 141.30942, "url": "https://www.iryou.teikyouseido.mhlw.go.jp/znk-web/juminkanja/S2430/initialize?prefCd=02&kikanCd=0230000698&kikanKbn=3", "url2": "matsuodc.info", "内容": "医療法人トリプルウィン　松尾歯科【3:歯科】青森県三戸郡五戸町愛宕後２６－１４" }, "geometry": { "type": "Point", "coordinates": [ 141.30942, 40.53068 ] } },
{ "type": "Feature", "properties": { "ID": 230230000699, "正式名称": "こん歯科口腔外科クリニック", "機関区分": 3, "都道府県コード": 2, "市区町村コード": 201, "所在地": "青森県青森市西大野１－１５－４", "緯度": 40.8030035, "経度": 140.7258122, "url": "https://www.iryou.teikyouseido.mhlw.go.jp/znk-web/juminkanja/S2430/initialize?prefCd=02&kikanCd=0230000699&kikanKbn=3", "url2": null, "内容": "こん歯科口腔外科クリニック【3:歯科】青森県青森市西大野１－１５－４" }, "geometry": { "type": "Point", "coordinates": [ 140.7258122, 40.8030035 ] } },
{ "type": "Feature", "properties": { "ID": 230230000701, "正式名称": "ＳＫＹ　ＤＥＮＴＡＬ　ＣＬＩＮＩＣ", "機関区分": 3, "都道府県コード": 2, "市区町村コード": 203, "所在地": "青森県八戸市大久保小久保尻１７－１４", "緯度": 40.50638, "経度": 141.55917, "url": "https://www.iryou.teikyouseido.mhlw.go.jp/znk-web/juminkanja/S2430/initialize?prefCd=02&kikanCd=0230000701&kikanKbn=3", "url2": null, "内容": "ＳＫＹ　ＤＥＮＴＡＬ　ＣＬＩＮＩＣ【3:歯科】青森県八戸市大久保小久保尻１７－１４" }, "geometry": { "type": "Point", "coordinates": [ 141.55917, 40.50638 ] } },
{ "type": "Feature", "properties": { "ID": 230230000704, "正式名称": "坂本歯科クリニック", "機関区分": 3, "都道府県コード": 2, "市区町村コード": 384, "所在地": "青森県北津軽郡鶴田町鶴田字鷹ノ尾９ー７", "緯度": 40.75817, "経度": 140.4301, "url": "https://www.iryou.teikyouseido.mhlw.go.jp/znk-web/juminkanja/S2430/initialize?prefCd=02&kikanCd=0230000704&kikanKbn=3", "url2": "https://www.sakamotodental.jp/", "内容": "坂本歯科クリニック【3:歯科】青森県北津軽郡鶴田町鶴田字鷹ノ尾９ー７" }, "geometry": { "type": "Point", "coordinates": [ 140.4301, 40.75817 ] } },
{ "type": "Feature", "properties": { "ID": 230230000707, "正式名称": "ルミナデンタルクリニック", "機関区分": 3, "都道府県コード": 2, "市区町村コード": 203, "所在地": "青森県八戸市田面木字上田面木２０－４３", "緯度": 40.4971479, "経度": 141.4449269, "url": "https://www.iryou.teikyouseido.mhlw.go.jp/znk-web/juminkanja/S2430/initialize?prefCd=02&kikanCd=0230000707&kikanKbn=3", "url2": null, "内容": "ルミナデンタルクリニック【3:歯科】青森県八戸市田面木字上田面木２０－４３" }, "geometry": { "type": "Point", "coordinates": [ 141.444926900000013, 40.4971479 ] } },
{ "type": "Feature", "properties": { "ID": 230230000708, "正式名称": "小嶋歯科医院", "機関区分": 3, "都道府県コード": 2, "市区町村コード": 205, "所在地": "青森県五所川原市敷島町１－４", "緯度": 40.814255, "経度": 140.44734, "url": "https://www.iryou.teikyouseido.mhlw.go.jp/znk-web/juminkanja/S2430/initialize?prefCd=02&kikanCd=0230000708&kikanKbn=3", "url2": "http://kojima-haisha.com", "内容": "小嶋歯科医院【3:歯科】青森県五所川原市敷島町１－４" }, "geometry": { "type": "Point", "coordinates": [ 140.44734, 40.814255 ] } },
{ "type": "Feature", "properties": { "ID": 230230000710, "正式名称": "ＳＡＳＡＭＵＲＡ　ＤＥＮＴＡＬ　ＣＬＩＮＩＣ", "機関区分": 3, "都道府県コード": 2, "市区町村コード": 202, "所在地": "青森県弘前市八幡町１－８－１", "緯度": 40.6176733, "経度": 140.4781765, "url": "https://www.iryou.teikyouseido.mhlw.go.jp/znk-web/juminkanja/S2430/initialize?prefCd=02&kikanCd=0230000710&kikanKbn=3", "url2": "https://sasamura-dentalclinic.com/", "内容": "ＳＡＳＡＭＵＲＡ　ＤＥＮＴＡＬ　ＣＬＩＮＩＣ【3:歯科】青森県弘前市八幡町１－８－１" }, "geometry": { "type": "Point", "coordinates": [ 140.478176499999989, 40.6176733 ] } },
{ "type": "Feature", "properties": { "ID": 230230000711, "正式名称": "とやま歯科医院", "機関区分": 3, "都道府県コード": 2, "市区町村コード": 201, "所在地": "青森県青森市蛍沢３－１３－８", "緯度": 40.79863, "経度": 140.802886, "url": "https://www.iryou.teikyouseido.mhlw.go.jp/znk-web/juminkanja/S2430/initialize?prefCd=02&kikanCd=0230000711&kikanKbn=3", "url2": null, "内容": "とやま歯科医院【3:歯科】青森県青森市蛍沢３－１３－８" }, "geometry": { "type": "Point", "coordinates": [ 140.802886, 40.79863 ] } },
{ "type": "Feature", "properties": { "ID": 23230000257, "正式名称": "渡辺歯科医院", "機関区分": 3, "都道府県コード": 2, "市区町村コード": 208, "所在地": "青森県むつ市旭町１－１０", "緯度": 41.28697, "経度": 141.17778, "url": "https://www.iryou.teikyouseido.mhlw.go.jp/znk-web/juminkanja/S2430/initialize?prefCd=02&kikanCd=230000257&kikanKbn=3", "url2": null, "内容": "渡辺歯科医院【3:歯科】青森県むつ市旭町１－１０" }, "geometry": { "type": "Point", "coordinates": [ 141.17778, 41.28697 ] } },
{ "type": "Feature", "properties": { "ID": 23230000570, "正式名称": "熊谷歯科医院", "機関区分": 3, "都道府県コード": 2, "市区町村コード": 208, "所在地": "青森県むつ市本町１番１号", "緯度": 41.29368, "経度": 141.212424, "url": "https://www.iryou.teikyouseido.mhlw.go.jp/znk-web/juminkanja/S2430/initialize?prefCd=02&kikanCd=230000570&kikanKbn=3", "url2": null, "内容": "熊谷歯科医院【3:歯科】青森県むつ市本町１番１号" }, "geometry": { "type": "Point", "coordinates": [ 141.212424, 41.29368 ] } }
]
}
