{
"type": "FeatureCollection",
"name": "geo_02_訪問介護",
"crs": { "type": "name", "properties": { "name": "urn:ogc:def:crs:OGC:1.3:CRS84" } },
"features": [
{ "type": "Feature", "properties": { "内容": "ヘルパーステーションまなざし【訪問介護】青森県青森市中佃１丁目７番１６号", "url": "https://www.kaigokensaku.mhlw.go.jp/02/index.php?action_kouhyou_detail_004_kani=true&JigyosyoCd=0270105182-00&ServiceCd=110&Type=search", "url2": null }, "geometry": { "type": "Point", "coordinates": [ 140.711434004458283, 40.834841608201934 ] } },
{ "type": "Feature", "properties": { "内容": "NPO法人　エーデルの里【訪問介護】青森県青森市筒井字八ッ橋５１－２　１F", "url": "https://www.kaigokensaku.mhlw.go.jp/02/index.php?action_kouhyou_detail_004_kani=true&JigyosyoCd=0270103682-00&ServiceCd=110&Type=search", "url2": null }, "geometry": { "type": "Point", "coordinates": [ 140.768849899999964, 40.7958 ] } },
{ "type": "Feature", "properties": { "内容": "ウィズケア訪問介護サービス【訪問介護】青森県青森市富田3-18-40ネオパレス富田A101", "url": "https://www.kaigokensaku.mhlw.go.jp/02/index.php?action_kouhyou_detail_004_kani=true&JigyosyoCd=0270106651-00&ServiceCd=110&Type=search", "url2": null }, "geometry": { "type": "Point", "coordinates": [ 140.7101107, 40.8346357 ] } },
{ "type": "Feature", "properties": { "内容": "青森介護サービスヘルパーステーション【訪問介護】青森市古川２丁目15-7JMG古川ビル", "url": "https://www.kaigokensaku.mhlw.go.jp/02/index.php?action_kouhyou_detail_004_kani=true&JigyosyoCd=0270100324-00&ServiceCd=110&Type=search", "url2": "https://aokaigo.co.jp" }, "geometry": { "type": "Point", "coordinates": [ 140.73820939999996, 40.8215525 ] } },
{ "type": "Feature", "properties": { "内容": "訪問介護ステーション　しらかば【訪問介護】青森県青森市大字田茂木野字阿部野63番地2特別養護老人ホーム正寿園内", "url": "https://www.kaigokensaku.mhlw.go.jp/02/index.php?action_kouhyou_detail_004_kani=true&JigyosyoCd=0270100423-00&ServiceCd=110&Type=search", "url2": "http://heigenkai.jp/" }, "geometry": { "type": "Point", "coordinates": [ 140.800414290191327, 40.767704427320211 ] } },
{ "type": "Feature", "properties": { "内容": "ニチイケアセンター青森【訪問介護】青森県青森市西滝3丁目1-15", "url": "https://www.kaigokensaku.mhlw.go.jp/02/index.php?action_kouhyou_detail_004_kani=true&JigyosyoCd=0270100449-00&ServiceCd=110&Type=search", "url2": "http://www.nichiigakkan.co.jp" }, "geometry": { "type": "Point", "coordinates": [ 140.715669400000024, 40.8243654 ] } },
{ "type": "Feature", "properties": { "内容": "社会福祉法人諏訪ノ森会　ヘルパーステーション　コスモス【訪問介護】青森県青森市大字諏訪沢字丸山66番地1", "url": "https://www.kaigokensaku.mhlw.go.jp/02/index.php?action_kouhyou_detail_004_kani=true&JigyosyoCd=0270100464-00&ServiceCd=110&Type=search", "url2": "http://www.suwanomorikai.or.jp" }, "geometry": { "type": "Point", "coordinates": [ 140.832772562786658, 40.821121855124986 ] } },
{ "type": "Feature", "properties": { "内容": "生協ヘルパーステーションやすらぎ【訪問介護】青森市問屋町1丁目15番10号看護小規模多機能型居宅介護ひまわり内　2階", "url": "https://www.kaigokensaku.mhlw.go.jp/02/index.php?action_kouhyou_detail_004_kani=true&JigyosyoCd=0270100480-00&ServiceCd=110&Type=search", "url2": null }, "geometry": { "type": "Point", "coordinates": [ 140.75795720161355, 40.790982035663937 ] } },
{ "type": "Feature", "properties": { "内容": "ホームヘルパーステーション　ナーシングライフ【訪問介護】青森県青森市大字矢田前字弥生田47-2", "url": "https://www.kaigokensaku.mhlw.go.jp/02/index.php?action_kouhyou_detail_004_kani=true&JigyosyoCd=0270100498-00&ServiceCd=110&Type=search", "url2": "http://www.keiju-w.or.jp/" }, "geometry": { "type": "Point", "coordinates": [ 140.808478700000023, 40.8292307 ] } },
{ "type": "Feature", "properties": { "内容": "株式会社　ケアライフ青森　青森営業所【訪問介護】青森県青森市卸町３番５号", "url": "https://www.kaigokensaku.mhlw.go.jp/02/index.php?action_kouhyou_detail_004_kani=true&JigyosyoCd=0270100761-00&ServiceCd=110&Type=search", "url2": "http://www.carelife-net.co.jp" }, "geometry": { "type": "Point", "coordinates": [ 140.75562919999993, 40.7849978 ] } },
{ "type": "Feature", "properties": { "内容": "バンドーウエルフェアグループ株式会社　青森事業所【訪問介護】青森県青森市野木字山口15-11", "url": "https://www.kaigokensaku.mhlw.go.jp/02/index.php?action_kouhyou_detail_004_kani=true&JigyosyoCd=0270101330-00&ServiceCd=110&Type=search", "url2": "http://www.bwfg.co.jp/" }, "geometry": { "type": "Point", "coordinates": [ 140.745627099999979, 40.7652862 ] } },
{ "type": "Feature", "properties": { "内容": "あおもり24【訪問介護】青森県青森市篠田1-8-1エムズコーポ２０１", "url": "https://www.kaigokensaku.mhlw.go.jp/02/index.php?action_kouhyou_detail_004_kani=true&JigyosyoCd=0270101603-00&ServiceCd=110&Type=search", "url2": "http://www.ping-aomori.jp/aomori24/indexhtm" }, "geometry": { "type": "Point", "coordinates": [ 140.729714100000024, 40.82556070000004 ] } },
{ "type": "Feature", "properties": { "内容": "ヘルパーステーション和幸【訪問介護】青森市大字矢田字下野尻48番2", "url": "https://www.kaigokensaku.mhlw.go.jp/02/index.php?action_kouhyou_detail_004_kani=true&JigyosyoCd=0270101868-00&ServiceCd=110&Type=search", "url2": "http://www.wakouen.or.jp/helper.html" }, "geometry": { "type": "Point", "coordinates": [ 140.847196, 40.8468271 ] } },
{ "type": "Feature", "properties": { "内容": "ニチイケアセンターおくの【訪問介護】青森市奥野1丁目3-6", "url": "https://www.kaigokensaku.mhlw.go.jp/02/index.php?action_kouhyou_detail_004_kani=true&JigyosyoCd=0270101983-00&ServiceCd=110&Type=search", "url2": "http://www.nichiigakkan.co.jp" }, "geometry": { "type": "Point", "coordinates": [ 140.7542396, 40.8143035 ] } },
{ "type": "Feature", "properties": { "内容": "ヘルパーステーションおきだて【訪問介護】青森県青森市富田５丁目８番３０号", "url": "https://www.kaigokensaku.mhlw.go.jp/02/index.php?action_kouhyou_detail_004_kani=true&JigyosyoCd=0270102049-00&ServiceCd=110&Type=search", "url2": null }, "geometry": { "type": "Point", "coordinates": [ 140.715010799999959, 40.8342838 ] } },
{ "type": "Feature", "properties": { "内容": "ヘルパーステーション　ケア・グー【訪問介護】青森県青森市奥野2丁目２０－１", "url": "https://www.kaigokensaku.mhlw.go.jp/02/index.php?action_kouhyou_detail_004_kani=true&JigyosyoCd=0270102247-00&ServiceCd=110&Type=search", "url2": "info@care-good.co.jp" }, "geometry": { "type": "Point", "coordinates": [ 140.7628416, 40.8148286 ] } },
{ "type": "Feature", "properties": { "内容": "ヘルパースティション　ほのぼの【訪問介護】青森市大字戸山字安原1-3", "url": "https://www.kaigokensaku.mhlw.go.jp/02/index.php?action_kouhyou_detail_004_kani=true&JigyosyoCd=0270102270-00&ServiceCd=110&Type=search", "url2": "https://www.honobono-h.com" }, "geometry": { "type": "Point", "coordinates": [ 140.799092114155542, 40.813624640685681 ] } },
{ "type": "Feature", "properties": { "内容": "医療法人　芙蓉会　訪問介護ステーションエプロン【訪問介護】青森市妙見3丁目11-14総合ケアセンターさんらく内", "url": "https://www.kaigokensaku.mhlw.go.jp/02/index.php?action_kouhyou_detail_004_kani=true&JigyosyoCd=0270102304-00&ServiceCd=110&Type=search", "url2": "http://www.fuyoukai.or.jp/" }, "geometry": { "type": "Point", "coordinates": [ 140.763345100000038, 40.7884394 ] } },
{ "type": "Feature", "properties": { "内容": "ヘルパーステーションまほろば【訪問介護】青森県青森市石江字江渡48-4グループハウス石江1階", "url": "https://www.kaigokensaku.mhlw.go.jp/02/index.php?action_kouhyou_detail_004_kani=true&JigyosyoCd=0270102353-00&ServiceCd=110&Type=search", "url2": null }, "geometry": { "type": "Point", "coordinates": [ 140.687815799999953, 40.8249453 ] } },
{ "type": "Feature", "properties": { "内容": "ミッドライフケアサービス【訪問介護】青森県青森市新町２丁目１－８", "url": "https://www.kaigokensaku.mhlw.go.jp/02/index.php?action_kouhyou_detail_004_kani=true&JigyosyoCd=0270102387-00&ServiceCd=110&Type=search", "url2": "http://suzukake@dream.ocn.ne.jp" }, "geometry": { "type": "Point", "coordinates": [ 140.741273244488497, 40.826570730392945 ] } },
{ "type": "Feature", "properties": { "内容": "ヘルパーステーションあんじょう【訪問介護】青森県青森市大字浜館字間瀬85番地1", "url": "https://www.kaigokensaku.mhlw.go.jp/02/index.php?action_kouhyou_detail_004_kani=true&JigyosyoCd=0270102452-00&ServiceCd=110&Type=search", "url2": null }, "geometry": { "type": "Point", "coordinates": [ 140.791650200000049, 40.8121073 ] } },
{ "type": "Feature", "properties": { "内容": "訪問介護事業所うの【訪問介護】青森県青森市沖館５丁目15番２６号", "url": "https://www.kaigokensaku.mhlw.go.jp/02/index.php?action_kouhyou_detail_004_kani=true&JigyosyoCd=0270102494-00&ServiceCd=110&Type=search", "url2": null }, "geometry": { "type": "Point", "coordinates": [ 140.719246600000019, 40.8357311 ] } },
{ "type": "Feature", "properties": { "内容": "株式会社ハートケアサービス【訪問介護】青森県青森市中青葉1丁目2-22", "url": "https://www.kaigokensaku.mhlw.go.jp/02/index.php?action_kouhyou_detail_004_kani=true&JigyosyoCd=0270102551-00&ServiceCd=110&Type=search", "url2": "http://www.heartcare-service.com" }, "geometry": { "type": "Point", "coordinates": [ 140.74250106281076, 40.805635550345976 ] } },
{ "type": "Feature", "properties": { "内容": "株式会社ケアライフ青森　浪岡営業所【訪問介護】青森市浪岡大字浪岡字若松12-4", "url": "https://www.kaigokensaku.mhlw.go.jp/02/index.php?action_kouhyou_detail_004_kani=true&JigyosyoCd=0270102577-00&ServiceCd=110&Type=search", "url2": "http://www.carelife-net.co.jp/" }, "geometry": { "type": "Point", "coordinates": [ 140.592884899609771, 40.712267561102841 ] } },
{ "type": "Feature", "properties": { "内容": "ハピネス・サポート【訪問介護】青森市大野若宮111－22", "url": "https://www.kaigokensaku.mhlw.go.jp/02/index.php?action_kouhyou_detail_004_kani=true&JigyosyoCd=0270102601-00&ServiceCd=110&Type=search", "url2": null }, "geometry": { "type": "Point", "coordinates": [ 140.737189202103224, 40.805852914614974 ] } },
{ "type": "Feature", "properties": { "内容": "訪問介護ステーションみどり【訪問介護】青森市長島4丁目22-19", "url": "https://www.kaigokensaku.mhlw.go.jp/02/index.php?action_kouhyou_detail_004_kani=true&JigyosyoCd=0270102627-00&ServiceCd=110&Type=search", "url2": "http://www" }, "geometry": { "type": "Point", "coordinates": [ 140.74258693016364, 40.818195238466963 ] } },
{ "type": "Feature", "properties": { "内容": "ヘルパーステーションみちのく【訪問介護】青森市港町二丁目10番15号", "url": "https://www.kaigokensaku.mhlw.go.jp/02/index.php?action_kouhyou_detail_004_kani=true&JigyosyoCd=0270102726-00&ServiceCd=110&Type=search", "url2": "http://m-hakujukai.com" }, "geometry": { "type": "Point", "coordinates": [ 140.763573854986589, 40.8306277805288 ] } },
{ "type": "Feature", "properties": { "内容": "ヘルパーステーション　はるかぜ【訪問介護】青森県青森市問屋町一丁目15番10号", "url": "https://www.kaigokensaku.mhlw.go.jp/02/index.php?action_kouhyou_detail_004_kani=true&JigyosyoCd=0270102742-00&ServiceCd=110&Type=search", "url2": "http://nijiweb.net/" }, "geometry": { "type": "Point", "coordinates": [ 140.758941094049305, 40.791075967218717 ] } },
{ "type": "Feature", "properties": { "内容": "特定非営利活動法人　みんなの架け橋【訪問介護】青森県青森市虹ケ丘1丁目7番地12", "url": "https://www.kaigokensaku.mhlw.go.jp/02/index.php?action_kouhyou_detail_004_kani=true&JigyosyoCd=0270102932-00&ServiceCd=110&Type=search", "url2": "www.m-kakehasi.com/" }, "geometry": { "type": "Point", "coordinates": [ 140.795319288298117, 40.812915675553747 ] } },
{ "type": "Feature", "properties": { "内容": "株式会社介護サービスの元気【訪問介護】青森県青森市富田４丁目６－２１", "url": "https://www.kaigokensaku.mhlw.go.jp/02/index.php?action_kouhyou_detail_004_kani=true&JigyosyoCd=0270103054-00&ServiceCd=110&Type=search", "url2": null }, "geometry": { "type": "Point", "coordinates": [ 140.710397100000023, 40.8361363 ] } },
{ "type": "Feature", "properties": { "内容": "アースサポート青森【訪問介護】青森県青森市松森1丁目10番1号", "url": "https://www.kaigokensaku.mhlw.go.jp/02/index.php?action_kouhyou_detail_004_kani=true&JigyosyoCd=0270103062-00&ServiceCd=110&Type=search", "url2": "http://www.earthsupport.co.jp" }, "geometry": { "type": "Point", "coordinates": [ 140.770109064526423, 40.82076020890365 ] } },
{ "type": "Feature", "properties": { "内容": "ヘルパーステーション宝園【訪問介護】青森県青森市第二問屋町一丁目4-14セントラルハイツ201号室", "url": "https://www.kaigokensaku.mhlw.go.jp/02/index.php?action_kouhyou_detail_004_kani=true&JigyosyoCd=0270103120-00&ServiceCd=110&Type=search", "url2": "http://www.houen-aomori.co.jp/" }, "geometry": { "type": "Point", "coordinates": [ 140.756845980267371, 40.794018459802629 ] } },
{ "type": "Feature", "properties": { "内容": "訪問介護事業所　悦びの里【訪問介護】青森県青森市浜館2丁目2番10号サニープラザ101号", "url": "https://www.kaigokensaku.mhlw.go.jp/02/index.php?action_kouhyou_detail_004_kani=true&JigyosyoCd=0270103146-00&ServiceCd=110&Type=search", "url2": "https://sanshukai.jp/" }, "geometry": { "type": "Point", "coordinates": [ 140.783491133459279, 40.808017107523277 ] } },
{ "type": "Feature", "properties": { "内容": "株式会社メディケア【訪問介護】青森市浜館4丁目14番地4駒井胃腸科内科2階", "url": "https://www.kaigokensaku.mhlw.go.jp/02/index.php?action_kouhyou_detail_004_kani=true&JigyosyoCd=0270103211-00&ServiceCd=110&Type=search", "url2": "sakamotokeamae0423@gmail.com" }, "geometry": { "type": "Point", "coordinates": [ 140.7706713, 40.819650500000016 ] } },
{ "type": "Feature", "properties": { "内容": "ニチイケアセンター松森【訪問介護】青森市松森三丁目17番13号タナカビル1階1号", "url": "https://www.kaigokensaku.mhlw.go.jp/02/index.php?action_kouhyou_detail_004_kani=true&JigyosyoCd=0270103351-00&ServiceCd=110&Type=search", "url2": "http://www.nichiigakkan.co.jp" }, "geometry": { "type": "Point", "coordinates": [ 140.778157, 40.8110126 ] } },
{ "type": "Feature", "properties": { "内容": "訪問介護事業所　ケアプラザ青森【訪問介護】青森市松森１丁目１２番１６号", "url": "https://www.kaigokensaku.mhlw.go.jp/02/index.php?action_kouhyou_detail_004_kani=true&JigyosyoCd=0270103385-00&ServiceCd=110&Type=search", "url2": null }, "geometry": { "type": "Point", "coordinates": [ 140.772601961223586, 40.818279059218334 ] } },
{ "type": "Feature", "properties": { "内容": "すかいヘルパーステーション【訪問介護】青森県青森市佃１丁目23-10", "url": "https://www.kaigokensaku.mhlw.go.jp/02/index.php?action_kouhyou_detail_004_kani=true&JigyosyoCd=0270103484-00&ServiceCd=110&Type=search", "url2": null }, "geometry": { "type": "Point", "coordinates": [ 140.775431900000058, 40.8226585 ] } },
{ "type": "Feature", "properties": { "内容": "ヘルパーステーションリバイブ【訪問介護】青森県青森市佃一丁目６番１５号", "url": "https://www.kaigokensaku.mhlw.go.jp/02/index.php?action_kouhyou_detail_004_kani=true&JigyosyoCd=0270103526-00&ServiceCd=110&Type=search", "url2": null }, "geometry": { "type": "Point", "coordinates": [ 140.7745994, 40.8181506 ] } },
{ "type": "Feature", "properties": { "内容": "社会福祉法人　緑鴎会　みどりヘルパーステーション【訪問介護】青森市大字羽白字沢田55番地5", "url": "https://www.kaigokensaku.mhlw.go.jp/02/index.php?action_kouhyou_detail_004_kani=true&JigyosyoCd=0270103773-00&ServiceCd=110&Type=search", "url2": "http://ryokuoukai.net" }, "geometry": { "type": "Point", "coordinates": [ 140.689420599999949, 40.8557994 ] } },
{ "type": "Feature", "properties": { "内容": "ヘルパーステーション千刈【訪問介護】青森県青森市千刈1丁目16番1号", "url": "https://www.kaigokensaku.mhlw.go.jp/02/index.php?action_kouhyou_detail_004_kani=true&JigyosyoCd=0270103880-00&ServiceCd=110&Type=search", "url2": null }, "geometry": { "type": "Point", "coordinates": [ 140.727404699999965, 40.8250878 ] } },
{ "type": "Feature", "properties": { "内容": "訪問介護事業所　さいとうケアサービス【訪問介護】青森市大字荒川字柴田105-2ﾙﾐｴﾙﾕｳ101号室", "url": "https://www.kaigokensaku.mhlw.go.jp/02/index.php?action_kouhyou_detail_004_kani=true&JigyosyoCd=0270103898-00&ServiceCd=110&Type=search", "url2": null }, "geometry": { "type": "Point", "coordinates": [ 140.738397149302386, 40.78718567115596 ] } },
{ "type": "Feature", "properties": { "内容": "アースサポート新青森【訪問介護】青森県青森市大字三内字沢部258番13号", "url": "https://www.kaigokensaku.mhlw.go.jp/02/index.php?action_kouhyou_detail_004_kani=true&JigyosyoCd=0270103914-00&ServiceCd=110&Type=search", "url2": "http://www.earthsupport.co.jp/" }, "geometry": { "type": "Point", "coordinates": [ 140.697376599999984, 40.8166186 ] } },
{ "type": "Feature", "properties": { "内容": "生協ヘルパーステーションさくら【訪問介護】青森市問屋町１丁目１５番１０号", "url": "https://www.kaigokensaku.mhlw.go.jp/02/index.php?action_kouhyou_detail_004_kani=true&JigyosyoCd=0270104110-00&ServiceCd=110&Type=search", "url2": null }, "geometry": { "type": "Point", "coordinates": [ 140.758109399999967, 40.7906724 ] } },
{ "type": "Feature", "properties": { "内容": "ヘルパーステーションいしき【訪問介護】浅虫字蛍谷65-40", "url": "https://www.kaigokensaku.mhlw.go.jp/02/index.php?action_kouhyou_detail_004_kani=true&JigyosyoCd=0270104284-00&ServiceCd=110&Type=search", "url2": null }, "geometry": { "type": "Point", "coordinates": [ 140.8633155, 40.88951740000001 ] } },
{ "type": "Feature", "properties": { "内容": "訪問介護事業所　青森福祉支援プラザ【訪問介護】青森市問屋町１丁目２番６号", "url": "https://www.kaigokensaku.mhlw.go.jp/02/index.php?action_kouhyou_detail_004_kani=true&JigyosyoCd=0270104581-00&ServiceCd=110&Type=search", "url2": "http://www.a-fukushiplaza.com" }, "geometry": { "type": "Point", "coordinates": [ 140.7600814, 40.7921334 ] } },
{ "type": "Feature", "properties": { "内容": "ケアステーション　心【訪問介護】青森県青森市佃3丁目1番5号", "url": "https://www.kaigokensaku.mhlw.go.jp/02/index.php?action_kouhyou_detail_004_kani=true&JigyosyoCd=0270104607-00&ServiceCd=110&Type=search", "url2": null }, "geometry": { "type": "Point", "coordinates": [ 140.781797625742797, 40.823327512429451 ] } },
{ "type": "Feature", "properties": { "内容": "ヘルパーステーション　ゆうび【訪問介護】第２問屋町４丁目９－１７コーポおさがわ203", "url": "https://www.kaigokensaku.mhlw.go.jp/02/index.php?action_kouhyou_detail_004_kani=true&JigyosyoCd=0270104631-00&ServiceCd=110&Type=search", "url2": null }, "geometry": { "type": "Point", "coordinates": [ 140.751544756733665, 40.789107725518605 ] } },
{ "type": "Feature", "properties": { "内容": "訪問介護センター　ケア・プロモーション【訪問介護】青森県青森市中央3丁目8-16シティパレス中央102", "url": "https://www.kaigokensaku.mhlw.go.jp/02/index.php?action_kouhyou_detail_004_kani=true&JigyosyoCd=0270104664-00&ServiceCd=110&Type=search", "url2": "www.care-promotion.jp/" }, "geometry": { "type": "Point", "coordinates": [ 140.745005292204269, 40.817761991973029 ] } },
{ "type": "Feature", "properties": { "内容": "訪問介護ステーション七輝【訪問介護】青森県青森市大字石江字平山2-895住宅型有料老人ホーム七輝石江ホーム", "url": "https://www.kaigokensaku.mhlw.go.jp/02/index.php?action_kouhyou_detail_004_kani=true&JigyosyoCd=0270104714-00&ServiceCd=110&Type=search", "url2": "https://nanaki5900.amebaownd.com" }, "geometry": { "type": "Point", "coordinates": [ 140.690827058058147, 40.822254957935606 ] } },
{ "type": "Feature", "properties": { "内容": "あっとほーむケアまごの手【訪問介護】青森県青森市大字字油川字柳川５４－８", "url": "https://www.kaigokensaku.mhlw.go.jp/02/index.php?action_kouhyou_detail_004_kani=true&JigyosyoCd=0270104748-00&ServiceCd=110&Type=search", "url2": "http://magocoro-co.jp" }, "geometry": { "type": "Point", "coordinates": [ 140.703014199999984, 40.8455849 ] } },
{ "type": "Feature", "properties": { "内容": "訪問介護ステーションユリカ【訪問介護】青森県青森市橋本2丁目15番8号", "url": "https://www.kaigokensaku.mhlw.go.jp/02/index.php?action_kouhyou_detail_004_kani=true&JigyosyoCd=0270104862-00&ServiceCd=110&Type=search", "url2": "https://www.yurika-hashimoto.com" }, "geometry": { "type": "Point", "coordinates": [ 140.753731235581995, 40.822021108997937 ] } },
{ "type": "Feature", "properties": { "内容": "訪問介護事業所　アーサスケア【訪問介護】青森県青森市問屋町1丁目7-21", "url": "https://www.kaigokensaku.mhlw.go.jp/02/index.php?action_kouhyou_detail_004_kani=true&JigyosyoCd=0270105190-00&ServiceCd=110&Type=search", "url2": null }, "geometry": { "type": "Point", "coordinates": [ 140.757603761534028, 40.788628203049363 ] } },
{ "type": "Feature", "properties": { "内容": "介護　響【訪問介護】青森県青森市新城平岡１６０－２３８", "url": "https://www.kaigokensaku.mhlw.go.jp/02/index.php?action_kouhyou_detail_004_kani=true&JigyosyoCd=0270105273-00&ServiceCd=110&Type=search", "url2": null }, "geometry": { "type": "Point", "coordinates": [ 140.6809472, 40.8210539 ] } },
{ "type": "Feature", "properties": { "内容": "ヘルパーステーションテンダー【訪問介護】青森市佃１丁目6-15", "url": "https://www.kaigokensaku.mhlw.go.jp/02/index.php?action_kouhyou_detail_004_kani=true&JigyosyoCd=0270105299-00&ServiceCd=110&Type=search", "url2": null }, "geometry": { "type": "Point", "coordinates": [ 140.774505845778066, 40.818077778960067 ] } },
{ "type": "Feature", "properties": { "内容": "ケアサポートかがやき【訪問介護】青森県青森市南佃1丁目1-30", "url": "https://www.kaigokensaku.mhlw.go.jp/02/index.php?action_kouhyou_detail_004_kani=true&JigyosyoCd=0270105380-00&ServiceCd=110&Type=search", "url2": null }, "geometry": { "type": "Point", "coordinates": [ 140.706784299999981, 40.8156966 ] } },
{ "type": "Feature", "properties": { "内容": "ヘルパーステーション　きらら　はまだて【訪問介護】佃1丁目24-14スカイブライト２０１号", "url": "https://www.kaigokensaku.mhlw.go.jp/02/index.php?action_kouhyou_detail_004_kani=true&JigyosyoCd=0270105406-00&ServiceCd=110&Type=search", "url2": "http://kirara-group.com/" }, "geometry": { "type": "Point", "coordinates": [ 136.926624299999986, 35.1191431 ] } },
{ "type": "Feature", "properties": { "内容": "ケアピース【訪問介護】青森県青森市南佃２丁目18-7", "url": "https://www.kaigokensaku.mhlw.go.jp/02/index.php?action_kouhyou_detail_004_kani=true&JigyosyoCd=0270105489-00&ServiceCd=110&Type=search", "url2": "www.hhk-peace.jp/" }, "geometry": { "type": "Point", "coordinates": [ 140.786203072148254, 40.816226039569855 ] } },
{ "type": "Feature", "properties": { "内容": "訪問介護事業所アクトリー・ケア【訪問介護】青森県青森市浜館4丁目8-13", "url": "https://www.kaigokensaku.mhlw.go.jp/02/index.php?action_kouhyou_detail_004_kani=true&JigyosyoCd=0270105562-00&ServiceCd=110&Type=search", "url2": null }, "geometry": { "type": "Point", "coordinates": [ 140.790862947367714, 40.809415546089966 ] } },
{ "type": "Feature", "properties": { "内容": "あおもりケアサービス【訪問介護】青森県青森市荒川柴田105-2ルミエールゆう105号室", "url": "https://www.kaigokensaku.mhlw.go.jp/02/index.php?action_kouhyou_detail_004_kani=true&JigyosyoCd=0270105612-00&ServiceCd=110&Type=search", "url2": null }, "geometry": { "type": "Point", "coordinates": [ 140.738258148556667, 40.787205823929582 ] } },
{ "type": "Feature", "properties": { "内容": "じけいかい定期巡回・随時対応型訪問介護看護事業所【訪問介護】青森県青森市安田字近野136-2", "url": "https://www.kaigokensaku.mhlw.go.jp/02/index.php?action_kouhyou_detail_004_kani=true&JigyosyoCd=0270105638-00&ServiceCd=110&Type=search", "url2": "http://www.jikei-kai.org" }, "geometry": { "type": "Point", "coordinates": [ 140.703445800000054, 40.8014068 ] } },
{ "type": "Feature", "properties": { "内容": "ヘルパーステーションはまだ【訪問介護】青森県青森市第二問屋町1丁目4番29号マミーハウス202号", "url": "https://www.kaigokensaku.mhlw.go.jp/02/index.php?action_kouhyou_detail_004_kani=true&JigyosyoCd=0270105737-00&ServiceCd=110&Type=search", "url2": null }, "geometry": { "type": "Point", "coordinates": [ 140.756592700000027, 40.7942942 ] } },
{ "type": "Feature", "properties": { "内容": "訪問介護事業所あんどん【訪問介護】青森県青森市佃1丁目19番6号", "url": "https://www.kaigokensaku.mhlw.go.jp/02/index.php?action_kouhyou_detail_004_kani=true&JigyosyoCd=0270105919-00&ServiceCd=110&Type=search", "url2": "https://seekhope-dandanhome.com/" }, "geometry": { "type": "Point", "coordinates": [ 140.775156017161919, 40.822072135659603 ] } },
{ "type": "Feature", "properties": { "内容": "縁乃森【訪問介護】青森市柳川一丁目2-11Generas402", "url": "https://www.kaigokensaku.mhlw.go.jp/02/index.php?action_kouhyou_detail_004_kani=true&JigyosyoCd=0270106081-00&ServiceCd=110&Type=search", "url2": "http://forets.co.jp" }, "geometry": { "type": "Point", "coordinates": [ 140.733612902875393, 40.827498190573841 ] } },
{ "type": "Feature", "properties": { "内容": "ニチイケアセンター青森ひがし【訪問介護】青森県青森市矢作一丁目6-10グランファー86　102号室", "url": "https://www.kaigokensaku.mhlw.go.jp/02/index.php?action_kouhyou_detail_004_kani=true&JigyosyoCd=0270106099-00&ServiceCd=110&Type=search", "url2": "http://www.nichiigakkan.co.jp" }, "geometry": { "type": "Point", "coordinates": [ 140.799088500000039, 40.8365065 ] } },
{ "type": "Feature", "properties": { "内容": "ニチイケアセンター幸畑【訪問介護】青森県青森市幸畑３丁目２-８ラフォーレマコ112号室", "url": "https://www.kaigokensaku.mhlw.go.jp/02/index.php?action_kouhyou_detail_004_kani=true&JigyosyoCd=0270106123-00&ServiceCd=110&Type=search", "url2": "http://www.nichiigakkan.co.jp" }, "geometry": { "type": "Point", "coordinates": [ 140.784486300000026, 40.7810329 ] } },
{ "type": "Feature", "properties": { "内容": "ニチイケアセンター青森にし【訪問介護】青森県青森市大字新城平岡110-8コーポエイト101号室", "url": "https://www.kaigokensaku.mhlw.go.jp/02/index.php?action_kouhyou_detail_004_kani=true&JigyosyoCd=0270106131-00&ServiceCd=110&Type=search", "url2": "http//www.nichiigakkan.ｃо.jp" }, "geometry": { "type": "Point", "coordinates": [ 140.678222300000016, 40.8250728 ] } },
{ "type": "Feature", "properties": { "内容": "訪問介護ステーションレガート【訪問介護】青森県青森市筒井字八ッ橋90番地1", "url": "https://www.kaigokensaku.mhlw.go.jp/02/index.php?action_kouhyou_detail_004_kani=true&JigyosyoCd=0270106263-00&ServiceCd=110&Type=search", "url2": null }, "geometry": { "type": "Point", "coordinates": [ 140.7643589, 40.8067452 ] } },
{ "type": "Feature", "properties": { "内容": "アースサポート青森東【訪問介護】青森県青森市原別2丁目2番1号", "url": "https://www.kaigokensaku.mhlw.go.jp/02/index.php?action_kouhyou_detail_004_kani=true&JigyosyoCd=0270106396-00&ServiceCd=110&Type=search", "url2": "http://www.earthsupport.co.jp" }, "geometry": { "type": "Point", "coordinates": [ 140.8039492, 40.837486 ] } },
{ "type": "Feature", "properties": { "内容": "医心館訪問介護ステーション青森【訪問介護】青森県青森市奥野三丁目14番21号", "url": "https://www.kaigokensaku.mhlw.go.jp/02/index.php?action_kouhyou_detail_004_kani=true&JigyosyoCd=0270106404-00&ServiceCd=110&Type=search", "url2": null }, "geometry": { "type": "Point", "coordinates": [ 140.764199100000013, 40.8104569 ] } },
{ "type": "Feature", "properties": { "内容": "ヘルパーステーションアップルライフ【訪問介護】青森県青森市松森2丁目8-13REVOLUTION1松森　C205号室", "url": "https://www.kaigokensaku.mhlw.go.jp/02/index.php?action_kouhyou_detail_004_kani=true&JigyosyoCd=0270106636-00&ServiceCd=110&Type=search", "url2": "https://ball-hearlt.com/" }, "geometry": { "type": "Point", "coordinates": [ 140.7748564, 40.8145794 ] } },
{ "type": "Feature", "properties": { "内容": "がじゅまる訪問介護青森支所【訪問介護】青森県青森市浪館前田1-11-182F", "url": "https://www.kaigokensaku.mhlw.go.jp/02/index.php?action_kouhyou_detail_004_kani=true&JigyosyoCd=0270106677-00&ServiceCd=110&Type=search", "url2": "https://www.angellamp2021.com/" }, "geometry": { "type": "Point", "coordinates": [ 140.7229777, 40.8145108 ] } },
{ "type": "Feature", "properties": { "内容": "オリーブサポート【訪問介護】青森市松森3丁目17-558号", "url": "https://www.kaigokensaku.mhlw.go.jp/02/index.php?action_kouhyou_detail_004_kani=true&JigyosyoCd=0270106685-00&ServiceCd=110&Type=search", "url2": null }, "geometry": { "type": "Point", "coordinates": [ 140.77777, 40.810747 ] } },
{ "type": "Feature", "properties": { "内容": "訪問介護　のじりケア・ステーション【訪問介護】青森市大字野尻字今田５８番地１", "url": "https://www.kaigokensaku.mhlw.go.jp/02/index.php?action_kouhyou_detail_004_kani=true&JigyosyoCd=0270101785-00&ServiceCd=110&Type=search", "url2": null }, "geometry": { "type": "Point", "coordinates": [ 140.764584, 40.7844593 ] } },
{ "type": "Feature", "properties": { "内容": "セーフテーヘルプサービス青森【訪問介護】青森市大字羽白字沢田48-10", "url": "https://www.kaigokensaku.mhlw.go.jp/02/index.php?action_kouhyou_detail_004_kani=true&JigyosyoCd=0270103401-00&ServiceCd=110&Type=search", "url2": null }, "geometry": { "type": "Point", "coordinates": [ 140.6900233, 40.8544552 ] } },
{ "type": "Feature", "properties": { "内容": "ヘルパーステーションあおぞら【訪問介護】青森県青森市筒井4丁目8-17", "url": "https://www.kaigokensaku.mhlw.go.jp/02/index.php?action_kouhyou_detail_004_kani=true&JigyosyoCd=0270103534-00&ServiceCd=110&Type=search", "url2": "http://www.aozoraclub.com/" }, "geometry": { "type": "Point", "coordinates": [ 140.774440036726304, 40.805288579292032 ] } },
{ "type": "Feature", "properties": { "内容": "ヘルパーステーション　なぎさ【訪問介護】青森市自由ヶ丘一丁目1番地8", "url": "https://www.kaigokensaku.mhlw.go.jp/02/index.php?action_kouhyou_detail_004_kani=true&JigyosyoCd=0270104201-00&ServiceCd=110&Type=search", "url2": null }, "geometry": { "type": "Point", "coordinates": [ 140.794824802109474, 40.816204863607368 ] } },
{ "type": "Feature", "properties": { "内容": "ヘルパーステーション　ひいらぎ【訪問介護】青森県妙見２丁目７番９号ふじハイツ１０７号", "url": "https://www.kaigokensaku.mhlw.go.jp/02/index.php?action_kouhyou_detail_004_kani=true&JigyosyoCd=0270104276-00&ServiceCd=110&Type=search", "url2": null }, "geometry": { "type": "Point", "coordinates": [ 140.762865653967282, 40.790771840390335 ] } },
{ "type": "Feature", "properties": { "内容": "アウルの森ケアステーション【訪問介護】青森県青森市松森三丁目1番10号", "url": "https://www.kaigokensaku.mhlw.go.jp/02/index.php?action_kouhyou_detail_004_kani=true&JigyosyoCd=0270105463-00&ServiceCd=110&Type=search", "url2": "http://www.owl-llc.jp/" }, "geometry": { "type": "Point", "coordinates": [ 140.77491, 40.8126902 ] } },
{ "type": "Feature", "properties": { "内容": "訪問介護事業所　介援隊【訪問介護】青森市西大野五丁目24-4", "url": "https://www.kaigokensaku.mhlw.go.jp/02/index.php?action_kouhyou_detail_004_kani=true&JigyosyoCd=0270105596-00&ServiceCd=110&Type=search", "url2": "http：//kaienkai.com" }, "geometry": { "type": "Point", "coordinates": [ 140.7272084, 40.7981903 ] } },
{ "type": "Feature", "properties": { "内容": "訪問介護メリーランド【訪問介護】松森1丁目9-8ビュー松森B102", "url": "https://www.kaigokensaku.mhlw.go.jp/02/index.php?action_kouhyou_detail_004_kani=true&JigyosyoCd=0270105877-00&ServiceCd=110&Type=search", "url2": "http://www.merryland-aomori.jp/" }, "geometry": { "type": "Point", "coordinates": [ 140.770996200000013, 40.8194922 ] } },
{ "type": "Feature", "properties": { "内容": "ここふくサポート【訪問介護】青森県青森市浪岡大字銀字前田４番地２", "url": "https://www.kaigokensaku.mhlw.go.jp/02/index.php?action_kouhyou_detail_004_kani=true&JigyosyoCd=0272300518-00&ServiceCd=110&Type=search", "url2": null }, "geometry": { "type": "Point", "coordinates": [ 140.561052637070162, 40.70067891545429 ] } },
{ "type": "Feature", "properties": { "内容": "ヘルパーステーション幸の里【訪問介護】青森県青森市小柳1丁目17-11Lumino小柳103号", "url": "https://www.kaigokensaku.mhlw.go.jp/02/index.php?action_kouhyou_detail_004_kani=true&JigyosyoCd=0270103104-00&ServiceCd=110&Type=search", "url2": null }, "geometry": { "type": "Point", "coordinates": [ 140.791215251250065, 40.821677706884259 ] } },
{ "type": "Feature", "properties": { "内容": "訪問介護ハッピーホーム【訪問介護】松森1丁目15－15", "url": "https://www.kaigokensaku.mhlw.go.jp/02/index.php?action_kouhyou_detail_004_kani=true&JigyosyoCd=0270104169-00&ServiceCd=110&Type=search", "url2": "http://www.aoitori-happyhome.jp" }, "geometry": { "type": "Point", "coordinates": [ 140.771260100000063, 40.8204921 ] } },
{ "type": "Feature", "properties": { "内容": "ヘルパーセンター　陽だまりの里【訪問介護】青森市大字幸畑字阿部野163-331", "url": "https://www.kaigokensaku.mhlw.go.jp/02/index.php?action_kouhyou_detail_004_kani=true&JigyosyoCd=0270102684-00&ServiceCd=110&Type=search", "url2": "http://www" }, "geometry": { "type": "Point", "coordinates": [ 140.790795600000024, 40.7830019 ] } },
{ "type": "Feature", "properties": { "内容": "あすなろケアステーション【訪問介護】青森県青森市第二問屋町2丁目１－３高繁ビル　４階", "url": "https://www.kaigokensaku.mhlw.go.jp/02/index.php?action_kouhyou_detail_004_kani=true&JigyosyoCd=0270104227-00&ServiceCd=110&Type=search", "url2": null }, "geometry": { "type": "Point", "coordinates": [ 140.757334300000025, 40.7943415 ] } },
{ "type": "Feature", "properties": { "内容": "訪問介護センター　ヒマワリ【訪問介護】青森県青森市青柳1丁目６－１３", "url": "https://www.kaigokensaku.mhlw.go.jp/02/index.php?action_kouhyou_detail_004_kani=true&JigyosyoCd=0270102296-00&ServiceCd=110&Type=search", "url2": null }, "geometry": { "type": "Point", "coordinates": [ 140.757388900000024, 40.8279912 ] } },
{ "type": "Feature", "properties": { "内容": "株式会社　訪問介護　愛【訪問介護】青森市橋本２丁目１３－５　グランスクエア青森４Ｆ", "url": "https://www.kaigokensaku.mhlw.go.jp/02/index.php?action_kouhyou_detail_004_kani=true&JigyosyoCd=0270103500-00&ServiceCd=110&Type=search", "url2": null }, "geometry": { "type": "Point", "coordinates": [ 140.753336600000011, 40.8233804 ] } },
{ "type": "Feature", "properties": { "内容": "ケアセンターほっとたいら【訪問介護】安方1丁目4-14ホテルチトセ１階", "url": "https://www.kaigokensaku.mhlw.go.jp/02/index.php?action_kouhyou_detail_004_kani=true&JigyosyoCd=0270104524-00&ServiceCd=110&Type=search", "url2": "http://hot-taira.com/indeｘ.html］" }, "geometry": { "type": "Point", "coordinates": [ 140.738106799999969, 40.8280018 ] } },
{ "type": "Feature", "properties": { "内容": "訪問介護事業所　千雄【訪問介護】佃2丁目3番24号プライムヒルズB棟203号室", "url": "https://www.kaigokensaku.mhlw.go.jp/02/index.php?action_kouhyou_detail_004_kani=true&JigyosyoCd=0270104771-00&ServiceCd=110&Type=search", "url2": null }, "geometry": { "type": "Point", "coordinates": [ 140.778174752432562, 40.821349276972065 ] } },
{ "type": "Feature", "properties": { "内容": "訪問介護事業所　いこい【訪問介護】青森県青森市蛍沢４丁目２番４号", "url": "https://www.kaigokensaku.mhlw.go.jp/02/index.php?action_kouhyou_detail_004_kani=true&JigyosyoCd=0270104805-00&ServiceCd=110&Type=search", "url2": "https://ikoi-aomori.com/" }, "geometry": { "type": "Point", "coordinates": [ 140.802871800000048, 40.7978704 ] } },
{ "type": "Feature", "properties": { "内容": "ヘルパーステーションよつ葉【訪問介護】青森市松森3丁目17‐69　10号", "url": "https://www.kaigokensaku.mhlw.go.jp/02/index.php?action_kouhyou_detail_004_kani=true&JigyosyoCd=0270104920-00&ServiceCd=110&Type=search", "url2": "http://www.clover-net.co.jp/" }, "geometry": { "type": "Point", "coordinates": [ 140.776665270022647, 40.810810532494443 ] } },
{ "type": "Feature", "properties": { "内容": "ヘルパーステーションめりい【訪問介護】青森県青森市小柳3丁目7－14", "url": "https://www.kaigokensaku.mhlw.go.jp/02/index.php?action_kouhyou_detail_004_kani=true&JigyosyoCd=0270105786-00&ServiceCd=110&Type=search", "url2": null }, "geometry": { "type": "Point", "coordinates": [ 140.793386732214429, 40.821154452832353 ] } },
{ "type": "Feature", "properties": { "内容": "ライフサポートカラーズ【訪問介護】青森県青森市中央２丁目２－２０アシスト青森マンション１０１号", "url": "https://www.kaigokensaku.mhlw.go.jp/02/index.php?action_kouhyou_detail_004_kani=true&JigyosyoCd=0270106073-00&ServiceCd=110&Type=search", "url2": null }, "geometry": { "type": "Point", "coordinates": [ 140.744957600000021, 40.8188923 ] } },
{ "type": "Feature", "properties": { "内容": "訪問介護事業所ケアサービスohana【訪問介護】青森市千刈2丁目6-21　前川ビル一階", "url": "https://www.kaigokensaku.mhlw.go.jp/02/index.php?action_kouhyou_detail_004_kani=true&JigyosyoCd=0270106305-00&ServiceCd=110&Type=search", "url2": null }, "geometry": { "type": "Point", "coordinates": [ 140.7205937, 40.8262466 ] } },
{ "type": "Feature", "properties": { "内容": "訪問介護事業所輝らり【訪問介護】青森県青森市大字新城字平岡961番地1", "url": "https://www.kaigokensaku.mhlw.go.jp/02/index.php?action_kouhyou_detail_004_kani=true&JigyosyoCd=0270106313-00&ServiceCd=110&Type=search", "url2": "https://www.nanaki-kirari-0815.com/map.html" }, "geometry": { "type": "Point", "coordinates": [ 140.6708061, 40.8192563 ] } },
{ "type": "Feature", "properties": { "内容": "ヘルパーステーションみね【訪問介護】青森県青森市妙見2丁目10-10ラ・ネージュパルテノン201号", "url": "https://www.kaigokensaku.mhlw.go.jp/02/index.php?action_kouhyou_detail_004_kani=true&JigyosyoCd=0270106594-00&ServiceCd=110&Type=search", "url2": null }, "geometry": { "type": "Point", "coordinates": [ 140.762918898147547, 40.791477039812307 ] } },
{ "type": "Feature", "properties": { "内容": "ヘルパーステーション夢のとき【訪問介護】青森市東大野1丁目8番地6ハイツアノーマ105号", "url": "https://www.kaigokensaku.mhlw.go.jp/02/index.php?action_kouhyou_detail_004_kani=true&JigyosyoCd=0270106701-00&ServiceCd=110&Type=search", "url2": null }, "geometry": { "type": "Point", "coordinates": [ 140.7421124, 40.800716 ] } },
{ "type": "Feature", "properties": { "内容": "いきいきサポート【訪問介護】青森県青森市佃１丁目２３番１０号", "url": "https://www.kaigokensaku.mhlw.go.jp/02/index.php?action_kouhyou_detail_004_kani=true&JigyosyoCd=0270105042-00&ServiceCd=110&Type=search", "url2": "iki-iki.co.jp" }, "geometry": { "type": "Point", "coordinates": [ 140.777166888360597, 40.82060591067772 ] } },
{ "type": "Feature", "properties": { "内容": "ヘルパー派遣センター　結っこ【訪問介護】青森県青森市小柳1丁目13－28", "url": "https://www.kaigokensaku.mhlw.go.jp/02/index.php?action_kouhyou_detail_004_kani=true&JigyosyoCd=0270105257-00&ServiceCd=110&Type=search", "url2": null }, "geometry": { "type": "Point", "coordinates": [ 140.788769499999944, 40.8233309 ] } },
{ "type": "Feature", "properties": { "内容": "訪問介護クラシエテラス【訪問介護】西滝3丁目25-8", "url": "https://www.kaigokensaku.mhlw.go.jp/02/index.php?action_kouhyou_detail_004_kani=true&JigyosyoCd=0270106560-00&ServiceCd=110&Type=search", "url2": "https://kurasieterasu.com/" }, "geometry": { "type": "Point", "coordinates": [ 140.714423052621243, 40.818917213708033 ] } },
{ "type": "Feature", "properties": { "内容": "ヘルパーステーションハートローズ【訪問介護】南佃２丁目１９番６号２階", "url": "https://www.kaigokensaku.mhlw.go.jp/02/index.php?action_kouhyou_detail_004_kani=true&JigyosyoCd=0270105521-00&ServiceCd=110&Type=search", "url2": "https://komorebimori.com/" }, "geometry": { "type": "Point", "coordinates": [ 140.787364655294766, 40.815341710696245 ] } },
{ "type": "Feature", "properties": { "内容": "ヘルパーステーションさわやか【訪問介護】青森市松森2-13-6プラザパル1階", "url": "https://www.kaigokensaku.mhlw.go.jp/02/index.php?action_kouhyou_detail_004_kani=true&JigyosyoCd=0270102791-00&ServiceCd=110&Type=search", "url2": null }, "geometry": { "type": "Point", "coordinates": [ 140.776918199999955, 40.8110987 ] } },
{ "type": "Feature", "properties": { "内容": "くぅさん介護ステーション【訪問介護】青森県青森市第二問屋町１丁目4-13ライヴリータウン201", "url": "https://www.kaigokensaku.mhlw.go.jp/02/index.php?action_kouhyou_detail_004_kani=true&JigyosyoCd=0270105620-00&ServiceCd=110&Type=search", "url2": null }, "geometry": { "type": "Point", "coordinates": [ 140.757027906281337, 40.794021014972174 ] } },
{ "type": "Feature", "properties": { "内容": "株式会社あうら【訪問介護】青森県青森市大字駒込字桐ノ沢１９－４", "url": "https://www.kaigokensaku.mhlw.go.jp/02/index.php?action_kouhyou_detail_004_kani=true&JigyosyoCd=0270103070-00&ServiceCd=110&Type=search", "url2": null }, "geometry": { "type": "Point", "coordinates": [ 140.781932899999987, 40.7985896 ] } },
{ "type": "Feature", "properties": { "内容": "訪問介護事業所ともだち【訪問介護】青森県青森市古館1丁目11-27フォレストパーク21　11号室", "url": "https://www.kaigokensaku.mhlw.go.jp/02/index.php?action_kouhyou_detail_004_kani=true&JigyosyoCd=0270106057-00&ServiceCd=110&Type=search", "url2": null }, "geometry": { "type": "Point", "coordinates": [ 140.77965370000004, 40.8027461 ] } },
{ "type": "Feature", "properties": { "内容": "ヘルパーステーションエスポワール【訪問介護】松森1-14-12アルファマンション101", "url": "https://www.kaigokensaku.mhlw.go.jp/02/index.php?action_kouhyou_detail_004_kani=true&JigyosyoCd=0270106537-00&ServiceCd=110&Type=search", "url2": null }, "geometry": { "type": "Point", "coordinates": [ 140.772318399999989, 40.8195067 ] } },
{ "type": "Feature", "properties": { "内容": "ケアサービス弘前訪問介護【訪問介護】青森県弘前市大字品川町１５５番地２", "url": "https://www.kaigokensaku.mhlw.go.jp/02/index.php?action_kouhyou_detail_004_kani=true&JigyosyoCd=0270200256-00&ServiceCd=110&Type=search", "url2": null }, "geometry": { "type": "Point", "coordinates": [ 140.480028877950645, 40.591783575955645 ] } },
{ "type": "Feature", "properties": { "内容": "城東ホームヘルプセンター【訪問介護】弘前市大字城東中央四丁目１番地４", "url": "https://www.kaigokensaku.mhlw.go.jp/02/index.php?action_kouhyou_detail_004_kani=true&JigyosyoCd=0270200355-00&ServiceCd=110&Type=search", "url2": null }, "geometry": { "type": "Point", "coordinates": [ 140.495717300000024, 40.6002561 ] } },
{ "type": "Feature", "properties": { "内容": "ヘルパーステーション川先【訪問介護】青森県弘前市川先4丁目3-5", "url": "https://www.kaigokensaku.mhlw.go.jp/02/index.php?action_kouhyou_detail_004_kani=true&JigyosyoCd=0270203375-00&ServiceCd=110&Type=search", "url2": "http://zenseikai.com/" }, "geometry": { "type": "Point", "coordinates": [ 140.489535705557245, 40.589002814840754 ] } },
{ "type": "Feature", "properties": { "内容": "ヘルパーステーションファミリー【訪問介護】青森県弘前市浜の町北1丁目3番地5住宅型有料老人ホームファミリー内", "url": "https://www.kaigokensaku.mhlw.go.jp/02/index.php?action_kouhyou_detail_004_kani=true&JigyosyoCd=0270204076-00&ServiceCd=110&Type=search", "url2": null }, "geometry": { "type": "Point", "coordinates": [ 140.46178470000001, 40.62347410000001 ] } },
{ "type": "Feature", "properties": { "内容": "イーケア　ゆきあかり【訪問介護】青森県弘前市大字豊田一丁目1-1豊田スカイマンション1Ｆ", "url": "https://www.kaigokensaku.mhlw.go.jp/02/index.php?action_kouhyou_detail_004_kani=true&JigyosyoCd=0270203441-00&ServiceCd=110&Type=search", "url2": "http://www8.ocn.ne.jp/~ichien" }, "geometry": { "type": "Point", "coordinates": [ 140.494115100000045, 40.593853900000013 ] } },
{ "type": "Feature", "properties": { "内容": "訪問介護アスナロサービス【訪問介護】青森県弘前市大字稲田二丁目5番地２城東サングリーン6号室", "url": "https://www.kaigokensaku.mhlw.go.jp/02/index.php?action_kouhyou_detail_004_kani=true&JigyosyoCd=0270204068-00&ServiceCd=110&Type=search", "url2": null }, "geometry": { "type": "Point", "coordinates": [ 140.4876887, 40.6035757 ] } },
{ "type": "Feature", "properties": { "内容": "訪問看護ステーションふれあい【訪問介護】弘前市大字八幡町三丁目1番地1号", "url": "https://www.kaigokensaku.mhlw.go.jp/02/index.php?action_kouhyou_detail_004_kani=true&JigyosyoCd=0260290077-00&ServiceCd=110&Type=search", "url2": "http://www.kouaikai.com" }, "geometry": { "type": "Point", "coordinates": [ 140.4840898, 40.614851300000034 ] } },
{ "type": "Feature", "properties": { "内容": "訪問看護ステーションほのか【訪問介護】青森県弘前市大字泉野5-6-7", "url": "https://www.kaigokensaku.mhlw.go.jp/02/index.php?action_kouhyou_detail_004_kani=true&JigyosyoCd=0260290176-00&ServiceCd=110&Type=search", "url2": null }, "geometry": { "type": "Point", "coordinates": [ 140.494658522077884, 40.571798695383634 ] } },
{ "type": "Feature", "properties": { "内容": "弘前特別養護老人ホーム介護保険サービス事業センター【訪問介護】弘前市自由ヶ丘５－５－３", "url": "https://www.kaigokensaku.mhlw.go.jp/02/index.php?action_kouhyou_detail_004_kani=true&JigyosyoCd=0270200058-00&ServiceCd=110&Type=search", "url2": "http://tsugarufujimikai.com" }, "geometry": { "type": "Point", "coordinates": [ 140.436733499999946, 40.5822121 ] } },
{ "type": "Feature", "properties": { "内容": "訪問介護センター幸陽荘【訪問介護】青森県弘前市大字清野袋字岡部４３３番地１号", "url": "https://www.kaigokensaku.mhlw.go.jp/02/index.php?action_kouhyou_detail_004_kani=true&JigyosyoCd=0270200264-00&ServiceCd=110&Type=search", "url2": "http://koyoso.com/" }, "geometry": { "type": "Point", "coordinates": [ 140.483210800000052, 40.6363459 ] } },
{ "type": "Feature", "properties": { "内容": "バンドーウエルフェアグループ株式会社　弘前事業所【訪問介護】青森県弘前市西城北二丁目６－３", "url": "https://www.kaigokensaku.mhlw.go.jp/02/index.php?action_kouhyou_detail_004_kani=true&JigyosyoCd=0270200272-00&ServiceCd=110&Type=search", "url2": "http://www.bwfg.co.jp/" }, "geometry": { "type": "Point", "coordinates": [ 140.471590399999968, 40.6185616 ] } },
{ "type": "Feature", "properties": { "内容": "ホームヘルプサービス　サンタハウス弘前【訪問介護】青森県弘前市大字大川字中桜川１８番地１０", "url": "https://www.kaigokensaku.mhlw.go.jp/02/index.php?action_kouhyou_detail_004_kani=true&JigyosyoCd=0270200421-00&ServiceCd=110&Type=search", "url2": "https://www.houtokukai.org/" }, "geometry": { "type": "Point", "coordinates": [ 140.455574866131627, 40.677423961379766 ] } },
{ "type": "Feature", "properties": { "内容": "ニチイケアセンター弘前【訪問介護】弘前市大字城東中央５丁目4-1Ｄ－ＷＩＮＧ　1Ｆ", "url": "https://www.kaigokensaku.mhlw.go.jp/02/index.php?action_kouhyou_detail_004_kani=true&JigyosyoCd=0270200579-00&ServiceCd=110&Type=search", "url2": "http://www.nichiigakkan.co.jp" }, "geometry": { "type": "Point", "coordinates": [ 140.497716600000018, 40.6033332 ] } },
{ "type": "Feature", "properties": { "内容": "希望ヶ丘訪問介護事業所【訪問介護】青森県弘前市大字小沢字山崎４４－９", "url": "https://www.kaigokensaku.mhlw.go.jp/02/index.php?action_kouhyou_detail_004_kani=true&JigyosyoCd=0270200629-00&ServiceCd=110&Type=search", "url2": null }, "geometry": { "type": "Point", "coordinates": [ 140.451991799999973, 40.5662562 ] } },
{ "type": "Feature", "properties": { "内容": "弘前静光園ホームヘルパーステーション【訪問介護】青森県弘前市大字豊原一丁目１番地２", "url": "https://www.kaigokensaku.mhlw.go.jp/02/index.php?action_kouhyou_detail_004_kani=true&JigyosyoCd=0270200660-00&ServiceCd=110&Type=search", "url2": "http://www.sh-aiseien.jp/seikouen/helper/" }, "geometry": { "type": "Point", "coordinates": [ 140.4757088, 40.5843432 ] } },
{ "type": "Feature", "properties": { "内容": "ホームヘルパーステーション　「きずな」【訪問介護】青森県弘前市大字高崎二丁目７－７", "url": "https://www.kaigokensaku.mhlw.go.jp/02/index.php?action_kouhyou_detail_004_kani=true&JigyosyoCd=0270200728-00&ServiceCd=110&Type=search", "url2": "http://www.kizuna-hirosaki.com/" }, "geometry": { "type": "Point", "coordinates": [ 140.494003199999952, 40.6088801 ] } },
{ "type": "Feature", "properties": { "内容": "株式会社ケアライフ青森　弘前営業所【訪問介護】弘前市神田2丁目6－1", "url": "https://www.kaigokensaku.mhlw.go.jp/02/index.php?action_kouhyou_detail_004_kani=true&JigyosyoCd=0270200744-00&ServiceCd=110&Type=search", "url2": "http://www.carelife-net.co.jp/" }, "geometry": { "type": "Point", "coordinates": [ 140.485122899999965, 40.6175149 ] } },
{ "type": "Feature", "properties": { "内容": "ホームヘルパーステーション北星【訪問介護】青森県弘前市新寺町62-1", "url": "https://www.kaigokensaku.mhlw.go.jp/02/index.php?action_kouhyou_detail_004_kani=true&JigyosyoCd=0270201031-00&ServiceCd=110&Type=search", "url2": "http://www.hokuseikotsu.co.jp" }, "geometry": { "type": "Point", "coordinates": [ 140.46432, 40.5946531 ] } },
{ "type": "Feature", "properties": { "内容": "有限会社ハートウエル【訪問介護】弘前市馬屋町１９番地６", "url": "https://www.kaigokensaku.mhlw.go.jp/02/index.php?action_kouhyou_detail_004_kani=true&JigyosyoCd=0270201106-00&ServiceCd=110&Type=search", "url2": null }, "geometry": { "type": "Point", "coordinates": [ 140.459781610559105, 40.607272703232852 ] } },
{ "type": "Feature", "properties": { "内容": "有限会社ケアサポートかがやき【訪問介護】青森県弘前市大字野田１丁目４番地１６", "url": "https://www.kaigokensaku.mhlw.go.jp/02/index.php?action_kouhyou_detail_004_kani=true&JigyosyoCd=0270201155-00&ServiceCd=110&Type=search", "url2": null }, "geometry": { "type": "Point", "coordinates": [ 140.480887700000039, 40.6078854 ] } },
{ "type": "Feature", "properties": { "内容": "オリーブヘルパーステーション【訪問介護】青森県弘前市大字鷹匠町16番地1", "url": "https://www.kaigokensaku.mhlw.go.jp/02/index.php?action_kouhyou_detail_004_kani=true&JigyosyoCd=0270201288-00&ServiceCd=110&Type=search", "url2": null }, "geometry": { "type": "Point", "coordinates": [ 140.458075300000019, 40.6057794 ] } },
{ "type": "Feature", "properties": { "内容": "有限会社　ヘルパーステーション　わ【訪問介護】青森県弘前市取上5丁目7-40", "url": "https://www.kaigokensaku.mhlw.go.jp/02/index.php?action_kouhyou_detail_004_kani=true&JigyosyoCd=0270201395-00&ServiceCd=110&Type=search", "url2": null }, "geometry": { "type": "Point", "coordinates": [ 140.4899385, 40.5828298 ] } },
{ "type": "Feature", "properties": { "内容": "バンドーケアフレンズ　弘前事業所【訪問介護】青森県弘前市西城北２丁目３－４", "url": "https://www.kaigokensaku.mhlw.go.jp/02/index.php?action_kouhyou_detail_004_kani=true&JigyosyoCd=0270201809-00&ServiceCd=110&Type=search", "url2": null }, "geometry": { "type": "Point", "coordinates": [ 140.471734800000036, 40.6177839 ] } },
{ "type": "Feature", "properties": { "内容": "特定非営利活動法人ケアリバイブ【訪問介護】青森県弘前市大字青山２丁目２番地６", "url": "https://www.kaigokensaku.mhlw.go.jp/02/index.php?action_kouhyou_detail_004_kani=true&JigyosyoCd=0270201833-00&ServiceCd=110&Type=search", "url2": "http://sikidebunnkatu.wix.com/nakamurakea" }, "geometry": { "type": "Point", "coordinates": [ 140.481664599999931, 40.6213782 ] } },
{ "type": "Feature", "properties": { "内容": "ホームヘルプステーション　城西【訪問介護】青森県弘前市大字茜町２丁目１番地１８", "url": "https://www.kaigokensaku.mhlw.go.jp/02/index.php?action_kouhyou_detail_004_kani=true&JigyosyoCd=0270201890-00&ServiceCd=110&Type=search", "url2": null }, "geometry": { "type": "Point", "coordinates": [ 140.446173499999986, 40.6005269 ] } },
{ "type": "Feature", "properties": { "内容": "有限会社　つるかめケアセンター【訪問介護】青森県弘前市大字松原3丁目7番地20", "url": "https://www.kaigokensaku.mhlw.go.jp/02/index.php?action_kouhyou_detail_004_kani=true&JigyosyoCd=0270201924-00&ServiceCd=110&Type=search", "url2": null }, "geometry": { "type": "Point", "coordinates": [ 140.5015512, 40.5788196 ] } },
{ "type": "Feature", "properties": { "内容": "ヘルパーステーションえんむすび【訪問介護】青森県弘前市大字狼森字天王２３番地１５", "url": "https://www.kaigokensaku.mhlw.go.jp/02/index.php?action_kouhyou_detail_004_kani=true&JigyosyoCd=0270202021-00&ServiceCd=110&Type=search", "url2": "http://www.enmusubi-kaigo-jp" }, "geometry": { "type": "Point", "coordinates": [ 140.472143599999981, 40.559535 ] } },
{ "type": "Feature", "properties": { "内容": "訪問介護ステーションみのり【訪問介護】青森県弘前市大字川先四丁目3番地３１", "url": "https://www.kaigokensaku.mhlw.go.jp/02/index.php?action_kouhyou_detail_004_kani=true&JigyosyoCd=0270202039-00&ServiceCd=110&Type=search", "url2": null }, "geometry": { "type": "Point", "coordinates": [ 140.494195699999977, 40.5924735 ] } },
{ "type": "Feature", "properties": { "内容": "ヘルパーステーション　あやとり【訪問介護】青森県弘前市堅田四丁目1番地1", "url": "https://www.kaigokensaku.mhlw.go.jp/02/index.php?action_kouhyou_detail_004_kani=true&JigyosyoCd=0270202062-00&ServiceCd=110&Type=search", "url2": "http://caring3710.net/ayatori/" }, "geometry": { "type": "Point", "coordinates": [ 140.4899451, 40.6126906 ] } },
{ "type": "Feature", "properties": { "内容": "有限会社　介護サービスしらゆり【訪問介護】青森県弘前市大字福村字福富56番地2", "url": "https://www.kaigokensaku.mhlw.go.jp/02/index.php?action_kouhyou_detail_004_kani=true&JigyosyoCd=0270202070-00&ServiceCd=110&Type=search", "url2": null }, "geometry": { "type": "Point", "coordinates": [ 140.516636699999907, 40.6092113 ] } },
{ "type": "Feature", "properties": { "内容": "草菴ヘルパーステーション【訪問介護】青森県弘前市城東2丁目２－６", "url": "https://www.kaigokensaku.mhlw.go.jp/02/index.php?action_kouhyou_detail_004_kani=true&JigyosyoCd=0270202161-00&ServiceCd=110&Type=search", "url2": null }, "geometry": { "type": "Point", "coordinates": [ 140.4916485, 40.598159 ] } },
{ "type": "Feature", "properties": { "内容": "ひなた茂森【訪問介護】青森県弘前市南城西2-2-1", "url": "https://www.kaigokensaku.mhlw.go.jp/02/index.php?action_kouhyou_detail_004_kani=true&JigyosyoCd=0270202179-00&ServiceCd=110&Type=search", "url2": "http://www.jhd.ne.jp/" }, "geometry": { "type": "Point", "coordinates": [ 140.451456499999949, 40.6016519 ] } },
{ "type": "Feature", "properties": { "内容": "ヘルパーステーション高舘山【訪問介護】青森県弘前市大字五代字沼田13-5", "url": "https://www.kaigokensaku.mhlw.go.jp/02/index.php?action_kouhyou_detail_004_kani=true&JigyosyoCd=0270202393-00&ServiceCd=110&Type=search", "url2": "https://zenseikai.com/" }, "geometry": { "type": "Point", "coordinates": [ 140.408158899999989, 40.6127545 ] } },
{ "type": "Feature", "properties": { "内容": "ヘルパーステーション向外瀬【訪問介護】弘前市大字田町５丁目６－４", "url": "https://www.kaigokensaku.mhlw.go.jp/02/index.php?action_kouhyou_detail_004_kani=true&JigyosyoCd=0270202401-00&ServiceCd=110&Type=search", "url2": "http://otowakai.or.jp" }, "geometry": { "type": "Point", "coordinates": [ 140.483327524818947, 40.614588338127689 ] } },
{ "type": "Feature", "properties": { "内容": "ヘルパーステーション　オアシス【訪問介護】青森県弘前市大字館野1丁目3－23", "url": "https://www.kaigokensaku.mhlw.go.jp/02/index.php?action_kouhyou_detail_004_kani=true&JigyosyoCd=0270202500-00&ServiceCd=110&Type=search", "url2": null }, "geometry": { "type": "Point", "coordinates": [ 140.46532474371611, 40.576138676413521 ] } },
{ "type": "Feature", "properties": { "内容": "訪問介護事業所　下湯口【訪問介護】青森県弘前市大字黒滝字ニノ川瀬1番地13", "url": "https://www.kaigokensaku.mhlw.go.jp/02/index.php?action_kouhyou_detail_004_kani=true&JigyosyoCd=0270202575-00&ServiceCd=110&Type=search", "url2": null }, "geometry": { "type": "Point", "coordinates": [ 140.405943818402221, 40.589630947535753 ] } },
{ "type": "Feature", "properties": { "内容": "アースサポート弘前【訪問介護】青森県弘前市小比内四丁目5-15", "url": "https://www.kaigokensaku.mhlw.go.jp/02/index.php?action_kouhyou_detail_004_kani=true&JigyosyoCd=0270202583-00&ServiceCd=110&Type=search", "url2": "http://www.earthsupport.co.jp" }, "geometry": { "type": "Point", "coordinates": [ 140.495482, 40.5880212 ] } },
{ "type": "Feature", "properties": { "内容": "ステーション　そよかぜ【訪問介護】弘前市大字城南4丁目1の18シャーメゾン城南103号室", "url": "https://www.kaigokensaku.mhlw.go.jp/02/index.php?action_kouhyou_detail_004_kani=true&JigyosyoCd=0270202666-00&ServiceCd=110&Type=search", "url2": null }, "geometry": { "type": "Point", "coordinates": [ 140.467143, 40.5784327 ] } },
{ "type": "Feature", "properties": { "内容": "ハッピーIWAKI【訪問介護】青森県弘前市大字五代字早稲田508-45", "url": "https://www.kaigokensaku.mhlw.go.jp/02/index.php?action_kouhyou_detail_004_kani=true&JigyosyoCd=0270202856-00&ServiceCd=110&Type=search", "url2": null }, "geometry": { "type": "Point", "coordinates": [ 140.412527700000027, 40.6165071 ] } },
{ "type": "Feature", "properties": { "内容": "ヘルパーステーション　みのり【訪問介護】青森県弘前市五所字里見124", "url": "https://www.kaigokensaku.mhlw.go.jp/02/index.php?action_kouhyou_detail_004_kani=true&JigyosyoCd=0270202906-00&ServiceCd=110&Type=search", "url2": null }, "geometry": { "type": "Point", "coordinates": [ 140.392022407765523, 40.588425754200046 ] } },
{ "type": "Feature", "properties": { "内容": "ヘルパーステーション　ほほえみの里【訪問介護】青森県弘前市大字文京町18-2", "url": "https://www.kaigokensaku.mhlw.go.jp/02/index.php?action_kouhyou_detail_004_kani=true&JigyosyoCd=0270202922-00&ServiceCd=110&Type=search", "url2": null }, "geometry": { "type": "Point", "coordinates": [ 140.470237933074259, 40.58604009266692 ] } },
{ "type": "Feature", "properties": { "内容": "ヘルパーステーション晴【訪問介護】青森県弘前市神田５－４－２２", "url": "https://www.kaigokensaku.mhlw.go.jp/02/index.php?action_kouhyou_detail_004_kani=true&JigyosyoCd=0270203060-00&ServiceCd=110&Type=search", "url2": null }, "geometry": { "type": "Point", "coordinates": [ 140.49168039999995, 40.6234616 ] } },
{ "type": "Feature", "properties": { "内容": "伸栄会【訪問介護】青森県弘前市広野2丁目28－2伸栄会", "url": "https://www.kaigokensaku.mhlw.go.jp/02/index.php?action_kouhyou_detail_004_kani=true&JigyosyoCd=0270203201-00&ServiceCd=110&Type=search", "url2": null }, "geometry": { "type": "Point", "coordinates": [ 140.488731719509047, 40.571584226186005 ] } },
{ "type": "Feature", "properties": { "内容": "訪問介護事業所くによし【訪問介護】青森県弘前市高崎２丁目３番地２", "url": "https://www.kaigokensaku.mhlw.go.jp/02/index.php?action_kouhyou_detail_004_kani=true&JigyosyoCd=0270203268-00&ServiceCd=110&Type=search", "url2": null }, "geometry": { "type": "Point", "coordinates": [ 140.492450599999984, 40.6081551 ] } },
{ "type": "Feature", "properties": { "内容": "ヘルパーステーションしおん【訪問介護】青森県弘前市大字城南一丁目２８番地１８ヘルパーステーションしおん", "url": "https://www.kaigokensaku.mhlw.go.jp/02/index.php?action_kouhyou_detail_004_kani=true&JigyosyoCd=0270203292-00&ServiceCd=110&Type=search", "url2": null }, "geometry": { "type": "Point", "coordinates": [ 140.469023648168871, 40.580513318756246 ] } },
{ "type": "Feature", "properties": { "内容": "訪問介護事業所　ひまわり【訪問介護】青森県弘前市千年三丁目1番地8", "url": "https://www.kaigokensaku.mhlw.go.jp/02/index.php?action_kouhyou_detail_004_kani=true&JigyosyoCd=0270203482-00&ServiceCd=110&Type=search", "url2": null }, "geometry": { "type": "Point", "coordinates": [ 140.481967399907404, 40.566126758694274 ] } },
{ "type": "Feature", "properties": { "内容": "訪問介護ステーション咲【訪問介護】青森県弘前市大字湯口字一ノ細川49番地1", "url": "https://www.kaigokensaku.mhlw.go.jp/02/index.php?action_kouhyou_detail_004_kani=true&JigyosyoCd=0270203607-00&ServiceCd=110&Type=search", "url2": null }, "geometry": { "type": "Point", "coordinates": [ 140.412885849519739, 40.588667749745376 ] } },
{ "type": "Feature", "properties": { "内容": "Ｍ＆Ｃサービスステーション【訪問介護】青森県弘前市大字福村字新館添２２-２", "url": "https://www.kaigokensaku.mhlw.go.jp/02/index.php?action_kouhyou_detail_004_kani=true&JigyosyoCd=0270203755-00&ServiceCd=110&Type=search", "url2": null }, "geometry": { "type": "Point", "coordinates": [ 140.517683735057062, 40.603750264585997 ] } },
{ "type": "Feature", "properties": { "内容": "たんぽぽ【訪問介護】弘前市宮川三丁目17-13B号", "url": "https://www.kaigokensaku.mhlw.go.jp/02/index.php?action_kouhyou_detail_004_kani=true&JigyosyoCd=0270204118-00&ServiceCd=110&Type=search", "url2": null }, "geometry": { "type": "Point", "coordinates": [ 140.485900666934185, 40.614295482691055 ] } },
{ "type": "Feature", "properties": { "内容": "ヘルパーステーション　アイビー【訪問介護】青森県弘前市大字千年一丁目２番地１１住宅型有料老人ホーム　あいの郷", "url": "https://www.kaigokensaku.mhlw.go.jp/02/index.php?action_kouhyou_detail_004_kani=true&JigyosyoCd=0270204134-00&ServiceCd=110&Type=search", "url2": null }, "geometry": { "type": "Point", "coordinates": [ 140.476575214680423, 40.569166524781451 ] } },
{ "type": "Feature", "properties": { "内容": "訪問介護ステーションゆとり【訪問介護】青森県弘前市大字高屋字本宮５１９－１", "url": "https://www.kaigokensaku.mhlw.go.jp/02/index.php?action_kouhyou_detail_004_kani=true&JigyosyoCd=0270204167-00&ServiceCd=110&Type=search", "url2": null }, "geometry": { "type": "Point", "coordinates": [ 140.4251339, 40.6187693 ] } },
{ "type": "Feature", "properties": { "内容": "石川ホームヘルパーステーション【訪問介護】弘前市大字石川字大仏下55番地1", "url": "https://www.kaigokensaku.mhlw.go.jp/02/index.php?action_kouhyou_detail_004_kani=true&JigyosyoCd=0270204175-00&ServiceCd=110&Type=search", "url2": null }, "geometry": { "type": "Point", "coordinates": [ 140.542806232540897, 40.551482220520946 ] } },
{ "type": "Feature", "properties": { "内容": "ヘルパーステーション日和【訪問介護】青森県弘前市葛原字大柳167-1", "url": "https://www.kaigokensaku.mhlw.go.jp/02/index.php?action_kouhyou_detail_004_kani=true&JigyosyoCd=0270204233-00&ServiceCd=110&Type=search", "url2": "http://www.touhokubussan.jp" }, "geometry": { "type": "Point", "coordinates": [ 140.3862954, 40.6256335 ] } },
{ "type": "Feature", "properties": { "内容": "訪問介護事業所まつがえ【訪問介護】青森県弘前市大字高田３丁目７-６株式会社弘前燃料内", "url": "https://www.kaigokensaku.mhlw.go.jp/02/index.php?action_kouhyou_detail_004_kani=true&JigyosyoCd=0270204324-00&ServiceCd=110&Type=search", "url2": null }, "geometry": { "type": "Point", "coordinates": [ 140.5056783, 40.59898 ] } },
{ "type": "Feature", "properties": { "内容": "訪問介護事業所　Oneラボ【訪問介護】青森県弘前市千年２丁目6-41", "url": "https://www.kaigokensaku.mhlw.go.jp/02/index.php?action_kouhyou_detail_004_kani=true&JigyosyoCd=0270204357-00&ServiceCd=110&Type=search", "url2": null }, "geometry": { "type": "Point", "coordinates": [ 140.47734287372171, 40.565238002475262 ] } },
{ "type": "Feature", "properties": { "内容": "医心館訪問介護ステーション弘前【訪問介護】青森県弘前市大字外崎４丁目２－３", "url": "https://www.kaigokensaku.mhlw.go.jp/02/index.php?action_kouhyou_detail_004_kani=true&JigyosyoCd=0270204381-00&ServiceCd=110&Type=search", "url2": null }, "geometry": { "type": "Point", "coordinates": [ 140.4926518, 40.5966162 ] } },
{ "type": "Feature", "properties": { "内容": "訪問介護事業　松山荘ケアステーション【訪問介護】青森県弘前市大字五代字田屋敷240番地1", "url": "https://www.kaigokensaku.mhlw.go.jp/02/index.php?action_kouhyou_detail_004_kani=true&JigyosyoCd=0272200064-00&ServiceCd=110&Type=search", "url2": "https://gakuyokai.jp" }, "geometry": { "type": "Point", "coordinates": [ 140.420155, 40.6111831 ] } },
{ "type": "Feature", "properties": { "内容": "ヘルパーステーション　グッド・ケア【訪問介護】青森県弘前市大字高屋字本宮480番地4", "url": "https://www.kaigokensaku.mhlw.go.jp/02/index.php?action_kouhyou_detail_004_kani=true&JigyosyoCd=0272200296-00&ServiceCd=110&Type=search", "url2": "https://kk-daiyo.jp/" }, "geometry": { "type": "Point", "coordinates": [ 140.432187800000037, 40.6630828 ] } },
{ "type": "Feature", "properties": { "内容": "ヘルパーステーション　アイ・ケア【訪問介護】青森県弘前市大字八幡町１丁目２番地2", "url": "https://www.kaigokensaku.mhlw.go.jp/02/index.php?action_kouhyou_detail_004_kani=true&JigyosyoCd=0272200320-00&ServiceCd=110&Type=search", "url2": "https://senchikai.jp/" }, "geometry": { "type": "Point", "coordinates": [ 140.479711262048284, 40.615329772438585 ] } },
{ "type": "Feature", "properties": { "内容": "介護サポート訪問介護ステーション【訪問介護】青森県弘前市大字川先1丁目6番地10", "url": "https://www.kaigokensaku.mhlw.go.jp/02/index.php?action_kouhyou_detail_004_kani=true&JigyosyoCd=0270200405-00&ServiceCd=110&Type=search", "url2": "http://www.kaigo-support.co.jp/" }, "geometry": { "type": "Point", "coordinates": [ 140.493693200000052, 40.5899904 ] } },
{ "type": "Feature", "properties": { "内容": "ヘルパーステーションシルバースター【訪問介護】大字湯口字一ノ安田86", "url": "https://www.kaigokensaku.mhlw.go.jp/02/index.php?action_kouhyou_detail_004_kani=true&JigyosyoCd=0270203300-00&ServiceCd=110&Type=search", "url2": null }, "geometry": { "type": "Point", "coordinates": [ 140.4126989, 40.587252300000017 ] } },
{ "type": "Feature", "properties": { "内容": "ヘルパーステーション花だん【訪問介護】青森県弘前市大字城東３丁目８－９", "url": "https://www.kaigokensaku.mhlw.go.jp/02/index.php?action_kouhyou_detail_004_kani=true&JigyosyoCd=0270203508-00&ServiceCd=110&Type=search", "url2": null }, "geometry": { "type": "Point", "coordinates": [ 140.490676500000063, 40.5962674 ] } },
{ "type": "Feature", "properties": { "内容": "ひのきヘルパーセンター【訪問介護】青森県弘前市大字湯口字一ノ細川４０番地９", "url": "https://www.kaigokensaku.mhlw.go.jp/02/index.php?action_kouhyou_detail_004_kani=true&JigyosyoCd=0270203615-00&ServiceCd=110&Type=search", "url2": "https://houju-a.com" }, "geometry": { "type": "Point", "coordinates": [ 140.414093952758833, 40.589186557627883 ] } },
{ "type": "Feature", "properties": { "内容": "訪問介護ステーションアンダンテ【訪問介護】青森県弘前市富田２丁目６-３", "url": "https://www.kaigokensaku.mhlw.go.jp/02/index.php?action_kouhyou_detail_004_kani=true&JigyosyoCd=0270204241-00&ServiceCd=110&Type=search", "url2": null }, "geometry": { "type": "Point", "coordinates": [ 140.464054299999987, 40.6030626 ] } },
{ "type": "Feature", "properties": { "内容": "ケアステーション心　弘前【訪問介護】青森県弘前市堅田2丁目1-8", "url": "https://www.kaigokensaku.mhlw.go.jp/02/index.php?action_kouhyou_detail_004_kani=true&JigyosyoCd=0270204514-00&ServiceCd=110&Type=search", "url2": null }, "geometry": { "type": "Point", "coordinates": [ 140.4930192, 40.616705 ] } },
{ "type": "Feature", "properties": { "内容": "フレディ訪問介護ステーション【訪問介護】青森県弘前市大字黒滝字ニノ川瀬１－１２", "url": "https://www.kaigokensaku.mhlw.go.jp/02/index.php?action_kouhyou_detail_004_kani=true&JigyosyoCd=0270203771-00&ServiceCd=110&Type=search", "url2": "fredy2015.com" }, "geometry": { "type": "Point", "coordinates": [ 140.473292333204654, 40.605224204473039 ] } },
{ "type": "Feature", "properties": { "内容": "ヘルパーステーションなごみの里ひろさき【訪問介護】青森県弘前市大字五代字早稲田507番地7", "url": "https://www.kaigokensaku.mhlw.go.jp/02/index.php?action_kouhyou_detail_004_kani=true&JigyosyoCd=0270204084-00&ServiceCd=110&Type=search", "url2": null }, "geometry": { "type": "Point", "coordinates": [ 140.4181317, 40.7218157 ] } },
{ "type": "Feature", "properties": { "内容": "訪問介護ひつじ雲【訪問介護】青森県弘前市大字桜ケ丘1丁目8番地13", "url": "https://www.kaigokensaku.mhlw.go.jp/02/index.php?action_kouhyou_detail_004_kani=true&JigyosyoCd=0270204555-00&ServiceCd=110&Type=search", "url2": null }, "geometry": { "type": "Point", "coordinates": [ 140.450917299999986, 40.5758406 ] } },
{ "type": "Feature", "properties": { "内容": "訪問介護くんぷうしゃ【訪問介護】青森県弘前市大字代官町１０２", "url": "https://www.kaigokensaku.mhlw.go.jp/02/index.php?action_kouhyou_detail_004_kani=true&JigyosyoCd=0270202427-00&ServiceCd=110&Type=search", "url2": "http://www.mitsuwa-group.co.jp/" }, "geometry": { "type": "Point", "coordinates": [ 140.479624100000024, 40.6041441 ] } },
{ "type": "Feature", "properties": { "内容": "ヘルパーステーション　寿楽【訪問介護】弘前市大字城東中央一丁目２番地１０", "url": "https://www.kaigokensaku.mhlw.go.jp/02/index.php?action_kouhyou_detail_004_kani=true&JigyosyoCd=0270203326-00&ServiceCd=110&Type=search", "url2": null }, "geometry": { "type": "Point", "coordinates": [ 140.488976500000035, 40.5993588 ] } },
{ "type": "Feature", "properties": { "内容": "ホーム　ヘルプケア　手to手【訪問介護】青森県弘前市大字南大町一丁目2番1ホーム　ヘルプケア　手to手", "url": "https://www.kaigokensaku.mhlw.go.jp/02/index.php?action_kouhyou_detail_004_kani=true&JigyosyoCd=0270204340-00&ServiceCd=110&Type=search", "url2": null }, "geometry": { "type": "Point", "coordinates": [ 140.485494235581967, 40.594153691556883 ] } },
{ "type": "Feature", "properties": { "内容": "ヘルパーステーション　さくらの樹【訪問介護】若党町１８－１レジデンス弘前公園内", "url": "https://www.kaigokensaku.mhlw.go.jp/02/index.php?action_kouhyou_detail_004_kani=true&JigyosyoCd=0270202773-00&ServiceCd=110&Type=search", "url2": null }, "geometry": { "type": "Point", "coordinates": [ 140.472504599999979, 40.6123762 ] } },
{ "type": "Feature", "properties": { "内容": "ヘルパーステーションはぁとＷＡＮ【訪問介護】自由ヶ丘3丁目17番10住宅型有料老人ホームはぁＷＡＮ", "url": "https://www.kaigokensaku.mhlw.go.jp/02/index.php?action_kouhyou_detail_004_kani=true&JigyosyoCd=0270204530-00&ServiceCd=110&Type=search", "url2": "https://hatowan.com/" }, "geometry": { "type": "Point", "coordinates": [ 130.5771262, 33.79522 ] } },
{ "type": "Feature", "properties": { "内容": "ミライフルホームヘルプサービス八戸【訪問介護】青森県八戸市南類家2丁目17番19号", "url": "https://www.kaigokensaku.mhlw.go.jp/02/index.php?action_kouhyou_detail_004_kani=true&JigyosyoCd=0270303829-00&ServiceCd=110&Type=search", "url2": "http://melife1.com/" }, "geometry": { "type": "Point", "coordinates": [ 141.504093746627063, 40.501489795779811 ] } },
{ "type": "Feature", "properties": { "内容": "ヘルパーステーションかりん【訪問介護】青森県八戸市田面木字松長根3-2", "url": "https://www.kaigokensaku.mhlw.go.jp/02/index.php?action_kouhyou_detail_004_kani=true&JigyosyoCd=0270304058-00&ServiceCd=110&Type=search", "url2": null }, "geometry": { "type": "Point", "coordinates": [ 141.458910684655791, 40.498005264446654 ] } },
{ "type": "Feature", "properties": { "内容": "長者訪問看護ステーション【訪問介護】青森県八戸市大字糠塚字下道7-39", "url": "https://www.kaigokensaku.mhlw.go.jp/02/index.php?action_kouhyou_detail_004_kani=true&JigyosyoCd=0260390075-00&ServiceCd=110&Type=search", "url2": "http://www.choujanomori-naika.com" }, "geometry": { "type": "Point", "coordinates": [ 141.489224304229765, 40.506105802722864 ] } },
{ "type": "Feature", "properties": { "内容": "社会福祉法人　八戸市社会福祉事業団【訪問介護】青森県八戸市根城八丁目8番155号八戸市総合福祉会館5階", "url": "https://www.kaigokensaku.mhlw.go.jp/02/index.php?action_kouhyou_detail_004_kani=true&JigyosyoCd=0270300205-00&ServiceCd=110&Type=search", "url2": "http://www.hsfj.or.jp/" }, "geometry": { "type": "Point", "coordinates": [ 141.465054499999951, 40.5034947 ] } },
{ "type": "Feature", "properties": { "内容": "瑞光園ホームヘルパーステーション【訪問介護】八戸市大字大久保字大山32番1", "url": "https://www.kaigokensaku.mhlw.go.jp/02/index.php?action_kouhyou_detail_004_kani=true&JigyosyoCd=0270300262-00&ServiceCd=110&Type=search", "url2": "http://zuikoen.or.jp/" }, "geometry": { "type": "Point", "coordinates": [ 141.5780042, 40.4889526 ] } },
{ "type": "Feature", "properties": { "内容": "ニチイケアセンター八戸【訪問介護】青森県八戸市根城3丁目4-17", "url": "https://www.kaigokensaku.mhlw.go.jp/02/index.php?action_kouhyou_detail_004_kani=true&JigyosyoCd=0270300502-00&ServiceCd=110&Type=search", "url2": "http:/www.nichiigakkan.co.jp" }, "geometry": { "type": "Point", "coordinates": [ 141.475986499999976, 40.5026377 ] } },
{ "type": "Feature", "properties": { "内容": "城北ヘルパーステーション【訪問介護】青森県八戸市石堂1-14-11", "url": "https://www.kaigokensaku.mhlw.go.jp/02/index.php?action_kouhyou_detail_004_kani=true&JigyosyoCd=0270300809-00&ServiceCd=110&Type=search", "url2": "http://www.jouhoku-hp.jp/" }, "geometry": { "type": "Point", "coordinates": [ 141.480563, 40.5295923 ] } },
{ "type": "Feature", "properties": { "内容": "ヘルパーステーション　こなかの【訪問介護】青森県八戸市小中野8丁目8-8", "url": "https://www.kaigokensaku.mhlw.go.jp/02/index.php?action_kouhyou_detail_004_kani=true&JigyosyoCd=0270301146-00&ServiceCd=110&Type=search", "url2": "www.carehousu-konakano.com/" }, "geometry": { "type": "Point", "coordinates": [ 141.519739, 40.5227162 ] } },
{ "type": "Feature", "properties": { "内容": "ヘルパーステーション　さざなみ【訪問介護】青森県八戸市小中野八丁目9番20号", "url": "https://www.kaigokensaku.mhlw.go.jp/02/index.php?action_kouhyou_detail_004_kani=true&JigyosyoCd=0270301708-00&ServiceCd=110&Type=search", "url2": "http://www.fukujuso.or.jp" }, "geometry": { "type": "Point", "coordinates": [ 141.518394700000044, 40.5230884 ] } },
{ "type": "Feature", "properties": { "内容": "ニチイケアセンター湊高台【訪問介護】青森県八戸市湊高台3丁目12-5", "url": "https://www.kaigokensaku.mhlw.go.jp/02/index.php?action_kouhyou_detail_004_kani=true&JigyosyoCd=0270301765-00&ServiceCd=110&Type=search", "url2": "http://www.nichiigakkan.co.jp" }, "geometry": { "type": "Point", "coordinates": [ 141.542273616485545, 40.504931061349367 ] } },
{ "type": "Feature", "properties": { "内容": "八太郎山の家ヘルパーステーション【訪問介護】八戸市大字河原木字八太郎山３－１４０", "url": "https://www.kaigokensaku.mhlw.go.jp/02/index.php?action_kouhyou_detail_004_kani=true&JigyosyoCd=0270301864-00&ServiceCd=110&Type=search", "url2": "http://www.akibakai.com" }, "geometry": { "type": "Point", "coordinates": [ 141.48897820000002, 40.5433795 ] } },
{ "type": "Feature", "properties": { "内容": "ヘルパーステーション　しもなが【訪問介護】八戸市下長3-5-3", "url": "https://www.kaigokensaku.mhlw.go.jp/02/index.php?action_kouhyou_detail_004_kani=true&JigyosyoCd=0270301914-00&ServiceCd=110&Type=search", "url2": "https://www.base-kaigo.com" }, "geometry": { "type": "Point", "coordinates": [ 141.473746900000037, 40.536122 ] } },
{ "type": "Feature", "properties": { "内容": "売市訪問介護サービス【訪問介護】八戸市売市１－２－２７", "url": "https://www.kaigokensaku.mhlw.go.jp/02/index.php?action_kouhyou_detail_004_kani=true&JigyosyoCd=0270301930-00&ServiceCd=110&Type=search", "url2": null }, "geometry": { "type": "Point", "coordinates": [ 141.478527799999938, 40.5076204 ] } },
{ "type": "Feature", "properties": { "内容": "アースサポート八戸【訪問介護】青森県八戸市長根4丁目7-14", "url": "https://www.kaigokensaku.mhlw.go.jp/02/index.php?action_kouhyou_detail_004_kani=true&JigyosyoCd=0270301955-00&ServiceCd=110&Type=search", "url2": "http://www.earthsupport.co.jp" }, "geometry": { "type": "Point", "coordinates": [ 141.478222354507352, 40.517046414478358 ] } },
{ "type": "Feature", "properties": { "内容": "ヘルパーステーションアネスティー【訪問介護】青森県八戸市大字田面木字堤下１３－１", "url": "https://www.kaigokensaku.mhlw.go.jp/02/index.php?action_kouhyou_detail_004_kani=true&JigyosyoCd=0270302276-00&ServiceCd=110&Type=search", "url2": "http://prime-line.jp/" }, "geometry": { "type": "Point", "coordinates": [ 141.445593110220443, 40.499899289816248 ] } },
{ "type": "Feature", "properties": { "内容": "訪問看護ステーションえがおみょう【訪問介護】八戸市大字妙字分枝３１", "url": "https://www.kaigokensaku.mhlw.go.jp/02/index.php?action_kouhyou_detail_004_kani=true&JigyosyoCd=0270302417-00&ServiceCd=110&Type=search", "url2": null }, "geometry": { "type": "Point", "coordinates": [ 141.533644699999968, 40.4858269 ] } },
{ "type": "Feature", "properties": { "内容": "株式会社ケアライフ青森　八戸営業所【訪問介護】八戸市南類家１丁目6番2号", "url": "https://www.kaigokensaku.mhlw.go.jp/02/index.php?action_kouhyou_detail_004_kani=true&JigyosyoCd=0270302474-00&ServiceCd=110&Type=search", "url2": "http://www.carelife-net.co.jp" }, "geometry": { "type": "Point", "coordinates": [ 141.505305628959036, 40.505146458715238 ] } },
{ "type": "Feature", "properties": { "内容": "ニチイケアセンター下長【訪問介護】八戸市下長4丁目2-21オフィス小茂1階3号室", "url": "https://www.kaigokensaku.mhlw.go.jp/02/index.php?action_kouhyou_detail_004_kani=true&JigyosyoCd=0270302482-00&ServiceCd=110&Type=search", "url2": "www.nichiigakkan.co.jp" }, "geometry": { "type": "Point", "coordinates": [ 141.479582400000027, 40.5343805 ] } },
{ "type": "Feature", "properties": { "内容": "ヘルパーステーション根城の郷【訪問介護】西白山台6丁目9番地14号", "url": "https://www.kaigokensaku.mhlw.go.jp/02/index.php?action_kouhyou_detail_004_kani=true&JigyosyoCd=0270302656-00&ServiceCd=110&Type=search", "url2": null }, "geometry": { "type": "Point", "coordinates": [ 141.455584534059824, 40.473937798063666 ] } },
{ "type": "Feature", "properties": { "内容": "ヘルパーステーション愛プラザ【訪問介護】青森県八戸市大字鮫町字二見町37番地2", "url": "https://www.kaigokensaku.mhlw.go.jp/02/index.php?action_kouhyou_detail_004_kani=true&JigyosyoCd=0270302672-00&ServiceCd=110&Type=search", "url2": "www.alive-pal.com" }, "geometry": { "type": "Point", "coordinates": [ 141.555715350926221, 40.528264858272301 ] } },
{ "type": "Feature", "properties": { "内容": "訪問介護サービスみさき【訪問介護】江陽5丁目27－21有料老人ホーム江陽五丁目", "url": "https://www.kaigokensaku.mhlw.go.jp/02/index.php?action_kouhyou_detail_004_kani=true&JigyosyoCd=0270302698-00&ServiceCd=110&Type=search", "url2": null }, "geometry": { "type": "Point", "coordinates": [ 141.514389663876898, 40.523649974924211 ] } },
{ "type": "Feature", "properties": { "内容": "ひので訪問介護サービス【訪問介護】青森県八戸市長根二丁目１４番２号", "url": "https://www.kaigokensaku.mhlw.go.jp/02/index.php?action_kouhyou_detail_004_kani=true&JigyosyoCd=0270302755-00&ServiceCd=110&Type=search", "url2": "https://sunrise-team.com/" }, "geometry": { "type": "Point", "coordinates": [ 141.475172400000019, 40.5155193 ] } },
{ "type": "Feature", "properties": { "内容": "ケアセンターしおん【訪問介護】青森県八戸市西白山台三丁目7番9号", "url": "https://www.kaigokensaku.mhlw.go.jp/02/index.php?action_kouhyou_detail_004_kani=true&JigyosyoCd=0270302763-00&ServiceCd=110&Type=search", "url2": null }, "geometry": { "type": "Point", "coordinates": [ 141.457875599999966, 40.4806121 ] } },
{ "type": "Feature", "properties": { "内容": "訪問介護事業所テッテ【訪問介護】新井田字木戸場１９－１株式会社ピュアハートサコージュ塩入内", "url": "https://www.kaigokensaku.mhlw.go.jp/02/index.php?action_kouhyou_detail_004_kani=true&JigyosyoCd=0270302854-00&ServiceCd=110&Type=search", "url2": null }, "geometry": { "type": "Point", "coordinates": [ 141.5263527, 40.5094847 ] } },
{ "type": "Feature", "properties": { "内容": "アースサポート八戸東【訪問介護】青森県八戸市湊高台2丁目20番2号駿河建設1Ｆ", "url": "https://www.kaigokensaku.mhlw.go.jp/02/index.php?action_kouhyou_detail_004_kani=true&JigyosyoCd=0270302870-00&ServiceCd=110&Type=search", "url2": "http://www.earthsupport.co.jp" }, "geometry": { "type": "Point", "coordinates": [ 141.540735604924095, 40.502804125058944 ] } },
{ "type": "Feature", "properties": { "内容": "ヘルパーステーションやわた【訪問介護】大字八幡字下樋田1番地4", "url": "https://www.kaigokensaku.mhlw.go.jp/02/index.php?action_kouhyou_detail_004_kani=true&JigyosyoCd=0270302938-00&ServiceCd=110&Type=search", "url2": "http://www.medicalfrontier.or.jp" }, "geometry": { "type": "Point", "coordinates": [ 141.436474463909917, 40.495281910211837 ] } },
{ "type": "Feature", "properties": { "内容": "ヘルパーステーションふくろう【訪問介護】江陽一丁目7-26福寿荘201号", "url": "https://www.kaigokensaku.mhlw.go.jp/02/index.php?action_kouhyou_detail_004_kani=true&JigyosyoCd=0270302979-00&ServiceCd=110&Type=search", "url2": "http://www.care-owl.com/" }, "geometry": { "type": "Point", "coordinates": [ 141.5017111, 40.517390800000015 ] } },
{ "type": "Feature", "properties": { "内容": "訪問介護ステーションピアチェ【訪問介護】田向5丁目１１－１シルバーピュア八戸", "url": "https://www.kaigokensaku.mhlw.go.jp/02/index.php?action_kouhyou_detail_004_kani=true&JigyosyoCd=0270302987-00&ServiceCd=110&Type=search", "url2": null }, "geometry": { "type": "Point", "coordinates": [ 141.516115799999966, 40.48983439999995 ] } },
{ "type": "Feature", "properties": { "内容": "訪問介護センターひまわり【訪問介護】江陽二丁目13番36号", "url": "https://www.kaigokensaku.mhlw.go.jp/02/index.php?action_kouhyou_detail_004_kani=true&JigyosyoCd=0270303068-00&ServiceCd=110&Type=search", "url2": "https://net-pier.co.com" }, "geometry": { "type": "Point", "coordinates": [ 141.5021494, 40.5246184 ] } },
{ "type": "Feature", "properties": { "内容": "ヘルパーステーション西町【訪問介護】青森県八戸市柏崎1丁目８－２２", "url": "https://www.kaigokensaku.mhlw.go.jp/02/index.php?action_kouhyou_detail_004_kani=true&JigyosyoCd=0270303126-00&ServiceCd=110&Type=search", "url2": "http://www.nishimachi.co.jp" }, "geometry": { "type": "Point", "coordinates": [ 141.495758900000027, 40.512789400000017 ] } },
{ "type": "Feature", "properties": { "内容": "ｵｰﾄﾞﾘｰ　ﾍﾙﾊﾟｰｽﾃｰｼｮﾝ【訪問介護】新井田西3丁目１８番１号リバースワンＢ-101", "url": "https://www.kaigokensaku.mhlw.go.jp/02/index.php?action_kouhyou_detail_004_kani=true&JigyosyoCd=0270303167-00&ServiceCd=110&Type=search", "url2": null }, "geometry": { "type": "Point", "coordinates": [ 141.51699590983776, 40.495149424531377 ] } },
{ "type": "Feature", "properties": { "内容": "訪問介護事業所愛和の里リーベ【訪問介護】青森県八戸市大久保下長根20-5", "url": "https://www.kaigokensaku.mhlw.go.jp/02/index.php?action_kouhyou_detail_004_kani=true&JigyosyoCd=0270303225-00&ServiceCd=110&Type=search", "url2": "https://aiwanosato.com" }, "geometry": { "type": "Point", "coordinates": [ 141.551968827466681, 40.513793416199277 ] } },
{ "type": "Feature", "properties": { "内容": "ﾗｲﾌｹｱｽﾃｰｼｮﾝﾍﾞﾙﾒｿﾞﾝK【訪問介護】青森県八戸市石堂一丁目27番25号", "url": "https://www.kaigokensaku.mhlw.go.jp/02/index.php?action_kouhyou_detail_004_kani=true&JigyosyoCd=0270303241-00&ServiceCd=110&Type=search", "url2": "www.f-aｒｔｓ.co.ｊｐ/ｂｍｋ/" }, "geometry": { "type": "Point", "coordinates": [ 141.475571800000012, 40.530981 ] } },
{ "type": "Feature", "properties": { "内容": "ビリーブ訪問介護八戸中央【訪問介護】青森県八戸市類家5丁目27－1", "url": "https://www.kaigokensaku.mhlw.go.jp/02/index.php?action_kouhyou_detail_004_kani=true&JigyosyoCd=0270303266-00&ServiceCd=110&Type=search", "url2": "http://believecare.jp/" }, "geometry": { "type": "Point", "coordinates": [ 141.510493746835294, 40.505875442941274 ] } },
{ "type": "Feature", "properties": { "内容": "テレサの丘ヘルパーステーション【訪問介護】湊高台7丁目26‐6", "url": "https://www.kaigokensaku.mhlw.go.jp/02/index.php?action_kouhyou_detail_004_kani=true&JigyosyoCd=0270303282-00&ServiceCd=110&Type=search", "url2": "https://teresa-oka.com" }, "geometry": { "type": "Point", "coordinates": [ 141.550203399999987, 40.5059802 ] } },
{ "type": "Feature", "properties": { "内容": "ヘルパーステーション　あうら八戸【訪問介護】青森県八戸市類家5丁目33番2", "url": "https://www.kaigokensaku.mhlw.go.jp/02/index.php?action_kouhyou_detail_004_kani=true&JigyosyoCd=0270303324-00&ServiceCd=110&Type=search", "url2": null }, "geometry": { "type": "Point", "coordinates": [ 141.510159353287463, 40.504743061685538 ] } },
{ "type": "Feature", "properties": { "内容": "訪問介護サービス　すずかけ【訪問介護】青森県八戸市大字売市字左水門下12－60リンクサイドマンション103号", "url": "https://www.kaigokensaku.mhlw.go.jp/02/index.php?action_kouhyou_detail_004_kani=true&JigyosyoCd=0270303555-00&ServiceCd=110&Type=search", "url2": null }, "geometry": { "type": "Point", "coordinates": [ 141.485075100000017, 40.511217 ] } },
{ "type": "Feature", "properties": { "内容": "白山台やすらぎ館ヘルパーステーション【訪問介護】青森県八戸市西白山台６丁目９－３０白山台やすらぎ館", "url": "https://www.kaigokensaku.mhlw.go.jp/02/index.php?action_kouhyou_detail_004_kani=true&JigyosyoCd=0270303571-00&ServiceCd=110&Type=search", "url2": "http://maturyou.or.jp/yasuragikan/" }, "geometry": { "type": "Point", "coordinates": [ 141.454558954052004, 40.472997672363839 ] } },
{ "type": "Feature", "properties": { "内容": "アーチヘルパーステーション【訪問介護】青森県八戸市新井田西一丁目10-8", "url": "https://www.kaigokensaku.mhlw.go.jp/02/index.php?action_kouhyou_detail_004_kani=true&JigyosyoCd=0270303647-00&ServiceCd=110&Type=search", "url2": null }, "geometry": { "type": "Point", "coordinates": [ 141.518831581437013, 40.5034447759137 ] } },
{ "type": "Feature", "properties": { "内容": "訪問介護サービス白山台【訪問介護】青森県八戸市大字売市字左水門下12-60リンクサイドマンション103号", "url": "https://www.kaigokensaku.mhlw.go.jp/02/index.php?action_kouhyou_detail_004_kani=true&JigyosyoCd=0270303712-00&ServiceCd=110&Type=search", "url2": null }, "geometry": { "type": "Point", "coordinates": [ 141.46272220000003, 40.4850145 ] } },
{ "type": "Feature", "properties": { "内容": "ケーライブ八戸ケアセンター【訪問介護】青森県八戸市南類家1-11-1ココハウスタマイC2", "url": "https://www.kaigokensaku.mhlw.go.jp/02/index.php?action_kouhyou_detail_004_kani=true&JigyosyoCd=0270303787-00&ServiceCd=110&Type=search", "url2": "https://www.klive.jp/" }, "geometry": { "type": "Point", "coordinates": [ 141.504724799999963, 40.502452 ] } },
{ "type": "Feature", "properties": { "内容": "訪問介護ステーション　コスモス【訪問介護】青森県八戸市新井田平ノ前７番１号", "url": "https://www.kaigokensaku.mhlw.go.jp/02/index.php?action_kouhyou_detail_004_kani=true&JigyosyoCd=0270303878-00&ServiceCd=110&Type=search", "url2": null }, "geometry": { "type": "Point", "coordinates": [ 141.531290276181778, 40.509588985452758 ] } },
{ "type": "Feature", "properties": { "内容": "ヘルパーステーション多賀台【訪問介護】多賀台一丁目１番地７号シニアパンション八戸・多賀台", "url": "https://www.kaigokensaku.mhlw.go.jp/02/index.php?action_kouhyou_detail_004_kani=true&JigyosyoCd=0270303886-00&ServiceCd=110&Type=search", "url2": "prime-line.jp" }, "geometry": { "type": "Point", "coordinates": [ 141.442296400000032, 40.5858053 ] } },
{ "type": "Feature", "properties": { "内容": "ヘルパーステーションほまれ【訪問介護】青森県八戸市糠塚字大杉平6-1ちょうじゃ様の宿", "url": "https://www.kaigokensaku.mhlw.go.jp/02/index.php?action_kouhyou_detail_004_kani=true&JigyosyoCd=0270303944-00&ServiceCd=110&Type=search", "url2": "https://www.hachinohe-medical.com/" }, "geometry": { "type": "Point", "coordinates": [ 141.48125959999993, 40.4973192 ] } },
{ "type": "Feature", "properties": { "内容": "ニチイケアセンターこなかの【訪問介護】青森県八戸市小中野5丁目2-5大町マンション1階　テナントC", "url": "https://www.kaigokensaku.mhlw.go.jp/02/index.php?action_kouhyou_detail_004_kani=true&JigyosyoCd=0270304017-00&ServiceCd=110&Type=search", "url2": "https://www.nichiigakkan.co.jp/" }, "geometry": { "type": "Point", "coordinates": [ 141.512567, 40.5202181 ] } },
{ "type": "Feature", "properties": { "内容": "ニチイケアセンター類家【訪問介護】青森県八戸市類家4丁目10番1号ハイツ小笠原103号", "url": "https://www.kaigokensaku.mhlw.go.jp/02/index.php?action_kouhyou_detail_004_kani=true&JigyosyoCd=0270304033-00&ServiceCd=110&Type=search", "url2": "www.nichiigakkan.co.jp" }, "geometry": { "type": "Point", "coordinates": [ 141.5094666, 40.507918 ] } },
{ "type": "Feature", "properties": { "内容": "訪問介護サービスかざみどり【訪問介護】青森県八戸市尻内町矢沢54-2", "url": "https://www.kaigokensaku.mhlw.go.jp/02/index.php?action_kouhyou_detail_004_kani=true&JigyosyoCd=0270304041-00&ServiceCd=110&Type=search", "url2": null }, "geometry": { "type": "Point", "coordinates": [ 141.425472099999979, 40.5066669 ] } },
{ "type": "Feature", "properties": { "内容": "医心館訪問介護ステーション八戸【訪問介護】青森県八戸市田向五丁目12番1号", "url": "https://www.kaigokensaku.mhlw.go.jp/02/index.php?action_kouhyou_detail_004_kani=true&JigyosyoCd=0270304066-00&ServiceCd=110&Type=search", "url2": null }, "geometry": { "type": "Point", "coordinates": [ 141.5119554, 40.4889685 ] } },
{ "type": "Feature", "properties": { "内容": "ニチイケアセンター八戸駅前【訪問介護】青森県八戸市一番町一丁目１番地６中村貸店舗2階", "url": "https://www.kaigokensaku.mhlw.go.jp/02/index.php?action_kouhyou_detail_004_kani=true&JigyosyoCd=0270304157-00&ServiceCd=110&Type=search", "url2": "https://www.nichiigakkan.co.jp/" }, "geometry": { "type": "Point", "coordinates": [ 141.432783299999983, 40.5083574 ] } },
{ "type": "Feature", "properties": { "内容": "ヘルパーステーションいなほ【訪問介護】青森県八戸市東白山台3丁目20-5", "url": "https://www.kaigokensaku.mhlw.go.jp/02/index.php?action_kouhyou_detail_004_kani=true&JigyosyoCd=0270304249-00&ServiceCd=110&Type=search", "url2": null }, "geometry": { "type": "Point", "coordinates": [ 141.462314872491447, 40.482212057201458 ] } },
{ "type": "Feature", "properties": { "内容": "クリサンサマムヘルパーステーション【訪問介護】青森県八戸市南郷市野沢字市野沢平56-19住宅型有料老人ホーム　サンパークビレッジ", "url": "https://www.kaigokensaku.mhlw.go.jp/02/index.php?action_kouhyou_detail_004_kani=true&JigyosyoCd=0270304306-00&ServiceCd=110&Type=search", "url2": null }, "geometry": { "type": "Point", "coordinates": [ 141.43446570436862, 40.397171030088494 ] } },
{ "type": "Feature", "properties": { "内容": "ヘルパーステーション石手洗【訪問介護】青森県八戸市大字石手洗字泉筋17-4", "url": "https://www.kaigokensaku.mhlw.go.jp/02/index.php?action_kouhyou_detail_004_kani=true&JigyosyoCd=0270304405-00&ServiceCd=110&Type=search", "url2": "https://www.medicalfrontier.or.jp/" }, "geometry": { "type": "Point", "coordinates": [ 141.504303099999987, 40.4855837 ] } },
{ "type": "Feature", "properties": { "内容": "オードリーヘルパーステーション白山台【訪問介護】北白山台5丁目2-5東奥日報社八戸ビル４階", "url": "https://www.kaigokensaku.mhlw.go.jp/02/index.php?action_kouhyou_detail_004_kani=true&JigyosyoCd=0270304447-00&ServiceCd=110&Type=search", "url2": null }, "geometry": { "type": "Point", "coordinates": [ 141.463696907374981, 40.485113377853445 ] } },
{ "type": "Feature", "properties": { "内容": "修光園ホームヘルパーステーション【訪問介護】青森県八戸市大字十日市字黒坂３５番地", "url": "https://www.kaigokensaku.mhlw.go.jp/02/index.php?action_kouhyou_detail_004_kani=true&JigyosyoCd=0270300551-00&ServiceCd=110&Type=search", "url2": "shukouen.or.jp" }, "geometry": { "type": "Point", "coordinates": [ 141.520929600000045, 40.4828772 ] } },
{ "type": "Feature", "properties": { "内容": "ヘルパーステーション　ハッピーネットワーク八戸【訪問介護】青森県八戸市小中野4丁目3-45", "url": "https://www.kaigokensaku.mhlw.go.jp/02/index.php?action_kouhyou_detail_004_kani=true&JigyosyoCd=0270300924-00&ServiceCd=110&Type=search", "url2": null }, "geometry": { "type": "Point", "coordinates": [ 141.509923699999945, 40.5181278 ] } },
{ "type": "Feature", "properties": { "内容": "ヘルパーステーションゆとり【訪問介護】青森県八戸市青葉3丁目16-15", "url": "https://www.kaigokensaku.mhlw.go.jp/02/index.php?action_kouhyou_detail_004_kani=true&JigyosyoCd=0270301310-00&ServiceCd=110&Type=search", "url2": "http://yutori-hachinohe.jimdo.com/" }, "geometry": { "type": "Point", "coordinates": [ 141.5109516, 40.5088567 ] } },
{ "type": "Feature", "properties": { "内容": "ポストタクシー・ケアサービス事業部【訪問介護】青森県八戸市城下一丁目28番1号", "url": "https://www.kaigokensaku.mhlw.go.jp/02/index.php?action_kouhyou_detail_004_kani=true&JigyosyoCd=0270301815-00&ServiceCd=110&Type=search", "url2": "http://www.post.pos.to./" }, "geometry": { "type": "Point", "coordinates": [ 141.495364300000034, 40.5173249 ] } },
{ "type": "Feature", "properties": { "内容": "三八五交通ヘルパーステーション【訪問介護】青森県八戸市城下四丁目１９番１５号", "url": "https://www.kaigokensaku.mhlw.go.jp/02/index.php?action_kouhyou_detail_004_kani=true&JigyosyoCd=0270302151-00&ServiceCd=110&Type=search", "url2": "http://www.miyagokotsu.jp/" }, "geometry": { "type": "Point", "coordinates": [ 141.494631, 40.5199717 ] } },
{ "type": "Feature", "properties": { "内容": "訪問介護ハローサポートセンター【訪問介護】青森県八戸市大字新井田字平ノ前１－６８", "url": "https://www.kaigokensaku.mhlw.go.jp/02/index.php?action_kouhyou_detail_004_kani=true&JigyosyoCd=0270303761-00&ServiceCd=110&Type=search", "url2": null }, "geometry": { "type": "Point", "coordinates": [ 141.529621799999973, 40.509657 ] } },
{ "type": "Feature", "properties": { "内容": "ヘルパーステーション　ポラリス【訪問介護】八戸市大字新井田字妻ノ神26-4", "url": "https://www.kaigokensaku.mhlw.go.jp/02/index.php?action_kouhyou_detail_004_kani=true&JigyosyoCd=0270302292-00&ServiceCd=110&Type=search", "url2": "http://www.polaris-sunlime.com/" }, "geometry": { "type": "Point", "coordinates": [ 141.530922034707032, 40.493386530153991 ] } },
{ "type": "Feature", "properties": { "内容": "訪問介護事業所ケアサポートやまぶき【訪問介護】青森県八戸市根城５丁目１３－1５", "url": "https://www.kaigokensaku.mhlw.go.jp/02/index.php?action_kouhyou_detail_004_kani=true&JigyosyoCd=0270303795-00&ServiceCd=110&Type=search", "url2": "https://yamabuki.info/" }, "geometry": { "type": "Point", "coordinates": [ 141.465718931213331, 40.507546648895747 ] } },
{ "type": "Feature", "properties": { "内容": "はくじゅ訪問介護事業所【訪問介護】八戸市市川町字上大谷地13-2有料老人ホームハートスマイルはまいちかわ内にあります。", "url": "https://www.kaigokensaku.mhlw.go.jp/02/index.php?action_kouhyou_detail_004_kani=true&JigyosyoCd=0270300775-00&ServiceCd=110&Type=search", "url2": "http://sg-hakuju.com/" }, "geometry": { "type": "Point", "coordinates": [ 141.458874782385067, 40.581673858348246 ] } },
{ "type": "Feature", "properties": { "内容": "訪問看護・介護ステーション　五福【訪問介護】青森県八戸市大字田面木字赤坂24-1", "url": "https://www.kaigokensaku.mhlw.go.jp/02/index.php?action_kouhyou_detail_004_kani=true&JigyosyoCd=0270302649-00&ServiceCd=110&Type=search", "url2": "http://www.seijin.or.jp/" }, "geometry": { "type": "Point", "coordinates": [ 141.455456490751686, 40.500277420342734 ] } },
{ "type": "Feature", "properties": { "内容": "ミライフルホームヘルプサービス八戸沼館【訪問介護】青森県八戸市沼館1丁目10番地54号細越ハイツ2号室", "url": "https://www.kaigokensaku.mhlw.go.jp/02/index.php?action_kouhyou_detail_004_kani=true&JigyosyoCd=0270304223-00&ServiceCd=110&Type=search", "url2": "http://melife1.com/" }, "geometry": { "type": "Point", "coordinates": [ 141.4969542, 40.523029100000016 ] } },
{ "type": "Feature", "properties": { "内容": "ヘルパーステーションほっとハウス【訪問介護】青森県八戸市大字尻内町字熊ノ沢35番2特別養護老人ホームほっとハウス", "url": "https://www.kaigokensaku.mhlw.go.jp/02/index.php?action_kouhyou_detail_004_kani=true&JigyosyoCd=0270304363-00&ServiceCd=110&Type=search", "url2": "https://www.tomonokai.jp/" }, "geometry": { "type": "Point", "coordinates": [ 141.426497500000011, 40.5218267 ] } },
{ "type": "Feature", "properties": { "内容": "訪問介護ステーションエルフォーピーナッツ【訪問介護】青森県八戸市石堂4丁目3－8", "url": "https://www.kaigokensaku.mhlw.go.jp/02/index.php?action_kouhyou_detail_004_kani=true&JigyosyoCd=0270304371-00&ServiceCd=110&Type=search", "url2": "https://www.l4support.com/" }, "geometry": { "type": "Point", "coordinates": [ 141.4828099, 40.5314557 ] } },
{ "type": "Feature", "properties": { "内容": "ヘルパーステーションこころ【訪問介護】青森県八戸市小中野一丁目4番52号", "url": "https://www.kaigokensaku.mhlw.go.jp/02/index.php?action_kouhyou_detail_004_kani=true&JigyosyoCd=0270301674-00&ServiceCd=110&Type=search", "url2": "http://www.nanrokukai.com/" }, "geometry": { "type": "Point", "coordinates": [ 141.506389189583956, 40.517164060336867 ] } },
{ "type": "Feature", "properties": { "内容": "黒石デイサービスセンター【訪問介護】青森県黒石市大字赤坂字池田136番地", "url": "https://www.kaigokensaku.mhlw.go.jp/02/index.php?action_kouhyou_detail_004_kani=true&JigyosyoCd=0270400096-00&ServiceCd=110&Type=search", "url2": "http://www.roujinhome-kuroishi.or.jp" }, "geometry": { "type": "Point", "coordinates": [ 140.610023700000056, 40.6660795 ] } },
{ "type": "Feature", "properties": { "内容": "津軽訪問介護事業所【訪問介護】黒石市角田36番地3", "url": "https://www.kaigokensaku.mhlw.go.jp/02/index.php?action_kouhyou_detail_004_kani=true&JigyosyoCd=0270400237-00&ServiceCd=110&Type=search", "url2": null }, "geometry": { "type": "Point", "coordinates": [ 140.610322099999962, 40.6432822 ] } },
{ "type": "Feature", "properties": { "内容": "くろいし介護センター【訪問介護】青森県黒石市野添町１１２番地", "url": "https://www.kaigokensaku.mhlw.go.jp/02/index.php?action_kouhyou_detail_004_kani=true&JigyosyoCd=0270400278-00&ServiceCd=110&Type=search", "url2": null }, "geometry": { "type": "Point", "coordinates": [ 140.605965050926244, 40.652114456504329 ] } },
{ "type": "Feature", "properties": { "内容": "訪問介護事業所朝日【訪問介護】黒石市大字牡丹平字福民西53－5", "url": "https://www.kaigokensaku.mhlw.go.jp/02/index.php?action_kouhyou_detail_004_kani=true&JigyosyoCd=0270400674-00&ServiceCd=110&Type=search", "url2": "http://asahikaigo⁻kuroisi.net" }, "geometry": { "type": "Point", "coordinates": [ 140.614038557584649, 40.641433478781984 ] } },
{ "type": "Feature", "properties": { "内容": "訪問介護事業所　あんずの里【訪問介護】大字牡丹平字福民西77-1", "url": "https://www.kaigokensaku.mhlw.go.jp/02/index.php?action_kouhyou_detail_004_kani=true&JigyosyoCd=0270400732-00&ServiceCd=110&Type=search", "url2": "http://kyouen.jimdo.com/" }, "geometry": { "type": "Point", "coordinates": [ 140.614510699999983, 40.643079600000014 ] } },
{ "type": "Feature", "properties": { "内容": "訪問介護　ひまわり【訪問介護】青森県黒石市ちとせ三丁目１７番地１", "url": "https://www.kaigokensaku.mhlw.go.jp/02/index.php?action_kouhyou_detail_004_kani=true&JigyosyoCd=0270400872-00&ServiceCd=110&Type=search", "url2": null }, "geometry": { "type": "Point", "coordinates": [ 140.600878228402706, 40.636309640497714 ] } },
{ "type": "Feature", "properties": { "内容": "訪問介護事業所きらら【訪問介護】青森県黒石市西ヶ丘２７４", "url": "https://www.kaigokensaku.mhlw.go.jp/02/index.php?action_kouhyou_detail_004_kani=true&JigyosyoCd=0270400898-00&ServiceCd=110&Type=search", "url2": null }, "geometry": { "type": "Point", "coordinates": [ 140.585495265606738, 40.649911000073146 ] } },
{ "type": "Feature", "properties": { "内容": "ヘルパーステーション福々【訪問介護】青森県黒石市大字浅瀬石字村元161-1", "url": "https://www.kaigokensaku.mhlw.go.jp/02/index.php?action_kouhyou_detail_004_kani=true&JigyosyoCd=0270400906-00&ServiceCd=110&Type=search", "url2": "http://warabinosato.jp" }, "geometry": { "type": "Point", "coordinates": [ 140.601266433660413, 40.630436922849213 ] } },
{ "type": "Feature", "properties": { "内容": "訪問介護事業所　風【訪問介護】青森県黒石市境松字村井１０－１住宅型有料老人ホーム　ゆかりの里", "url": "https://www.kaigokensaku.mhlw.go.jp/02/index.php?action_kouhyou_detail_004_kani=true&JigyosyoCd=0270400930-00&ServiceCd=110&Type=search", "url2": "http://www.ryo-fu.jp" }, "geometry": { "type": "Point", "coordinates": [ 140.571669199999974, 40.651930300000011 ] } },
{ "type": "Feature", "properties": { "内容": "ケアサポートなごみ【訪問介護】青森県黒石市大字牡丹平字福民23-1", "url": "https://www.kaigokensaku.mhlw.go.jp/02/index.php?action_kouhyou_detail_004_kani=true&JigyosyoCd=0270400963-00&ServiceCd=110&Type=search", "url2": "http://nagomi-wagaya.jp" }, "geometry": { "type": "Point", "coordinates": [ 140.614270196781007, 40.6364926712616 ] } },
{ "type": "Feature", "properties": { "内容": "ヘルパーステーション　ハピネス【訪問介護】青森県黒石市大字牡丹平字福民西82番地12プランドール1号", "url": "https://www.kaigokensaku.mhlw.go.jp/02/index.php?action_kouhyou_detail_004_kani=true&JigyosyoCd=0270400989-00&ServiceCd=110&Type=search", "url2": null }, "geometry": { "type": "Point", "coordinates": [ 140.613664424015468, 40.644998114239527 ] } },
{ "type": "Feature", "properties": { "内容": "ヘルパーステーション　スマイル【訪問介護】浅瀬石字扇田379番地", "url": "https://www.kaigokensaku.mhlw.go.jp/02/index.php?action_kouhyou_detail_004_kani=true&JigyosyoCd=0270400997-00&ServiceCd=110&Type=search", "url2": null }, "geometry": { "type": "Point", "coordinates": [ 140.610370200000034, 40.6262262 ] } },
{ "type": "Feature", "properties": { "内容": "ＡＫＹ訪問介護【訪問介護】青森県黒石市追子野木３丁目２１５番地１", "url": "https://www.kaigokensaku.mhlw.go.jp/02/index.php?action_kouhyou_detail_004_kani=true&JigyosyoCd=0270401052-00&ServiceCd=110&Type=search", "url2": null }, "geometry": { "type": "Point", "coordinates": [ 140.58761, 40.6351381 ] } },
{ "type": "Feature", "properties": { "内容": "ニチイケアセンター黒石【訪問介護】青森県黒石市一番町195リライフC", "url": "https://www.kaigokensaku.mhlw.go.jp/02/index.php?action_kouhyou_detail_004_kani=true&JigyosyoCd=0270401060-00&ServiceCd=110&Type=search", "url2": "nichiigakkan.co.jo" }, "geometry": { "type": "Point", "coordinates": [ 140.5939962, 40.6482625 ] } },
{ "type": "Feature", "properties": { "内容": "ヘルパーステーションつながり【訪問介護】青森県黒石市牡丹平字福民西88番地13", "url": "https://www.kaigokensaku.mhlw.go.jp/02/index.php?action_kouhyou_detail_004_kani=true&JigyosyoCd=0270401078-00&ServiceCd=110&Type=search", "url2": null }, "geometry": { "type": "Point", "coordinates": [ 140.614371379762218, 40.645149737636274 ] } },
{ "type": "Feature", "properties": { "内容": "ライフサポーターくろたく【訪問介護】青森県黒石市内町61-9", "url": "https://www.kaigokensaku.mhlw.go.jp/02/index.php?action_kouhyou_detail_004_kani=true&JigyosyoCd=0270401102-00&ServiceCd=110&Type=search", "url2": null }, "geometry": { "type": "Point", "coordinates": [ 140.5926456, 40.6418462 ] } },
{ "type": "Feature", "properties": { "内容": "ヘルパーステーションさいかち【訪問介護】牡丹平字福民西74-17ヘルパーステーションさいかち", "url": "https://www.kaigokensaku.mhlw.go.jp/02/index.php?action_kouhyou_detail_004_kani=true&JigyosyoCd=0272301284-00&ServiceCd=110&Type=search", "url2": null }, "geometry": { "type": "Point", "coordinates": [ 140.614847036159773, 40.644092846864233 ] } },
{ "type": "Feature", "properties": { "内容": "ヘルパーステーション　アプラス【訪問介護】青森県黒石市角田33番地7", "url": "https://www.kaigokensaku.mhlw.go.jp/02/index.php?action_kouhyou_detail_004_kani=true&JigyosyoCd=0270401151-00&ServiceCd=110&Type=search", "url2": null }, "geometry": { "type": "Point", "coordinates": [ 140.61042470000001, 40.6419646 ] } },
{ "type": "Feature", "properties": { "内容": "訪問介護　くんぷうしゃ黒石【訪問介護】青森県黒石市後大工町30", "url": "https://www.kaigokensaku.mhlw.go.jp/02/index.php?action_kouhyou_detail_004_kani=true&JigyosyoCd=0270400880-00&ServiceCd=110&Type=search", "url2": null }, "geometry": { "type": "Point", "coordinates": [ 140.588651300000038, 40.6439787 ] } },
{ "type": "Feature", "properties": { "内容": "訪問介護恵鈴【訪問介護】青森県五所川原市字元町11番地の6", "url": "https://www.kaigokensaku.mhlw.go.jp/02/index.php?action_kouhyou_detail_004_kani=true&JigyosyoCd=0270500358-00&ServiceCd=110&Type=search", "url2": "http://keireikai.cloud-line.com/" }, "geometry": { "type": "Point", "coordinates": [ 140.4408651, 40.8042275 ] } },
{ "type": "Feature", "properties": { "内容": "青山荘ホームヘルパー派遣センター【訪問介護】青森県五所川原市字栄町70-4", "url": "https://www.kaigokensaku.mhlw.go.jp/02/index.php?action_kouhyou_detail_004_kani=true&JigyosyoCd=0270500143-00&ServiceCd=110&Type=search", "url2": null }, "geometry": { "type": "Point", "coordinates": [ 140.446715035593229, 40.799943633853694 ] } },
{ "type": "Feature", "properties": { "内容": "さかえホームヘルパー派遣センター【訪問介護】青森県五所川原市大字水野尾字懸樋219番地の３", "url": "https://www.kaigokensaku.mhlw.go.jp/02/index.php?action_kouhyou_detail_004_kani=true&JigyosyoCd=0270500176-00&ServiceCd=110&Type=search", "url2": "http://www.takushinkai.or.jp" }, "geometry": { "type": "Point", "coordinates": [ 140.481571, 40.790294 ] } },
{ "type": "Feature", "properties": { "内容": "有限会社　挑【訪問介護】青森県五所川原市字鎌谷町５２０番地４", "url": "https://www.kaigokensaku.mhlw.go.jp/02/index.php?action_kouhyou_detail_004_kani=true&JigyosyoCd=0270500515-00&ServiceCd=110&Type=search", "url2": "http://www15.ocn.ne.jp/~azuma/" }, "geometry": { "type": "Point", "coordinates": [ 140.453683299999966, 40.8069581 ] } },
{ "type": "Feature", "properties": { "内容": "五所川原中央ヘルパーステーション【訪問介護】青森県五所川原市中央一丁目８７番地", "url": "https://www.kaigokensaku.mhlw.go.jp/02/index.php?action_kouhyou_detail_004_kani=true&JigyosyoCd=0270500614-00&ServiceCd=110&Type=search", "url2": null }, "geometry": { "type": "Point", "coordinates": [ 140.449000599999977, 40.8014531 ] } },
{ "type": "Feature", "properties": { "内容": "社会福祉法人白生会　ヘルパーステーションけやき【訪問介護】青森県五所川原市字敷島町１番地3", "url": "https://www.kaigokensaku.mhlw.go.jp/02/index.php?action_kouhyou_detail_004_kani=true&JigyosyoCd=0270500671-00&ServiceCd=110&Type=search", "url2": "ｗｅｌｆａｒｅ．ｈａｋｕｓｅｉｋａｉ．ｃｏｍ／" }, "geometry": { "type": "Point", "coordinates": [ 140.44550049999998, 40.8121683 ] } },
{ "type": "Feature", "properties": { "内容": "訪問介護事業所　あおぞら【訪問介護】五所川原市大字湊字船越311-1", "url": "https://www.kaigokensaku.mhlw.go.jp/02/index.php?action_kouhyou_detail_004_kani=true&JigyosyoCd=0270500713-00&ServiceCd=110&Type=search", "url2": null }, "geometry": { "type": "Point", "coordinates": [ 140.442141419239078, 40.791302381345425 ] } },
{ "type": "Feature", "properties": { "内容": "介護サービス　　まごころ【訪問介護】青森県五所川原市大字唐笠柳字藤巻478-17", "url": "https://www.kaigokensaku.mhlw.go.jp/02/index.php?action_kouhyou_detail_004_kani=true&JigyosyoCd=0270500770-00&ServiceCd=110&Type=search", "url2": null }, "geometry": { "type": "Point", "coordinates": [ 140.462797200000068, 40.7938793 ] } },
{ "type": "Feature", "properties": { "内容": "さくら園ヘルパーステーション【訪問介護】青森県五所川原市金木町川倉七夕野84番地367", "url": "https://www.kaigokensaku.mhlw.go.jp/02/index.php?action_kouhyou_detail_004_kani=true&JigyosyoCd=0270500838-00&ServiceCd=110&Type=search", "url2": null }, "geometry": { "type": "Point", "coordinates": [ 140.457953500000031, 40.922587 ] } },
{ "type": "Feature", "properties": { "内容": "訪問介護　あつき【訪問介護】青森県五所川原市大字豊成字田子ノ浦3-35", "url": "https://www.kaigokensaku.mhlw.go.jp/02/index.php?action_kouhyou_detail_004_kani=true&JigyosyoCd=0270500903-00&ServiceCd=110&Type=search", "url2": null }, "geometry": { "type": "Point", "coordinates": [ 140.518021, 40.7781708 ] } },
{ "type": "Feature", "properties": { "内容": "ヘルパーステーションひなた【訪問介護】青森県五所川原市字雛田159番地1", "url": "https://www.kaigokensaku.mhlw.go.jp/02/index.php?action_kouhyou_detail_004_kani=true&JigyosyoCd=0270500952-00&ServiceCd=110&Type=search", "url2": null }, "geometry": { "type": "Point", "coordinates": [ 140.451325239286803, 40.815893272017291 ] } },
{ "type": "Feature", "properties": { "内容": "訪問介護　のざと【訪問介護】青森県五所川原市大字神山字牧原56-1", "url": "https://www.kaigokensaku.mhlw.go.jp/02/index.php?action_kouhyou_detail_004_kani=true&JigyosyoCd=0270501059-00&ServiceCd=110&Type=search", "url2": "http://www.nh-nozato.jp/1.html" }, "geometry": { "type": "Point", "coordinates": [ 140.516412599999967, 40.7847451 ] } },
{ "type": "Feature", "properties": { "内容": "訪問介護　ラポール【訪問介護】青森県五所川原市大字水野尾字懸樋218番地1住宅型有料老人ホーム　アミスタ五所川原", "url": "https://www.kaigokensaku.mhlw.go.jp/02/index.php?action_kouhyou_detail_004_kani=true&JigyosyoCd=0270501067-00&ServiceCd=110&Type=search", "url2": "http://www.takushinkai.or.jp" }, "geometry": { "type": "Point", "coordinates": [ 140.482421, 40.7902051 ] } },
{ "type": "Feature", "properties": { "内容": "ヘルパーサービス憩いの杜【訪問介護】青森県五所川原市漆川字清水流2番3シルバービレッジ憩いの杜", "url": "https://www.kaigokensaku.mhlw.go.jp/02/index.php?action_kouhyou_detail_004_kani=true&JigyosyoCd=0270501091-00&ServiceCd=110&Type=search", "url2": "https://norita-group.com/" }, "geometry": { "type": "Point", "coordinates": [ 140.45975210000006, 40.8137297 ] } },
{ "type": "Feature", "properties": { "内容": "訪問介護　ぼなーる【訪問介護】五所川原市大字一野坪字朝日田１６３－４", "url": "https://www.kaigokensaku.mhlw.go.jp/02/index.php?action_kouhyou_detail_004_kani=true&JigyosyoCd=0270501125-00&ServiceCd=110&Type=search", "url2": null }, "geometry": { "type": "Point", "coordinates": [ 140.470535571319601, 40.824963080558931 ] } },
{ "type": "Feature", "properties": { "内容": "訪問介護サービス　よりそう【訪問介護】青森県五所川原市金木町嘉瀬雲雀野160", "url": "https://www.kaigokensaku.mhlw.go.jp/02/index.php?action_kouhyou_detail_004_kani=true&JigyosyoCd=0270501166-00&ServiceCd=110&Type=search", "url2": null }, "geometry": { "type": "Point", "coordinates": [ 140.461619, 40.8804665 ] } },
{ "type": "Feature", "properties": { "内容": "ヘルパーステーション　アユート【訪問介護】青森県五所川原市字芭蕉48-2", "url": "https://www.kaigokensaku.mhlw.go.jp/02/index.php?action_kouhyou_detail_004_kani=true&JigyosyoCd=0270501216-00&ServiceCd=110&Type=search", "url2": "http://seisenkai.jpn.org/" }, "geometry": { "type": "Point", "coordinates": [ 140.4358565, 40.8179924 ] } },
{ "type": "Feature", "properties": { "内容": "訪問介護　ふぁみりあ【訪問介護】大字高野字北原222-1", "url": "https://www.kaigokensaku.mhlw.go.jp/02/index.php?action_kouhyou_detail_004_kani=true&JigyosyoCd=0270501265-00&ServiceCd=110&Type=search", "url2": "https://famiria.info/" }, "geometry": { "type": "Point", "coordinates": [ 140.525816, 40.7419051 ] } },
{ "type": "Feature", "properties": { "内容": "訪問介護事業所森の明【訪問介護】青森県五所川原市松野木花笠95－2", "url": "https://www.kaigokensaku.mhlw.go.jp/02/index.php?action_kouhyou_detail_004_kani=true&JigyosyoCd=0270501307-00&ServiceCd=110&Type=search", "url2": "mori-no-akari.net" }, "geometry": { "type": "Point", "coordinates": [ 140.506882605171199, 40.802007515350489 ] } },
{ "type": "Feature", "properties": { "内容": "ヘルパーステーション　オレンジ【訪問介護】青森県五所川原市金木町朝日山４２７", "url": "https://www.kaigokensaku.mhlw.go.jp/02/index.php?action_kouhyou_detail_004_kani=true&JigyosyoCd=0270501364-00&ServiceCd=110&Type=search", "url2": "https://sites.google.com/blind2005.com/20211001/%E3%83%9B%E3%83%BC%E3%83%A0" }, "geometry": { "type": "Point", "coordinates": [ 140.4548685, 40.9033971 ] } },
{ "type": "Feature", "properties": { "内容": "社会福祉法人　五所川原市社会福祉協議会【訪問介護】青森県五所川原市字幾世森24番地38五所川原市地域福祉センター", "url": "https://www.kaigokensaku.mhlw.go.jp/02/index.php?action_kouhyou_detail_004_kani=true&JigyosyoCd=0270500234-00&ServiceCd=110&Type=search", "url2": "http://gccsw.net/" }, "geometry": { "type": "Point", "coordinates": [ 140.446985577504023, 40.820464409405439 ] } },
{ "type": "Feature", "properties": { "内容": "訪問介護事業所さかもと【訪問介護】大字広田字榊森５１番地８", "url": "https://www.kaigokensaku.mhlw.go.jp/02/index.php?action_kouhyou_detail_004_kani=true&JigyosyoCd=0270500960-00&ServiceCd=110&Type=search", "url2": "http://sakamoto-sekkotu-in.com/" }, "geometry": { "type": "Point", "coordinates": [ 140.467352969975337, 40.784671957195719 ] } },
{ "type": "Feature", "properties": { "内容": "訪問介護事業所　ふれんど【訪問介護】大字福山字実吉70-4", "url": "https://www.kaigokensaku.mhlw.go.jp/02/index.php?action_kouhyou_detail_004_kani=true&JigyosyoCd=0270500978-00&ServiceCd=110&Type=search", "url2": null }, "geometry": { "type": "Point", "coordinates": [ 140.496531299999987, 40.7787898 ] } },
{ "type": "Feature", "properties": { "内容": "有限会社ケアサービスたんぽぽ【訪問介護】五所川原市金木町芦野200-267", "url": "https://www.kaigokensaku.mhlw.go.jp/02/index.php?action_kouhyou_detail_004_kani=true&JigyosyoCd=0272400557-00&ServiceCd=110&Type=search", "url2": "https://www.care-tanpopo.co.jp" }, "geometry": { "type": "Point", "coordinates": [ 140.4560179, 40.9116827 ] } },
{ "type": "Feature", "properties": { "内容": "訪問介護事業所太陽【訪問介護】金木町嘉瀬萩元１２６", "url": "https://www.kaigokensaku.mhlw.go.jp/02/index.php?action_kouhyou_detail_004_kani=true&JigyosyoCd=0270501323-00&ServiceCd=110&Type=search", "url2": null }, "geometry": { "type": "Point", "coordinates": [ 140.457729076701156, 40.884941761826944 ] } },
{ "type": "Feature", "properties": { "内容": "介護老人保健施設とわだ【訪問介護】十和田市大字洞内字長田６０番６", "url": "https://www.kaigokensaku.mhlw.go.jp/02/index.php?action_kouhyou_detail_004_kani=true&JigyosyoCd=0250680048-00&ServiceCd=110&Type=search", "url2": "https://www.facebook.com/sgtowada/" }, "geometry": { "type": "Point", "coordinates": [ 141.181886500000019, 40.6659893 ] } },
{ "type": "Feature", "properties": { "内容": "ニチイケアセンター十和田【訪問介護】青森県十和田市稲生町4-23　第一田中ビル4階", "url": "https://www.kaigokensaku.mhlw.go.jp/02/index.php?action_kouhyou_detail_004_kani=true&JigyosyoCd=0270600083-00&ServiceCd=110&Type=search", "url2": "http://www.nichiigakkan.co.jp" }, "geometry": { "type": "Point", "coordinates": [ 141.2107337, 40.6201052 ] } },
{ "type": "Feature", "properties": { "内容": "十和田ホームヘルパーセンター【訪問介護】青森県十和田市西二十三番町30-36", "url": "https://www.kaigokensaku.mhlw.go.jp/02/index.php?action_kouhyou_detail_004_kani=true&JigyosyoCd=0270600117-00&ServiceCd=110&Type=search", "url2": "http://www.fukushinosato.com" }, "geometry": { "type": "Point", "coordinates": [ 141.193402099999957, 40.569344500000014 ] } },
{ "type": "Feature", "properties": { "内容": "みちのくホームヘルパーステーション【訪問介護】青森県十和田市大字三本木字里ノ沢148-5有料老人ホームロイヤルヴィラみちのく内", "url": "https://www.kaigokensaku.mhlw.go.jp/02/index.php?action_kouhyou_detail_004_kani=true&JigyosyoCd=0270600224-00&ServiceCd=110&Type=search", "url2": "http//www.m-kouzinnkai.or.jp/index.htm" }, "geometry": { "type": "Point", "coordinates": [ 141.24581305556373, 40.624697613226481 ] } },
{ "type": "Feature", "properties": { "内容": "ホームヘルパーステーション　「たかや」【訪問介護】十和田市西一番町10-76", "url": "https://www.kaigokensaku.mhlw.go.jp/02/index.php?action_kouhyou_detail_004_kani=true&JigyosyoCd=0270600380-00&ServiceCd=110&Type=search", "url2": null }, "geometry": { "type": "Point", "coordinates": [ 141.203866, 40.6190802 ] } },
{ "type": "Feature", "properties": { "内容": "ヘルパーステーション　ちくば【訪問介護】青森県十和田市東三番町10-55-6", "url": "https://www.kaigokensaku.mhlw.go.jp/02/index.php?action_kouhyou_detail_004_kani=true&JigyosyoCd=0270600596-00&ServiceCd=110&Type=search", "url2": null }, "geometry": { "type": "Point", "coordinates": [ 141.221315582308989, 40.612673498842113 ] } },
{ "type": "Feature", "properties": { "内容": "ホームヘルパーステーション　たんぽぽ【訪問介護】青森県十和田市大字三本木字里ノ沢1-8サービス付き高齢者向け住宅ロイヤルパレス内", "url": "https://www.kaigokensaku.mhlw.go.jp/02/index.php?action_kouhyou_detail_004_kani=true&JigyosyoCd=0270600638-00&ServiceCd=110&Type=search", "url2": null }, "geometry": { "type": "Point", "coordinates": [ 141.243724470361315, 40.625375058044177 ] } },
{ "type": "Feature", "properties": { "内容": "ヘルパーステーションふたば【訪問介護】青森県十和田市東三番町6番33号", "url": "https://www.kaigokensaku.mhlw.go.jp/02/index.php?action_kouhyou_detail_004_kani=true&JigyosyoCd=0270600869-00&ServiceCd=110&Type=search", "url2": null }, "geometry": { "type": "Point", "coordinates": [ 141.22258910000005, 40.6086204 ] } },
{ "type": "Feature", "properties": { "内容": "ヘルパーステーション　愛【訪問介護】青森県十和田市大字相坂字高清水78番地996", "url": "https://www.kaigokensaku.mhlw.go.jp/02/index.php?action_kouhyou_detail_004_kani=true&JigyosyoCd=0270600893-00&ServiceCd=110&Type=search", "url2": null }, "geometry": { "type": "Point", "coordinates": [ 141.262018009451509, 40.633719333586875 ] } },
{ "type": "Feature", "properties": { "内容": "アースサポート十和田【訪問介護】青森県十和田市穂並町16-46", "url": "https://www.kaigokensaku.mhlw.go.jp/02/index.php?action_kouhyou_detail_004_kani=true&JigyosyoCd=0270600950-00&ServiceCd=110&Type=search", "url2": "http://www.earthsupport.co.jp" }, "geometry": { "type": "Point", "coordinates": [ 141.225178, 40.6003324 ] } },
{ "type": "Feature", "properties": { "内容": "株式会社ケアライフ青森　十和田営業所【訪問介護】青森県十和田市洞内後野331-15アベニュービル1階", "url": "https://www.kaigokensaku.mhlw.go.jp/02/index.php?action_kouhyou_detail_004_kani=true&JigyosyoCd=0270601057-00&ServiceCd=110&Type=search", "url2": "www.carelife-net.co.jp" }, "geometry": { "type": "Point", "coordinates": [ 141.200882500000034, 40.6392092 ] } },
{ "type": "Feature", "properties": { "内容": "青い森ケアうるおい訪問介護事業所【訪問介護】青森県十和田市西十四番町13-5", "url": "https://www.kaigokensaku.mhlw.go.jp/02/index.php?action_kouhyou_detail_004_kani=true&JigyosyoCd=0270601099-00&ServiceCd=110&Type=search", "url2": "http://aoimori-care.com/" }, "geometry": { "type": "Point", "coordinates": [ 141.209701843136486, 40.606332275559247 ] } },
{ "type": "Feature", "properties": { "内容": "くらすけっと【訪問介護】青森県十和田市西十一番町3-20", "url": "https://www.kaigokensaku.mhlw.go.jp/02/index.php?action_kouhyou_detail_004_kani=true&JigyosyoCd=0270601149-00&ServiceCd=110&Type=search", "url2": "https://kurashilabo.ⅽo.jp" }, "geometry": { "type": "Point", "coordinates": [ 141.203221528863281, 40.615871744265846 ] } },
{ "type": "Feature", "properties": { "内容": "訪問介護ステーションTsugu【訪問介護】青森県十和田市大字三本木字西小稲189番地6", "url": "https://www.kaigokensaku.mhlw.go.jp/02/index.php?action_kouhyou_detail_004_kani=true&JigyosyoCd=0270601313-00&ServiceCd=110&Type=search", "url2": null }, "geometry": { "type": "Point", "coordinates": [ 141.206745573344278, 40.597713858289687 ] } },
{ "type": "Feature", "properties": { "内容": "医療法人　仁泉会　ヘルパーステーションおいらせ【訪問介護】青森県十和田市大字奥瀬字中平155", "url": "https://www.kaigokensaku.mhlw.go.jp/02/index.php?action_kouhyou_detail_004_kani=true&JigyosyoCd=0272500489-00&ServiceCd=110&Type=search", "url2": null }, "geometry": { "type": "Point", "coordinates": [ 141.107279, 40.5853188 ] } },
{ "type": "Feature", "properties": { "内容": "有限会社　ケアサポート健美【訪問介護】青森県十和田市稲生町11番37号", "url": "https://www.kaigokensaku.mhlw.go.jp/02/index.php?action_kouhyou_detail_004_kani=true&JigyosyoCd=0270600448-00&ServiceCd=110&Type=search", "url2": null }, "geometry": { "type": "Point", "coordinates": [ 141.210521029890089, 40.617261295141923 ] } },
{ "type": "Feature", "properties": { "内容": "ヘルパーステーション三陽【訪問介護】青森県三沢市美野原一丁目１５番地１号　奥山荘C号室", "url": "https://www.kaigokensaku.mhlw.go.jp/02/index.php?action_kouhyou_detail_004_kani=true&JigyosyoCd=0270700446-00&ServiceCd=110&Type=search", "url2": null }, "geometry": { "type": "Point", "coordinates": [ 137.228512799999976, 36.666536900000011 ] } },
{ "type": "Feature", "properties": { "内容": "ニチイケアセンター三沢【訪問介護】青森県三沢市大町2丁目8-3", "url": "https://www.kaigokensaku.mhlw.go.jp/02/index.php?action_kouhyou_detail_004_kani=true&JigyosyoCd=0270700081-00&ServiceCd=110&Type=search", "url2": "http://www.nichiigakkan.co.jp" }, "geometry": { "type": "Point", "coordinates": [ 141.3624853, 40.6780284 ] } },
{ "type": "Feature", "properties": { "内容": "春日台介護センター【訪問介護】三沢市春日台二丁目152-414春日台介護センター", "url": "https://www.kaigokensaku.mhlw.go.jp/02/index.php?action_kouhyou_detail_004_kani=true&JigyosyoCd=0270700438-00&ServiceCd=110&Type=search", "url2": null }, "geometry": { "type": "Point", "coordinates": [ 141.34601567857365, 40.668411737515491 ] } },
{ "type": "Feature", "properties": { "内容": "のぞみヘルパーステーション【訪問介護】青森県三沢市中央町4丁目6-13", "url": "https://www.kaigokensaku.mhlw.go.jp/02/index.php?action_kouhyou_detail_004_kani=true&JigyosyoCd=0270700545-00&ServiceCd=110&Type=search", "url2": "syafuku-nozomi.jimbo.com" }, "geometry": { "type": "Point", "coordinates": [ 141.362474604893492, 40.6785565269683 ] } },
{ "type": "Feature", "properties": { "内容": "ニチイケアセンター三沢堀口【訪問介護】青森県三沢市大字三沢字前平47番449", "url": "https://www.kaigokensaku.mhlw.go.jp/02/index.php?action_kouhyou_detail_004_kani=true&JigyosyoCd=0270700651-00&ServiceCd=110&Type=search", "url2": "http://www.nichiigakkan.co.jp" }, "geometry": { "type": "Point", "coordinates": [ 141.4001767, 40.6714939 ] } },
{ "type": "Feature", "properties": { "内容": "ひばり苑ホームヘルプサービス【訪問介護】青森県三沢市大字三沢字南山60--2", "url": "https://www.kaigokensaku.mhlw.go.jp/02/index.php?action_kouhyou_detail_004_kani=true&JigyosyoCd=0270700099-00&ServiceCd=110&Type=search", "url2": "www.joukoukai.or.jp/" }, "geometry": { "type": "Point", "coordinates": [ 141.391426921176503, 40.683089881139011 ] } },
{ "type": "Feature", "properties": { "内容": "ホームヘルパーステーション青空【訪問介護】三沢市栄町三丁目１２５－１", "url": "https://www.kaigokensaku.mhlw.go.jp/02/index.php?action_kouhyou_detail_004_kani=true&JigyosyoCd=0270700198-00&ServiceCd=110&Type=search", "url2": "http://www.rakuseikai.or.jp/" }, "geometry": { "type": "Point", "coordinates": [ 141.361213600000042, 40.6707513 ] } },
{ "type": "Feature", "properties": { "内容": "ヘルパーステーションえいと【訪問介護】青森県三沢市松園町3丁目6-16中野プラザ206", "url": "https://www.kaigokensaku.mhlw.go.jp/02/index.php?action_kouhyou_detail_004_kani=true&JigyosyoCd=0270700768-00&ServiceCd=110&Type=search", "url2": null }, "geometry": { "type": "Point", "coordinates": [ 141.364780200000013, 40.6766221 ] } },
{ "type": "Feature", "properties": { "内容": "イーケアサービス【訪問介護】緑町1丁目2-10", "url": "https://www.kaigokensaku.mhlw.go.jp/02/index.php?action_kouhyou_detail_004_kani=true&JigyosyoCd=0270700644-00&ServiceCd=110&Type=search", "url2": null }, "geometry": { "type": "Point", "coordinates": [ 139.8327741, 35.8291138 ] } },
{ "type": "Feature", "properties": { "内容": "ニチイケアセンターむつ【訪問介護】青森県むつ市関根字北関根205-4", "url": "https://www.kaigokensaku.mhlw.go.jp/02/index.php?action_kouhyou_detail_004_kani=true&JigyosyoCd=0270800113-00&ServiceCd=110&Type=search", "url2": "http://www.nichiigakkan.co.jp" }, "geometry": { "type": "Point", "coordinates": [ 141.20560716208081, 41.359494747511832 ] } },
{ "type": "Feature", "properties": { "内容": "株式会社ケアライフ青森　むつ営業所【訪問介護】青森県むつ市新町37-7", "url": "https://www.kaigokensaku.mhlw.go.jp/02/index.php?action_kouhyou_detail_004_kani=true&JigyosyoCd=0270800238-00&ServiceCd=110&Type=search", "url2": "http://www.carelife-net.co.jp" }, "geometry": { "type": "Point", "coordinates": [ 141.217909700000064, 41.288672 ] } },
{ "type": "Feature", "properties": { "内容": "みちのく訪問介護ステーション【訪問介護】青森県むつ市十二林１7番１号", "url": "https://www.kaigokensaku.mhlw.go.jp/02/index.php?action_kouhyou_detail_004_kani=true&JigyosyoCd=0270800287-00&ServiceCd=110&Type=search", "url2": "https://www.michinokuso.jp/" }, "geometry": { "type": "Point", "coordinates": [ 141.186463799999956, 41.298198 ] } },
{ "type": "Feature", "properties": { "内容": "ニチイケアセンターむつ中央【訪問介護】青森県むつ市旭町7-47", "url": "https://www.kaigokensaku.mhlw.go.jp/02/index.php?action_kouhyou_detail_004_kani=true&JigyosyoCd=0270800345-00&ServiceCd=110&Type=search", "url2": "http;//www.nichiigakkan.co.jp" }, "geometry": { "type": "Point", "coordinates": [ 141.1818508, 41.2891182 ] } },
{ "type": "Feature", "properties": { "内容": "いりえ　ヘルパーステーション【訪問介護】青森県むつ市大字田名部字宮ノ後198－1", "url": "https://www.kaigokensaku.mhlw.go.jp/02/index.php?action_kouhyou_detail_004_kani=true&JigyosyoCd=0270800352-00&ServiceCd=110&Type=search", "url2": null }, "geometry": { "type": "Point", "coordinates": [ 141.183475499999986, 41.2927457 ] } },
{ "type": "Feature", "properties": { "内容": "バンドーウエルフェアグループ株式会社　むつ事業所【訪問介護】青森県むつ市新町３２－１５", "url": "https://www.kaigokensaku.mhlw.go.jp/02/index.php?action_kouhyou_detail_004_kani=true&JigyosyoCd=0270800451-00&ServiceCd=110&Type=search", "url2": "http:///www.bwfg.co.jp" }, "geometry": { "type": "Point", "coordinates": [ 141.213912700000037, 41.2893163 ] } },
{ "type": "Feature", "properties": { "内容": "アースサポートむつ【訪問介護】青森県むつ市小川町一丁目8番36号セントラルハイツＢ-1", "url": "https://www.kaigokensaku.mhlw.go.jp/02/index.php?action_kouhyou_detail_004_kani=true&JigyosyoCd=0270800592-00&ServiceCd=110&Type=search", "url2": "http://www.earthsupport.co.jp" }, "geometry": { "type": "Point", "coordinates": [ 141.2067462, 41.2930157 ] } },
{ "type": "Feature", "properties": { "内容": "ヘルパーステーション　ねむのき【訪問介護】青森県むつ市大字田名部字赤川ノ内並木73-11", "url": "https://www.kaigokensaku.mhlw.go.jp/02/index.php?action_kouhyou_detail_004_kani=true&JigyosyoCd=0270800675-00&ServiceCd=110&Type=search", "url2": "http://www.nemunoki.info/" }, "geometry": { "type": "Point", "coordinates": [ 141.238603629659224, 41.245784794596958 ] } },
{ "type": "Feature", "properties": { "内容": "ヘルパーステーションアイランド【訪問介護】青森県むつ市大湊上町36番7号", "url": "https://www.kaigokensaku.mhlw.go.jp/02/index.php?action_kouhyou_detail_004_kani=true&JigyosyoCd=0270800774-00&ServiceCd=110&Type=search", "url2": "https://chitsukaoshima0106.wixsite.com/mysite-1" }, "geometry": { "type": "Point", "coordinates": [ 141.152852490292446, 41.269291522624542 ] } },
{ "type": "Feature", "properties": { "内容": "株式会社ケアライフ青森　大畑営業所【訪問介護】青森県むつ市大畑町中島102-1", "url": "https://www.kaigokensaku.mhlw.go.jp/02/index.php?action_kouhyou_detail_004_kani=true&JigyosyoCd=0272600222-00&ServiceCd=110&Type=search", "url2": null }, "geometry": { "type": "Point", "coordinates": [ 141.164838366270487, 41.404257410842128 ] } },
{ "type": "Feature", "properties": { "内容": "ヘルパーステーションかわうち【訪問介護】青森県むつ市川内町獅子畑128番地4", "url": "https://www.kaigokensaku.mhlw.go.jp/02/index.php?action_kouhyou_detail_004_kani=true&JigyosyoCd=0272600388-00&ServiceCd=110&Type=search", "url2": "www.yachiyo-kai.com" }, "geometry": { "type": "Point", "coordinates": [ 140.98550350000005, 41.2569248 ] } },
{ "type": "Feature", "properties": { "内容": "延寿園ホームヘルプセンター【訪問介護】青森県むつ市大畑町観音堂25-1むつ市総合福祉センターふれあいかん", "url": "https://www.kaigokensaku.mhlw.go.jp/02/index.php?action_kouhyou_detail_004_kani=true&JigyosyoCd=0272600081-00&ServiceCd=110&Type=search", "url2": "http://sankeikai-aomori.com/" }, "geometry": { "type": "Point", "coordinates": [ 141.157319700000016, 41.399487 ] } },
{ "type": "Feature", "properties": { "内容": "訪問介護ステーション　アダージョ【訪問介護】青森県むつ市横迎町二丁目9番1号", "url": "https://www.kaigokensaku.mhlw.go.jp/02/index.php?action_kouhyou_detail_004_kani=true&JigyosyoCd=0270800667-00&ServiceCd=110&Type=search", "url2": null }, "geometry": { "type": "Point", "coordinates": [ 141.218603600000051, 41.2975018 ] } },
{ "type": "Feature", "properties": { "内容": "にこにこ訪問介護ステーション【訪問介護】青森県むつ市金曲３丁目５－２９にこにこハウス金曲", "url": "https://www.kaigokensaku.mhlw.go.jp/02/index.php?action_kouhyou_detail_004_kani=true&JigyosyoCd=0270800550-00&ServiceCd=110&Type=search", "url2": null }, "geometry": { "type": "Point", "coordinates": [ 141.209036590338172, 41.270617221777279 ] } },
{ "type": "Feature", "properties": { "内容": "ﾍﾙﾊﾟｰｽﾃｰｼｮﾝあすなろ【訪問介護】松原町２－２青森県むつ市松原町２－２", "url": "https://www.kaigokensaku.mhlw.go.jp/02/index.php?action_kouhyou_detail_004_kani=true&JigyosyoCd=0270800824-00&ServiceCd=110&Type=search", "url2": "herupa-asunaro@.dokomo.ne.jp" }, "geometry": { "type": "Point", "coordinates": [ 141.20190037842562, 41.271670833679934 ] } },
{ "type": "Feature", "properties": { "内容": "介護センター絆【訪問介護】青森県つがる市木造朝日１３-６", "url": "https://www.kaigokensaku.mhlw.go.jp/02/index.php?action_kouhyou_detail_004_kani=true&JigyosyoCd=0270900061-00&ServiceCd=110&Type=search", "url2": "https://www.shimano-group.jp/" }, "geometry": { "type": "Point", "coordinates": [ 140.374228899999906, 40.8217178 ] } },
{ "type": "Feature", "properties": { "内容": "ニチイケアセンターつがる【訪問介護】つがる市木造有楽町31-2", "url": "https://www.kaigokensaku.mhlw.go.jp/02/index.php?action_kouhyou_detail_004_kani=true&JigyosyoCd=0270900160-00&ServiceCd=110&Type=search", "url2": "http://www.nichiigakkan.co.jp" }, "geometry": { "type": "Point", "coordinates": [ 140.383247799999907, 40.810725 ] } },
{ "type": "Feature", "properties": { "内容": "訪問介護センターいながき【訪問介護】稲垣町豊川初瀬山９－４", "url": "https://www.kaigokensaku.mhlw.go.jp/02/index.php?action_kouhyou_detail_004_kani=true&JigyosyoCd=0270900178-00&ServiceCd=110&Type=search", "url2": null }, "geometry": { "type": "Point", "coordinates": [ 140.398938564418017, 40.870175156541869 ] } },
{ "type": "Feature", "properties": { "内容": "ヘルパーステーションふくろう【訪問介護】青森県つがる市柏下古川稲森53番地6", "url": "https://www.kaigokensaku.mhlw.go.jp/02/index.php?action_kouhyou_detail_004_kani=true&JigyosyoCd=0270900301-00&ServiceCd=110&Type=search", "url2": "https://yutakanasato.com/" }, "geometry": { "type": "Point", "coordinates": [ 140.43079309999996, 40.7965 ] } },
{ "type": "Feature", "properties": { "内容": "明光園訪問介護事業所【訪問介護】青森県つがる市森田町大館勝山143番地16", "url": "https://www.kaigokensaku.mhlw.go.jp/02/index.php?action_kouhyou_detail_004_kani=true&JigyosyoCd=0270900327-00&ServiceCd=110&Type=search", "url2": null }, "geometry": { "type": "Point", "coordinates": [ 140.292721122723378, 40.779300022325472 ] } },
{ "type": "Feature", "properties": { "内容": "訪問介護ずぐり【訪問介護】青森県つがる市木造末広18", "url": "https://www.kaigokensaku.mhlw.go.jp/02/index.php?action_kouhyou_detail_004_kani=true&JigyosyoCd=0270900343-00&ServiceCd=110&Type=search", "url2": "https://ms-kaigo.com/" }, "geometry": { "type": "Point", "coordinates": [ 140.386232, 40.8097775 ] } },
{ "type": "Feature", "properties": { "内容": "株式会社誠浩【訪問介護】青森県つがる市木造末広45-1", "url": "https://www.kaigokensaku.mhlw.go.jp/02/index.php?action_kouhyou_detail_004_kani=true&JigyosyoCd=0270900350-00&ServiceCd=110&Type=search", "url2": null }, "geometry": { "type": "Point", "coordinates": [ 140.3842105, 40.813214299999984 ] } },
{ "type": "Feature", "properties": { "内容": "つがる市社会福祉協議会　ホームヘルプしゃきょう【訪問介護】青森県つがる市木造若緑５２番地", "url": "https://www.kaigokensaku.mhlw.go.jp/02/index.php?action_kouhyou_detail_004_kani=true&JigyosyoCd=0272100207-00&ServiceCd=110&Type=search", "url2": "http://tsugarushi-shakyo.net/" }, "geometry": { "type": "Point", "coordinates": [ 140.380887, 40.8074559 ] } },
{ "type": "Feature", "properties": { "内容": "特別養護老人ホーム桑寿園【訪問介護】青森県つがる市柏桑野木田若宮２５５番地１", "url": "https://www.kaigokensaku.mhlw.go.jp/02/index.php?action_kouhyou_detail_004_kani=true&JigyosyoCd=0272100421-00&ServiceCd=110&Type=search", "url2": "https://www.hakuyuukai.com" }, "geometry": { "type": "Point", "coordinates": [ 140.404491300000018, 40.7795405 ] } },
{ "type": "Feature", "properties": { "内容": "株式会社ケアライフ青森　木造営業所【訪問介護】青森県つがる市木造若緑87-8", "url": "https://www.kaigokensaku.mhlw.go.jp/02/index.php?action_kouhyou_detail_004_kani=true&JigyosyoCd=0272100454-00&ServiceCd=110&Type=search", "url2": null }, "geometry": { "type": "Point", "coordinates": [ 140.37865458525846, 40.812147597901856 ] } },
{ "type": "Feature", "properties": { "内容": "訪問介護事業所和み【訪問介護】青森県つがる市木造藤田44-5", "url": "https://www.kaigokensaku.mhlw.go.jp/02/index.php?action_kouhyou_detail_004_kani=true&JigyosyoCd=0272100884-00&ServiceCd=110&Type=search", "url2": "http://www.takushinkai.or.jp/" }, "geometry": { "type": "Point", "coordinates": [ 140.384647500000028, 40.8167521 ] } },
{ "type": "Feature", "properties": { "内容": "訪問介護そばに【訪問介護】青森県つがる市木造出来島雉子森102番地", "url": "https://www.kaigokensaku.mhlw.go.jp/02/index.php?action_kouhyou_detail_004_kani=true&JigyosyoCd=0270900368-00&ServiceCd=110&Type=search", "url2": null }, "geometry": { "type": "Point", "coordinates": [ 140.2772755, 40.8381683 ] } },
{ "type": "Feature", "properties": { "内容": "ヘルパーステーションかざみ【訪問介護】青森県平川市南田中北原132-3", "url": "https://www.kaigokensaku.mhlw.go.jp/02/index.php?action_kouhyou_detail_004_kani=true&JigyosyoCd=0271000200-00&ServiceCd=110&Type=search", "url2": null }, "geometry": { "type": "Point", "coordinates": [ 140.5888056, 40.6138524 ] } },
{ "type": "Feature", "properties": { "内容": "訪問介護南津軽【訪問介護】青森県平川市新館藤巻14番地1", "url": "https://www.kaigokensaku.mhlw.go.jp/02/index.php?action_kouhyou_detail_004_kani=true&JigyosyoCd=0271000234-00&ServiceCd=110&Type=search", "url2": "https://ball-hearlt.com/" }, "geometry": { "type": "Point", "coordinates": [ 140.581339599999978, 40.5783996 ] } },
{ "type": "Feature", "properties": { "内容": "介護支援　健康【訪問介護】青森県平川市町居南田83番地4", "url": "https://www.kaigokensaku.mhlw.go.jp/02/index.php?action_kouhyou_detail_004_kani=true&JigyosyoCd=0271000259-00&ServiceCd=110&Type=search", "url2": null }, "geometry": { "type": "Point", "coordinates": [ 140.57964921745932, 40.585609623520199 ] } },
{ "type": "Feature", "properties": { "内容": "三笠ホームヘルパーステーション【訪問介護】平川市館田中前田315", "url": "https://www.kaigokensaku.mhlw.go.jp/02/index.php?action_kouhyou_detail_004_kani=true&JigyosyoCd=0272300179-00&ServiceCd=110&Type=search", "url2": null }, "geometry": { "type": "Point", "coordinates": [ 140.538636, 40.58639 ] } },
{ "type": "Feature", "properties": { "内容": "社会福祉法人　平川市社会福祉協議会　平賀事業所【訪問介護】青森県平川市柏木町藤山１６番地１平川市役所第２庁舎内", "url": "https://www.kaigokensaku.mhlw.go.jp/02/index.php?action_kouhyou_detail_004_kani=true&JigyosyoCd=0272300294-00&ServiceCd=110&Type=search", "url2": "hirakawashi@hirasyakyo.org" }, "geometry": { "type": "Point", "coordinates": [ 140.564842299999981, 40.583427400000026 ] } },
{ "type": "Feature", "properties": { "内容": "緑青園ホームヘルプサービス【訪問介護】青森県平川市沖館向野91-1", "url": "https://www.kaigokensaku.mhlw.go.jp/02/index.php?action_kouhyou_detail_004_kani=true&JigyosyoCd=0272300435-00&ServiceCd=110&Type=search", "url2": "URL:http://ryokufu.or.jp/" }, "geometry": { "type": "Point", "coordinates": [ 140.570244900000034, 40.5750894 ] } },
{ "type": "Feature", "properties": { "内容": "清風荘ホームヘルパーステーション【訪問介護】青森県東津軽群平内町大字小湊薬師堂６３番の２３", "url": "https://www.kaigokensaku.mhlw.go.jp/02/index.php?action_kouhyou_detail_004_kani=true&JigyosyoCd=0272000126-00&ServiceCd=110&Type=search", "url2": "https://koujinkai-seifu.com" }, "geometry": { "type": "Point", "coordinates": [ 140.953232399999933, 40.9092844 ] } },
{ "type": "Feature", "properties": { "内容": "訪問介護事業所　リライ【訪問介護】青森県東津軽郡平内町大字小湊字下槻５番地６", "url": "https://www.kaigokensaku.mhlw.go.jp/02/index.php?action_kouhyou_detail_004_kani=true&JigyosyoCd=0272000530-00&ServiceCd=110&Type=search", "url2": null }, "geometry": { "type": "Point", "coordinates": [ 140.961841668122844, 40.925031870449082 ] } },
{ "type": "Feature", "properties": { "内容": "ホームヘルプつばき【訪問介護】青森県東津軽郡平内町大字小湊字小湊45-1", "url": "https://www.kaigokensaku.mhlw.go.jp/02/index.php?action_kouhyou_detail_004_kani=true&JigyosyoCd=0272000548-00&ServiceCd=110&Type=search", "url2": null }, "geometry": { "type": "Point", "coordinates": [ 140.956783200000018, 40.9248228 ] } },
{ "type": "Feature", "properties": { "内容": "TOWAヘルパーステーション【訪問介護】青森県東津軽郡平内町大字小湊字愛宕92-1", "url": "https://www.kaigokensaku.mhlw.go.jp/02/index.php?action_kouhyou_detail_004_kani=true&JigyosyoCd=0272000555-00&ServiceCd=110&Type=search", "url2": "https://towakosan-towahome.com/" }, "geometry": { "type": "Point", "coordinates": [ 140.9504313, 40.92271 ] } },
{ "type": "Feature", "properties": { "内容": "平内町社協指定居宅サービス事業所【訪問介護】青森県東津軽郡平内町大字小湊字小湊83-2", "url": "https://www.kaigokensaku.mhlw.go.jp/02/index.php?action_kouhyou_detail_004_kani=true&JigyosyoCd=0272000217-00&ServiceCd=110&Type=search", "url2": "http://hiranaishakyo.jp" }, "geometry": { "type": "Point", "coordinates": [ 140.956003099999947, 40.9282778 ] } },
{ "type": "Feature", "properties": { "内容": "有限会社　津軽サポート【訪問介護】青森県東津軽郡今別町大字浜名字中宇田1-1", "url": "https://www.kaigokensaku.mhlw.go.jp/02/index.php?action_kouhyou_detail_004_kani=true&JigyosyoCd=0272000423-00&ServiceCd=110&Type=search", "url2": "tugarusaport-khhy.com" }, "geometry": { "type": "Point", "coordinates": [ 140.469619400000056, 41.1809238 ] } },
{ "type": "Feature", "properties": { "内容": "よもぎケアセンター【訪問介護】青森県東津軽郡蓬田村大字郷沢字浜田397", "url": "https://www.kaigokensaku.mhlw.go.jp/02/index.php?action_kouhyou_detail_004_kani=true&JigyosyoCd=0272000225-00&ServiceCd=110&Type=search", "url2": "http://www.watona-ru.com" }, "geometry": { "type": "Point", "coordinates": [ 140.647715799999986, 40.9900592 ] } },
{ "type": "Feature", "properties": { "内容": "ヘルパーステーションよもぎた【訪問介護】青森県東津軽郡蓬田村大字阿弥陀川字汐干116-1", "url": "https://www.kaigokensaku.mhlw.go.jp/02/index.php?action_kouhyou_detail_004_kani=true&JigyosyoCd=0272000415-00&ServiceCd=110&Type=search", "url2": null }, "geometry": { "type": "Point", "coordinates": [ 140.651985599999989, 40.9671365 ] } },
{ "type": "Feature", "properties": { "内容": "外ヶ浜町社協訪問介護事業所【訪問介護】東津軽郡外ヶ浜町字平舘野田鳴川２０８－１", "url": "https://www.kaigokensaku.mhlw.go.jp/02/index.php?action_kouhyou_detail_004_kani=true&JigyosyoCd=0272000142-00&ServiceCd=110&Type=search", "url2": "http：//www.s-syakyo.jp" }, "geometry": { "type": "Point", "coordinates": [ 140.630614300000019, 41.141301200000015 ] } },
{ "type": "Feature", "properties": { "内容": "つくし荘ヘルパーステーション【訪問介護】青森県西津軽郡鰺ヶ沢町北浮田町今須８７－１", "url": "https://www.kaigokensaku.mhlw.go.jp/02/index.php?action_kouhyou_detail_004_kani=true&JigyosyoCd=0272100306-00&ServiceCd=110&Type=search", "url2": "http://www.aomoritsukushikai.com/" }, "geometry": { "type": "Point", "coordinates": [ 140.253567400000065, 40.790002 ] } },
{ "type": "Feature", "properties": { "内容": "訪問介護ステーション　しあわせ【訪問介護】青森県西津軽郡鰺ヶ沢町大字舞戸町字鳴戸３７８番地２", "url": "https://www.kaigokensaku.mhlw.go.jp/02/index.php?action_kouhyou_detail_004_kani=true&JigyosyoCd=0272101072-00&ServiceCd=110&Type=search", "url2": null }, "geometry": { "type": "Point", "coordinates": [ 140.239804688819504, 40.779428026788565 ] } },
{ "type": "Feature", "properties": { "内容": "ケアセンターあい【訪問介護】青森県西津軽郡鰺ヶ沢町大字舞戸町字北禿142-1", "url": "https://www.kaigokensaku.mhlw.go.jp/02/index.php?action_kouhyou_detail_004_kani=true&JigyosyoCd=0272101122-00&ServiceCd=110&Type=search", "url2": null }, "geometry": { "type": "Point", "coordinates": [ 140.228163499999937, 40.7793941 ] } },
{ "type": "Feature", "properties": { "内容": "社会福祉法人深浦町社会福祉協議会【訪問介護】青森県西津軽郡深浦町大字深浦字中沢34-1深浦町フィットネスプラザゆとり", "url": "https://www.kaigokensaku.mhlw.go.jp/02/index.php?action_kouhyou_detail_004_kani=true&JigyosyoCd=0272100041-00&ServiceCd=110&Type=search", "url2": "https://www.fukaura-shakyo.com" }, "geometry": { "type": "Point", "coordinates": [ 139.932653, 40.6365023 ] } },
{ "type": "Feature", "properties": { "内容": "白寿の郷ホームヘルパーステーション【訪問介護】青森県西津軽郡深浦町大字岩崎字松原５７番地１", "url": "https://www.kaigokensaku.mhlw.go.jp/02/index.php?action_kouhyou_detail_004_kani=true&JigyosyoCd=0272100611-00&ServiceCd=110&Type=search", "url2": null }, "geometry": { "type": "Point", "coordinates": [ 139.924877599999945, 40.5831549 ] } },
{ "type": "Feature", "properties": { "内容": "ホームヘルパー事業さんふじ【訪問介護】青森県南津軽郡藤崎町大字柏木堰字南亀田１番地１", "url": "https://www.kaigokensaku.mhlw.go.jp/02/index.php?action_kouhyou_detail_004_kani=true&JigyosyoCd=0272300112-00&ServiceCd=110&Type=search", "url2": "https://seneikai－sanfuji.com/" }, "geometry": { "type": "Point", "coordinates": [ 140.5130196, 40.6903766 ] } },
{ "type": "Feature", "properties": { "内容": "ケアセンターメープルの里【訪問介護】青森県南津軽郡藤崎町大字藤崎字村井56-8", "url": "https://www.kaigokensaku.mhlw.go.jp/02/index.php?action_kouhyou_detail_004_kani=true&JigyosyoCd=0272301128-00&ServiceCd=110&Type=search", "url2": "http://maple-sato.com/" }, "geometry": { "type": "Point", "coordinates": [ 140.501514, 40.6515419 ] } },
{ "type": "Feature", "properties": { "内容": "サポートセンターいきいき【訪問介護】青森県南津軽郡藤崎町大字常盤字一西田23番地7", "url": "https://www.kaigokensaku.mhlw.go.jp/02/index.php?action_kouhyou_detail_004_kani=true&JigyosyoCd=0272301144-00&ServiceCd=110&Type=search", "url2": null }, "geometry": { "type": "Point", "coordinates": [ 140.546601099999947, 40.6724018 ] } },
{ "type": "Feature", "properties": { "内容": "訪問介護事業所　桜の木【訪問介護】青森県南津軽郡藤崎町大字藤崎字村井25-5", "url": "https://www.kaigokensaku.mhlw.go.jp/02/index.php?action_kouhyou_detail_004_kani=true&JigyosyoCd=0272301318-00&ServiceCd=110&Type=search", "url2": "www.oukanosato.co.jp" }, "geometry": { "type": "Point", "coordinates": [ 140.502936890876782, 40.647567194237688 ] } },
{ "type": "Feature", "properties": { "内容": "あぜりあ訪問介護事業所【訪問介護】青森県南津軽郡大鰐町大字大鰐字湯野川原7番地2", "url": "https://www.kaigokensaku.mhlw.go.jp/02/index.php?action_kouhyou_detail_004_kani=true&JigyosyoCd=0272301185-00&ServiceCd=110&Type=search", "url2": "http//www.owani.com/" }, "geometry": { "type": "Point", "coordinates": [ 140.574093484378068, 40.520707634102855 ] } },
{ "type": "Feature", "properties": { "内容": "ヘルパーステーションふうか【訪問介護】青森県南津軽郡大鰐町大字大鰐字前田26-26", "url": "https://www.kaigokensaku.mhlw.go.jp/02/index.php?action_kouhyou_detail_004_kani=true&JigyosyoCd=0272301268-00&ServiceCd=110&Type=search", "url2": null }, "geometry": { "type": "Point", "coordinates": [ 140.567971132607681, 40.523331670682282 ] } },
{ "type": "Feature", "properties": { "内容": "ヘルパーステーション　かりん【訪問介護】青森県南津軽郡大鰐町大字三ツ目内字大堰口33-10住宅型有料老人ホーム　みつめない内", "url": "https://www.kaigokensaku.mhlw.go.jp/02/index.php?action_kouhyou_detail_004_kani=true&JigyosyoCd=0272301276-00&ServiceCd=110&Type=search", "url2": "yuuryoumitumenai.com" }, "geometry": { "type": "Point", "coordinates": [ 140.536051500000013, 40.5097908 ] } },
{ "type": "Feature", "properties": { "内容": "田舎館村ホームヘルプサービス事業所【訪問介護】青森県南津軽郡田舎館村大字八反田字古舘206番地1号", "url": "https://www.kaigokensaku.mhlw.go.jp/02/index.php?action_kouhyou_detail_004_kani=true&JigyosyoCd=0272300310-00&ServiceCd=110&Type=search", "url2": null }, "geometry": { "type": "Point", "coordinates": [ 140.548777200000018, 40.6379762 ] } },
{ "type": "Feature", "properties": { "内容": "ケアステーション川部西ケ丘【訪問介護】青森県南津軽郡田舎館村大字川部字中西田30-58住宅型有料老人ホーム　川部西ヶ丘ホーム", "url": "https://www.kaigokensaku.mhlw.go.jp/02/index.php?action_kouhyou_detail_004_kani=true&JigyosyoCd=0272301201-00&ServiceCd=110&Type=search", "url2": null }, "geometry": { "type": "Point", "coordinates": [ 140.518603748114629, 40.648097354669503 ] } },
{ "type": "Feature", "properties": { "内容": "ベストライフ敦【訪問介護】青森県南津軽郡田舎館村大字川部字上西田2-8", "url": "https://www.kaigokensaku.mhlw.go.jp/02/index.php?action_kouhyou_detail_004_kani=true&JigyosyoCd=0272301359-00&ServiceCd=110&Type=search", "url2": null }, "geometry": { "type": "Point", "coordinates": [ 140.5210293, 40.6470221 ] } },
{ "type": "Feature", "properties": { "内容": "社会福祉法人　板柳町社会福祉協議会【訪問介護】青森県北津軽郡板柳町大字福野田字実田１１番地７", "url": "https://www.kaigokensaku.mhlw.go.jp/02/index.php?action_kouhyou_detail_004_kani=true&JigyosyoCd=0272400078-00&ServiceCd=110&Type=search", "url2": "http://itayanagishakyo.or.jp" }, "geometry": { "type": "Point", "coordinates": [ 140.465076299999964, 40.6969384 ] } },
{ "type": "Feature", "properties": { "内容": "セーフテーヘルプサービス【訪問介護】青森県北津軽郡板柳町大字福野田字実田73番地5", "url": "https://www.kaigokensaku.mhlw.go.jp/02/index.php?action_kouhyou_detail_004_kani=true&JigyosyoCd=0272400144-00&ServiceCd=110&Type=search", "url2": null }, "geometry": { "type": "Point", "coordinates": [ 140.4591213, 40.6986434 ] } },
{ "type": "Feature", "properties": { "内容": "ホームヘルプサービス鶴住【訪問介護】青森県北津軽郡板柳町大字野中字鶴住102-2", "url": "https://www.kaigokensaku.mhlw.go.jp/02/index.php?action_kouhyou_detail_004_kani=true&JigyosyoCd=0272400284-00&ServiceCd=110&Type=search", "url2": "http://turuzumikai.jp/" }, "geometry": { "type": "Point", "coordinates": [ 140.450818499999968, 40.7220886 ] } },
{ "type": "Feature", "properties": { "内容": "訪問介護ステーション　ライラック【訪問介護】青森県北津軽郡板柳町大字掛落林字前田262-2", "url": "https://www.kaigokensaku.mhlw.go.jp/02/index.php?action_kouhyou_detail_004_kani=true&JigyosyoCd=0272400961-00&ServiceCd=110&Type=search", "url2": null }, "geometry": { "type": "Point", "coordinates": [ 140.440469300000018, 40.7178138 ] } },
{ "type": "Feature", "properties": { "内容": "ホームヘルプ　エム【訪問介護】北津軽郡板柳町大字赤田字桂3-27", "url": "https://www.kaigokensaku.mhlw.go.jp/02/index.php?action_kouhyou_detail_004_kani=true&JigyosyoCd=0272401001-00&ServiceCd=110&Type=search", "url2": null }, "geometry": { "type": "Point", "coordinates": [ 140.473430900000039, 40.7128941 ] } },
{ "type": "Feature", "properties": { "内容": "ライフケア高増ヘルパーセンター【訪問介護】青森県北津軽郡板柳町大字大俵字和田427番地2", "url": "https://www.kaigokensaku.mhlw.go.jp/02/index.php?action_kouhyou_detail_004_kani=true&JigyosyoCd=0272401035-00&ServiceCd=110&Type=search", "url2": "http://tsugarunosato.com/takamasu/" }, "geometry": { "type": "Point", "coordinates": [ 140.489066006082112, 40.717411154212506 ] } },
{ "type": "Feature", "properties": { "内容": "ヘルパーステーションいよな【訪問介護】青森県北津軽郡板柳町大字板柳字土井24番地1神アパート12号", "url": "https://www.kaigokensaku.mhlw.go.jp/02/index.php?action_kouhyou_detail_004_kani=true&JigyosyoCd=0272401068-00&ServiceCd=110&Type=search", "url2": null }, "geometry": { "type": "Point", "coordinates": [ 140.457050614680497, 40.692342839608891 ] } },
{ "type": "Feature", "properties": { "内容": "ヘルパーステーションうたがわ【訪問介護】北津軽郡板柳町大字横沢字宮元146-6", "url": "https://www.kaigokensaku.mhlw.go.jp/02/index.php?action_kouhyou_detail_004_kani=true&JigyosyoCd=0272401183-00&ServiceCd=110&Type=search", "url2": null }, "geometry": { "type": "Point", "coordinates": [ 140.4729231, 40.6860677 ] } },
{ "type": "Feature", "properties": { "内容": "ニチイケアセンターいたやなぎ【訪問介護】青森県北津軽郡板柳町大字辻字福岡65-10ユーアートビル　1階", "url": "https://www.kaigokensaku.mhlw.go.jp/02/index.php?action_kouhyou_detail_004_kani=true&JigyosyoCd=0272401241-00&ServiceCd=110&Type=search", "url2": "https://www.nichiigakkan.co.jp/" }, "geometry": { "type": "Point", "coordinates": [ 140.4637141, 40.6960037 ] } },
{ "type": "Feature", "properties": { "内容": "訪問介護事業所　のどか【訪問介護】青森県北津軽郡板柳町大字辻字松元４１番地１", "url": "https://www.kaigokensaku.mhlw.go.jp/02/index.php?action_kouhyou_detail_004_kani=true&JigyosyoCd=0272401290-00&ServiceCd=110&Type=search", "url2": "https://r.goope.jp/nodokaitayanagi" }, "geometry": { "type": "Point", "coordinates": [ 140.465908058860776, 40.692325248410448 ] } },
{ "type": "Feature", "properties": { "内容": "訪問介護事業所タンポポの丘【訪問介護】青森県北津軽郡鶴田町大字境字北原88番地6", "url": "https://www.kaigokensaku.mhlw.go.jp/02/index.php?action_kouhyou_detail_004_kani=true&JigyosyoCd=0272401217-00&ServiceCd=110&Type=search", "url2": null }, "geometry": { "type": "Point", "coordinates": [ 140.4491366, 40.7378271 ] } },
{ "type": "Feature", "properties": { "内容": "社会福祉法人鶴田町社会福祉協議会訪問介護事業所【訪問介護】青森県北津軽郡鶴田町大字鶴田字沖津193鶴田町保健福祉センター鶴遊館", "url": "https://www.kaigokensaku.mhlw.go.jp/02/index.php?action_kouhyou_detail_004_kani=true&JigyosyoCd=0272401126-00&ServiceCd=110&Type=search", "url2": "http://turuta-syakyo.or.jp/" }, "geometry": { "type": "Point", "coordinates": [ 140.427796586959516, 40.749037238841225 ] } },
{ "type": "Feature", "properties": { "内容": "ヘルパーステーションひかり【訪問介護】青森県北津軽郡鶴田町大字菖蒲川字前田224-1", "url": "https://www.kaigokensaku.mhlw.go.jp/02/index.php?action_kouhyou_detail_004_kani=true&JigyosyoCd=0272401159-00&ServiceCd=110&Type=search", "url2": null }, "geometry": { "type": "Point", "coordinates": [ 140.427562328311183, 40.746379049978337 ] } },
{ "type": "Feature", "properties": { "内容": "ヘルパーステーションたいよう【訪問介護】青森県北津軽郡鶴田町大字野木字下糺69住宅型有料老人ホームひまわり", "url": "https://www.kaigokensaku.mhlw.go.jp/02/index.php?action_kouhyou_detail_004_kani=true&JigyosyoCd=0272401316-00&ServiceCd=110&Type=search", "url2": null }, "geometry": { "type": "Point", "coordinates": [ 140.399186935582009, 40.750426922666279 ] } },
{ "type": "Feature", "properties": { "内容": "社会福祉法人　中泊町社会福祉協議会【訪問介護】青森県北津軽郡中泊町大字中里字亀山170-1中泊町総合福祉センター「湯らぱーく」内", "url": "https://www.kaigokensaku.mhlw.go.jp/02/index.php?action_kouhyou_detail_004_kani=true&JigyosyoCd=0272400060-00&ServiceCd=110&Type=search", "url2": "http://nakadomarimatishakyo.web.fc2.com/" }, "geometry": { "type": "Point", "coordinates": [ 140.436643693020329, 40.967288648350575 ] } },
{ "type": "Feature", "properties": { "内容": "内潟療護園ホームヘルプセンター【訪問介護】青森県北津軽郡中泊町大字深郷田字甘木１２０番地２", "url": "https://www.kaigokensaku.mhlw.go.jp/02/index.php?action_kouhyou_detail_004_kani=true&JigyosyoCd=0272400243-00&ServiceCd=110&Type=search", "url2": "http://uchigata.or.jp/" }, "geometry": { "type": "Point", "coordinates": [ 140.4416333, 40.9429209 ] } },
{ "type": "Feature", "properties": { "内容": "花まる訪問介護【訪問介護】青森県北津軽郡中泊町大字大沢内字海原148－196", "url": "https://www.kaigokensaku.mhlw.go.jp/02/index.php?action_kouhyou_detail_004_kani=true&JigyosyoCd=0272401142-00&ServiceCd=110&Type=search", "url2": null }, "geometry": { "type": "Point", "coordinates": [ 140.445502975653426, 40.94598750822751 ] } },
{ "type": "Feature", "properties": { "内容": "のへじ社協訪問介護事業所【訪問介護】青森県上北郡野辺地町字前田5番地2", "url": "https://www.kaigokensaku.mhlw.go.jp/02/index.php?action_kouhyou_detail_004_kani=true&JigyosyoCd=0272500240-00&ServiceCd=110&Type=search", "url2": "http://nohejishakyo.jp/" }, "geometry": { "type": "Point", "coordinates": [ 141.121438561238165, 40.865375207744805 ] } },
{ "type": "Feature", "properties": { "内容": "てくの・ケア【訪問介護】青森県上北郡野辺地町字助佐小路7－8", "url": "https://www.kaigokensaku.mhlw.go.jp/02/index.php?action_kouhyou_detail_004_kani=true&JigyosyoCd=0272501123-00&ServiceCd=110&Type=search", "url2": null }, "geometry": { "type": "Point", "coordinates": [ 141.130944053212033, 40.866872113191114 ] } },
{ "type": "Feature", "properties": { "内容": "訪問介護　ふる里【訪問介護】青森県上北郡野辺地町字大月平33-4", "url": "https://www.kaigokensaku.mhlw.go.jp/02/index.php?action_kouhyou_detail_004_kani=true&JigyosyoCd=0272501792-00&ServiceCd=110&Type=search", "url2": null }, "geometry": { "type": "Point", "coordinates": [ 141.14177810000001, 40.8749245 ] } },
{ "type": "Feature", "properties": { "内容": "株式会社ケアライフ青森　野辺地営業所【訪問介護】青森県上北郡野辺地町字家ノ上103番地2", "url": "https://www.kaigokensaku.mhlw.go.jp/02/index.php?action_kouhyou_detail_004_kani=true&JigyosyoCd=0272501883-00&ServiceCd=110&Type=search", "url2": "http://www.carelife-net.co.jp" }, "geometry": { "type": "Point", "coordinates": [ 141.099177653381048, 40.872101981479616 ] } },
{ "type": "Feature", "properties": { "内容": "社会福祉法人七戸町社会福祉協議会【訪問介護】青森県上北郡七戸町字立野頭139番地1七戸町総合福祉センター", "url": "https://www.kaigokensaku.mhlw.go.jp/02/index.php?action_kouhyou_detail_004_kani=true&JigyosyoCd=0272500307-00&ServiceCd=110&Type=search", "url2": "http://www.7shakyo.com" }, "geometry": { "type": "Point", "coordinates": [ 141.167974800000025, 40.7059488 ] } },
{ "type": "Feature", "properties": { "内容": "城南ヘルパーセンター【訪問介護】青森県上北郡七戸町字太田野１９番地４", "url": "https://www.kaigokensaku.mhlw.go.jp/02/index.php?action_kouhyou_detail_004_kani=true&JigyosyoCd=0272501255-00&ServiceCd=110&Type=search", "url2": null }, "geometry": { "type": "Point", "coordinates": [ 141.162445299999945, 40.6915336 ] } },
{ "type": "Feature", "properties": { "内容": "ヘルパーステーションはぁとふる【訪問介護】青森県上北郡七戸町字蛇坂13-1", "url": "https://www.kaigokensaku.mhlw.go.jp/02/index.php?action_kouhyou_detail_004_kani=true&JigyosyoCd=0272502121-00&ServiceCd=110&Type=search", "url2": "http://heartfulshichinohe.com" }, "geometry": { "type": "Point", "coordinates": [ 141.150226100000026, 40.7050318 ] } },
{ "type": "Feature", "properties": { "内容": "ニチイケアセンターしちのへ【訪問介護】青森県上北郡七戸町字蒼前字４９番地蒼前アパート", "url": "https://www.kaigokensaku.mhlw.go.jp/02/index.php?action_kouhyou_detail_004_kani=true&JigyosyoCd=0272502279-00&ServiceCd=110&Type=search", "url2": "https://www.nichiigakkan.co.jp" }, "geometry": { "type": "Point", "coordinates": [ 141.1603063, 40.6920493 ] } },
{ "type": "Feature", "properties": { "内容": "ヘルパーステーション暖和【訪問介護】青森県上北郡七戸町字道ノ上12-1", "url": "https://www.kaigokensaku.mhlw.go.jp/02/index.php?action_kouhyou_detail_004_kani=true&JigyosyoCd=0272502386-00&ServiceCd=110&Type=search", "url2": "https://www.danwahome.com/" }, "geometry": { "type": "Point", "coordinates": [ 141.152056763711869, 40.742813988371431 ] } },
{ "type": "Feature", "properties": { "内容": "ケアサポート　ゆう【訪問介護】青森県上北郡七戸町字道の上118-1", "url": "https://www.kaigokensaku.mhlw.go.jp/02/index.php?action_kouhyou_detail_004_kani=true&JigyosyoCd=0272501313-00&ServiceCd=110&Type=search", "url2": null }, "geometry": { "type": "Point", "coordinates": [ 141.151674100000037, 40.7513962 ] } },
{ "type": "Feature", "properties": { "内容": "訪問介護事業所　かえでの森【訪問介護】青森県上北郡六戸町大字犬落瀬字柴山55-425", "url": "https://www.kaigokensaku.mhlw.go.jp/02/index.php?action_kouhyou_detail_004_kani=true&JigyosyoCd=0272501891-00&ServiceCd=110&Type=search", "url2": null }, "geometry": { "type": "Point", "coordinates": [ 141.339183548130052, 40.616917595882015 ] } },
{ "type": "Feature", "properties": { "内容": "社会福祉法人　六戸町社会福祉協議会【訪問介護】青森県上北郡六戸町大字犬落瀬字柴山3-9六戸町老人福祉センター", "url": "https://www.kaigokensaku.mhlw.go.jp/02/index.php?action_kouhyou_detail_004_kani=true&JigyosyoCd=0272500067-00&ServiceCd=110&Type=search", "url2": "http://www.rokunohefukusi.jp/" }, "geometry": { "type": "Point", "coordinates": [ 141.331409600000029, 40.6121871 ] } },
{ "type": "Feature", "properties": { "内容": "社会福祉法人横浜町社会福祉協議会【訪問介護】青森県上北郡横浜町字三保野57番地8", "url": "https://www.kaigokensaku.mhlw.go.jp/02/index.php?action_kouhyou_detail_004_kani=true&JigyosyoCd=0272500158-00&ServiceCd=110&Type=search", "url2": null }, "geometry": { "type": "Point", "coordinates": [ 141.2515498, 41.0823287 ] } },
{ "type": "Feature", "properties": { "内容": "訪問介護事業所　よこはま【訪問介護】青森県上北郡横浜町字上イタヤノ木438-8", "url": "https://www.kaigokensaku.mhlw.go.jp/02/index.php?action_kouhyou_detail_004_kani=true&JigyosyoCd=0272501776-00&ServiceCd=110&Type=search", "url2": null }, "geometry": { "type": "Point", "coordinates": [ 141.248306521426485, 41.076246299727465 ] } },
{ "type": "Feature", "properties": { "内容": "すみれ介護相談センター【訪問介護】青森県上北郡東北町上北北一丁目34-103", "url": "https://www.kaigokensaku.mhlw.go.jp/02/index.php?action_kouhyou_detail_004_kani=true&JigyosyoCd=0272500919-00&ServiceCd=110&Type=search", "url2": "http://sumirekai.or.jp" }, "geometry": { "type": "Point", "coordinates": [ 141.260915299999965, 40.7342509 ] } },
{ "type": "Feature", "properties": { "内容": "サンライズ・ケア　サービス【訪問介護】青森県上北郡東北町旭南三丁目296番地2", "url": "https://www.kaigokensaku.mhlw.go.jp/02/index.php?action_kouhyou_detail_004_kani=true&JigyosyoCd=0272500943-00&ServiceCd=110&Type=search", "url2": null }, "geometry": { "type": "Point", "coordinates": [ 141.2761418, 40.7305822 ] } },
{ "type": "Feature", "properties": { "内容": "ヘルパーステーション　なごみ【訪問介護】青森県上北郡東北町字上笹橋23番地51", "url": "https://www.kaigokensaku.mhlw.go.jp/02/index.php?action_kouhyou_detail_004_kani=true&JigyosyoCd=0272501669-00&ServiceCd=110&Type=search", "url2": null }, "geometry": { "type": "Point", "coordinates": [ 141.2168226, 40.7805164 ] } },
{ "type": "Feature", "properties": { "内容": "ぽぷらヘルパーセンター【訪問介護】青森県上北郡東北町字往来ノ下３３番地３", "url": "https://www.kaigokensaku.mhlw.go.jp/02/index.php?action_kouhyou_detail_004_kani=true&JigyosyoCd=0272501743-00&ServiceCd=110&Type=search", "url2": "http://care-net.biz/02/akamatsu/index.php" }, "geometry": { "type": "Point", "coordinates": [ 141.281428900000037, 40.7750522 ] } },
{ "type": "Feature", "properties": { "内容": "訪問介護事業所ながいも【訪問介護】青森県上北郡東北町字膳前12-69", "url": "https://www.kaigokensaku.mhlw.go.jp/02/index.php?action_kouhyou_detail_004_kani=true&JigyosyoCd=0272502170-00&ServiceCd=110&Type=search", "url2": null }, "geometry": { "type": "Point", "coordinates": [ 141.205781942033923, 40.781527990710643 ] } },
{ "type": "Feature", "properties": { "内容": "ニチイケアセンターおがわらこ【訪問介護】青森県上北郡東北町大字上野字南谷地237番地コーポパークサイド1-C", "url": "https://www.kaigokensaku.mhlw.go.jp/02/index.php?action_kouhyou_detail_004_kani=true&JigyosyoCd=0272502261-00&ServiceCd=110&Type=search", "url2": null }, "geometry": { "type": "Point", "coordinates": [ 141.278232200000048, 40.7308961 ] } },
{ "type": "Feature", "properties": { "内容": "訪問介護事業所ふれあい【訪問介護】青森県上北郡東北町上北北1－24－38", "url": "https://www.kaigokensaku.mhlw.go.jp/02/index.php?action_kouhyou_detail_004_kani=true&JigyosyoCd=0272502063-00&ServiceCd=110&Type=search", "url2": "https://umeyashouji.jp/" }, "geometry": { "type": "Point", "coordinates": [ 141.262886360944094, 40.732263888724795 ] } },
{ "type": "Feature", "properties": { "内容": "介護ステーション　ほっとケアー【訪問介護】青森県上北郡東北町字大平1番地116号", "url": "https://www.kaigokensaku.mhlw.go.jp/02/index.php?action_kouhyou_detail_004_kani=true&JigyosyoCd=0272502113-00&ServiceCd=110&Type=search", "url2": null }, "geometry": { "type": "Point", "coordinates": [ 141.135030043752181, 40.813136356522769 ] } },
{ "type": "Feature", "properties": { "内容": "六ヶ所村ホームヘルパーステーション【訪問介護】青森県上北郡六ヶ所村大字平沼字二階坂92-7", "url": "https://www.kaigokensaku.mhlw.go.jp/02/index.php?action_kouhyou_detail_004_kani=true&JigyosyoCd=0272501180-00&ServiceCd=110&Type=search", "url2": "syouryokutamogi3@crest.ocn.ne.jp" }, "geometry": { "type": "Point", "coordinates": [ 141.35904830000004, 40.872601 ] } },
{ "type": "Feature", "properties": { "内容": "在宅生活ヘルパーステーション【訪問介護】青森県上北郡六ヶ所村大字泊字焼山２６２番地５", "url": "https://www.kaigokensaku.mhlw.go.jp/02/index.php?action_kouhyou_detail_004_kani=true&JigyosyoCd=0272501461-00&ServiceCd=110&Type=search", "url2": null }, "geometry": { "type": "Point", "coordinates": [ 141.391489699999966, 41.1094668 ] } },
{ "type": "Feature", "properties": { "内容": "医療法人　仁泉会　ヘルパーステーションしもだ【訪問介護】青森県上北郡おいらせ町山崎２５９５－１", "url": "https://www.kaigokensaku.mhlw.go.jp/02/index.php?action_kouhyou_detail_004_kani=true&JigyosyoCd=0272500364-00&ServiceCd=110&Type=search", "url2": "https://www.sg-shimoda.org/" }, "geometry": { "type": "Point", "coordinates": [ 141.401794582803404, 40.613117598692497 ] } },
{ "type": "Feature", "properties": { "内容": "ニチイケアセンター　おいらせ【訪問介護】上北郡おいらせ町中平下長根山1-1137", "url": "https://www.kaigokensaku.mhlw.go.jp/02/index.php?action_kouhyou_detail_004_kani=true&JigyosyoCd=0272501438-00&ServiceCd=110&Type=search", "url2": "http://www.nichiigakkan.co.jp" }, "geometry": { "type": "Point", "coordinates": [ 141.387911499999973, 40.6044784 ] } },
{ "type": "Feature", "properties": { "内容": "lｅｇａｍｅ介護サービス【訪問介護】鶉久保山117-615", "url": "https://www.kaigokensaku.mhlw.go.jp/02/index.php?action_kouhyou_detail_004_kani=true&JigyosyoCd=0272501974-00&ServiceCd=110&Type=search", "url2": "https://legame241029.wixsite.com/website" }, "geometry": { "type": "Point", "coordinates": [ 141.379948064745321, 40.652467391767296 ] } },
{ "type": "Feature", "properties": { "内容": "スマイルタカラ訪問介護【訪問介護】青森県上北郡おいらせ町上久保61番161", "url": "https://www.kaigokensaku.mhlw.go.jp/02/index.php?action_kouhyou_detail_004_kani=true&JigyosyoCd=0272502196-00&ServiceCd=110&Type=search", "url2": "https://www.smailtakara.com/" }, "geometry": { "type": "Point", "coordinates": [ 141.378493400000025, 40.6517996 ] } },
{ "type": "Feature", "properties": { "内容": "訪問介護事業所　たんぽぽ【訪問介護】青森県上北郡おいらせ町東下谷地622", "url": "https://www.kaigokensaku.mhlw.go.jp/02/index.php?action_kouhyou_detail_004_kani=true&JigyosyoCd=0272500265-00&ServiceCd=110&Type=search", "url2": "http://www.momoishiso.or.jp" }, "geometry": { "type": "Point", "coordinates": [ 141.4460398, 40.6121647 ] } },
{ "type": "Feature", "properties": { "内容": "ホームヘルプセンターくろまつ【訪問介護】青森県下北郡大間町大字大間字大間平２０－７８", "url": "https://www.kaigokensaku.mhlw.go.jp/02/index.php?action_kouhyou_detail_004_kani=true&JigyosyoCd=0272600297-00&ServiceCd=110&Type=search", "url2": null }, "geometry": { "type": "Point", "coordinates": [ 140.926777920762646, 41.525979387755406 ] } },
{ "type": "Feature", "properties": { "内容": "介護サービス事業所和【訪問介護】森県下北郡東通村大字白糠字家ノ上43-4", "url": "https://www.kaigokensaku.mhlw.go.jp/02/index.php?action_kouhyou_detail_004_kani=true&JigyosyoCd=0272600446-00&ServiceCd=110&Type=search", "url2": null }, "geometry": { "type": "Point", "coordinates": [ 141.381951599999979, 41.1624709 ] } },
{ "type": "Feature", "properties": { "内容": "ヘルパーステーション　ゆめこし【訪問介護】青森県下北郡東通村大字田屋字青平道4-1", "url": "https://www.kaigokensaku.mhlw.go.jp/02/index.php?action_kouhyou_detail_004_kani=true&JigyosyoCd=0272600495-00&ServiceCd=110&Type=search", "url2": null }, "geometry": { "type": "Point", "coordinates": [ 141.25740183926959, 41.283639319586193 ] } },
{ "type": "Feature", "properties": { "内容": "ヘルパーステーションさくらの里【訪問介護】青森県下北郡東通村大字小田野沢字中川目55-342", "url": "https://www.kaigokensaku.mhlw.go.jp/02/index.php?action_kouhyou_detail_004_kani=true&JigyosyoCd=0272600602-00&ServiceCd=110&Type=search", "url2": null }, "geometry": { "type": "Point", "coordinates": [ 141.3954683, 41.2361925 ] } },
{ "type": "Feature", "properties": { "内容": "ヘルパーステーションあしすと【訪問介護】青森県下北郡東通村大字白糠字赤平679", "url": "https://www.kaigokensaku.mhlw.go.jp/02/index.php?action_kouhyou_detail_004_kani=true&JigyosyoCd=0272600610-00&ServiceCd=110&Type=search", "url2": null }, "geometry": { "type": "Point", "coordinates": [ 141.3851515300247, 41.146828670057005 ] } },
{ "type": "Feature", "properties": { "内容": "合同会社　大室介護支援事務所【訪問介護】大字易国間字易国間61-1", "url": "https://www.kaigokensaku.mhlw.go.jp/02/index.php?action_kouhyou_detail_004_kani=true&JigyosyoCd=0272600537-00&ServiceCd=110&Type=search", "url2": null }, "geometry": { "type": "Point", "coordinates": [ 140.994543300000032, 41.4890853 ] } },
{ "type": "Feature", "properties": { "内容": "あすなろ訪問介護事業所【訪問介護】青森県下北郡佐井村大字佐井字大佐井川目39番地12", "url": "https://www.kaigokensaku.mhlw.go.jp/02/index.php?action_kouhyou_detail_004_kani=true&JigyosyoCd=0272600156-00&ServiceCd=110&Type=search", "url2": "http://www.sai-shakyo.com/" }, "geometry": { "type": "Point", "coordinates": [ 140.862403699999959, 41.4294699 ] } },
{ "type": "Feature", "properties": { "内容": "訪問介護サービス　さんのへ【訪問介護】青森県三戸郡三戸町大字六日町31", "url": "https://www.kaigokensaku.mhlw.go.jp/02/index.php?action_kouhyou_detail_004_kani=true&JigyosyoCd=0272701426-00&ServiceCd=110&Type=search", "url2": null }, "geometry": { "type": "Point", "coordinates": [ 141.260822500000017, 40.3849585 ] } },
{ "type": "Feature", "properties": { "内容": "訪問介護事業所　いちばん星【訪問介護】青森県三戸郡三戸町大字川守田字沖中73-4", "url": "https://www.kaigokensaku.mhlw.go.jp/02/index.php?action_kouhyou_detail_004_kani=true&JigyosyoCd=0272701707-00&ServiceCd=110&Type=search", "url2": null }, "geometry": { "type": "Point", "coordinates": [ 141.267612900000017, 40.3935521 ] } },
{ "type": "Feature", "properties": { "内容": "社会福祉法人　三戸町社会福祉協議会【訪問介護】青森県三戸郡三戸町大字在府小路町17番地", "url": "https://www.kaigokensaku.mhlw.go.jp/02/index.php?action_kouhyou_detail_004_kani=true&JigyosyoCd=0272700030-00&ServiceCd=110&Type=search", "url2": null }, "geometry": { "type": "Point", "coordinates": [ 141.259456399999976, 40.3786898 ] } },
{ "type": "Feature", "properties": { "内容": "五戸ヘルパーステーション【訪問介護】青森県三戸郡五戸町古堂後5-4", "url": "https://www.kaigokensaku.mhlw.go.jp/02/index.php?action_kouhyou_detail_004_kani=true&JigyosyoCd=0272701582-00&ServiceCd=110&Type=search", "url2": null }, "geometry": { "type": "Point", "coordinates": [ 141.293319500000052, 40.5277303 ] } },
{ "type": "Feature", "properties": { "内容": "ケアステーションハピネス五戸(訪問介護）【訪問介護】青森県三戸郡五戸町字姥堤34番1", "url": "https://www.kaigokensaku.mhlw.go.jp/02/index.php?action_kouhyou_detail_004_kani=true&JigyosyoCd=0272700139-00&ServiceCd=110&Type=search", "url2": "http://www.senior-navi.com/family" }, "geometry": { "type": "Point", "coordinates": [ 141.2945638, 40.5314548 ] } },
{ "type": "Feature", "properties": { "内容": "五戸町社会福祉協議会ヘルパーステーション【訪問介護】青森県三戸郡五戸町大字倉石中市字幸神道前15-4五戸町保健福祉センター内", "url": "https://www.kaigokensaku.mhlw.go.jp/02/index.php?action_kouhyou_detail_004_kani=true&JigyosyoCd=0272700246-00&ServiceCd=110&Type=search", "url2": "ｈｔｔｐｓ：//www.syakyo.or.jp/hp/artic1e/index.php?s=217&m=2063" }, "geometry": { "type": "Point", "coordinates": [ 141.250099200000022, 40.5027347 ] } },
{ "type": "Feature", "properties": { "内容": "ニチイケアセンター五戸【訪問介護】青森県三戸郡五戸町字下モ沢向21番地3三浦貸店舗", "url": "https://www.kaigokensaku.mhlw.go.jp/02/index.php?action_kouhyou_detail_004_kani=true&JigyosyoCd=0272702002-00&ServiceCd=110&Type=search", "url2": null }, "geometry": { "type": "Point", "coordinates": [ 141.3042427, 40.5248894 ] } },
{ "type": "Feature", "properties": { "内容": "ヘルパーステーションかわらまち【訪問介護】青森県三戸郡五戸町字川原町西裏5-80", "url": "https://www.kaigokensaku.mhlw.go.jp/02/index.php?action_kouhyou_detail_004_kani=true&JigyosyoCd=0272702028-00&ServiceCd=110&Type=search", "url2": "https://www.sg-gonohe.com/" }, "geometry": { "type": "Point", "coordinates": [ 141.293607, 40.5238626 ] } },
{ "type": "Feature", "properties": { "内容": "田子町社協指定訪問介護事業所【訪問介護】青森県三戸郡田子町大字田子字前田２番地１号せせらぎの郷内　2階", "url": "https://www.kaigokensaku.mhlw.go.jp/02/index.php?action_kouhyou_detail_004_kani=true&JigyosyoCd=0272700469-00&ServiceCd=110&Type=search", "url2": "syakyou@bz01.plala.or.jp" }, "geometry": { "type": "Point", "coordinates": [ 141.153824699999973, 40.3410614 ] } },
{ "type": "Feature", "properties": { "内容": "ホームケアセンター・リスパ【訪問介護】青森県三戸郡南部町福田赤坂脇10‐72", "url": "https://www.kaigokensaku.mhlw.go.jp/02/index.php?action_kouhyou_detail_004_kani=true&JigyosyoCd=0272702077-00&ServiceCd=110&Type=search", "url2": null }, "geometry": { "type": "Point", "coordinates": [ 141.391640099999989, 40.437229499999987 ] } },
{ "type": "Feature", "properties": { "内容": "ふくちヘルパーサービスセンター【訪問介護】青森県三戸郡南部町大字福田字あかね１２－１", "url": "https://www.kaigokensaku.mhlw.go.jp/02/index.php?action_kouhyou_detail_004_kani=true&JigyosyoCd=0272701087-00&ServiceCd=110&Type=search", "url2": "http://chorokai.or.jp/" }, "geometry": { "type": "Point", "coordinates": [ 141.381538585397379, 40.458847638345965 ] } },
{ "type": "Feature", "properties": { "内容": "訪問介護事業所あいのの【訪問介護】青森県三戸郡南部町大字大向字船場平36－4", "url": "https://www.kaigokensaku.mhlw.go.jp/02/index.php?action_kouhyou_detail_004_kani=true&JigyosyoCd=0272701434-00&ServiceCd=110&Type=search", "url2": null }, "geometry": { "type": "Point", "coordinates": [ 141.271320100000025, 40.404031499999981 ] } },
{ "type": "Feature", "properties": { "内容": "ニチイケアセンターなんぶ【訪問介護】青森県三戸郡南部町大字沖田面字土城後28-1テナント･ﾒｸﾞ1階3号", "url": "https://www.kaigokensaku.mhlw.go.jp/02/index.php?action_kouhyou_detail_004_kani=true&JigyosyoCd=0272701509-00&ServiceCd=110&Type=search", "url2": "http://www.nichiigukkan.co.jp" }, "geometry": { "type": "Point", "coordinates": [ 141.279438300000038, 40.4118862 ] } },
{ "type": "Feature", "properties": { "内容": "アップル・ケアサービス【訪問介護】青森県三戸郡南部町大字斗賀字上町焼1", "url": "https://www.kaigokensaku.mhlw.go.jp/02/index.php?action_kouhyou_detail_004_kani=true&JigyosyoCd=0272701616-00&ServiceCd=110&Type=search", "url2": null }, "geometry": { "type": "Point", "coordinates": [ 141.348205199999938, 40.4586319 ] } },
{ "type": "Feature", "properties": { "内容": "スマイルヘルパーセンター【訪問介護】青森県三戸郡南部町大字埖渡字下外窪　12-67", "url": "https://www.kaigokensaku.mhlw.go.jp/02/index.php?action_kouhyou_detail_004_kani=true&JigyosyoCd=0272701632-00&ServiceCd=110&Type=search", "url2": null }, "geometry": { "type": "Point", "coordinates": [ 141.402749088360594, 40.460292604814754 ] } },
{ "type": "Feature", "properties": { "内容": "ヘルパーステーション　絆【訪問介護】青森県三戸郡南部町大字斗賀字沼田　71-1、71-2", "url": "https://www.kaigokensaku.mhlw.go.jp/02/index.php?action_kouhyou_detail_004_kani=true&JigyosyoCd=0272701731-00&ServiceCd=110&Type=search", "url2": null }, "geometry": { "type": "Point", "coordinates": [ 141.344538899999947, 40.4544656 ] } },
{ "type": "Feature", "properties": { "内容": "ヘルパーステーション福の里【訪問介護】青森県三戸郡南部町大字苫米地字白山堂１１－２ケアホーム　福の里", "url": "https://www.kaigokensaku.mhlw.go.jp/02/index.php?action_kouhyou_detail_004_kani=true&JigyosyoCd=0272701871-00&ServiceCd=110&Type=search", "url2": null }, "geometry": { "type": "Point", "coordinates": [ 141.386758800594293, 40.467036483391809 ] } },
{ "type": "Feature", "properties": { "内容": "株式会社　絵夢プランニング【訪問介護】青森県三戸郡南部町大字大向字小波田47-2", "url": "https://www.kaigokensaku.mhlw.go.jp/02/index.php?action_kouhyou_detail_004_kani=true&JigyosyoCd=0272702010-00&ServiceCd=110&Type=search", "url2": "http://hp.kaipoke.biz/ade" }, "geometry": { "type": "Point", "coordinates": [ 141.274892599999987, 40.3966043 ] } },
{ "type": "Feature", "properties": { "内容": "青森県三戸郡南部町大字剣吉字岩ノ下4番地1【訪問介護】青森県三戸郡南部町大字剣吉字岩ノ下4番地1", "url": "https://www.kaigokensaku.mhlw.go.jp/02/index.php?action_kouhyou_detail_004_kani=true&JigyosyoCd=0272702101-00&ServiceCd=110&Type=search", "url2": "htt://hp.kaipoke.biz/dzc/" }, "geometry": { "type": "Point", "coordinates": [ 141.3434499, 40.4465484 ] } },
{ "type": "Feature", "properties": { "内容": "南部社協ヘルパーセンター【訪問介護】青森県三戸郡南部町大字平字広場２８－１南部町名川老人福祉センター内", "url": "https://www.kaigokensaku.mhlw.go.jp/02/index.php?action_kouhyou_detail_004_kani=true&JigyosyoCd=0272700402-00&ServiceCd=110&Type=search", "url2": null }, "geometry": { "type": "Point", "coordinates": [ 141.331223899999941, 40.420828 ] } },
{ "type": "Feature", "properties": { "内容": "ヘルパーステーションみくまり【訪問介護】蒼前東４丁目６番地３５６", "url": "https://www.kaigokensaku.mhlw.go.jp/02/index.php?action_kouhyou_detail_004_kani=true&JigyosyoCd=0272702119-00&ServiceCd=110&Type=search", "url2": null }, "geometry": { "type": "Point", "coordinates": [ 141.5813234, 40.4722979 ] } },
{ "type": "Feature", "properties": { "内容": "階上町社協ヘルパーステーション【訪問介護】青森県三戸郡階上町大字道仏字天当平1番地182ハートフルプラザ・はしかみ内", "url": "https://www.kaigokensaku.mhlw.go.jp/02/index.php?action_kouhyou_detail_004_kani=true&JigyosyoCd=0272700303-00&ServiceCd=110&Type=search", "url2": "https://hashikami-shakyo.jp" }, "geometry": { "type": "Point", "coordinates": [ 141.623079, 40.4529693 ] } },
{ "type": "Feature", "properties": { "内容": "ヘルパーステーションありがとう【訪問介護】青森県三戸郡階上町大字赤保内字柳沢15番地343", "url": "https://www.kaigokensaku.mhlw.go.jp/02/index.php?action_kouhyou_detail_004_kani=true&JigyosyoCd=0272701590-00&ServiceCd=110&Type=search", "url2": null }, "geometry": { "type": "Point", "coordinates": [ 141.6094915, 40.4479616 ] } },
{ "type": "Feature", "properties": { "内容": "ヘルパーセンターかっこうの森【訪問介護】青森県三戸郡階上町蒼前西３丁目9－153サービス付き高齢者向け住宅　かっこうの森", "url": "https://www.kaigokensaku.mhlw.go.jp/02/index.php?action_kouhyou_detail_004_kani=true&JigyosyoCd=0272701665-00&ServiceCd=110&Type=search", "url2": "https://kakkounomori.com/" }, "geometry": { "type": "Point", "coordinates": [ 141.571557900000016, 40.47639550000001 ] } },
{ "type": "Feature", "properties": { "内容": "ヘルパーステーションフォーリーフはしかみ【訪問介護】三戸郡階上町大字道仏字耳ヶ吠６－４２３", "url": "https://www.kaigokensaku.mhlw.go.jp/02/index.php?action_kouhyou_detail_004_kani=true&JigyosyoCd=0272701681-00&ServiceCd=110&Type=search", "url2": null }, "geometry": { "type": "Point", "coordinates": [ 141.614994210955842, 40.454823048326205 ] } },
{ "type": "Feature", "properties": { "内容": "ヘルパーセンターサイン【訪問介護】青森県三戸郡階上町蒼前西3丁目9-1806セカンドホームサインの家内", "url": "https://www.kaigokensaku.mhlw.go.jp/02/index.php?action_kouhyou_detail_004_kani=true&JigyosyoCd=0272701996-00&ServiceCd=110&Type=search", "url2": "http://sign-aomori.com" }, "geometry": { "type": "Point", "coordinates": [ 141.5710939, 40.4746955 ] } },
{ "type": "Feature", "properties": { "内容": "ヘルパ－ステ－ション蘭【訪問介護】青森県三戸郡階上町蒼前西6丁目9-1275", "url": "https://www.kaigokensaku.mhlw.go.jp/02/index.php?action_kouhyou_detail_004_kani=true&JigyosyoCd=0272702044-00&ServiceCd=110&Type=search", "url2": null }, "geometry": { "type": "Point", "coordinates": [ 141.565435400000013, 40.4768064 ] } },
{ "type": "Feature", "properties": { "内容": "ケアステーションアンビエンス階上【訪問介護】青森県三戸郡階上町蒼前西六丁目9ー1930コーポ秋桜206号室", "url": "https://www.kaigokensaku.mhlw.go.jp/02/index.php?action_kouhyou_detail_004_kani=true&JigyosyoCd=0272701186-00&ServiceCd=110&Type=search", "url2": "https://kazusa-yuugen.com/" }, "geometry": { "type": "Point", "coordinates": [ 141.56378526673106, 40.476504031610432 ] } }
]
}
