{
"type": "FeatureCollection",
"name": "geo_02_認知症対応型共同生活介護",
"crs": { "type": "name", "properties": { "name": "urn:ogc:def:crs:OGC:1.3:CRS84" } },
"features": [
{ "type": "Feature", "properties": { "内容": "グループホーム小春びより１号館【認知症対応型共同生活介護】青森県三戸郡新郷村大字戸来字金ヶ沢森ノ下２４", "url": "https://www.kaigokensaku.mhlw.go.jp/02/index.php?action_kouhyou_detail_004_kani=true&JigyosyoCd=0272700691-00&ServiceCd=320&Type=search", "url2": "http://www.jinsenkai.com" }, "geometry": { "type": "Point", "coordinates": [ 141.178185399999961, 40.470056 ] } },
{ "type": "Feature", "properties": { "内容": "グループホーム　星遊荘【認知症対応型共同生活介護】青森市大字諏訪沢字丸山６３番地２", "url": "https://www.kaigokensaku.mhlw.go.jp/02/index.php?action_kouhyou_detail_004_kani=true&JigyosyoCd=0270100811-00&ServiceCd=320&Type=search", "url2": null }, "geometry": { "type": "Point", "coordinates": [ 140.833181223942546, 40.820432779692446 ] } },
{ "type": "Feature", "properties": { "内容": "グループホームはくちょう荘【認知症対応型共同生活介護】青森県青森市大字野内字菊川57-64グループホームはくちょう荘", "url": "https://www.kaigokensaku.mhlw.go.jp/02/index.php?action_kouhyou_detail_004_kani=true&JigyosyoCd=0270101074-00&ServiceCd=320&Type=search", "url2": "https://www.suwanomorikai.com/" }, "geometry": { "type": "Point", "coordinates": [ 140.815751769823464, 40.846769649100573 ] } },
{ "type": "Feature", "properties": { "内容": "グループホーム　こうばた【認知症対応型共同生活介護】青森市大字幸畑字谷脇214-1", "url": "https://www.kaigokensaku.mhlw.go.jp/02/index.php?action_kouhyou_detail_004_kani=true&JigyosyoCd=0270101140-00&ServiceCd=320&Type=search", "url2": "http://www.toushien.or.jp/index.html" }, "geometry": { "type": "Point", "coordinates": [ 140.792728500000067, 40.7905596 ] } },
{ "type": "Feature", "properties": { "内容": "グループホーム　千代の郷【認知症対応型共同生活介護】青森県青森市大字矢田字下野尻48-4", "url": "https://www.kaigokensaku.mhlw.go.jp/02/index.php?action_kouhyou_detail_004_kani=true&JigyosyoCd=0270101371-00&ServiceCd=320&Type=search", "url2": "http://www.wakouen.or.jp" }, "geometry": { "type": "Point", "coordinates": [ 140.847387700000013, 40.8470271 ] } },
{ "type": "Feature", "properties": { "内容": "グループホームななかまど【認知症対応型共同生活介護】青森市第二問屋町1-7-14", "url": "https://www.kaigokensaku.mhlw.go.jp/02/index.php?action_kouhyou_detail_004_kani=true&JigyosyoCd=0270101397-00&ServiceCd=320&Type=search", "url2": "nanakamado.tonyamachi@gmail.com" }, "geometry": { "type": "Point", "coordinates": [ 140.756136474622906, 40.793871784410122 ] } },
{ "type": "Feature", "properties": { "内容": "グループホーム　ミントとやま【認知症対応型共同生活介護】青森市赤坂１丁目１２－１１", "url": "https://www.kaigokensaku.mhlw.go.jp/02/index.php?action_kouhyou_detail_004_kani=true&JigyosyoCd=0270101488-00&ServiceCd=320&Type=search", "url2": "http://www.lifesaver.co.jp" }, "geometry": { "type": "Point", "coordinates": [ 140.807015800000045, 40.7998009 ] } },
{ "type": "Feature", "properties": { "内容": "グループ住宅さわやか【認知症対応型共同生活介護】青森県青森市中佃1丁目２６－１", "url": "https://www.kaigokensaku.mhlw.go.jp/02/index.php?action_kouhyou_detail_004_kani=true&JigyosyoCd=0270101496-00&ServiceCd=320&Type=search", "url2": null }, "geometry": { "type": "Point", "coordinates": [ 140.779184500000042, 40.8160482 ] } },
{ "type": "Feature", "properties": { "内容": "グループホーム宮田館【認知症対応型共同生活介護】青森市大字宮田字玉水２３８番地４", "url": "https://www.kaigokensaku.mhlw.go.jp/02/index.php?action_kouhyou_detail_004_kani=true&JigyosyoCd=0270101512-00&ServiceCd=320&Type=search", "url2": null }, "geometry": { "type": "Point", "coordinates": [ 140.832389599999942, 40.841469 ] } },
{ "type": "Feature", "properties": { "内容": "グループホーム上磯【認知症対応型共同生活介護】青森県青森市大字飛鳥字塩越４番地１", "url": "https://www.kaigokensaku.mhlw.go.jp/02/index.php?action_kouhyou_detail_004_kani=true&JigyosyoCd=0270101553-00&ServiceCd=320&Type=search", "url2": null }, "geometry": { "type": "Point", "coordinates": [ 140.684802110341877, 40.868836189313377 ] } },
{ "type": "Feature", "properties": { "内容": "グループホーム　ふれあい【認知症対応型共同生活介護】青森市小柳１丁目１７番１7号", "url": "https://www.kaigokensaku.mhlw.go.jp/02/index.php?action_kouhyou_detail_004_kani=true&JigyosyoCd=0270101652-00&ServiceCd=320&Type=search", "url2": "ghhureai@ec2.technowave.ne.jp" }, "geometry": { "type": "Point", "coordinates": [ 140.790989576721131, 40.821365393645856 ] } },
{ "type": "Feature", "properties": { "内容": "すかいグループホーム【認知症対応型共同生活介護】青森市花園２丁目４４番地７", "url": "https://www.kaigokensaku.mhlw.go.jp/02/index.php?action_kouhyou_detail_004_kani=true&JigyosyoCd=0270101678-00&ServiceCd=320&Type=search", "url2": "sky-p@dream.ocn.ne.jp" }, "geometry": { "type": "Point", "coordinates": [ 140.775431900000058, 40.8226585 ] } },
{ "type": "Feature", "properties": { "内容": "グループホーム　のじり苑【認知症対応型共同生活介護】青森市大字野尻字今田58-1", "url": "https://www.kaigokensaku.mhlw.go.jp/02/index.php?action_kouhyou_detail_004_kani=true&JigyosyoCd=0270101686-00&ServiceCd=320&Type=search", "url2": "http://www.nojirien.jp" }, "geometry": { "type": "Point", "coordinates": [ 140.764584, 40.7844593 ] } },
{ "type": "Feature", "properties": { "内容": "グループホームあさひ【認知症対応型共同生活介護】青森県青森市四ツ石字下川原２５－９", "url": "https://www.kaigokensaku.mhlw.go.jp/02/index.php?action_kouhyou_detail_004_kani=true&JigyosyoCd=0270101702-00&ServiceCd=320&Type=search", "url2": null }, "geometry": { "type": "Point", "coordinates": [ 140.768531, 40.778237700000012 ] } },
{ "type": "Feature", "properties": { "内容": "グループホーム　バンドー青森【認知症対応型共同生活介護】青森県青森市栄町１丁目８－２５", "url": "https://www.kaigokensaku.mhlw.go.jp/02/index.php?action_kouhyou_detail_004_kani=true&JigyosyoCd=0270101728-00&ServiceCd=320&Type=search", "url2": "http://www.bwfg.co.jp/" }, "geometry": { "type": "Point", "coordinates": [ 140.764896599999929, 40.8255609 ] } },
{ "type": "Feature", "properties": { "内容": "グループホーム　ふる里の家【認知症対応型共同生活介護】青森県青森市大字平新田字池上１１－１０９", "url": "https://www.kaigokensaku.mhlw.go.jp/02/index.php?action_kouhyou_detail_004_kani=true&JigyosyoCd=0270101736-00&ServiceCd=320&Type=search", "url2": "http://www.geocities.jp/ghfurusatonoie/" }, "geometry": { "type": "Point", "coordinates": [ 140.818683299999947, 40.8312836 ] } },
{ "type": "Feature", "properties": { "内容": "グループホーム　陽だまりの里【認知症対応型共同生活介護】青森県青森市大字幸畑字阿部野163-331", "url": "https://www.kaigokensaku.mhlw.go.jp/02/index.php?action_kouhyou_detail_004_kani=true&JigyosyoCd=0270101744-00&ServiceCd=320&Type=search", "url2": "https://www.hidamari^no^sato.com" }, "geometry": { "type": "Point", "coordinates": [ 140.790795600000024, 40.7830019 ] } },
{ "type": "Feature", "properties": { "内容": "グループホームコスモス苑【認知症対応型共同生活介護】青森県青森市大字金浜字稲田111-1", "url": "https://www.kaigokensaku.mhlw.go.jp/02/index.php?action_kouhyou_detail_004_kani=true&JigyosyoCd=0270101751-00&ServiceCd=320&Type=search", "url2": "http://cosmos2003＠ab.auone-net.jp" }, "geometry": { "type": "Point", "coordinates": [ 140.739650200000028, 40.7774456 ] } },
{ "type": "Feature", "properties": { "内容": "グループホーム　ミントつくだ【認知症対応型共同生活介護】青森市中佃３丁目１８―９", "url": "https://www.kaigokensaku.mhlw.go.jp/02/index.php?action_kouhyou_detail_004_kani=true&JigyosyoCd=0270101827-00&ServiceCd=320&Type=search", "url2": "http://www.lifesaver.co.jp" }, "geometry": { "type": "Point", "coordinates": [ 140.7844255, 40.82077 ] } },
{ "type": "Feature", "properties": { "内容": "グループホーム　善知鳥サニー・ライフ【認知症対応型共同生活介護】青森県青森市佃2丁目20-18", "url": "https://www.kaigokensaku.mhlw.go.jp/02/index.php?action_kouhyou_detail_004_kani=true&JigyosyoCd=0270101835-00&ServiceCd=320&Type=search", "url2": "http://sankyohome.jp/sunnylife/" }, "geometry": { "type": "Point", "coordinates": [ 140.781081399999948, 40.8216115 ] } },
{ "type": "Feature", "properties": { "内容": "社団法人慈恵会　グループホーム新城【認知症対応型共同生活介護】青森県青森市大字新城字平岡２５８－９", "url": "https://www.kaigokensaku.mhlw.go.jp/02/index.php?action_kouhyou_detail_004_kani=true&JigyosyoCd=0270101850-00&ServiceCd=320&Type=search", "url2": "jikei-kai.org" }, "geometry": { "type": "Point", "coordinates": [ 140.681880200000023, 40.8242424 ] } },
{ "type": "Feature", "properties": { "内容": "グループホーム　サンライフ善知鳥【認知症対応型共同生活介護】青森県青森市古舘1丁目13-26", "url": "https://www.kaigokensaku.mhlw.go.jp/02/index.php?action_kouhyou_detail_004_kani=true&JigyosyoCd=0270102106-00&ServiceCd=320&Type=search", "url2": "http://sankyohome.jp/sunlife/" }, "geometry": { "type": "Point", "coordinates": [ 140.781715299999973, 40.8016554 ] } },
{ "type": "Feature", "properties": { "内容": "医療法人　白鴎会　まちだパークホーム【認知症対応型共同生活介護】青森市大字羽白字野木和93-1", "url": "https://www.kaigokensaku.mhlw.go.jp/02/index.php?action_kouhyou_detail_004_kani=true&JigyosyoCd=0270102163-00&ServiceCd=320&Type=search", "url2": null }, "geometry": { "type": "Point", "coordinates": [ 140.6779464, 40.8496029 ] } },
{ "type": "Feature", "properties": { "内容": "桃源【認知症対応型共同生活介護】造道三丁目21番地21号", "url": "https://www.kaigokensaku.mhlw.go.jp/02/index.php?action_kouhyou_detail_004_kani=true&JigyosyoCd=0270102171-00&ServiceCd=320&Type=search", "url2": "http://www2.actv.ne.jp/~tougen1/" }, "geometry": { "type": "Point", "coordinates": [ 140.791310800000019, 40.8292913 ] } },
{ "type": "Feature", "properties": { "内容": "グループホーム三内丸山【認知症対応型共同生活介護】青森市大字三内字沢部305-4", "url": "https://www.kaigokensaku.mhlw.go.jp/02/index.php?action_kouhyou_detail_004_kani=true&JigyosyoCd=0270102197-00&ServiceCd=320&Type=search", "url2": "http://g-maruyama.jp" }, "geometry": { "type": "Point", "coordinates": [ 140.68843860000004, 40.814516 ] } },
{ "type": "Feature", "properties": { "内容": "認知症対応型グループホーム　あんしんハウス【認知症対応型共同生活介護】青森市大字大野字若宮１５１番地１９", "url": "https://www.kaigokensaku.mhlw.go.jp/02/index.php?action_kouhyou_detail_004_kani=true&JigyosyoCd=0270102239-00&ServiceCd=320&Type=search", "url2": "http://kanehama.jp/" }, "geometry": { "type": "Point", "coordinates": [ 140.7401185, 40.8029152 ] } },
{ "type": "Feature", "properties": { "内容": "グループホーム蛍【認知症対応型共同生活介護】青森市浅虫字蛍谷327-.3", "url": "https://www.kaigokensaku.mhlw.go.jp/02/index.php?action_kouhyou_detail_004_kani=true&JigyosyoCd=0270102262-00&ServiceCd=320&Type=search", "url2": null }, "geometry": { "type": "Point", "coordinates": [ 140.863276499999984, 40.8916311 ] } },
{ "type": "Feature", "properties": { "内容": "グループホーム　ブロンディ【認知症対応型共同生活介護】青森市東大野1丁目21－2", "url": "https://www.kaigokensaku.mhlw.go.jp/02/index.php?action_kouhyou_detail_004_kani=true&JigyosyoCd=0270102312-00&ServiceCd=320&Type=search", "url2": "https://blondie-co-jp.sakura.ne.jp/" }, "geometry": { "type": "Point", "coordinates": [ 140.744182200000068, 40.8026626 ] } },
{ "type": "Feature", "properties": { "内容": "グループホーム太陽【認知症対応型共同生活介護】青森県青森市富田３丁目１６番５０号", "url": "https://www.kaigokensaku.mhlw.go.jp/02/index.php?action_kouhyou_detail_004_kani=true&JigyosyoCd=0270102346-00&ServiceCd=320&Type=search", "url2": null }, "geometry": { "type": "Point", "coordinates": [ 140.709497199999987, 40.8337087 ] } },
{ "type": "Feature", "properties": { "内容": "グループホーム　メープルの里　なみおか【認知症対応型共同生活介護】青森県　青森市浪岡大字吉野田字木戸口52-12", "url": "https://www.kaigokensaku.mhlw.go.jp/02/index.php?action_kouhyou_detail_004_kani=true&JigyosyoCd=0272300773-00&ServiceCd=320&Type=search", "url2": "http.//care-net.biz/02/me-puru/" }, "geometry": { "type": "Point", "coordinates": [ 140.540768399999934, 40.7267125 ] } },
{ "type": "Feature", "properties": { "内容": "グループホームえにしの家【認知症対応型共同生活介護】青森市浪岡大字浪岡字佐野１４－１", "url": "https://www.kaigokensaku.mhlw.go.jp/02/index.php?action_kouhyou_detail_004_kani=true&JigyosyoCd=0272300799-00&ServiceCd=320&Type=search", "url2": null }, "geometry": { "type": "Point", "coordinates": [ 140.600703399999929, 40.7212759 ] } },
{ "type": "Feature", "properties": { "内容": "グループホームみずばしょう苑【認知症対応型共同生活介護】青森県青森市原別5丁目7-2", "url": "https://www.kaigokensaku.mhlw.go.jp/02/index.php?action_kouhyou_detail_004_kani=true&JigyosyoCd=0290100015-00&ServiceCd=320&Type=search", "url2": "http://www.mizubasyouen.com" }, "geometry": { "type": "Point", "coordinates": [ 140.806484, 40.8401128 ] } },
{ "type": "Feature", "properties": { "内容": "グループホームまりあ【認知症対応型共同生活介護】青森県青森市大字浅虫字内野53番2", "url": "https://www.kaigokensaku.mhlw.go.jp/02/index.php?action_kouhyou_detail_004_kani=true&JigyosyoCd=0290100023-00&ServiceCd=320&Type=search", "url2": null }, "geometry": { "type": "Point", "coordinates": [ 140.867770800000017, 40.8876066 ] } },
{ "type": "Feature", "properties": { "内容": "グループホームあべの【認知症対応型共同生活介護】青森市大字幸畑字阿部野163-112", "url": "https://www.kaigokensaku.mhlw.go.jp/02/index.php?action_kouhyou_detail_004_kani=true&JigyosyoCd=0290100049-00&ServiceCd=320&Type=search", "url2": "http://www.toushien.or.jp/index.html" }, "geometry": { "type": "Point", "coordinates": [ 140.79204, 40.7789023 ] } },
{ "type": "Feature", "properties": { "内容": "グループホームながしま【認知症対応型共同生活介護】青森市中央３丁目１－３", "url": "https://www.kaigokensaku.mhlw.go.jp/02/index.php?action_kouhyou_detail_004_kani=true&JigyosyoCd=0290100064-00&ServiceCd=320&Type=search", "url2": null }, "geometry": { "type": "Point", "coordinates": [ 140.744228900000053, 40.8180612 ] } },
{ "type": "Feature", "properties": { "内容": "グループホーム　ゆめの森【認知症対応型共同生活介護】青森県青森市大字横内字神田38番地1", "url": "https://www.kaigokensaku.mhlw.go.jp/02/index.php?action_kouhyou_detail_004_kani=true&JigyosyoCd=0290100072-00&ServiceCd=320&Type=search", "url2": "https://yumenomori.wixsite.com/website" }, "geometry": { "type": "Point", "coordinates": [ 140.763692499999934, 40.7802291 ] } },
{ "type": "Feature", "properties": { "内容": "グループホーム青空倶楽部浜田館【認知症対応型共同生活介護】青森県青森市大字浦町字奥野275-8", "url": "https://www.kaigokensaku.mhlw.go.jp/02/index.php?action_kouhyou_detail_004_kani=true&JigyosyoCd=0290100098-00&ServiceCd=320&Type=search", "url2": "http://www.aozoraclub.com" }, "geometry": { "type": "Point", "coordinates": [ 140.762362177909836, 40.807536175495855 ] } },
{ "type": "Feature", "properties": { "内容": "グループホーム　青空倶楽部　奥野館【認知症対応型共同生活介護】青森市奥野２丁目２７番１０号", "url": "https://www.kaigokensaku.mhlw.go.jp/02/index.php?action_kouhyou_detail_004_kani=true&JigyosyoCd=0290100106-00&ServiceCd=320&Type=search", "url2": "http://aozoraclub.com/" }, "geometry": { "type": "Point", "coordinates": [ 140.762780499999963, 40.8117956 ] } },
{ "type": "Feature", "properties": { "内容": "グループホーム青空倶楽部筒井館【認知症対応型共同生活介護】青森市筒井4丁目８－１２", "url": "https://www.kaigokensaku.mhlw.go.jp/02/index.php?action_kouhyou_detail_004_kani=true&JigyosyoCd=0290100114-00&ServiceCd=320&Type=search", "url2": "http://aozoraclub.com/" }, "geometry": { "type": "Point", "coordinates": [ 140.774640363229338, 40.805132002845085 ] } },
{ "type": "Feature", "properties": { "内容": "グループホーム　えにしの里【認知症対応型共同生活介護】青森市浪岡大字北中野字北畠27", "url": "https://www.kaigokensaku.mhlw.go.jp/02/index.php?action_kouhyou_detail_004_kani=true&JigyosyoCd=0290100148-00&ServiceCd=320&Type=search", "url2": null }, "geometry": { "type": "Point", "coordinates": [ 140.595621, 40.705655 ] } },
{ "type": "Feature", "properties": { "内容": "グループホーム　おきだて【認知症対応型共同生活介護】青森市富田５丁目７番２１号", "url": "https://www.kaigokensaku.mhlw.go.jp/02/index.php?action_kouhyou_detail_004_kani=true&JigyosyoCd=0290100163-00&ServiceCd=320&Type=search", "url2": "https://okidateennguroup.jp" }, "geometry": { "type": "Point", "coordinates": [ 140.714944100000025, 40.8337089 ] } },
{ "type": "Feature", "properties": { "内容": "グループホーム港町【認知症対応型共同生活介護】青森市港町2丁目15-29", "url": "https://www.kaigokensaku.mhlw.go.jp/02/index.php?action_kouhyou_detail_004_kani=true&JigyosyoCd=0290100171-00&ServiceCd=320&Type=search", "url2": null }, "geometry": { "type": "Point", "coordinates": [ 140.765679699999964, 40.8308132 ] } },
{ "type": "Feature", "properties": { "内容": "青森第１グループホーム【認知症対応型共同生活介護】青柳1-16-5-1", "url": "https://www.kaigokensaku.mhlw.go.jp/02/index.php?action_kouhyou_detail_004_kani=true&JigyosyoCd=0290100213-00&ServiceCd=320&Type=search", "url2": null }, "geometry": { "type": "Point", "coordinates": [ 140.758599799999956, 40.8308548 ] } },
{ "type": "Feature", "properties": { "内容": "青森第2グループホーム【認知症対応型共同生活介護】青森県青森市青柳1丁目16番5-2号", "url": "https://www.kaigokensaku.mhlw.go.jp/02/index.php?action_kouhyou_detail_004_kani=true&JigyosyoCd=0290100528-00&ServiceCd=320&Type=search", "url2": null }, "geometry": { "type": "Point", "coordinates": [ 140.7600194, 40.8314687 ] } },
{ "type": "Feature", "properties": { "内容": "まちだホーム青森【認知症対応型共同生活介護】青森県青森市大字羽白字沢田46-2", "url": "https://www.kaigokensaku.mhlw.go.jp/02/index.php?action_kouhyou_detail_004_kani=true&JigyosyoCd=0290100569-00&ServiceCd=320&Type=search", "url2": null }, "geometry": { "type": "Point", "coordinates": [ 140.689986, 40.8552634 ] } },
{ "type": "Feature", "properties": { "内容": "グループホームこばし【認知症対応型共同生活介護】青森県青森市大字小橋字田川２６番地６０", "url": "https://www.kaigokensaku.mhlw.go.jp/02/index.php?action_kouhyou_detail_004_kani=true&JigyosyoCd=0290100577-00&ServiceCd=320&Type=search", "url2": null }, "geometry": { "type": "Point", "coordinates": [ 140.668492400000019, 40.9261548 ] } },
{ "type": "Feature", "properties": { "内容": "医療法人蛍慈会　グループホーム　ポータウン【認知症対応型共同生活介護】青森県青森市港町2丁目15番9号", "url": "https://www.kaigokensaku.mhlw.go.jp/02/index.php?action_kouhyou_detail_004_kani=true&JigyosyoCd=0290100635-00&ServiceCd=320&Type=search", "url2": null }, "geometry": { "type": "Point", "coordinates": [ 140.7656618, 40.8304274 ] } },
{ "type": "Feature", "properties": { "内容": "グループホーム合浦【認知症対応型共同生活介護】青森県青森市合浦1丁目8番地17", "url": "https://www.kaigokensaku.mhlw.go.jp/02/index.php?action_kouhyou_detail_004_kani=true&JigyosyoCd=0290100676-00&ServiceCd=320&Type=search", "url2": null }, "geometry": { "type": "Point", "coordinates": [ 140.770521, 40.8284516 ] } },
{ "type": "Feature", "properties": { "内容": "グループホームやまびこ荘【認知症対応型共同生活介護】青森県青森市大矢沢里見209-220", "url": "https://www.kaigokensaku.mhlw.go.jp/02/index.php?action_kouhyou_detail_004_kani=true&JigyosyoCd=0290100718-00&ServiceCd=320&Type=search", "url2": "https://ariakaigo-yamadaunnyu.jp/" }, "geometry": { "type": "Point", "coordinates": [ 140.781981300000012, 40.7774291 ] } },
{ "type": "Feature", "properties": { "内容": "グループホームしおかぜ【認知症対応型共同生活介護】青森県青森市大字小橋字田川26番地39", "url": "https://www.kaigokensaku.mhlw.go.jp/02/index.php?action_kouhyou_detail_004_kani=true&JigyosyoCd=0290100726-00&ServiceCd=320&Type=search", "url2": null }, "geometry": { "type": "Point", "coordinates": [ 140.6687858, 40.9242322 ] } },
{ "type": "Feature", "properties": { "内容": "グループホーム　きらら高田【認知症対応型共同生活介護】青森県青森市高田字川瀬３３４－５", "url": "https://www.kaigokensaku.mhlw.go.jp/02/index.php?action_kouhyou_detail_004_kani=true&JigyosyoCd=0290100742-00&ServiceCd=320&Type=search", "url2": "https://kirara-group.com/" }, "geometry": { "type": "Point", "coordinates": [ 140.722673, 40.76653 ] } },
{ "type": "Feature", "properties": { "内容": "社団法人慈恵会　グループホームあおいもり【認知症対応型共同生活介護】青森市大字大谷字山ノ内16-3", "url": "https://www.kaigokensaku.mhlw.go.jp/02/index.php?action_kouhyou_detail_004_kani=true&JigyosyoCd=0270101561-00&ServiceCd=320&Type=search", "url2": "www.jikei-kai.org/gh-aoimori/index.html" }, "geometry": { "type": "Point", "coordinates": [ 140.70343627605746, 40.746293831377976 ] } },
{ "type": "Feature", "properties": { "内容": "グループホーム　せんじゅ園【認知症対応型共同生活介護】青森県青森市篠田２丁目１１－８", "url": "https://www.kaigokensaku.mhlw.go.jp/02/index.php?action_kouhyou_detail_004_kani=true&JigyosyoCd=0270102098-00&ServiceCd=320&Type=search", "url2": "http://care-net.biz/02/senjyu/" }, "geometry": { "type": "Point", "coordinates": [ 140.727415800000017, 40.8257072 ] } },
{ "type": "Feature", "properties": { "内容": "グループホーム惣乃家【認知症対応型共同生活介護】青森県青森市新城平岡75-79グループホーム惣乃家", "url": "https://www.kaigokensaku.mhlw.go.jp/02/index.php?action_kouhyou_detail_004_kani=true&JigyosyoCd=0290100189-00&ServiceCd=320&Type=search", "url2": "eisoukai@arion.ocn.ne.jp" }, "geometry": { "type": "Point", "coordinates": [ 140.661254882417325, 40.821727021179086 ] } },
{ "type": "Feature", "properties": { "内容": "まちだグループホーム【認知症対応型共同生活介護】青森市大字羽白字沢田5番地2", "url": "https://www.kaigokensaku.mhlw.go.jp/02/index.php?action_kouhyou_detail_004_kani=true&JigyosyoCd=0270100977-00&ServiceCd=320&Type=search", "url2": null }, "geometry": { "type": "Point", "coordinates": [ 140.686509099999967, 40.8558078 ] } },
{ "type": "Feature", "properties": { "内容": "あおやぎグループホーム【認知症対応型共同生活介護】青柳2丁目９－２８", "url": "https://www.kaigokensaku.mhlw.go.jp/02/index.php?action_kouhyou_detail_004_kani=true&JigyosyoCd=0290100197-00&ServiceCd=320&Type=search", "url2": null }, "geometry": { "type": "Point", "coordinates": [ 140.7584, 40.8260414 ] } },
{ "type": "Feature", "properties": { "内容": "グループホームきらら篠田【認知症対応型共同生活介護】青森県青森市篠田３丁目２０－２３", "url": "https://www.kaigokensaku.mhlw.go.jp/02/index.php?action_kouhyou_detail_004_kani=true&JigyosyoCd=0290100429-00&ServiceCd=320&Type=search", "url2": "kirara-group.com" }, "geometry": { "type": "Point", "coordinates": [ 140.722607599999947, 40.8306344 ] } },
{ "type": "Feature", "properties": { "内容": "白鴎ホーム【認知症対応型共同生活介護】青森県青森市大字羽白字富田38番地1", "url": "https://www.kaigokensaku.mhlw.go.jp/02/index.php?action_kouhyou_detail_004_kani=true&JigyosyoCd=0290100486-00&ServiceCd=320&Type=search", "url2": null }, "geometry": { "type": "Point", "coordinates": [ 140.692840600000011, 40.8529717 ] } },
{ "type": "Feature", "properties": { "内容": "グループホーム　サニーライフ【認知症対応型共同生活介護】青森県青森市中央４丁目９－９", "url": "https://www.kaigokensaku.mhlw.go.jp/02/index.php?action_kouhyou_detail_004_kani=true&JigyosyoCd=0270101769-00&ServiceCd=320&Type=search", "url2": null }, "geometry": { "type": "Point", "coordinates": [ 140.750998742327852, 40.816235240155926 ] } },
{ "type": "Feature", "properties": { "内容": "医療法人　丸山会　グループホーム諏訪沢【認知症対応型共同生活介護】青森市大字諏訪沢字丸山66番地１", "url": "https://www.kaigokensaku.mhlw.go.jp/02/index.php?action_kouhyou_detail_004_kani=true&JigyosyoCd=0290100247-00&ServiceCd=320&Type=search", "url2": "http://www.suwanomorikai.or.jp" }, "geometry": { "type": "Point", "coordinates": [ 140.83231550000005, 40.8211047 ] } },
{ "type": "Feature", "properties": { "内容": "サングループホーム横内【認知症対応型共同生活介護】青森市横内字若草１３－２", "url": "https://www.kaigokensaku.mhlw.go.jp/02/index.php?action_kouhyou_detail_004_kani=true&JigyosyoCd=0290100056-00&ServiceCd=320&Type=search", "url2": null }, "geometry": { "type": "Point", "coordinates": [ 140.762162100000069, 40.7788014 ] } },
{ "type": "Feature", "properties": { "内容": "草菴グループホーム【認知症対応型共同生活介護】弘前市城東２丁目２－６", "url": "https://www.kaigokensaku.mhlw.go.jp/02/index.php?action_kouhyou_detail_004_kani=true&JigyosyoCd=0270201585-00&ServiceCd=320&Type=search", "url2": null }, "geometry": { "type": "Point", "coordinates": [ 140.4916485, 40.598159 ] } },
{ "type": "Feature", "properties": { "内容": "グループホーム　はるなの家【認知症対応型共同生活介護】青森県弘前市大字福村字新館添50番地2", "url": "https://www.kaigokensaku.mhlw.go.jp/02/index.php?action_kouhyou_detail_004_kani=true&JigyosyoCd=0270200850-00&ServiceCd=320&Type=search", "url2": "http://www.ichiyoukai.jp/" }, "geometry": { "type": "Point", "coordinates": [ 140.517336699999987, 40.6069116 ] } },
{ "type": "Feature", "properties": { "内容": "グループホーム　ヴィラ弘前【認知症対応型共同生活介護】青森県弘前市岩賀2丁目１２－１１", "url": "https://www.kaigokensaku.mhlw.go.jp/02/index.php?action_kouhyou_detail_004_kani=true&JigyosyoCd=0270200892-00&ServiceCd=320&Type=search", "url2": "http://villahiro7300.ec-net.jp" }, "geometry": { "type": "Point", "coordinates": [ 140.473926379623435, 40.644851981967882 ] } },
{ "type": "Feature", "properties": { "内容": "グループホームアップル【認知症対応型共同生活介護】青森県弘前市大字高杉字長谷野１４３番地１", "url": "https://www.kaigokensaku.mhlw.go.jp/02/index.php?action_kouhyou_detail_004_kani=true&JigyosyoCd=0270200967-00&ServiceCd=320&Type=search", "url2": "http://www.sunapplehome.jp/" }, "geometry": { "type": "Point", "coordinates": [ 140.425454135374906, 40.6656313921346 ] } },
{ "type": "Feature", "properties": { "内容": "グループホーム　さくらの里【認知症対応型共同生活介護】青森県弘前市大字藤代字広田131-1", "url": "https://www.kaigokensaku.mhlw.go.jp/02/index.php?action_kouhyou_detail_004_kani=true&JigyosyoCd=0270200983-00&ServiceCd=320&Type=search", "url2": null }, "geometry": { "type": "Point", "coordinates": [ 140.4510414, 40.621169 ] } },
{ "type": "Feature", "properties": { "内容": "グループホームさくら【認知症対応型共同生活介護】弘前市大字高杉字五反田１７３番地７", "url": "https://www.kaigokensaku.mhlw.go.jp/02/index.php?action_kouhyou_detail_004_kani=true&JigyosyoCd=0270201056-00&ServiceCd=320&Type=search", "url2": "https://senchikai.jp/" }, "geometry": { "type": "Point", "coordinates": [ 140.431799, 40.6630217 ] } },
{ "type": "Feature", "properties": { "内容": "グループホーム　バンドー弘前【認知症対応型共同生活介護】青森県弘前市西城北２丁目３－１１", "url": "https://www.kaigokensaku.mhlw.go.jp/02/index.php?action_kouhyou_detail_004_kani=true&JigyosyoCd=0270201114-00&ServiceCd=320&Type=search", "url2": "http://www.bwfg.co.jp/" }, "geometry": { "type": "Point", "coordinates": [ 140.472154199999977, 40.6184672 ] } },
{ "type": "Feature", "properties": { "内容": "グループホーム　バンドー弘前公園【認知症対応型共同生活介護】青森県弘前市亀甲町７０", "url": "https://www.kaigokensaku.mhlw.go.jp/02/index.php?action_kouhyou_detail_004_kani=true&JigyosyoCd=0270201197-00&ServiceCd=320&Type=search", "url2": "http：//www.bwfg.co.jp/" }, "geometry": { "type": "Point", "coordinates": [ 140.468479779904186, 40.612031734340704 ] } },
{ "type": "Feature", "properties": { "内容": "医療法人　光成会　グループホーム西弘【認知症対応型共同生活介護】青森県弘前市中野１丁目９番地１２", "url": "https://www.kaigokensaku.mhlw.go.jp/02/index.php?action_kouhyou_detail_004_kani=true&JigyosyoCd=0270201221-00&ServiceCd=320&Type=search", "url2": null }, "geometry": { "type": "Point", "coordinates": [ 140.471509200000014, 40.5828045 ] } },
{ "type": "Feature", "properties": { "内容": "グループホーム　サンライフ堀越【認知症対応型共同生活介護】青森県弘前市大字堀越字柳元２９３-1", "url": "https://www.kaigokensaku.mhlw.go.jp/02/index.php?action_kouhyou_detail_004_kani=true&JigyosyoCd=0270201239-00&ServiceCd=320&Type=search", "url2": "gh-horikosi@mikasaen.or.jp" }, "geometry": { "type": "Point", "coordinates": [ 140.5248043, 40.5657928 ] } },
{ "type": "Feature", "properties": { "内容": "認知症対応型共同生活介護グループホームさくらばやし【認知症対応型共同生活介護】青森県弘前市桜林町3番地1号", "url": "https://www.kaigokensaku.mhlw.go.jp/02/index.php?action_kouhyou_detail_004_kani=true&JigyosyoCd=0270201270-00&ServiceCd=320&Type=search", "url2": "https://recovery-center.jp/" }, "geometry": { "type": "Point", "coordinates": [ 140.469633599999952, 40.5944726 ] } },
{ "type": "Feature", "properties": { "内容": "グループホーム太陽の里【認知症対応型共同生活介護】弘前市大字堀越字柳田３-１２", "url": "https://www.kaigokensaku.mhlw.go.jp/02/index.php?action_kouhyou_detail_004_kani=true&JigyosyoCd=0270201296-00&ServiceCd=320&Type=search", "url2": "https://www.ryokufu.or.jp" }, "geometry": { "type": "Point", "coordinates": [ 140.523788100000047, 40.5700162 ] } },
{ "type": "Feature", "properties": { "内容": "グループホームふれあい温泉【認知症対応型共同生活介護】旭ヶ丘2-6-4", "url": "https://www.kaigokensaku.mhlw.go.jp/02/index.php?action_kouhyou_detail_004_kani=true&JigyosyoCd=0270201312-00&ServiceCd=320&Type=search", "url2": "http://www.kouaikai.com" }, "geometry": { "type": "Point", "coordinates": [ 140.458674, 40.5800157 ] } },
{ "type": "Feature", "properties": { "内容": "グループホームベルフラワー【認知症対応型共同生活介護】青森県弘前市大字城南５丁目１３－１５", "url": "https://www.kaigokensaku.mhlw.go.jp/02/index.php?action_kouhyou_detail_004_kani=true&JigyosyoCd=0270201353-00&ServiceCd=320&Type=search", "url2": "http://www.oyoen.com/" }, "geometry": { "type": "Point", "coordinates": [ 140.460713996911295, 40.577840257659595 ] } },
{ "type": "Feature", "properties": { "内容": "グループホーム　フリージア【認知症対応型共同生活介護】青森県弘前市川先一丁目6番地１０", "url": "https://www.kaigokensaku.mhlw.go.jp/02/index.php?action_kouhyou_detail_004_kani=true&JigyosyoCd=0270201429-00&ServiceCd=320&Type=search", "url2": "http//www2.ocn.ne.jp/~care.s/" }, "geometry": { "type": "Point", "coordinates": [ 140.493693200000052, 40.5899904 ] } },
{ "type": "Feature", "properties": { "内容": "グループホームパインの里【認知症対応型共同生活介護】青森県弘前市大字国吉字坂本138-10", "url": "https://www.kaigokensaku.mhlw.go.jp/02/index.php?action_kouhyou_detail_004_kani=true&JigyosyoCd=0270201437-00&ServiceCd=320&Type=search", "url2": "http://www.gakuyokai.jp/" }, "geometry": { "type": "Point", "coordinates": [ 140.353981400000066, 40.5954108 ] } },
{ "type": "Feature", "properties": { "内容": "グループホーム　バンドー弘前城北【認知症対応型共同生活介護】青森県弘前市西城北2丁目3-4", "url": "https://www.kaigokensaku.mhlw.go.jp/02/index.php?action_kouhyou_detail_004_kani=true&JigyosyoCd=0270201452-00&ServiceCd=320&Type=search", "url2": "http：//www.bwfg.co.jp/" }, "geometry": { "type": "Point", "coordinates": [ 140.471734800000036, 40.6177839 ] } },
{ "type": "Feature", "properties": { "内容": "グループホームパインの街【認知症対応型共同生活介護】青森県弘前市大字原ヶ平字山元118番地1", "url": "https://www.kaigokensaku.mhlw.go.jp/02/index.php?action_kouhyou_detail_004_kani=true&JigyosyoCd=0270201460-00&ServiceCd=320&Type=search", "url2": "http://www.gakuyokai.jp" }, "geometry": { "type": "Point", "coordinates": [ 140.471112700000049, 40.5704558 ] } },
{ "type": "Feature", "properties": { "内容": "グループホーム　ウエルパーク【認知症対応型共同生活介護】青森県弘前市大字福田字巻屋２５－８", "url": "https://www.kaigokensaku.mhlw.go.jp/02/index.php?action_kouhyou_detail_004_kani=true&JigyosyoCd=0270201494-00&ServiceCd=320&Type=search", "url2": null }, "geometry": { "type": "Point", "coordinates": [ 140.5118046, 40.5972236 ] } },
{ "type": "Feature", "properties": { "内容": "グループホーム　バンドー弘前城東【認知症対応型共同生活介護】青森県弘前市城東北3丁目5-7", "url": "https://www.kaigokensaku.mhlw.go.jp/02/index.php?action_kouhyou_detail_004_kani=true&JigyosyoCd=0270201528-00&ServiceCd=320&Type=search", "url2": "http://www.bwfg.co.jp/" }, "geometry": { "type": "Point", "coordinates": [ 140.4941776, 40.6062004 ] } },
{ "type": "Feature", "properties": { "内容": "グループホーム　ハールト【認知症対応型共同生活介護】青森県弘前市大字中崎字苅田２６０番地２", "url": "https://www.kaigokensaku.mhlw.go.jp/02/index.php?action_kouhyou_detail_004_kani=true&JigyosyoCd=0270201536-00&ServiceCd=320&Type=search", "url2": "https://www.takemura-life-advisor.com/" }, "geometry": { "type": "Point", "coordinates": [ 140.45932270000003, 40.6465912 ] } },
{ "type": "Feature", "properties": { "内容": "グループホームはるなの里【認知症対応型共同生活介護】弘前市大字自由ヶ丘三丁目15番地9", "url": "https://www.kaigokensaku.mhlw.go.jp/02/index.php?action_kouhyou_detail_004_kani=true&JigyosyoCd=0270201544-00&ServiceCd=320&Type=search", "url2": "http://www.ichiyoukai.jp/" }, "geometry": { "type": "Point", "coordinates": [ 140.4436413, 40.585256400000034 ] } },
{ "type": "Feature", "properties": { "内容": "グループホーム鬼沢【認知症対応型共同生活介護】弘前市大字鬼沢字山ノ越２４９番地", "url": "https://www.kaigokensaku.mhlw.go.jp/02/index.php?action_kouhyou_detail_004_kani=true&JigyosyoCd=0270201577-00&ServiceCd=320&Type=search", "url2": null }, "geometry": { "type": "Point", "coordinates": [ 140.40484749999996, 40.6967034 ] } },
{ "type": "Feature", "properties": { "内容": "グループホームアップルハウス【認知症対応型共同生活介護】青森県弘前市境関亥ノ宮29－1", "url": "https://www.kaigokensaku.mhlw.go.jp/02/index.php?action_kouhyou_detail_004_kani=true&JigyosyoCd=0270201627-00&ServiceCd=320&Type=search", "url2": null }, "geometry": { "type": "Point", "coordinates": [ 140.5048488, 40.6153546 ] } },
{ "type": "Feature", "properties": { "内容": "グループホーム大森【認知症対応型共同生活介護】青森県弘前市大字大森字勝山２７８－２１", "url": "https://www.kaigokensaku.mhlw.go.jp/02/index.php?action_kouhyou_detail_004_kani=true&JigyosyoCd=0270201635-00&ServiceCd=320&Type=search", "url2": "http://www.geocities.jp/toukoukai_hirosaki/index-oomori.html" }, "geometry": { "type": "Point", "coordinates": [ 140.365588300000013, 40.71642 ] } },
{ "type": "Feature", "properties": { "内容": "グループホーム　サンタの家【認知症対応型共同生活介護】青森県弘前市大字大川字中桜川１８番地１０６号館・７号館", "url": "https://www.kaigokensaku.mhlw.go.jp/02/index.php?action_kouhyou_detail_004_kani=true&JigyosyoCd=0270201676-00&ServiceCd=320&Type=search", "url2": "https://houtokukai.org/" }, "geometry": { "type": "Point", "coordinates": [ 140.45619984113921, 40.675561908558734 ] } },
{ "type": "Feature", "properties": { "内容": "グループホーム自由ヶ丘【認知症対応型共同生活介護】青森県弘前市大字金属町５番地３０", "url": "https://www.kaigokensaku.mhlw.go.jp/02/index.php?action_kouhyou_detail_004_kani=true&JigyosyoCd=0270201718-00&ServiceCd=320&Type=search", "url2": "http://www.sh-aiseien.jp/jiyuugaoka/" }, "geometry": { "type": "Point", "coordinates": [ 140.4411751, 40.5792626 ] } },
{ "type": "Feature", "properties": { "内容": "グループホーム　ききょうの【認知症対応型共同生活介護】青森県弘前市大字桔梗野一丁目２番地３", "url": "https://www.kaigokensaku.mhlw.go.jp/02/index.php?action_kouhyou_detail_004_kani=true&JigyosyoCd=0270201734-00&ServiceCd=320&Type=search", "url2": null }, "geometry": { "type": "Point", "coordinates": [ 140.464909, 40.5921672 ] } },
{ "type": "Feature", "properties": { "内容": "グループホーム薫風舎【認知症対応型共同生活介護】弘前市大字大久保字西田105番地42", "url": "https://www.kaigokensaku.mhlw.go.jp/02/index.php?action_kouhyou_detail_004_kani=true&JigyosyoCd=0270202138-00&ServiceCd=320&Type=search", "url2": "http://www.mitsuwa-group.co.jp" }, "geometry": { "type": "Point", "coordinates": [ 140.493138738623088, 40.630090286356911 ] } },
{ "type": "Feature", "properties": { "内容": "グループホーム　うぐいすの里弘前【認知症対応型共同生活介護】青森県弘前市大字向外瀬字豊田３１９番地１", "url": "https://www.kaigokensaku.mhlw.go.jp/02/index.php?action_kouhyou_detail_004_kani=true&JigyosyoCd=0270202146-00&ServiceCd=320&Type=search", "url2": "http://www1.ocn.ne.jp/~uguisu/uguisunosatohirosaki.index.html" }, "geometry": { "type": "Point", "coordinates": [ 140.481625099999974, 40.6310243 ] } },
{ "type": "Feature", "properties": { "内容": "グループホーム　バンドー弘前泉野【認知症対応型共同生活介護】青森県弘前市泉野２丁目8-6", "url": "https://www.kaigokensaku.mhlw.go.jp/02/index.php?action_kouhyou_detail_004_kani=true&JigyosyoCd=0270204506-00&ServiceCd=320&Type=search", "url2": "http://www.bwfg.co.jp" }, "geometry": { "type": "Point", "coordinates": [ 140.4905037, 40.5733653 ] } },
{ "type": "Feature", "properties": { "内容": "グループホームパインの森【認知症対応型共同生活介護】青森県弘前市大字一町田字浅井440番地2", "url": "https://www.kaigokensaku.mhlw.go.jp/02/index.php?action_kouhyou_detail_004_kani=true&JigyosyoCd=0272200247-00&ServiceCd=320&Type=search", "url2": "https://www.gakuyokai.jp/" }, "geometry": { "type": "Point", "coordinates": [ 140.419061227839961, 40.609177853203583 ] } },
{ "type": "Feature", "properties": { "内容": "グループホーム　いわき【認知症対応型共同生活介護】青森県弘前市大字一町田字村元711-3", "url": "https://www.kaigokensaku.mhlw.go.jp/02/index.php?action_kouhyou_detail_004_kani=true&JigyosyoCd=0272200288-00&ServiceCd=320&Type=search", "url2": "gh-iwaki@rhythm.ocn.ne.jp" }, "geometry": { "type": "Point", "coordinates": [ 140.423762900000042, 40.6147967 ] } },
{ "type": "Feature", "properties": { "内容": "グループホーム　りんご座【認知症対応型共同生活介護】青森県弘前市大字坂市字亀田53番地3", "url": "https://www.kaigokensaku.mhlw.go.jp/02/index.php?action_kouhyou_detail_004_kani=true&JigyosyoCd=0272200312-00&ServiceCd=320&Type=search", "url2": "http://www.choukeien.or.jp" }, "geometry": { "type": "Point", "coordinates": [ 140.379922699999952, 40.5737391 ] } },
{ "type": "Feature", "properties": { "内容": "グループホーム　ピノッ郷【認知症対応型共同生活介護】青森県弘前市大字五代字田屋敷240番地1", "url": "https://www.kaigokensaku.mhlw.go.jp/02/index.php?action_kouhyou_detail_004_kani=true&JigyosyoCd=0272200346-00&ServiceCd=320&Type=search", "url2": "http://gakuyokai.jp" }, "geometry": { "type": "Point", "coordinates": [ 140.420155, 40.6111831 ] } },
{ "type": "Feature", "properties": { "内容": "医療法人慶成会グループホームかわばた【認知症対応型共同生活介護】弘前市大字西川岸町６－１", "url": "https://www.kaigokensaku.mhlw.go.jp/02/index.php?action_kouhyou_detail_004_kani=true&JigyosyoCd=0290200013-00&ServiceCd=320&Type=search", "url2": null }, "geometry": { "type": "Point", "coordinates": [ 140.4738135, 40.6014526 ] } },
{ "type": "Feature", "properties": { "内容": "グループホーム賀田【認知症対応型共同生活介護】青森県弘前市大字大久保字西田98-4", "url": "https://www.kaigokensaku.mhlw.go.jp/02/index.php?action_kouhyou_detail_004_kani=true&JigyosyoCd=0290200203-00&ServiceCd=320&Type=search", "url2": null }, "geometry": { "type": "Point", "coordinates": [ 140.4940351, 40.630098 ] } },
{ "type": "Feature", "properties": { "内容": "グループホーム　白寿の家【認知症対応型共同生活介護】青森県弘前市大字石川字岸田１５２番地2", "url": "https://www.kaigokensaku.mhlw.go.jp/02/index.php?action_kouhyou_detail_004_kani=true&JigyosyoCd=0291000065-00&ServiceCd=320&Type=search", "url2": null }, "geometry": { "type": "Point", "coordinates": [ 140.528227, 40.5609313 ] } },
{ "type": "Feature", "properties": { "内容": "グループホーム　やすらぎ【認知症対応型共同生活介護】青森県弘前市大字石川字大仏下53", "url": "https://www.kaigokensaku.mhlw.go.jp/02/index.php?action_kouhyou_detail_004_kani=true&JigyosyoCd=0270201072-00&ServiceCd=320&Type=search", "url2": "http://onkoukai.or.jp/" }, "geometry": { "type": "Point", "coordinates": [ 140.542992599999934, 40.5516912 ] } },
{ "type": "Feature", "properties": { "内容": "グループホームわかば【認知症対応型共同生活介護】青森県弘前市大字若葉２丁目１５", "url": "https://www.kaigokensaku.mhlw.go.jp/02/index.php?action_kouhyou_detail_004_kani=true&JigyosyoCd=0270201981-00&ServiceCd=320&Type=search", "url2": "www.shichihoukai.or.jp" }, "geometry": { "type": "Point", "coordinates": [ 140.4500021, 40.5838595 ] } },
{ "type": "Feature", "properties": { "内容": "グループホーム　まごの手独狐【認知症対応型共同生活介護】弘前市大字独狐字石田172-1", "url": "https://www.kaigokensaku.mhlw.go.jp/02/index.php?action_kouhyou_detail_004_kani=true&JigyosyoCd=0270201064-00&ServiceCd=320&Type=search", "url2": "http://heisei-ie.jp/" }, "geometry": { "type": "Point", "coordinates": [ 140.446038014324898, 40.647850080159103 ] } },
{ "type": "Feature", "properties": { "内容": "グループホーム城西【認知症対応型共同生活介護】青森県弘前市茜町２丁目１－１８", "url": "https://www.kaigokensaku.mhlw.go.jp/02/index.php?action_kouhyou_detail_004_kani=true&JigyosyoCd=0270201874-00&ServiceCd=320&Type=search", "url2": "http://sanwakai.info/" }, "geometry": { "type": "Point", "coordinates": [ 140.446173499999986, 40.6005269 ] } },
{ "type": "Feature", "properties": { "内容": "グループホーム城南山崎【認知症対応型共同生活介護】青森県弘前市山崎3丁目6－1", "url": "https://www.kaigokensaku.mhlw.go.jp/02/index.php?action_kouhyou_detail_004_kani=true&JigyosyoCd=0290200302-00&ServiceCd=320&Type=search", "url2": "http://ｗｗｗ.oyoen.com/" }, "geometry": { "type": "Point", "coordinates": [ 140.464333, 40.5723072 ] } },
{ "type": "Feature", "properties": { "内容": "グループホームあんずの家【認知症対応型共同生活介護】青森県八戸市大字新井田字外久保３－１１1Fグループホームあんずの家　2Ｆデイサービスあんず", "url": "https://www.kaigokensaku.mhlw.go.jp/02/index.php?action_kouhyou_detail_004_kani=true&JigyosyoCd=0270300700-00&ServiceCd=320&Type=search", "url2": "http://www.mihono.jp" }, "geometry": { "type": "Point", "coordinates": [ 141.531438900000012, 40.4945201 ] } },
{ "type": "Feature", "properties": { "内容": "医療法人青仁会グループホーム南寿の里「丘の家」【認知症対応型共同生活介護】青森県八戸市田面木字赤坂２５－２", "url": "https://www.kaigokensaku.mhlw.go.jp/02/index.php?action_kouhyou_detail_004_kani=true&JigyosyoCd=0270300965-00&ServiceCd=320&Type=search", "url2": "http://www.seijin.or.jp" }, "geometry": { "type": "Point", "coordinates": [ 141.455028, 40.499357 ] } },
{ "type": "Feature", "properties": { "内容": "グループホーム　りんごの家【認知症対応型共同生活介護】青森県八戸市湊高台２丁目６－４", "url": "https://www.kaigokensaku.mhlw.go.jp/02/index.php?action_kouhyou_detail_004_kani=true&JigyosyoCd=0270301039-00&ServiceCd=320&Type=search", "url2": "http://www.heiwa-hp.or.jp" }, "geometry": { "type": "Point", "coordinates": [ 141.53742120000004, 40.5066603 ] } },
{ "type": "Feature", "properties": { "内容": "グループホームほたる【認知症対応型共同生活介護】八戸市大字大久保字大山32番1", "url": "https://www.kaigokensaku.mhlw.go.jp/02/index.php?action_kouhyou_detail_004_kani=true&JigyosyoCd=0270301088-00&ServiceCd=320&Type=search", "url2": "http://care-net.biz/02/zuikoen/" }, "geometry": { "type": "Point", "coordinates": [ 141.578070799999978, 40.4889081 ] } },
{ "type": "Feature", "properties": { "内容": "リビング・ホームおおつか【認知症対応型共同生活介護】八戸市大久保大塚17-1055", "url": "https://www.kaigokensaku.mhlw.go.jp/02/index.php?action_kouhyou_detail_004_kani=true&JigyosyoCd=0270301245-00&ServiceCd=320&Type=search", "url2": "https://www.care-unique.com/" }, "geometry": { "type": "Point", "coordinates": [ 141.567302400000017, 40.4892078 ] } },
{ "type": "Feature", "properties": { "内容": "グループホームぬくもり【認知症対応型共同生活介護】石堂一丁目14-27", "url": "https://www.kaigokensaku.mhlw.go.jp/02/index.php?action_kouhyou_detail_004_kani=true&JigyosyoCd=0270301260-00&ServiceCd=320&Type=search", "url2": "https://www.jouhoku-hp.jp/" }, "geometry": { "type": "Point", "coordinates": [ 141.480307499999981, 40.5290147 ] } },
{ "type": "Feature", "properties": { "内容": "グループホーム桔梗野の家【認知症対応型共同生活介護】青森県八戸市大字市川町字桔梗野１５番地７", "url": "https://www.kaigokensaku.mhlw.go.jp/02/index.php?action_kouhyou_detail_004_kani=true&JigyosyoCd=0270301286-00&ServiceCd=320&Type=search", "url2": "E-meil:kikyounonoie15.7@gmail.com" }, "geometry": { "type": "Point", "coordinates": [ 141.451907, 40.559383 ] } },
{ "type": "Feature", "properties": { "内容": "グループホーム　八戸グリーンハイツ【認知症対応型共同生活介護】八戸市大字白銀町字沢向１３－１", "url": "https://www.kaigokensaku.mhlw.go.jp/02/index.php?action_kouhyou_detail_004_kani=true&JigyosyoCd=0270301328-00&ServiceCd=320&Type=search", "url2": "green-hts.jp" }, "geometry": { "type": "Point", "coordinates": [ 141.546556099999947, 40.5191508 ] } },
{ "type": "Feature", "properties": { "内容": "グループホームそら【認知症対応型共同生活介護】青森県八戸市大字大久保字西ノ平25番207", "url": "https://www.kaigokensaku.mhlw.go.jp/02/index.php?action_kouhyou_detail_004_kani=true&JigyosyoCd=0270301385-00&ServiceCd=320&Type=search", "url2": "http://www.gh-sora.jp" }, "geometry": { "type": "Point", "coordinates": [ 141.556064200000037, 40.4993534 ] } },
{ "type": "Feature", "properties": { "内容": "グループホームむつ湊苑【認知症対応型共同生活介護】青森県八戸市大字湊町字上中道１－１１", "url": "https://www.kaigokensaku.mhlw.go.jp/02/index.php?action_kouhyou_detail_004_kani=true&JigyosyoCd=0270301393-00&ServiceCd=320&Type=search", "url2": "www.i-infinite.jp" }, "geometry": { "type": "Point", "coordinates": [ 141.529427, 40.5235636 ] } },
{ "type": "Feature", "properties": { "内容": "リビング・ホームおおくぼ【認知症対応型共同生活介護】八戸市大字大久保字大塚17-521", "url": "https://www.kaigokensaku.mhlw.go.jp/02/index.php?action_kouhyou_detail_004_kani=true&JigyosyoCd=0270301435-00&ServiceCd=320&Type=search", "url2": "https://www.care-unique.com/" }, "geometry": { "type": "Point", "coordinates": [ 141.560838800000056, 40.4975316 ] } },
{ "type": "Feature", "properties": { "内容": "グループホーム　ひかる【認知症対応型共同生活介護】青森県　八戸市　白銀５丁目８－２", "url": "https://www.kaigokensaku.mhlw.go.jp/02/index.php?action_kouhyou_detail_004_kani=true&JigyosyoCd=0270301468-00&ServiceCd=320&Type=search", "url2": "greenh@hi-net.ne.jp" }, "geometry": { "type": "Point", "coordinates": [ 141.549802900000032, 40.5254668 ] } },
{ "type": "Feature", "properties": { "内容": "グループホーム智水寮【認知症対応型共同生活介護】青森県八戸市江陽二丁目１８番８号", "url": "https://www.kaigokensaku.mhlw.go.jp/02/index.php?action_kouhyou_detail_004_kani=true&JigyosyoCd=0270301534-00&ServiceCd=320&Type=search", "url2": null }, "geometry": { "type": "Point", "coordinates": [ 141.50312150000002, 40.5247906 ] } },
{ "type": "Feature", "properties": { "内容": "グループホーム・トントン邑【認知症対応型共同生活介護】湊高台三丁目1番10号", "url": "https://www.kaigokensaku.mhlw.go.jp/02/index.php?action_kouhyou_detail_004_kani=true&JigyosyoCd=0270301567-00&ServiceCd=320&Type=search", "url2": null }, "geometry": { "type": "Point", "coordinates": [ 141.542043, 40.5057995 ] } },
{ "type": "Feature", "properties": { "内容": "グループホーム　オーランド【認知症対応型共同生活介護】青森県八戸市白銀町佐部長根２４－３１７", "url": "https://www.kaigokensaku.mhlw.go.jp/02/index.php?action_kouhyou_detail_004_kani=true&JigyosyoCd=0270301583-00&ServiceCd=320&Type=search", "url2": null }, "geometry": { "type": "Point", "coordinates": [ 141.572656700000039, 40.5136022 ] } },
{ "type": "Feature", "properties": { "内容": "グループホーム市川【認知症対応型共同生活介護】青森県八戸市大字市川町字南尻引８４－１", "url": "https://www.kaigokensaku.mhlw.go.jp/02/index.php?action_kouhyou_detail_004_kani=true&JigyosyoCd=0270301963-00&ServiceCd=320&Type=search", "url2": "http://sg-hakuju.com/" }, "geometry": { "type": "Point", "coordinates": [ 141.438404699999978, 40.5711311 ] } },
{ "type": "Feature", "properties": { "内容": "グループホームさいうん【認知症対応型共同生活介護】青森県八戸市南郷大字島守字阿庄内15番地6", "url": "https://www.kaigokensaku.mhlw.go.jp/02/index.php?action_kouhyou_detail_004_kani=true&JigyosyoCd=0272700964-00&ServiceCd=320&Type=search", "url2": "http://www.nanrokukai.com/" }, "geometry": { "type": "Point", "coordinates": [ 141.456791287137207, 40.407315427836387 ] } },
{ "type": "Feature", "properties": { "内容": "グループホーム妙水苑【認知症対応型共同生活介護】青森県八戸市大字妙字分枝４３", "url": "https://www.kaigokensaku.mhlw.go.jp/02/index.php?action_kouhyou_detail_004_kani=true&JigyosyoCd=0290300110-00&ServiceCd=320&Type=search", "url2": "http://www.sg-kumiai.or.jp/jinsenkai.htm" }, "geometry": { "type": "Point", "coordinates": [ 141.534802899999931, 40.4851104 ] } },
{ "type": "Feature", "properties": { "内容": "グループホーム　サポージュ中居林【認知症対応型共同生活介護】青森県八戸市大字石手洗字泉筋40番地1", "url": "https://www.kaigokensaku.mhlw.go.jp/02/index.php?action_kouhyou_detail_004_kani=true&JigyosyoCd=0290300359-00&ServiceCd=320&Type=search", "url2": "http://www.medicalfrontier.or.jp" }, "geometry": { "type": "Point", "coordinates": [ 141.501447761296703, 40.484680630838483 ] } },
{ "type": "Feature", "properties": { "内容": "グループホーム大地【認知症対応型共同生活介護】青森県八戸市白銀町白浜道１４", "url": "https://www.kaigokensaku.mhlw.go.jp/02/index.php?action_kouhyou_detail_004_kani=true&JigyosyoCd=0290300383-00&ServiceCd=320&Type=search", "url2": "http://www.gh-sora.jp/" }, "geometry": { "type": "Point", "coordinates": [ 141.5606659, 40.5218592 ] } },
{ "type": "Feature", "properties": { "内容": "グループホーム南部山さきおりの家【認知症対応型共同生活介護】青森県八戸市河原木字平5－2", "url": "https://www.kaigokensaku.mhlw.go.jp/02/index.php?action_kouhyou_detail_004_kani=true&JigyosyoCd=0290300391-00&ServiceCd=320&Type=search", "url2": "https://sunrise-team.com" }, "geometry": { "type": "Point", "coordinates": [ 141.4391058, 40.5344134 ] } },
{ "type": "Feature", "properties": { "内容": "グループホーム　サポージュ白山台【認知症対応型共同生活介護】青森県八戸市西白山台5丁目３番地１２", "url": "https://www.kaigokensaku.mhlw.go.jp/02/index.php?action_kouhyou_detail_004_kani=true&JigyosyoCd=0290300490-00&ServiceCd=320&Type=search", "url2": "http://www.medicalfrontier.or.jp" }, "geometry": { "type": "Point", "coordinates": [ 141.4570291, 40.4750582 ] } },
{ "type": "Feature", "properties": { "内容": "グループホームかっこうの森ぬまだて【認知症対応型共同生活介護】青森県八戸市沼館１丁目１０－１３", "url": "https://www.kaigokensaku.mhlw.go.jp/02/index.php?action_kouhyou_detail_004_kani=true&JigyosyoCd=0290300540-00&ServiceCd=320&Type=search", "url2": null }, "geometry": { "type": "Point", "coordinates": [ 141.494202199999989, 40.52509 ] } },
{ "type": "Feature", "properties": { "内容": "グループホームしろがね【認知症対応型共同生活介護】八戸市白銀台3丁目11-3", "url": "https://www.kaigokensaku.mhlw.go.jp/02/index.php?action_kouhyou_detail_004_kani=true&JigyosyoCd=0270301104-00&ServiceCd=320&Type=search", "url2": "http://.sg-kumiai.or.jp/sirogane/index.html#mid13" }, "geometry": { "type": "Point", "coordinates": [ 141.557659089447895, 40.513402450985495 ] } },
{ "type": "Feature", "properties": { "内容": "グループホームハピネスやくら【認知症対応型共同生活介護】青森県八戸市大字八幡字下樋田1番地5", "url": "https://www.kaigokensaku.mhlw.go.jp/02/index.php?action_kouhyou_detail_004_kani=true&JigyosyoCd=0290300607-00&ServiceCd=320&Type=search", "url2": "happiness-y@family-wf.jp" }, "geometry": { "type": "Point", "coordinates": [ 141.436930465787128, 40.495529368974019 ] } },
{ "type": "Feature", "properties": { "内容": "くつろぎ保養館【認知症対応型共同生活介護】青森県八戸市小中野４丁目　３－４５", "url": "https://www.kaigokensaku.mhlw.go.jp/02/index.php?action_kouhyou_detail_004_kani=true&JigyosyoCd=0270301195-00&ServiceCd=320&Type=search", "url2": null }, "geometry": { "type": "Point", "coordinates": [ 141.509923699999945, 40.5181278 ] } },
{ "type": "Feature", "properties": { "内容": "グループホーム舟見町【認知症対応型共同生活介護】青森県八戸市江陽５丁目７－２４", "url": "https://www.kaigokensaku.mhlw.go.jp/02/index.php?action_kouhyou_detail_004_kani=true&JigyosyoCd=0270301336-00&ServiceCd=320&Type=search", "url2": null }, "geometry": { "type": "Point", "coordinates": [ 141.508620899999983, 40.52213 ] } },
{ "type": "Feature", "properties": { "内容": "たむかい寿楽荘【認知症対応型共同生活介護】青森県八戸市田向二丁目２－１", "url": "https://www.kaigokensaku.mhlw.go.jp/02/index.php?action_kouhyou_detail_004_kani=true&JigyosyoCd=0270301492-00&ServiceCd=320&Type=search", "url2": "https://www.juei-kai.or.jp/" }, "geometry": { "type": "Point", "coordinates": [ 141.509957799999938, 40.4974333 ] } },
{ "type": "Feature", "properties": { "内容": "ケア・サポートふたつ家【認知症対応型共同生活介護】青森県八戸市大字糠塚字大開２０番地３２ケア・サポートふたつ家", "url": "https://www.kaigokensaku.mhlw.go.jp/02/index.php?action_kouhyou_detail_004_kani=true&JigyosyoCd=0270301575-00&ServiceCd=320&Type=search", "url2": null }, "geometry": { "type": "Point", "coordinates": [ 141.4826895, 40.4854956 ] } },
{ "type": "Feature", "properties": { "内容": "グループホーム　こもれびの家【認知症対応型共同生活介護】青森県八戸市江陽二丁目13番36号", "url": "https://www.kaigokensaku.mhlw.go.jp/02/index.php?action_kouhyou_detail_004_kani=true&JigyosyoCd=0272700741-00&ServiceCd=320&Type=search", "url2": "https://www.net-pier.org" }, "geometry": { "type": "Point", "coordinates": [ 141.502182593372027, 40.524741659669353 ] } },
{ "type": "Feature", "properties": { "内容": "グループホーム　あしたばの家【認知症対応型共同生活介護】青森県黒石市末広６－１", "url": "https://www.kaigokensaku.mhlw.go.jp/02/index.php?action_kouhyou_detail_004_kani=true&JigyosyoCd=0270400203-00&ServiceCd=320&Type=search", "url2": "http://www.asitabanosato.jp" }, "geometry": { "type": "Point", "coordinates": [ 140.595772399999987, 40.6617796 ] } },
{ "type": "Feature", "properties": { "内容": "すみれの里【認知症対応型共同生活介護】黒石市馬場尻南６１－５", "url": "https://www.kaigokensaku.mhlw.go.jp/02/index.php?action_kouhyou_detail_004_kani=true&JigyosyoCd=0270400229-00&ServiceCd=320&Type=search", "url2": "http://www.sumire-kai.jp/" }, "geometry": { "type": "Point", "coordinates": [ 140.586617199999978, 40.6746861 ] } },
{ "type": "Feature", "properties": { "内容": "グループホーム　バンドー黒石【認知症対応型共同生活介護】青森県黒石市追子野木１丁目１９０－２", "url": "https://www.kaigokensaku.mhlw.go.jp/02/index.php?action_kouhyou_detail_004_kani=true&JigyosyoCd=0270400294-00&ServiceCd=320&Type=search", "url2": "http://www.bwfg.co.jp/" }, "geometry": { "type": "Point", "coordinates": [ 140.596148399999947, 40.6338913 ] } },
{ "type": "Feature", "properties": { "内容": "黒石ケアサポートセンター【認知症対応型共同生活介護】大字赤坂字池田１３６番地", "url": "https://www.kaigokensaku.mhlw.go.jp/02/index.php?action_kouhyou_detail_004_kani=true&JigyosyoCd=0290400019-00&ServiceCd=320&Type=search", "url2": "http://www.roujinhome-kuroishi.or.jp" }, "geometry": { "type": "Point", "coordinates": [ 140.610023700000056, 40.6660795 ] } },
{ "type": "Feature", "properties": { "内容": "グループホームサンライフ浦町【認知症対応型共同生活介護】青森県黒石市浦町一丁目82", "url": "https://www.kaigokensaku.mhlw.go.jp/02/index.php?action_kouhyou_detail_004_kani=true&JigyosyoCd=0290400050-00&ServiceCd=320&Type=search", "url2": "http://www.mikasaen.or.jp" }, "geometry": { "type": "Point", "coordinates": [ 140.597850699999981, 40.6432374 ] } },
{ "type": "Feature", "properties": { "内容": "ハートハウス【認知症対応型共同生活介護】青森県黒石市あけぼの町105－2", "url": "https://www.kaigokensaku.mhlw.go.jp/02/index.php?action_kouhyou_detail_004_kani=true&JigyosyoCd=0290400068-00&ServiceCd=320&Type=search", "url2": null }, "geometry": { "type": "Point", "coordinates": [ 140.606932899999947, 40.6544641 ] } },
{ "type": "Feature", "properties": { "内容": "グループホーム静香荘【認知症対応型共同生活介護】青森県黒石市浅瀬石字龍ノ口170番地1", "url": "https://www.kaigokensaku.mhlw.go.jp/02/index.php?action_kouhyou_detail_004_kani=true&JigyosyoCd=0290400092-00&ServiceCd=320&Type=search", "url2": "https://www.hakuyuukai.com" }, "geometry": { "type": "Point", "coordinates": [ 140.621169900000041, 40.620719 ] } },
{ "type": "Feature", "properties": { "内容": "医療法人白生会　グループホームすずらん【認知症対応型共同生活介護】青森県五所川原市大字金山字竹崎254", "url": "https://www.kaigokensaku.mhlw.go.jp/02/index.php?action_kouhyou_detail_004_kani=true&JigyosyoCd=0270500150-00&ServiceCd=320&Type=search", "url2": "suzuran_hakuseikai@aioros.ocn.ne.jp" }, "geometry": { "type": "Point", "coordinates": [ 140.475018, 40.8071143 ] } },
{ "type": "Feature", "properties": { "内容": "グループホーム　ひまわり【認知症対応型共同生活介護】青森県五所川原市字一ッ谷５１０番地２３", "url": "https://www.kaigokensaku.mhlw.go.jp/02/index.php?action_kouhyou_detail_004_kani=true&JigyosyoCd=0270500309-00&ServiceCd=320&Type=search", "url2": "http://shuseikai.com/" }, "geometry": { "type": "Point", "coordinates": [ 140.45067151202548, 40.809978655062025 ] } },
{ "type": "Feature", "properties": { "内容": "高齢者グループホーム憩いの家【認知症対応型共同生活介護】青森県五所川原市字一ツ谷５５４番地１０", "url": "https://www.kaigokensaku.mhlw.go.jp/02/index.php?action_kouhyou_detail_004_kani=true&JigyosyoCd=0270500341-00&ServiceCd=320&Type=search", "url2": "http://norita-group.com" }, "geometry": { "type": "Point", "coordinates": [ 140.455588600000027, 40.8095801 ] } },
{ "type": "Feature", "properties": { "内容": "グループホームひまわり２【認知症対応型共同生活介護】青森県五所川原市字一ツ谷５１０番地２３", "url": "https://www.kaigokensaku.mhlw.go.jp/02/index.php?action_kouhyou_detail_004_kani=true&JigyosyoCd=0270500390-00&ServiceCd=320&Type=search", "url2": "shuseikai.com" }, "geometry": { "type": "Point", "coordinates": [ 140.450551557147293, 40.809994562987136 ] } },
{ "type": "Feature", "properties": { "内容": "グループホームわらび【認知症対応型共同生活介護】青森県五所川原市大字水野尾字懸樋222-5", "url": "https://www.kaigokensaku.mhlw.go.jp/02/index.php?action_kouhyou_detail_004_kani=true&JigyosyoCd=0270500408-00&ServiceCd=320&Type=search", "url2": "http://www.takushinkai.or.jp" }, "geometry": { "type": "Point", "coordinates": [ 140.481998800000042, 40.7899718 ] } },
{ "type": "Feature", "properties": { "内容": "医療法人白生会　グループホーム楓【認知症対応型共同生活介護】青森県五所川原市金山字竹崎230-1", "url": "https://www.kaigokensaku.mhlw.go.jp/02/index.php?action_kouhyou_detail_004_kani=true&JigyosyoCd=0270500440-00&ServiceCd=320&Type=search", "url2": null }, "geometry": { "type": "Point", "coordinates": [ 140.474095799999986, 40.8086918 ] } },
{ "type": "Feature", "properties": { "内容": "うめたグループホーム【認知症対応型共同生活介護】青森県五所川原市大字梅田字福浦字475-13", "url": "https://www.kaigokensaku.mhlw.go.jp/02/index.php?action_kouhyou_detail_004_kani=true&JigyosyoCd=0270500457-00&ServiceCd=320&Type=search", "url2": null }, "geometry": { "type": "Point", "coordinates": [ 140.4718669, 40.7749371 ] } },
{ "type": "Feature", "properties": { "内容": "グループホーム　エルムの里【認知症対応型共同生活介護】烏森572番地2", "url": "https://www.kaigokensaku.mhlw.go.jp/02/index.php?action_kouhyou_detail_004_kani=true&JigyosyoCd=0270500481-00&ServiceCd=320&Type=search", "url2": "wing-2003" }, "geometry": { "type": "Point", "coordinates": [ 140.451733500000046, 40.8043417 ] } },
{ "type": "Feature", "properties": { "内容": "グループホーム祥光苑【認知症対応型共同生活介護】大字沖飯詰字帯刀３７８番地", "url": "https://www.kaigokensaku.mhlw.go.jp/02/index.php?action_kouhyou_detail_004_kani=true&JigyosyoCd=0270500499-00&ServiceCd=320&Type=search", "url2": null }, "geometry": { "type": "Point", "coordinates": [ 140.452288, 40.8353658 ] } },
{ "type": "Feature", "properties": { "内容": "グループホーム毘沙門【認知症対応型共同生活介護】青森県五所川原市大字毘沙門字上熊石113-18", "url": "https://www.kaigokensaku.mhlw.go.jp/02/index.php?action_kouhyou_detail_004_kani=true&JigyosyoCd=0270500507-00&ServiceCd=320&Type=search", "url2": null }, "geometry": { "type": "Point", "coordinates": [ 140.478035099999943, 40.8580888 ] } },
{ "type": "Feature", "properties": { "内容": "グループホーム浅井【認知症対応型共同生活介護】青森県五所川原市大字浅井字色吉164-1", "url": "https://www.kaigokensaku.mhlw.go.jp/02/index.php?action_kouhyou_detail_004_kani=true&JigyosyoCd=0290500123-00&ServiceCd=320&Type=search", "url2": "asai.shishi@takushinkai.or.jp" }, "geometry": { "type": "Point", "coordinates": [ 140.4892207, 40.7786457 ] } },
{ "type": "Feature", "properties": { "内容": "青山荘グループホーム【認知症対応型共同生活介護】青森県五所川原市大字金山字盛山42番地8", "url": "https://www.kaigokensaku.mhlw.go.jp/02/index.php?action_kouhyou_detail_004_kani=true&JigyosyoCd=0270500549-00&ServiceCd=320&Type=search", "url2": "http://www.seizanso.or.jp/" }, "geometry": { "type": "Point", "coordinates": [ 140.4992244, 40.8090506 ] } },
{ "type": "Feature", "properties": { "内容": "グループホームあけぼの【認知症対応型共同生活介護】青森県五所川原市大字稲実字開野１７７番地２０", "url": "https://www.kaigokensaku.mhlw.go.jp/02/index.php?action_kouhyou_detail_004_kani=true&JigyosyoCd=0270500630-00&ServiceCd=320&Type=search", "url2": null }, "geometry": { "type": "Point", "coordinates": [ 140.465791500000023, 40.7918824 ] } },
{ "type": "Feature", "properties": { "内容": "社会福祉法人白生会グループホームけやき【認知症対応型共同生活介護】青森県五所川原市敷島町1番地３", "url": "https://www.kaigokensaku.mhlw.go.jp/02/index.php?action_kouhyou_detail_004_kani=true&JigyosyoCd=0270500648-00&ServiceCd=320&Type=search", "url2": "keyaki@herb.ocn.ne.jp" }, "geometry": { "type": "Point", "coordinates": [ 140.44550049999998, 40.8121683 ] } },
{ "type": "Feature", "properties": { "内容": "グループホーム　ゆりの家【認知症対応型共同生活介護】青森県五所川原市金木町200番地242", "url": "https://www.kaigokensaku.mhlw.go.jp/02/index.php?action_kouhyou_detail_004_kani=true&JigyosyoCd=0272400425-00&ServiceCd=320&Type=search", "url2": "http://hojyukai.or.jp/lily.html" }, "geometry": { "type": "Point", "coordinates": [ 140.438594400000056, 40.9030608 ] } },
{ "type": "Feature", "properties": { "内容": "グループホームすこやか【認知症対応型共同生活介護】青森県五所川原市金木町芦野８４番地４４１", "url": "https://www.kaigokensaku.mhlw.go.jp/02/index.php?action_kouhyou_detail_004_kani=true&JigyosyoCd=0272400524-00&ServiceCd=320&Type=search", "url2": null }, "geometry": { "type": "Point", "coordinates": [ 140.466921566864812, 40.906105118493905 ] } },
{ "type": "Feature", "properties": { "内容": "グループホーム　さくら園【認知症対応型共同生活介護】青森県五所川原市金木町川倉七夕野84番地367", "url": "https://www.kaigokensaku.mhlw.go.jp/02/index.php?action_kouhyou_detail_004_kani=true&JigyosyoCd=0272400532-00&ServiceCd=320&Type=search", "url2": null }, "geometry": { "type": "Point", "coordinates": [ 140.457953500000031, 40.922587 ] } },
{ "type": "Feature", "properties": { "内容": "グループホーム福祉の里【認知症対応型共同生活介護】金木町中柏木鎧石342番地2有限会社福祉の里", "url": "https://www.kaigokensaku.mhlw.go.jp/02/index.php?action_kouhyou_detail_004_kani=true&JigyosyoCd=0272400631-00&ServiceCd=320&Type=search", "url2": null }, "geometry": { "type": "Point", "coordinates": [ 140.4556519, 40.8728921 ] } },
{ "type": "Feature", "properties": { "内容": "グループホーム大東ヶ丘【認知症対応型共同生活介護】青森県五所川原市金木町芦野363番地141", "url": "https://www.kaigokensaku.mhlw.go.jp/02/index.php?action_kouhyou_detail_004_kani=true&JigyosyoCd=0272400771-00&ServiceCd=320&Type=search", "url2": "http://kanou-fukushikai.jp/" }, "geometry": { "type": "Point", "coordinates": [ 140.495348950926171, 40.925700122242553 ] } },
{ "type": "Feature", "properties": { "内容": "グループホームいこいの里【認知症対応型共同生活介護】青森県五所川原市相内222番地1グループホームいこいの里", "url": "https://www.kaigokensaku.mhlw.go.jp/02/index.php?action_kouhyou_detail_004_kani=true&JigyosyoCd=0272400805-00&ServiceCd=320&Type=search", "url2": null }, "geometry": { "type": "Point", "coordinates": [ 140.346819129457913, 41.058923043996472 ] } },
{ "type": "Feature", "properties": { "内容": "グループホーム　ふくうら【認知症対応型共同生活介護】青森県五所川原市大字梅田字福浦349番地2", "url": "https://www.kaigokensaku.mhlw.go.jp/02/index.php?action_kouhyou_detail_004_kani=true&JigyosyoCd=0290500032-00&ServiceCd=320&Type=search", "url2": "http://www.hakuyuukai.com" }, "geometry": { "type": "Point", "coordinates": [ 140.469997400000011, 40.7791949 ] } },
{ "type": "Feature", "properties": { "内容": "グループホーム　こころ【認知症対応型共同生活介護】青森県五所川原市大字桜田字鴻ノ巣431番地1", "url": "https://www.kaigokensaku.mhlw.go.jp/02/index.php?action_kouhyou_detail_004_kani=true&JigyosyoCd=0270500622-00&ServiceCd=320&Type=search", "url2": null }, "geometry": { "type": "Point", "coordinates": [ 140.4577124, 40.842129 ] } },
{ "type": "Feature", "properties": { "内容": "グループホームたんぽぽ【認知症対応型共同生活介護】金木町芦野200-269", "url": "https://www.kaigokensaku.mhlw.go.jp/02/index.php?action_kouhyou_detail_004_kani=true&JigyosyoCd=0272400821-00&ServiceCd=320&Type=search", "url2": "https://www.care-tanpopo.co.jp" }, "geometry": { "type": "Point", "coordinates": [ 140.456190674868822, 40.912048238075194 ] } },
{ "type": "Feature", "properties": { "内容": "グループホーム　たかしずの森【認知症対応型共同生活介護】青森県十和田市大字相坂字高清水７８番地５４", "url": "https://www.kaigokensaku.mhlw.go.jp/02/index.php?action_kouhyou_detail_004_kani=true&JigyosyoCd=0270600307-00&ServiceCd=320&Type=search", "url2": "takashizu-mori.homes" }, "geometry": { "type": "Point", "coordinates": [ 141.260004400000042, 40.6358552 ] } },
{ "type": "Feature", "properties": { "内容": "グルーホーム　なかよし荘【認知症対応型共同生活介護】青森県十和田市大字深持字南平３１２－６", "url": "https://www.kaigokensaku.mhlw.go.jp/02/index.php?action_kouhyou_detail_004_kani=true&JigyosyoCd=0270600315-00&ServiceCd=320&Type=search", "url2": "http://www.nakayoshi-sou.or.jp" }, "geometry": { "type": "Point", "coordinates": [ 141.1728832, 40.6147523 ] } },
{ "type": "Feature", "properties": { "内容": "グループホーム　きゃんぱす【認知症対応型共同生活介護】青森県十和田市大字相坂字小林76-5", "url": "https://www.kaigokensaku.mhlw.go.jp/02/index.php?action_kouhyou_detail_004_kani=true&JigyosyoCd=0270600455-00&ServiceCd=320&Type=search", "url2": "http://www.towadakokai.jp" }, "geometry": { "type": "Point", "coordinates": [ 141.23073039999997, 40.5986967 ] } },
{ "type": "Feature", "properties": { "内容": "グループホーム　らっこ【認知症対応型共同生活介護】十和田市大字奥瀬字下川目2-1", "url": "https://www.kaigokensaku.mhlw.go.jp/02/index.php?action_kouhyou_detail_004_kani=true&JigyosyoCd=0272500927-00&ServiceCd=320&Type=search", "url2": "http://www.towadakokai.jp/" }, "geometry": { "type": "Point", "coordinates": [ 141.093719100000044, 40.5843379 ] } },
{ "type": "Feature", "properties": { "内容": "グループホーム　にこにこ館【認知症対応型共同生活介護】青森県十和田市大字相坂字高清水１２６９", "url": "https://www.kaigokensaku.mhlw.go.jp/02/index.php?action_kouhyou_detail_004_kani=true&JigyosyoCd=0290600014-00&ServiceCd=320&Type=search", "url2": "https://www.sg-heart.or.jp/" }, "geometry": { "type": "Point", "coordinates": [ 141.255496900000026, 40.6220396 ] } },
{ "type": "Feature", "properties": { "内容": "グループホーム西小稲八甲荘【認知症対応型共同生活介護】青森県十和田市大字三本木字西小稲１９５－１", "url": "https://www.kaigokensaku.mhlw.go.jp/02/index.php?action_kouhyou_detail_004_kani=true&JigyosyoCd=0290600022-00&ServiceCd=320&Type=search", "url2": null }, "geometry": { "type": "Point", "coordinates": [ 141.208252200000061, 40.5992321 ] } },
{ "type": "Feature", "properties": { "内容": "医療法人仁泉会　おしどりの里　グループホームおいらせ【認知症対応型共同生活介護】大字奥瀬字中平155", "url": "https://www.kaigokensaku.mhlw.go.jp/02/index.php?action_kouhyou_detail_004_kani=true&JigyosyoCd=0290600030-00&ServiceCd=320&Type=search", "url2": "http://jinsenkai.com" }, "geometry": { "type": "Point", "coordinates": [ 141.107279, 40.5853188 ] } },
{ "type": "Feature", "properties": { "内容": "グループホーム東一番町八甲荘【認知症対応型共同生活介護】青森県十和田市東一番町11-24", "url": "https://www.kaigokensaku.mhlw.go.jp/02/index.php?action_kouhyou_detail_004_kani=true&JigyosyoCd=0290600048-00&ServiceCd=320&Type=search", "url2": null }, "geometry": { "type": "Point", "coordinates": [ 141.205907600000046, 40.612703 ] } },
{ "type": "Feature", "properties": { "内容": "グループホーム　らいぶ【認知症対応型共同生活介護】青森県十和田市西十ニ番町16-2", "url": "https://www.kaigokensaku.mhlw.go.jp/02/index.php?action_kouhyou_detail_004_kani=true&JigyosyoCd=0290600055-00&ServiceCd=320&Type=search", "url2": "http://www.towadakokai.jp" }, "geometry": { "type": "Point", "coordinates": [ 141.200999157502821, 40.612531964247999 ] } },
{ "type": "Feature", "properties": { "内容": "沢田のグループホーム和っぷる【認知症対応型共同生活介護】青森県十和田市大字沢田字田屋10番地4", "url": "https://www.kaigokensaku.mhlw.go.jp/02/index.php?action_kouhyou_detail_004_kani=true&JigyosyoCd=0270600570-00&ServiceCd=320&Type=search", "url2": null }, "geometry": { "type": "Point", "coordinates": [ 141.153911, 40.5835722 ] } },
{ "type": "Feature", "properties": { "内容": "グループホームはなは【認知症対応型共同生活介護】十和田市大字藤島字中道５２－１", "url": "https://www.kaigokensaku.mhlw.go.jp/02/index.php?action_kouhyou_detail_004_kani=true&JigyosyoCd=0270600356-00&ServiceCd=320&Type=search", "url2": "www.towadahp.or.jp" }, "geometry": { "type": "Point", "coordinates": [ 141.232744499999967, 40.5837266 ] } },
{ "type": "Feature", "properties": { "内容": "グループホーム　ひばり苑【認知症対応型共同生活介護】青森県三沢市六川目六丁目２８番地６号", "url": "https://www.kaigokensaku.mhlw.go.jp/02/index.php?action_kouhyou_detail_004_kani=true&JigyosyoCd=0270700164-00&ServiceCd=320&Type=search", "url2": "http://www.joukoukai.or.jp/" }, "geometry": { "type": "Point", "coordinates": [ 141.4020749, 40.7723223 ] } },
{ "type": "Feature", "properties": { "内容": "グループホーム赤とんぼ【認知症対応型共同生活介護】青森県三沢市大字三沢字南山85-10", "url": "https://www.kaigokensaku.mhlw.go.jp/02/index.php?action_kouhyou_detail_004_kani=true&JigyosyoCd=0270700313-00&ServiceCd=320&Type=search", "url2": null }, "geometry": { "type": "Point", "coordinates": [ 141.3907544, 40.6872534 ] } },
{ "type": "Feature", "properties": { "内容": "松園グループホーム・スカイ【認知症対応型共同生活介護】青森県三沢市松園町二丁目7－7", "url": "https://www.kaigokensaku.mhlw.go.jp/02/index.php?action_kouhyou_detail_004_kani=true&JigyosyoCd=0270700248-00&ServiceCd=320&Type=search", "url2": "http://www.rakuseikai.ro.jp/" }, "geometry": { "type": "Point", "coordinates": [ 141.367529399999967, 40.6768426 ] } },
{ "type": "Feature", "properties": { "内容": "グループホーム赤とんぼ花園【認知症対応型共同生活介護】青森県三沢市花園町一丁目5-16", "url": "https://www.kaigokensaku.mhlw.go.jp/02/index.php?action_kouhyou_detail_004_kani=true&JigyosyoCd=0290700079-00&ServiceCd=320&Type=search", "url2": null }, "geometry": { "type": "Point", "coordinates": [ 141.359385300000014, 40.6826168 ] } },
{ "type": "Feature", "properties": { "内容": "グループホームクローバー【認知症対応型共同生活介護】古間木二丁目181-13", "url": "https://www.kaigokensaku.mhlw.go.jp/02/index.php?action_kouhyou_detail_004_kani=true&JigyosyoCd=0290700137-00&ServiceCd=320&Type=search", "url2": null }, "geometry": { "type": "Point", "coordinates": [ 141.340118852729546, 40.671930144252705 ] } },
{ "type": "Feature", "properties": { "内容": "グループホームにこにこプラザみさわ【認知症対応型共同生活介護】青森県三沢市松園町3丁目2番1号", "url": "https://www.kaigokensaku.mhlw.go.jp/02/index.php?action_kouhyou_detail_004_kani=true&JigyosyoCd=0270700222-00&ServiceCd=320&Type=search", "url2": "http://www.sg-silver.or.jp/" }, "geometry": { "type": "Point", "coordinates": [ 141.365604599999983, 40.6764592 ] } },
{ "type": "Feature", "properties": { "内容": "グループホームまるめろ【認知症対応型共同生活介護】青森県むつ市十二林１１－１３", "url": "https://www.kaigokensaku.mhlw.go.jp/02/index.php?action_kouhyou_detail_004_kani=true&JigyosyoCd=0270800212-00&ServiceCd=320&Type=search", "url2": "http://www.michinokuso.or.jp/" }, "geometry": { "type": "Point", "coordinates": [ 141.186463799999956, 41.298198 ] } },
{ "type": "Feature", "properties": { "内容": "グループホーム　　バンドー下北【認知症対応型共同生活介護】青森県むつ市新町３２－１５", "url": "https://www.kaigokensaku.mhlw.go.jp/02/index.php?action_kouhyou_detail_004_kani=true&JigyosyoCd=0270800311-00&ServiceCd=320&Type=search", "url2": "http://www.bwfg.co.jp/" }, "geometry": { "type": "Point", "coordinates": [ 141.213912700000037, 41.2893163 ] } },
{ "type": "Feature", "properties": { "内容": "グループホーム　バンドー大湊【認知症対応型共同生活介護】青森県むつ市真砂町７－１", "url": "https://www.kaigokensaku.mhlw.go.jp/02/index.php?action_kouhyou_detail_004_kani=true&JigyosyoCd=0270800337-00&ServiceCd=320&Type=search", "url2": "http://www.bwfg.co.jp/" }, "geometry": { "type": "Point", "coordinates": [ 141.180726199999981, 41.2846353 ] } },
{ "type": "Feature", "properties": { "内容": "グループホーム　さくらの里【認知症対応型共同生活介護】青森県むつ市田名部字土手内74-237", "url": "https://www.kaigokensaku.mhlw.go.jp/02/index.php?action_kouhyou_detail_004_kani=true&JigyosyoCd=0270800386-00&ServiceCd=320&Type=search", "url2": null }, "geometry": { "type": "Point", "coordinates": [ 141.2278361, 41.301687799999989 ] } },
{ "type": "Feature", "properties": { "内容": "グループホームせせらぎ【認知症対応型共同生活介護】青森県むつ市川内町獅子畑128番地4", "url": "https://www.kaigokensaku.mhlw.go.jp/02/index.php?action_kouhyou_detail_004_kani=true&JigyosyoCd=0272600289-00&ServiceCd=320&Type=search", "url2": "www.yachiyo-kai.com" }, "geometry": { "type": "Point", "coordinates": [ 140.98550350000005, 41.2569248 ] } },
{ "type": "Feature", "properties": { "内容": "認知症対応型共同生活介護　おおみなと園【認知症対応型共同生活介護】青森県むつ市大湊新町30番10号", "url": "https://www.kaigokensaku.mhlw.go.jp/02/index.php?action_kouhyou_detail_004_kani=true&JigyosyoCd=0290800044-00&ServiceCd=320&Type=search", "url2": "http://www.sakuragikai.or.jp" }, "geometry": { "type": "Point", "coordinates": [ 141.1602148, 41.2827537 ] } },
{ "type": "Feature", "properties": { "内容": "医療法人　光和会　にこにこハウス金曲【認知症対応型共同生活介護】むつ市金曲３丁目５番２９号", "url": "https://www.kaigokensaku.mhlw.go.jp/02/index.php?action_kouhyou_detail_004_kani=true&JigyosyoCd=0290800036-00&ServiceCd=320&Type=search", "url2": null }, "geometry": { "type": "Point", "coordinates": [ 141.209978699999965, 41.2737843 ] } },
{ "type": "Feature", "properties": { "内容": "グループホームきさく【認知症対応型共同生活介護】青森県つがる市木造朝日13-8グループホームきさく", "url": "https://www.kaigokensaku.mhlw.go.jp/02/index.php?action_kouhyou_detail_004_kani=true&JigyosyoCd=0290900067-00&ServiceCd=320&Type=search", "url2": null }, "geometry": { "type": "Point", "coordinates": [ 140.374846725794981, 40.821494990562371 ] } },
{ "type": "Feature", "properties": { "内容": "グループホームゆうあいの里【認知症対応型共同生活介護】青森県つがる市豊富町屏風山1番地377", "url": "https://www.kaigokensaku.mhlw.go.jp/02/index.php?action_kouhyou_detail_004_kani=true&JigyosyoCd=0272100686-00&ServiceCd=320&Type=search", "url2": null }, "geometry": { "type": "Point", "coordinates": [ 140.362479200000024, 40.9677537 ] } },
{ "type": "Feature", "properties": { "内容": "つがる市社会福祉協議会　グループホーム安住の里【認知症対応型共同生活介護】青森県つがる市稲垣町豊川宮川143番地1", "url": "https://www.kaigokensaku.mhlw.go.jp/02/index.php?action_kouhyou_detail_004_kani=true&JigyosyoCd=0272100736-00&ServiceCd=320&Type=search", "url2": null }, "geometry": { "type": "Point", "coordinates": [ 140.397782799999959, 40.8797536 ] } },
{ "type": "Feature", "properties": { "内容": "グループホーム桑寿園【認知症対応型共同生活介護】青森県つがる市柏桑野木田若宮２５５番地１", "url": "https://www.kaigokensaku.mhlw.go.jp/02/index.php?action_kouhyou_detail_004_kani=true&JigyosyoCd=0272100744-00&ServiceCd=320&Type=search", "url2": "https://www.hakuyuukai.com" }, "geometry": { "type": "Point", "coordinates": [ 140.404491300000018, 40.7795405 ] } },
{ "type": "Feature", "properties": { "内容": "グループホーム我が家【認知症対応型共同生活介護】つがる市木造中館田浦４４－１", "url": "https://www.kaigokensaku.mhlw.go.jp/02/index.php?action_kouhyou_detail_004_kani=true&JigyosyoCd=0272100769-00&ServiceCd=320&Type=search", "url2": null }, "geometry": { "type": "Point", "coordinates": [ 140.363980099999907, 40.8136046 ] } },
{ "type": "Feature", "properties": { "内容": "グループホーム　白壽【認知症対応型共同生活介護】青森県つがる市福原印元61-1", "url": "https://www.kaigokensaku.mhlw.go.jp/02/index.php?action_kouhyou_detail_004_kani=true&JigyosyoCd=0272100850-00&ServiceCd=320&Type=search", "url2": null }, "geometry": { "type": "Point", "coordinates": [ 140.345837599999982, 40.7940592 ] } },
{ "type": "Feature", "properties": { "内容": "グループホームきづくり【認知症対応型共同生活介護】青森県つがる市木造芦沼15番地", "url": "https://www.kaigokensaku.mhlw.go.jp/02/index.php?action_kouhyou_detail_004_kani=true&JigyosyoCd=0272100876-00&ServiceCd=320&Type=search", "url2": "https://gh-kidukuri.circle-care.jp/" }, "geometry": { "type": "Point", "coordinates": [ 140.401498299999957, 40.8238406 ] } },
{ "type": "Feature", "properties": { "内容": "グループホーム　ぬくもりの家【認知症対応型共同生活介護】つがる市森田町上相野柾木１９－４", "url": "https://www.kaigokensaku.mhlw.go.jp/02/index.php?action_kouhyou_detail_004_kani=true&JigyosyoCd=0272100983-00&ServiceCd=320&Type=search", "url2": "gh-nukumorinoie.circle-care.jp" }, "geometry": { "type": "Point", "coordinates": [ 140.377120900000023, 40.8008565 ] } },
{ "type": "Feature", "properties": { "内容": "グループホーム　清里【認知症対応型共同生活介護】富萢町屏風山1番地1048", "url": "https://www.kaigokensaku.mhlw.go.jp/02/index.php?action_kouhyou_detail_004_kani=true&JigyosyoCd=0290900018-00&ServiceCd=320&Type=search", "url2": "https://kiyosato7.wixsite.com./-grouphome" }, "geometry": { "type": "Point", "coordinates": [ 140.344880492082211, 40.99857210672117 ] } },
{ "type": "Feature", "properties": { "内容": "グループホーム日和【認知症対応型共同生活介護】青森県つがる市木造福原常盤20-1", "url": "https://www.kaigokensaku.mhlw.go.jp/02/index.php?action_kouhyou_detail_004_kani=true&JigyosyoCd=0290900026-00&ServiceCd=320&Type=search", "url2": null }, "geometry": { "type": "Point", "coordinates": [ 140.346334840723074, 40.793940859339457 ] } },
{ "type": "Feature", "properties": { "内容": "グループホームつがる【認知症対応型共同生活介護】青森県つがる市木造吹原西前田21番18", "url": "https://www.kaigokensaku.mhlw.go.jp/02/index.php?action_kouhyou_detail_004_kani=true&JigyosyoCd=0290900034-00&ServiceCd=320&Type=search", "url2": "https://www.shimano-group.jp/" }, "geometry": { "type": "Point", "coordinates": [ 140.303516, 40.8143307 ] } },
{ "type": "Feature", "properties": { "内容": "グループホーム　太陽の家【認知症対応型共同生活介護】平川市沖館向野９１－１", "url": "https://www.kaigokensaku.mhlw.go.jp/02/index.php?action_kouhyou_detail_004_kani=true&JigyosyoCd=0272300526-00&ServiceCd=320&Type=search", "url2": "http://ryokufu.or.jp/" }, "geometry": { "type": "Point", "coordinates": [ 140.570244900000034, 40.5750894 ] } },
{ "type": "Feature", "properties": { "内容": "グループホーム　あすか【認知症対応型共同生活介護】町居西田111番地１", "url": "https://www.kaigokensaku.mhlw.go.jp/02/index.php?action_kouhyou_detail_004_kani=true&JigyosyoCd=0272300682-00&ServiceCd=320&Type=search", "url2": "http://www.kaigo-support.co.jp/" }, "geometry": { "type": "Point", "coordinates": [ 140.579143700000031, 40.5867469 ] } },
{ "type": "Feature", "properties": { "内容": "グループホームあいのり【認知症対応型共同生活介護】青森県平川市碇ヶ関西碇ヶ関１８５番地", "url": "https://www.kaigokensaku.mhlw.go.jp/02/index.php?action_kouhyou_detail_004_kani=true&JigyosyoCd=0272300781-00&ServiceCd=320&Type=search", "url2": "http://www16.ocn.ne.jp/~ushuji/ushuji_007.htm" }, "geometry": { "type": "Point", "coordinates": [ 140.634089099999983, 40.4262056 ] } },
{ "type": "Feature", "properties": { "内容": "グループホームなごみ【認知症対応型共同生活介護】青森県平川市柏木町藤山30-35", "url": "https://www.kaigokensaku.mhlw.go.jp/02/index.php?action_kouhyou_detail_004_kani=true&JigyosyoCd=0272300831-00&ServiceCd=320&Type=search", "url2": null }, "geometry": { "type": "Point", "coordinates": [ 140.563703499999974, 40.5843661 ] } },
{ "type": "Feature", "properties": { "内容": "グループホーム　もみじの森【認知症対応型共同生活介護】平川市猿賀石林３７番地３", "url": "https://www.kaigokensaku.mhlw.go.jp/02/index.php?action_kouhyou_detail_004_kani=true&JigyosyoCd=0272300880-00&ServiceCd=320&Type=search", "url2": null }, "geometry": { "type": "Point", "coordinates": [ 140.568604400000027, 40.617346 ] } },
{ "type": "Feature", "properties": { "内容": "グループホームサンライフ三笠【認知症対応型共同生活介護】青森県平川市館田西和田201‐2", "url": "https://www.kaigokensaku.mhlw.go.jp/02/index.php?action_kouhyou_detail_004_kani=true&JigyosyoCd=0272300955-00&ServiceCd=320&Type=search", "url2": "http://www.mikasaen-hp.com/nyusho#nyusho07" }, "geometry": { "type": "Point", "coordinates": [ 140.538908200000037, 40.5871899 ] } },
{ "type": "Feature", "properties": { "内容": "グループホームおのえ【認知症対応型共同生活介護】青森県平川市中佐渡上石田36-1", "url": "https://www.kaigokensaku.mhlw.go.jp/02/index.php?action_kouhyou_detail_004_kani=true&JigyosyoCd=0272301003-00&ServiceCd=320&Type=search", "url2": "http://sanwakai.info/" }, "geometry": { "type": "Point", "coordinates": [ 140.56428040000003, 40.6079555 ] } },
{ "type": "Feature", "properties": { "内容": "グループホーム　サンライフ碇ヶ関【認知症対応型共同生活介護】青森県平川市碇ヶ関鯨森90-1", "url": "https://www.kaigokensaku.mhlw.go.jp/02/index.php?action_kouhyou_detail_004_kani=true&JigyosyoCd=0291000016-00&ServiceCd=320&Type=search", "url2": "http;//www.mikasaen-hp.com" }, "geometry": { "type": "Point", "coordinates": [ 140.6271954, 40.4811717 ] } },
{ "type": "Feature", "properties": { "内容": "グループホームからたけ【認知症対応型共同生活介護】青森県平川市唐竹苺原71番地2", "url": "https://www.kaigokensaku.mhlw.go.jp/02/index.php?action_kouhyou_detail_004_kani=true&JigyosyoCd=0291000040-00&ServiceCd=320&Type=search", "url2": "www.k5.dion.ne.jp/~hakuyuu/index2.html" }, "geometry": { "type": "Point", "coordinates": [ 140.603648199999952, 40.5627087 ] } },
{ "type": "Feature", "properties": { "内容": "グループホームいずみ【認知症対応型共同生活介護】青森県平川市李平上山崎53-1", "url": "https://www.kaigokensaku.mhlw.go.jp/02/index.php?action_kouhyou_detail_004_kani=true&JigyosyoCd=0272300534-00&ServiceCd=320&Type=search", "url2": "https://miraikai.cloud-line.com" }, "geometry": { "type": "Point", "coordinates": [ 140.593282700000032, 40.621057 ] } },
{ "type": "Feature", "properties": { "内容": "グループホーム岩木望おのえ【認知症対応型共同生活介護】平川市原上原24-4", "url": "https://www.kaigokensaku.mhlw.go.jp/02/index.php?action_kouhyou_detail_004_kani=true&JigyosyoCd=0272300872-00&ServiceCd=320&Type=search", "url2": null }, "geometry": { "type": "Point", "coordinates": [ 140.580474354631065, 40.618281063233326 ] } },
{ "type": "Feature", "properties": { "内容": "社会福祉法人徳寿福祉会【認知症対応型共同生活介護】青森県東津軽郡平内町清水川字権十郎新田８", "url": "https://www.kaigokensaku.mhlw.go.jp/02/index.php?action_kouhyou_detail_004_kani=true&JigyosyoCd=0272000324-00&ServiceCd=320&Type=search", "url2": "https://sites.google.com/view/hiranaitown-dsc-himawari/%E9%99%BD%E3%81%A0%E3%81%BE%E3%82%8A%E3%81%AE%E5%AE%B6%E3%81%B2%E3%81%BE%E3%82%8F%E3%82%8A" }, "geometry": { "type": "Point", "coordinates": [ 141.011109499999947, 40.9272415 ] } },
{ "type": "Feature", "properties": { "内容": "グループホーム　ふれあいの里【認知症対応型共同生活介護】青森県東津軽郡今別町大字今別字中沢　149-1", "url": "https://www.kaigokensaku.mhlw.go.jp/02/index.php?action_kouhyou_detail_004_kani=true&JigyosyoCd=0292000056-00&ServiceCd=320&Type=search", "url2": null }, "geometry": { "type": "Point", "coordinates": [ 140.495753400000012, 41.1726529 ] } },
{ "type": "Feature", "properties": { "内容": "グループホーム　ふれあいの里Ⅱ【認知症対応型共同生活介護】青森県東津軽郡今別町大字今別字中沢　149-1", "url": "https://www.kaigokensaku.mhlw.go.jp/02/index.php?action_kouhyou_detail_004_kani=true&JigyosyoCd=0292000114-00&ServiceCd=320&Type=search", "url2": null }, "geometry": { "type": "Point", "coordinates": [ 140.495753400000012, 41.1726529 ] } },
{ "type": "Feature", "properties": { "内容": "グループホーム　よもぎた【認知症対応型共同生活介護】青森県東津軽郡蓬田村大字阿弥陀川字汐干１１６番地１", "url": "https://www.kaigokensaku.mhlw.go.jp/02/index.php?action_kouhyou_detail_004_kani=true&JigyosyoCd=0272000332-00&ServiceCd=320&Type=search", "url2": null }, "geometry": { "type": "Point", "coordinates": [ 140.651985599999989, 40.9671365 ] } },
{ "type": "Feature", "properties": { "内容": "社会福祉法人緑鴎会玉松ホーム【認知症対応型共同生活介護】東津軽郡蓬田村大字瀬辺地字山田１－６５", "url": "https://www.kaigokensaku.mhlw.go.jp/02/index.php?action_kouhyou_detail_004_kani=true&JigyosyoCd=0272000373-00&ServiceCd=320&Type=search", "url2": "http://ryokuoukai.net/" }, "geometry": { "type": "Point", "coordinates": [ 140.646751799999947, 40.9944699 ] } },
{ "type": "Feature", "properties": { "内容": "有限会社　グループホーム逢々【認知症対応型共同生活介護】青森県東津軽群蓬田村大字瀬辺地字山田１番地２８", "url": "https://www.kaigokensaku.mhlw.go.jp/02/index.php?action_kouhyou_detail_004_kani=true&JigyosyoCd=0292000015-00&ServiceCd=320&Type=search", "url2": "https://aiai2025.com" }, "geometry": { "type": "Point", "coordinates": [ 140.648602579762269, 40.997541192376808 ] } },
{ "type": "Feature", "properties": { "内容": "グループホーム　いきがいの里【認知症対応型共同生活介護】青森県東津軽郡外ヶ浜町字蟹田内黒山１２番地１６４", "url": "https://www.kaigokensaku.mhlw.go.jp/02/index.php?action_kouhyou_detail_004_kani=true&JigyosyoCd=0292000023-00&ServiceCd=320&Type=search", "url2": "https://www.ikigainosato.jp" }, "geometry": { "type": "Point", "coordinates": [ 140.616060699999906, 41.0403314 ] } },
{ "type": "Feature", "properties": { "内容": "グループホームみんまや【認知症対応型共同生活介護】青森県東津軽郡外ヶ浜町字三厩桃ヶ丘209番地1", "url": "https://www.kaigokensaku.mhlw.go.jp/02/index.php?action_kouhyou_detail_004_kani=true&JigyosyoCd=0292000031-00&ServiceCd=320&Type=search", "url2": null }, "geometry": { "type": "Point", "coordinates": [ 140.4343949, 41.1912165 ] } },
{ "type": "Feature", "properties": { "内容": "グループホーム　よつば【認知症対応型共同生活介護】平舘根岸小川258-2", "url": "https://www.kaigokensaku.mhlw.go.jp/02/index.php?action_kouhyou_detail_004_kani=true&JigyosyoCd=0292000049-00&ServiceCd=320&Type=search", "url2": null }, "geometry": { "type": "Point", "coordinates": [ 140.631696599999941, 41.1481006 ] } },
{ "type": "Feature", "properties": { "内容": "グループホーム　うぐいすの里【認知症対応型共同生活介護】西津軽郡鯵ヶ沢町大字長平町字甲音羽山６５－４１１", "url": "https://www.kaigokensaku.mhlw.go.jp/02/index.php?action_kouhyou_detail_004_kani=true&JigyosyoCd=0272100538-00&ServiceCd=320&Type=search", "url2": "http://otowakai.or.jp/" }, "geometry": { "type": "Point", "coordinates": [ 140.270289, 40.704443 ] } },
{ "type": "Feature", "properties": { "内容": "グループホーム　しあわせ【認知症対応型共同生活介護】青森県西津軽郡鯵ヶ沢町大字南浮田字金沢街道ノ沢55-9", "url": "https://www.kaigokensaku.mhlw.go.jp/02/index.php?action_kouhyou_detail_004_kani=true&JigyosyoCd=0272100926-00&ServiceCd=320&Type=search", "url2": null }, "geometry": { "type": "Point", "coordinates": [ 140.2427573, 40.7762307 ] } },
{ "type": "Feature", "properties": { "内容": "グループホームにこにこ【認知症対応型共同生活介護】青森県西津軽郡鯵ヶ沢町大字北浮田町字平野206番地4", "url": "https://www.kaigokensaku.mhlw.go.jp/02/index.php?action_kouhyou_detail_004_kani=true&JigyosyoCd=0272100959-00&ServiceCd=320&Type=search", "url2": null }, "geometry": { "type": "Point", "coordinates": [ 140.266636100000028, 40.7903798 ] } },
{ "type": "Feature", "properties": { "内容": "グループホーム　やよい荘【認知症対応型共同生活介護】青森県西津軽郡鯵ヶ沢町大字舞戸町字蒲生85-1", "url": "https://www.kaigokensaku.mhlw.go.jp/02/index.php?action_kouhyou_detail_004_kani=true&JigyosyoCd=0272101007-00&ServiceCd=320&Type=search", "url2": null }, "geometry": { "type": "Point", "coordinates": [ 140.221469899999988, 40.7714555 ] } },
{ "type": "Feature", "properties": { "内容": "グループホーム百代ハウス【認知症対応型共同生活介護】青森県西津軽郡鯵ヶ沢町大字北浮田町字今須87-1グループホーム百代ハウス", "url": "https://www.kaigokensaku.mhlw.go.jp/02/index.php?action_kouhyou_detail_004_kani=true&JigyosyoCd=0272100801-00&ServiceCd=320&Type=search", "url2": "http://aomoritsukushikai.com/" }, "geometry": { "type": "Point", "coordinates": [ 140.253567400000065, 40.790002 ] } },
{ "type": "Feature", "properties": { "内容": "グループホームトント園【認知症対応型共同生活介護】青森県西津軽郡深浦町大字岩崎字松原５７番地６", "url": "https://www.kaigokensaku.mhlw.go.jp/02/index.php?action_kouhyou_detail_004_kani=true&JigyosyoCd=0272100637-00&ServiceCd=320&Type=search", "url2": null }, "geometry": { "type": "Point", "coordinates": [ 139.925574800000049, 40.5831772 ] } },
{ "type": "Feature", "properties": { "内容": "グループホーム　しらかみのさと【認知症対応型共同生活介護】青森県西津軽郡深浦町大字関字小島崎５８－３", "url": "https://www.kaigokensaku.mhlw.go.jp/02/index.php?action_kouhyou_detail_004_kani=true&JigyosyoCd=0272100819-00&ServiceCd=320&Type=search", "url2": "https://www.shirakaminosato.or.jp/" }, "geometry": { "type": "Point", "coordinates": [ 140.116986600000018, 40.7294005 ] } },
{ "type": "Feature", "properties": { "内容": "グループホームいちえ【認知症対応型共同生活介護】青森県西津軽郡深浦町大字沢辺字吉花１０２－２７", "url": "https://www.kaigokensaku.mhlw.go.jp/02/index.php?action_kouhyou_detail_004_kani=true&JigyosyoCd=0272100934-00&ServiceCd=320&Type=search", "url2": null }, "geometry": { "type": "Point", "coordinates": [ 139.893335799999932, 40.5843169 ] } },
{ "type": "Feature", "properties": { "内容": "グループホーム　はまなす【認知症対応型共同生活介護】青森県西津軽郡深浦町大字驫木字津山91", "url": "https://www.kaigokensaku.mhlw.go.jp/02/index.php?action_kouhyou_detail_004_kani=true&JigyosyoCd=0272100991-00&ServiceCd=320&Type=search", "url2": "URL:http://hamanasuso.com" }, "geometry": { "type": "Point", "coordinates": [ 139.981181699999979, 40.7023156 ] } },
{ "type": "Feature", "properties": { "内容": "グループホームサニーライフ【認知症対応型共同生活介護】青森県西津軽郡深浦町大字柳田字桜田34-5", "url": "https://www.kaigokensaku.mhlw.go.jp/02/index.php?action_kouhyou_detail_004_kani=true&JigyosyoCd=0272101015-00&ServiceCd=320&Type=search", "url2": null }, "geometry": { "type": "Point", "coordinates": [ 140.144929100000013, 40.7505576 ] } },
{ "type": "Feature", "properties": { "内容": "グループホーム　ユリの花【認知症対応型共同生活介護】青森県西津軽郡深浦町大字深浦字吾妻沢１３番地１", "url": "https://www.kaigokensaku.mhlw.go.jp/02/index.php?action_kouhyou_detail_004_kani=true&JigyosyoCd=0292100013-00&ServiceCd=320&Type=search", "url2": null }, "geometry": { "type": "Point", "coordinates": [ 139.942465199999987, 40.6556972 ] } },
{ "type": "Feature", "properties": { "内容": "グループホーム三愛園【認知症対応型共同生活介護】大字関字栃沢80-9", "url": "https://www.kaigokensaku.mhlw.go.jp/02/index.php?action_kouhyou_detail_004_kani=true&JigyosyoCd=0292100039-00&ServiceCd=320&Type=search", "url2": "http://www.aiji-fukushikai.com/" }, "geometry": { "type": "Point", "coordinates": [ 140.098340499999949, 40.7453704 ] } },
{ "type": "Feature", "properties": { "内容": "グループホームユートピア白神【認知症対応型共同生活介護】青森県中津軽郡西目屋村大字田代字稲元3-1", "url": "https://www.kaigokensaku.mhlw.go.jp/02/index.php?action_kouhyou_detail_004_kani=true&JigyosyoCd=0292200011-00&ServiceCd=320&Type=search", "url2": "http://www.mikasaen-hp.com/" }, "geometry": { "type": "Point", "coordinates": [ 140.297454300000027, 40.5764614 ] } },
{ "type": "Feature", "properties": { "内容": "グループホームすごう【認知症対応型共同生活介護】青森県南津軽郡藤崎町大字葛野字新岡元56-1", "url": "https://www.kaigokensaku.mhlw.go.jp/02/index.php?action_kouhyou_detail_004_kani=true&JigyosyoCd=0272300641-00&ServiceCd=320&Type=search", "url2": null }, "geometry": { "type": "Point", "coordinates": [ 140.498452600000064, 40.6604518 ] } },
{ "type": "Feature", "properties": { "内容": "グループホーム　メープルの里　ときわ【認知症対応型共同生活介護】青森県南津軽郡藤崎町大字常盤字三西田８－８", "url": "https://www.kaigokensaku.mhlw.go.jp/02/index.php?action_kouhyou_detail_004_kani=true&JigyosyoCd=0272300740-00&ServiceCd=320&Type=search", "url2": "care-net.biz/02/fuzi-me-puru/" }, "geometry": { "type": "Point", "coordinates": [ 140.537044780287147, 40.674135791167643 ] } },
{ "type": "Feature", "properties": { "内容": "グループホーム　さんふじ【認知症対応型共同生活介護】青森県南津軽郡藤崎町大字柏木堰字亀田６７番地１", "url": "https://www.kaigokensaku.mhlw.go.jp/02/index.php?action_kouhyou_detail_004_kani=true&JigyosyoCd=0272300864-00&ServiceCd=320&Type=search", "url2": null }, "geometry": { "type": "Point", "coordinates": [ 140.512975, 40.6934235 ] } },
{ "type": "Feature", "properties": { "内容": "グループホーム　えびす【認知症対応型共同生活介護】青森県南津軽郡藤崎町大字藤崎字西浅田20－2", "url": "https://www.kaigokensaku.mhlw.go.jp/02/index.php?action_kouhyou_detail_004_kani=true&JigyosyoCd=0272300948-00&ServiceCd=320&Type=search", "url2": "https://ebisu-2002-7-22.amebaownd.com/pages/2058118/page_201807030914" }, "geometry": { "type": "Point", "coordinates": [ 140.506986, 40.6466732 ] } },
{ "type": "Feature", "properties": { "内容": "グループホーム　テレサ苑【認知症対応型共同生活介護】青森県南津軽郡藤崎町大字林崎字宮本67番地1", "url": "https://www.kaigokensaku.mhlw.go.jp/02/index.php?action_kouhyou_detail_004_kani=true&JigyosyoCd=0272300971-00&ServiceCd=320&Type=search", "url2": "https://teresaen.com/" }, "geometry": { "type": "Point", "coordinates": [ 140.488739, 40.6706337 ] } },
{ "type": "Feature", "properties": { "内容": "グループホームいこい【認知症対応型共同生活介護】青森県南津軽郡藤崎町大字水木字浅田９５", "url": "https://www.kaigokensaku.mhlw.go.jp/02/index.php?action_kouhyou_detail_004_kani=true&JigyosyoCd=0272301029-00&ServiceCd=320&Type=search", "url2": "http://care-net.biz/02toueikai/" }, "geometry": { "type": "Point", "coordinates": [ 140.536743099999967, 40.6780925 ] } },
{ "type": "Feature", "properties": { "内容": "グループホーム月のうさぎ【認知症対応型共同生活介護】青森県南津軽郡大鰐町大字鯖石字広田１３－３", "url": "https://www.kaigokensaku.mhlw.go.jp/02/index.php?action_kouhyou_detail_004_kani=true&JigyosyoCd=0272300757-00&ServiceCd=320&Type=search", "url2": "http://www6.ocn.ne.jp/~tukiusa/" }, "geometry": { "type": "Point", "coordinates": [ 140.55458909999993, 40.5372099 ] } },
{ "type": "Feature", "properties": { "内容": "あずみ野グループホーム【認知症対応型共同生活介護】青森県南津軽郡大鰐町大字鯖石字浅瀬渕35-5", "url": "https://www.kaigokensaku.mhlw.go.jp/02/index.php?action_kouhyou_detail_004_kani=true&JigyosyoCd=0272300807-00&ServiceCd=320&Type=search", "url2": "http:www.owani.com/" }, "geometry": { "type": "Point", "coordinates": [ 140.556000199999971, 40.531974500000011 ] } },
{ "type": "Feature", "properties": { "内容": "グループホーム大鰐温泉保養館【認知症対応型共同生活介護】青森県南津軽郡大鰐町大字大鰐字湯野川原８－４", "url": "https://www.kaigokensaku.mhlw.go.jp/02/index.php?action_kouhyou_detail_004_kani=true&JigyosyoCd=0272300898-00&ServiceCd=320&Type=search", "url2": "https://www.mikasaen-hp.com/" }, "geometry": { "type": "Point", "coordinates": [ 140.574571399999968, 40.5207014 ] } },
{ "type": "Feature", "properties": { "内容": "グループホームえびす　いなかだて【認知症対応型共同生活介護】青森県南津軽郡田舎館村大字川部字中西田30-58", "url": "https://www.kaigokensaku.mhlw.go.jp/02/index.php?action_kouhyou_detail_004_kani=true&JigyosyoCd=0292300019-00&ServiceCd=320&Type=search", "url2": "https://ebisu-2002-7-22.amebaownd.com/pages/2038294/page_201806251023" }, "geometry": { "type": "Point", "coordinates": [ 140.518587600000046, 40.6478206 ] } },
{ "type": "Feature", "properties": { "内容": "グループホーム岩木望【認知症対応型共同生活介護】畑中字樋口１５８", "url": "https://www.kaigokensaku.mhlw.go.jp/02/index.php?action_kouhyou_detail_004_kani=true&JigyosyoCd=0272300732-00&ServiceCd=320&Type=search", "url2": null }, "geometry": { "type": "Point", "coordinates": [ 140.544704081614668, 40.631406735101713 ] } },
{ "type": "Feature", "properties": { "内容": "グループホーム　みどり【認知症対応型共同生活介護】北津軽郡板柳町大字福野田字実田54番地4", "url": "https://www.kaigokensaku.mhlw.go.jp/02/index.php?action_kouhyou_detail_004_kani=true&JigyosyoCd=0272400359-00&ServiceCd=320&Type=search", "url2": "http://ryokuoukai.net/" }, "geometry": { "type": "Point", "coordinates": [ 140.45942679999996, 40.6971991 ] } },
{ "type": "Feature", "properties": { "内容": "グループホーム　ライラック【認知症対応型共同生活介護】青森県北津軽郡板柳町大字掛落林字前田263", "url": "https://www.kaigokensaku.mhlw.go.jp/02/index.php?action_kouhyou_detail_004_kani=true&JigyosyoCd=0272400615-00&ServiceCd=320&Type=search", "url2": null }, "geometry": { "type": "Point", "coordinates": [ 140.440113800000063, 40.7175638 ] } },
{ "type": "Feature", "properties": { "内容": "グループホームいたや荘【認知症対応型共同生活介護】青森県北津軽郡板柳町大字辻字岸田66番地1", "url": "https://www.kaigokensaku.mhlw.go.jp/02/index.php?action_kouhyou_detail_004_kani=true&JigyosyoCd=0272400649-00&ServiceCd=320&Type=search", "url2": "http://sanwakai.info/?page_id=19" }, "geometry": { "type": "Point", "coordinates": [ 140.470314899999948, 40.6903782 ] } },
{ "type": "Feature", "properties": { "内容": "グループホーム鶴住【認知症対応型共同生活介護】青森県北津軽郡板柳町大字野中字鶴住102-2", "url": "https://www.kaigokensaku.mhlw.go.jp/02/index.php?action_kouhyou_detail_004_kani=true&JigyosyoCd=0272400847-00&ServiceCd=320&Type=search", "url2": "http://turuzumikai.jp" }, "geometry": { "type": "Point", "coordinates": [ 140.450818499999968, 40.7220886 ] } },
{ "type": "Feature", "properties": { "内容": "グループホーム鶴松園【認知症対応型共同生活介護】青森県北津軽郡鶴田町大字廻堰字上野尻１４２", "url": "https://www.kaigokensaku.mhlw.go.jp/02/index.php?action_kouhyou_detail_004_kani=true&JigyosyoCd=0272400417-00&ServiceCd=320&Type=search", "url2": "http://kakusyou.sakura.ne.jp/" }, "geometry": { "type": "Point", "coordinates": [ 140.398030693254128, 40.765625584169186 ] } },
{ "type": "Feature", "properties": { "内容": "グループホーム　さくら荘【認知症対応型共同生活介護】青森県北津軽郡鶴田町大字山道字小泉301番地", "url": "https://www.kaigokensaku.mhlw.go.jp/02/index.php?action_kouhyou_detail_004_kani=true&JigyosyoCd=0272400656-00&ServiceCd=320&Type=search", "url2": null }, "geometry": { "type": "Point", "coordinates": [ 140.447714200000064, 40.7574135 ] } },
{ "type": "Feature", "properties": { "内容": "グループホーム　福寿荘【認知症対応型共同生活介護】青森県北津軽郡鶴田町大字鶴田字柳元２７６－１", "url": "https://www.kaigokensaku.mhlw.go.jp/02/index.php?action_kouhyou_detail_004_kani=true&JigyosyoCd=0272400763-00&ServiceCd=320&Type=search", "url2": null }, "geometry": { "type": "Point", "coordinates": [ 140.435761299999967, 40.7726228 ] } },
{ "type": "Feature", "properties": { "内容": "グループホーム　たなか【認知症対応型共同生活介護】青森県北津軽郡鶴田町大字鶴田字小泉３０４－１", "url": "https://www.kaigokensaku.mhlw.go.jp/02/index.php?action_kouhyou_detail_004_kani=true&JigyosyoCd=0272400870-00&ServiceCd=320&Type=search", "url2": null }, "geometry": { "type": "Point", "coordinates": [ 140.441553800000065, 40.7528026 ] } },
{ "type": "Feature", "properties": { "内容": "グループホーム　鶴泊の家【認知症対応型共同生活介護】青森県北津軽郡鶴田町大字鶴泊字前田９９－１", "url": "https://www.kaigokensaku.mhlw.go.jp/02/index.php?action_kouhyou_detail_004_kani=true&JigyosyoCd=0292400017-00&ServiceCd=320&Type=search", "url2": null }, "geometry": { "type": "Point", "coordinates": [ 140.432416500000045, 40.7331374 ] } },
{ "type": "Feature", "properties": { "内容": "グループホームアップル鶴の里【認知症対応型共同生活介護】青森県北津軽郡鶴田町大字横萢字矢留崎97", "url": "https://www.kaigokensaku.mhlw.go.jp/02/index.php?action_kouhyou_detail_004_kani=true&JigyosyoCd=0292400025-00&ServiceCd=320&Type=search", "url2": null }, "geometry": { "type": "Point", "coordinates": [ 140.483186499999988, 40.7528507 ] } },
{ "type": "Feature", "properties": { "内容": "グループホームさきしり【認知症対応型共同生活介護】青森県北津軽郡鶴田町大字妙堂崎字﨑尻４４－１グループホームさきしり", "url": "https://www.kaigokensaku.mhlw.go.jp/02/index.php?action_kouhyou_detail_004_kani=true&JigyosyoCd=0292400124-00&ServiceCd=320&Type=search", "url2": "https://www.shimano-group.jp/" }, "geometry": { "type": "Point", "coordinates": [ 140.365003819712854, 40.783550745090722 ] } },
{ "type": "Feature", "properties": { "内容": "グループホーム宝森【認知症対応型共同生活介護】青森県北津軽郡中泊町大字中里字宝森２９１番地１", "url": "https://www.kaigokensaku.mhlw.go.jp/02/index.php?action_kouhyou_detail_004_kani=true&JigyosyoCd=0272400342-00&ServiceCd=320&Type=search", "url2": null }, "geometry": { "type": "Point", "coordinates": [ 140.4294344, 40.9688278 ] } },
{ "type": "Feature", "properties": { "内容": "グループホームやすらぎの里【認知症対応型共同生活介護】青森県北津軽郡中泊町大字尾別字小谷26番地1", "url": "https://www.kaigokensaku.mhlw.go.jp/02/index.php?action_kouhyou_detail_004_kani=true&JigyosyoCd=0272400516-00&ServiceCd=320&Type=search", "url2": "https://koumeikai.net/" }, "geometry": { "type": "Point", "coordinates": [ 140.431511399999977, 40.9855431 ] } },
{ "type": "Feature", "properties": { "内容": "グループホーム　すい賓荘【認知症対応型共同生活介護】青森県北津軽郡中泊町大字小泊字浜野６１－１", "url": "https://www.kaigokensaku.mhlw.go.jp/02/index.php?action_kouhyou_detail_004_kani=true&JigyosyoCd=0272400540-00&ServiceCd=320&Type=search", "url2": null }, "geometry": { "type": "Point", "coordinates": [ 140.304959300000064, 41.1290227 ] } },
{ "type": "Feature", "properties": { "内容": "グループホーム泉の里【認知症対応型共同生活介護】青森県北津軽郡中泊町大字今泉字神山１４１", "url": "https://www.kaigokensaku.mhlw.go.jp/02/index.php?action_kouhyou_detail_004_kani=true&JigyosyoCd=0272400680-00&ServiceCd=320&Type=search", "url2": null }, "geometry": { "type": "Point", "coordinates": [ 140.4233597, 41.033932 ] } },
{ "type": "Feature", "properties": { "内容": "グループホームさくら【認知症対応型共同生活介護】青森県北津軽郡中泊町大字中里字亀山777-164", "url": "https://www.kaigokensaku.mhlw.go.jp/02/index.php?action_kouhyou_detail_004_kani=true&JigyosyoCd=0272400789-00&ServiceCd=320&Type=search", "url2": null }, "geometry": { "type": "Point", "coordinates": [ 140.444717, 40.9657203 ] } },
{ "type": "Feature", "properties": { "内容": "グループホームやまなみ【認知症対応型共同生活介護】青森県北津軽郡中泊町大字今泉字神山147-1", "url": "https://www.kaigokensaku.mhlw.go.jp/02/index.php?action_kouhyou_detail_004_kani=true&JigyosyoCd=0292400041-00&ServiceCd=320&Type=search", "url2": null }, "geometry": { "type": "Point", "coordinates": [ 140.42294077738498, 41.033763500598887 ] } },
{ "type": "Feature", "properties": { "内容": "グループホームしおさい【認知症対応型共同生活介護】北津軽郡中泊町大字小泊字朝間1-25小泊診療所2階", "url": "https://www.kaigokensaku.mhlw.go.jp/02/index.php?action_kouhyou_detail_004_kani=true&JigyosyoCd=0292400058-00&ServiceCd=320&Type=search", "url2": null }, "geometry": { "type": "Point", "coordinates": [ 140.439839500000062, 40.9651786 ] } },
{ "type": "Feature", "properties": { "内容": "グループホームなかさと【認知症対応型共同生活介護】青森県北津軽郡中泊町大字中里字亀山434-1", "url": "https://www.kaigokensaku.mhlw.go.jp/02/index.php?action_kouhyou_detail_004_kani=true&JigyosyoCd=0292400116-00&ServiceCd=320&Type=search", "url2": null }, "geometry": { "type": "Point", "coordinates": [ 140.439589599999977, 40.9650647 ] } },
{ "type": "Feature", "properties": { "内容": "グループホーム八幡荘【認知症対応型共同生活介護】北津軽郡中泊町大字中里字亀山４３４番地１", "url": "https://www.kaigokensaku.mhlw.go.jp/02/index.php?action_kouhyou_detail_004_kani=true&JigyosyoCd=0272400490-00&ServiceCd=320&Type=search", "url2": null }, "geometry": { "type": "Point", "coordinates": [ 140.439722947176392, 40.965035923760794 ] } },
{ "type": "Feature", "properties": { "内容": "グループホーム第二みほの【認知症対応型共同生活介護】青森県上北郡野辺地町字一ノ渡１９－１", "url": "https://www.kaigokensaku.mhlw.go.jp/02/index.php?action_kouhyou_detail_004_kani=true&JigyosyoCd=0292500030-00&ServiceCd=320&Type=search", "url2": null }, "geometry": { "type": "Point", "coordinates": [ 141.129819099999963, 40.8403521 ] } },
{ "type": "Feature", "properties": { "内容": "グループホームびわの荘【認知症対応型共同生活介護】青森県上北郡野辺地町字枇杷野５１-２４グループホームびわの荘", "url": "https://www.kaigokensaku.mhlw.go.jp/02/index.php?action_kouhyou_detail_004_kani=true&JigyosyoCd=0292500162-00&ServiceCd=320&Type=search", "url2": null }, "geometry": { "type": "Point", "coordinates": [ 141.1067875, 40.8510564 ] } },
{ "type": "Feature", "properties": { "内容": "天寿園グループホーム【認知症対応型共同生活介護】青森県上北郡七戸町字舟場向川久保308番地", "url": "https://www.kaigokensaku.mhlw.go.jp/02/index.php?action_kouhyou_detail_004_kani=true&JigyosyoCd=0272500802-00&ServiceCd=320&Type=search", "url2": "www.tenjuen.net/" }, "geometry": { "type": "Point", "coordinates": [ 141.17940729999998, 40.7579735 ] } },
{ "type": "Feature", "properties": { "内容": "グループホームクオレ七戸【認知症対応型共同生活介護】青森県上北郡七戸町字太田野19番地4", "url": "https://www.kaigokensaku.mhlw.go.jp/02/index.php?action_kouhyou_detail_004_kani=true&JigyosyoCd=0272501016-00&ServiceCd=320&Type=search", "url2": null }, "geometry": { "type": "Point", "coordinates": [ 141.162773099999981, 40.6911975 ] } },
{ "type": "Feature", "properties": { "内容": "美土里荘グループホーム櫟【認知症対応型共同生活介護】青森県上北郡七戸町字寒水７０－２５", "url": "https://www.kaigokensaku.mhlw.go.jp/02/index.php?action_kouhyou_detail_004_kani=true&JigyosyoCd=0272501529-00&ServiceCd=320&Type=search", "url2": "htts://midorikai-gr.or.jp/" }, "geometry": { "type": "Point", "coordinates": [ 141.17474889999994, 40.7174006 ] } },
{ "type": "Feature", "properties": { "内容": "グループホームにこにこプラザ六戸【認知症対応型共同生活介護】青森県上北郡六戸町大字犬落瀬権現沢54-636", "url": "https://www.kaigokensaku.mhlw.go.jp/02/index.php?action_kouhyou_detail_004_kani=true&JigyosyoCd=0272501412-00&ServiceCd=320&Type=search", "url2": "https://www.sg-momijikai.com/" }, "geometry": { "type": "Point", "coordinates": [ 141.304271800000038, 40.6473164 ] } },
{ "type": "Feature", "properties": { "内容": "グループホーム　かえでの森【認知症対応型共同生活介護】青森県上北郡六戸町大字犬落瀬字柴山55-129", "url": "https://www.kaigokensaku.mhlw.go.jp/02/index.php?action_kouhyou_detail_004_kani=true&JigyosyoCd=0292500022-00&ServiceCd=320&Type=search", "url2": null }, "geometry": { "type": "Point", "coordinates": [ 141.339908700000024, 40.6169618 ] } },
{ "type": "Feature", "properties": { "内容": "グループホーム　はるが丘【認知症対応型共同生活介護】大字犬落瀬字堀切沢59-54", "url": "https://www.kaigokensaku.mhlw.go.jp/02/index.php?action_kouhyou_detail_004_kani=true&JigyosyoCd=0272500786-00&ServiceCd=320&Type=search", "url2": "http://www.rakuseikai｡ro.jp･" }, "geometry": { "type": "Point", "coordinates": [ 141.346320699999978, 40.6589964 ] } },
{ "type": "Feature", "properties": { "内容": "グループホーム　みほの【認知症対応型共同生活介護】青森県上北郡横浜町字三保野５４番地", "url": "https://www.kaigokensaku.mhlw.go.jp/02/index.php?action_kouhyou_detail_004_kani=true&JigyosyoCd=0272501073-00&ServiceCd=320&Type=search", "url2": "http://kiboukai.com/" }, "geometry": { "type": "Point", "coordinates": [ 141.2522348, 41.081033 ] } },
{ "type": "Feature", "properties": { "内容": "グループホームよこはま荘【認知症対応型共同生活介護】青森県上北郡横浜町上イタヤノ木438-5", "url": "https://www.kaigokensaku.mhlw.go.jp/02/index.php?action_kouhyou_detail_004_kani=true&JigyosyoCd=0272501503-00&ServiceCd=320&Type=search", "url2": "gh-yokohama@sweet.ocn.ne.jp" }, "geometry": { "type": "Point", "coordinates": [ 141.24824620000004, 41.0760361 ] } },
{ "type": "Feature", "properties": { "内容": "グループホーム青い空【認知症対応型共同生活介護】青森県上北郡東北町大字大浦字境ノ沢１２７", "url": "https://www.kaigokensaku.mhlw.go.jp/02/index.php?action_kouhyou_detail_004_kani=true&JigyosyoCd=0272500760-00&ServiceCd=320&Type=search", "url2": "http://www.akibakai.com" }, "geometry": { "type": "Point", "coordinates": [ 141.235248800000022, 40.7124687 ] } },
{ "type": "Feature", "properties": { "内容": "グループホーム　ぽぷら【認知症対応型共同生活介護】青森県上北郡東北町字往来ノ下３３番地３", "url": "https://www.kaigokensaku.mhlw.go.jp/02/index.php?action_kouhyou_detail_004_kani=true&JigyosyoCd=0272501156-00&ServiceCd=320&Type=search", "url2": "http://care-net.biz/02/akamatsu/b32.php" }, "geometry": { "type": "Point", "coordinates": [ 141.281428900000037, 40.7750522 ] } },
{ "type": "Feature", "properties": { "内容": "グループホームすみれ湖【認知症対応型共同生活介護】青森県上北郡東北町上北北一丁目３４－３９０", "url": "https://www.kaigokensaku.mhlw.go.jp/02/index.php?action_kouhyou_detail_004_kani=true&JigyosyoCd=0272501511-00&ServiceCd=320&Type=search", "url2": "https://sumirekai.or.jp/" }, "geometry": { "type": "Point", "coordinates": [ 141.261520799999971, 40.7342204 ] } },
{ "type": "Feature", "properties": { "内容": "グループホーム　ひばの里【認知症対応型共同生活介護】字膳前５６番地1", "url": "https://www.kaigokensaku.mhlw.go.jp/02/index.php?action_kouhyou_detail_004_kani=true&JigyosyoCd=0292500113-00&ServiceCd=320&Type=search", "url2": "http://care-net.biz/02/akamatu/" }, "geometry": { "type": "Point", "coordinates": [ 141.210546686508224, 40.779150534798845 ] } },
{ "type": "Feature", "properties": { "内容": "グループホームちびき【認知症対応型共同生活介護】青森県上北郡東北町字大平1番地115", "url": "https://www.kaigokensaku.mhlw.go.jp/02/index.php?action_kouhyou_detail_004_kani=true&JigyosyoCd=0292500121-00&ServiceCd=320&Type=search", "url2": "prime-line.jp" }, "geometry": { "type": "Point", "coordinates": [ 141.1329472, 40.8109278 ] } },
{ "type": "Feature", "properties": { "内容": "グループホーム　やまゆり【認知症対応型共同生活介護】青森県上北郡東北町大字大浦字唐虫沢44番地100", "url": "https://www.kaigokensaku.mhlw.go.jp/02/index.php?action_kouhyou_detail_004_kani=true&JigyosyoCd=0292500147-00&ServiceCd=320&Type=search", "url2": "yuukikai.net" }, "geometry": { "type": "Point", "coordinates": [ 141.294938001907326, 40.701081408779245 ] } },
{ "type": "Feature", "properties": { "内容": "グループホームひまわり苑上北【認知症対応型共同生活介護】青森県上北郡東北町大字大浦字菅林116-1", "url": "https://www.kaigokensaku.mhlw.go.jp/02/index.php?action_kouhyou_detail_004_kani=true&JigyosyoCd=0292500212-00&ServiceCd=320&Type=search", "url2": "http://care-net.biz/02/himawarien/" }, "geometry": { "type": "Point", "coordinates": [ 141.2006868, 40.7051846 ] } },
{ "type": "Feature", "properties": { "内容": "グループホームわたぼうし【認知症対応型共同生活介護】青森県上北郡おいらせ町山崎　2592-7", "url": "https://www.kaigokensaku.mhlw.go.jp/02/index.php?action_kouhyou_detail_004_kani=true&JigyosyoCd=0272500638-00&ServiceCd=320&Type=search", "url2": "http://www.sg-shimoda.org/" }, "geometry": { "type": "Point", "coordinates": [ 141.401954199999977, 40.614340317216254 ] } },
{ "type": "Feature", "properties": { "内容": "グループホーム　いこいの森【認知症対応型共同生活介護】青森県上北郡おいらせ町緑ヶ丘一丁目５０－２０７７", "url": "https://www.kaigokensaku.mhlw.go.jp/02/index.php?action_kouhyou_detail_004_kani=true&JigyosyoCd=0272501347-00&ServiceCd=320&Type=search", "url2": "http://seiyukai-oirase.jp" }, "geometry": { "type": "Point", "coordinates": [ 141.36576943677062, 40.666149164795328 ] } },
{ "type": "Feature", "properties": { "内容": "グループホーム　あゆみの里【認知症対応型共同生活介護】青森県上北郡おいらせ町東下谷地６１８", "url": "https://www.kaigokensaku.mhlw.go.jp/02/index.php?action_kouhyou_detail_004_kani=true&JigyosyoCd=0272501388-00&ServiceCd=320&Type=search", "url2": "http://www.momoishiso.or.jp" }, "geometry": { "type": "Point", "coordinates": [ 141.446145300000012, 40.6130007 ] } },
{ "type": "Feature", "properties": { "内容": "グループホーム　内山苑【認知症対応型共同生活介護】青森県下北郡大間町大字大間字大川目37-1", "url": "https://www.kaigokensaku.mhlw.go.jp/02/index.php?action_kouhyou_detail_004_kani=true&JigyosyoCd=0272600404-00&ServiceCd=320&Type=search", "url2": "http://www.utiyamaen.com/" }, "geometry": { "type": "Point", "coordinates": [ 140.916768300000058, 41.5243042 ] } },
{ "type": "Feature", "properties": { "内容": "グループホームおおま荘【認知症対応型共同生活介護】青森県下北郡大間町大字大間字大間平58-519", "url": "https://www.kaigokensaku.mhlw.go.jp/02/index.php?action_kouhyou_detail_004_kani=true&JigyosyoCd=0292600046-00&ServiceCd=320&Type=search", "url2": null }, "geometry": { "type": "Point", "coordinates": [ 140.918600695661894, 41.53680226332704 ] } },
{ "type": "Feature", "properties": { "内容": "グループホームいこくま荘【認知症対応型共同生活介護】青森県下北郡風間浦村易国間字大川目１７－２", "url": "https://www.kaigokensaku.mhlw.go.jp/02/index.php?action_kouhyou_detail_004_kani=true&JigyosyoCd=0272600412-00&ServiceCd=320&Type=search", "url2": null }, "geometry": { "type": "Point", "coordinates": [ 140.992240700000025, 41.485891 ] } },
{ "type": "Feature", "properties": { "内容": "グループホームさい荘【認知症対応型共同生活介護】青森県下北郡佐井村佐井字原田川目19-19", "url": "https://www.kaigokensaku.mhlw.go.jp/02/index.php?action_kouhyou_detail_004_kani=true&JigyosyoCd=0272600420-00&ServiceCd=320&Type=search", "url2": "touhokusangyou.jp/41fukushijigyoubu" }, "geometry": { "type": "Point", "coordinates": [ 140.880731, 41.449071 ] } },
{ "type": "Feature", "properties": { "内容": "グループホームしろやま【認知症対応型共同生活介護】青森県三戸町大字梅内字桐萩162-8", "url": "https://www.kaigokensaku.mhlw.go.jp/02/index.php?action_kouhyou_detail_004_kani=true&JigyosyoCd=0272701038-00&ServiceCd=320&Type=search", "url2": null }, "geometry": { "type": "Point", "coordinates": [ 141.2644891, 40.3794037 ] } },
{ "type": "Feature", "properties": { "内容": "グループホーム鶴亀【認知症対応型共同生活介護】青森県三戸郡三戸町大字斗内字和田60－1", "url": "https://www.kaigokensaku.mhlw.go.jp/02/index.php?action_kouhyou_detail_004_kani=true&JigyosyoCd=0272700899-00&ServiceCd=320&Type=search", "url2": "http://www.keisinkai.com/" }, "geometry": { "type": "Point", "coordinates": [ 141.2204878, 40.3625767 ] } },
{ "type": "Feature", "properties": { "内容": "グループホームひまわり【認知症対応型共同生活介護】青森県三戸郡三戸町大字川守田字冷水68", "url": "https://www.kaigokensaku.mhlw.go.jp/02/index.php?action_kouhyou_detail_004_kani=true&JigyosyoCd=0292700069-00&ServiceCd=320&Type=search", "url2": "http://www.jstnystage.com/home/ghhimawari/" }, "geometry": { "type": "Point", "coordinates": [ 141.26407949999998, 40.4008012 ] } },
{ "type": "Feature", "properties": { "内容": "認知症対応型共同生活介護　ハピネス五戸【認知症対応型共同生活介護】青森県三戸郡五戸町字姥堤３４－１", "url": "https://www.kaigokensaku.mhlw.go.jp/02/index.php?action_kouhyou_detail_004_kani=true&JigyosyoCd=0272700428-00&ServiceCd=320&Type=search", "url2": "http://family.wf.jp" }, "geometry": { "type": "Point", "coordinates": [ 141.294572099999982, 40.5314937 ] } },
{ "type": "Feature", "properties": { "内容": "グループホーム　誉【認知症対応型共同生活介護】青森県三戸郡五戸町字銀杏木１－４５", "url": "https://www.kaigokensaku.mhlw.go.jp/02/index.php?action_kouhyou_detail_004_kani=true&JigyosyoCd=0272700998-00&ServiceCd=320&Type=search", "url2": "nanyukai.or.jp" }, "geometry": { "type": "Point", "coordinates": [ 141.2928832, 40.5363903 ] } },
{ "type": "Feature", "properties": { "内容": "グループホームまきば【認知症対応型共同生活介護】三戸郡五戸町大字豊間内字地蔵平21-1", "url": "https://www.kaigokensaku.mhlw.go.jp/02/index.php?action_kouhyou_detail_004_kani=true&JigyosyoCd=0272701020-00&ServiceCd=320&Type=search", "url2": null }, "geometry": { "type": "Point", "coordinates": [ 141.307790399999931, 40.5312247 ] } },
{ "type": "Feature", "properties": { "内容": "グループホームみろくの郷　かぐぢ【認知症対応型共同生活介護】青森県三戸郡田子町大字茂市字茂市仲田2-4", "url": "https://www.kaigokensaku.mhlw.go.jp/02/index.php?action_kouhyou_detail_004_kani=true&JigyosyoCd=0292700085-00&ServiceCd=320&Type=search", "url2": "http://mirokuen.com" }, "geometry": { "type": "Point", "coordinates": [ 141.090412736837834, 40.301433531323902 ] } },
{ "type": "Feature", "properties": { "内容": "グループホームみろく苑【認知症対応型共同生活介護】青森県三戸郡田子町大字田子字七日市上ノ平60番地", "url": "https://www.kaigokensaku.mhlw.go.jp/02/index.php?action_kouhyou_detail_004_kani=true&JigyosyoCd=0272700832-00&ServiceCd=320&Type=search", "url2": "http://mirokuen.com/" }, "geometry": { "type": "Point", "coordinates": [ 141.151783499999965, 40.335145599999983 ] } },
{ "type": "Feature", "properties": { "内容": "グループホームみろくの郷【認知症対応型共同生活介護】青森県三戸郡田子町大字茂市字仲田２－２", "url": "https://www.kaigokensaku.mhlw.go.jp/02/index.php?action_kouhyou_detail_004_kani=true&JigyosyoCd=0272701228-00&ServiceCd=320&Type=search", "url2": "http://mirokuen.com" }, "geometry": { "type": "Point", "coordinates": [ 141.0904382, 40.3016718 ] } },
{ "type": "Feature", "properties": { "内容": "グループホームけやき荘【認知症対応型共同生活介護】青森県三戸郡田子町大字田子字風張　20-21", "url": "https://www.kaigokensaku.mhlw.go.jp/02/index.php?action_kouhyou_detail_004_kani=true&JigyosyoCd=0292700242-00&ServiceCd=320&Type=search", "url2": null }, "geometry": { "type": "Point", "coordinates": [ 141.148487299999942, 40.3398225 ] } },
{ "type": "Feature", "properties": { "内容": "認知症対応型共同生活介護　ハピネスながわ【認知症対応型共同生活介護】青森県三戸郡南部町大字下名久井字剣吉前川原1-1ハピネスながわ", "url": "https://www.kaigokensaku.mhlw.go.jp/02/index.php?action_kouhyou_detail_004_kani=true&JigyosyoCd=0272700782-00&ServiceCd=320&Type=search", "url2": "http://family‐wf.jp/happiness_nagawa" }, "geometry": { "type": "Point", "coordinates": [ 141.3408948, 40.4407977 ] } },
{ "type": "Feature", "properties": { "内容": "グループホーム　せせらぎ荘【認知症対応型共同生活介護】青森県三戸郡南部町大字平字虚空蔵29番地2", "url": "https://www.kaigokensaku.mhlw.go.jp/02/index.php?action_kouhyou_detail_004_kani=true&JigyosyoCd=0272700865-00&ServiceCd=320&Type=search", "url2": null }, "geometry": { "type": "Point", "coordinates": [ 141.331573083505987, 40.418237035516704 ] } },
{ "type": "Feature", "properties": { "内容": "グループホームあいの里【認知症対応型共同生活介護】青森県三戸郡南部町大字小泉字下舘野７－６", "url": "https://www.kaigokensaku.mhlw.go.jp/02/index.php?action_kouhyou_detail_004_kani=true&JigyosyoCd=0272701053-00&ServiceCd=320&Type=search", "url2": "inosato@hi-net.ne.jp" }, "geometry": { "type": "Point", "coordinates": [ 141.3967728, 40.4694068 ] } },
{ "type": "Feature", "properties": { "内容": "グループホーム　赤ずきん一番館・二番館　　グループホーム赤ずきん三番館【認知症対応型共同生活介護】青森県三戸郡南部町大字大向字泉山道２８－１(一番館・二番館)　　青森県三戸郡南部町大字大向字森合20-1(三番館)", "url": "https://www.kaigokensaku.mhlw.go.jp/02/index.php?action_kouhyou_detail_004_kani=true&JigyosyoCd=0272701137-00&ServiceCd=320&Type=search", "url2": null }, "geometry": { "type": "Point", "coordinates": [ 141.274456500000042, 40.3938801 ] } },
{ "type": "Feature", "properties": { "内容": "グループホームふくち【認知症対応型共同生活介護】青森県三戸郡南部町大字福田字町頭8-1", "url": "https://www.kaigokensaku.mhlw.go.jp/02/index.php?action_kouhyou_detail_004_kani=true&JigyosyoCd=0272701202-00&ServiceCd=320&Type=search", "url2": "https://sunrise-team.com" }, "geometry": { "type": "Point", "coordinates": [ 141.371888693254022, 40.45736457112293 ] } },
{ "type": "Feature", "properties": { "内容": "グループホームながわ荘【認知症対応型共同生活介護】青森県三戸郡南部町大字上名久井字伊勢堂下21番地７", "url": "https://www.kaigokensaku.mhlw.go.jp/02/index.php?action_kouhyou_detail_004_kani=true&JigyosyoCd=0272701277-00&ServiceCd=320&Type=search", "url2": "gh-nagawa@poem.ocn.ne.jp" }, "geometry": { "type": "Point", "coordinates": [ 141.321430400000054, 40.4175588 ] } },
{ "type": "Feature", "properties": { "内容": "グループホーム　ひだまりの里【認知症対応型共同生活介護】青森県三戸郡南部町大字埖渡字舘２－７", "url": "https://www.kaigokensaku.mhlw.go.jp/02/index.php?action_kouhyou_detail_004_kani=true&JigyosyoCd=0292700028-00&ServiceCd=320&Type=search", "url2": "http://www.komeisou.or.jp/" }, "geometry": { "type": "Point", "coordinates": [ 141.397614500000032, 40.4621104 ] } },
{ "type": "Feature", "properties": { "内容": "グループホーム「スマイル荘」【認知症対応型共同生活介護】大字埖渡字下外窪12番地67", "url": "https://www.kaigokensaku.mhlw.go.jp/02/index.php?action_kouhyou_detail_004_kani=true&JigyosyoCd=0292700093-00&ServiceCd=320&Type=search", "url2": null }, "geometry": { "type": "Point", "coordinates": [ 141.402105358197019, 40.460749736739295 ] } },
{ "type": "Feature", "properties": { "内容": "グループホーム「スマイル荘2号館」【認知症対応型共同生活介護】青森県三戸郡南部町大字埖渡字舘13番地13", "url": "https://www.kaigokensaku.mhlw.go.jp/02/index.php?action_kouhyou_detail_004_kani=true&JigyosyoCd=0292700192-00&ServiceCd=320&Type=search", "url2": null }, "geometry": { "type": "Point", "coordinates": [ 141.398683799999958, 40.4619715 ] } },
{ "type": "Feature", "properties": { "内容": "グループホーム絆【認知症対応型共同生活介護】青森県三戸郡南部町大字斗賀字沼田71-1", "url": "https://www.kaigokensaku.mhlw.go.jp/02/index.php?action_kouhyou_detail_004_kani=true&JigyosyoCd=0292700234-00&ServiceCd=320&Type=search", "url2": null }, "geometry": { "type": "Point", "coordinates": [ 141.346315602516114, 40.455957427767984 ] } },
{ "type": "Feature", "properties": { "内容": "グループホーム三老【認知症対応型共同生活介護】青森県三戸郡南部町大字大向字仙ノ木平４２", "url": "https://www.kaigokensaku.mhlw.go.jp/02/index.php?action_kouhyou_detail_004_kani=true&JigyosyoCd=0272701178-00&ServiceCd=320&Type=search", "url2": null }, "geometry": { "type": "Point", "coordinates": [ 141.28547709999998, 40.398516 ] } },
{ "type": "Feature", "properties": { "内容": "グループホームゆとり【認知症対応型共同生活介護】三戸郡階上町蒼前東六丁目９－１８１", "url": "https://www.kaigokensaku.mhlw.go.jp/02/index.php?action_kouhyou_detail_004_kani=true&JigyosyoCd=0272700949-00&ServiceCd=320&Type=search", "url2": "https://www.yutori-web.net" }, "geometry": { "type": "Point", "coordinates": [ 141.5770215, 40.4717907 ] } },
{ "type": "Feature", "properties": { "内容": "グループホームいちょうの郷【認知症対応型共同生活介護】青森県三戸郡階上町大字赤保内字柳沢１５番地269", "url": "https://www.kaigokensaku.mhlw.go.jp/02/index.php?action_kouhyou_detail_004_kani=true&JigyosyoCd=0272700980-00&ServiceCd=320&Type=search", "url2": null }, "geometry": { "type": "Point", "coordinates": [ 141.606786199999988, 40.446359 ] } },
{ "type": "Feature", "properties": { "内容": "グループホームわらび苑【認知症対応型共同生活介護】三戸郡階上町大字角柄折字餅粟久保４－１", "url": "https://www.kaigokensaku.mhlw.go.jp/02/index.php?action_kouhyou_detail_004_kani=true&JigyosyoCd=0272701079-00&ServiceCd=320&Type=search", "url2": "ｓｏｕｓｈｏｕ＠ｗｉｎｇ．ｏｃｎ．ｎｅ．ｊｐ" }, "geometry": { "type": "Point", "coordinates": [ 141.57445359999997, 40.4392704 ] } },
{ "type": "Feature", "properties": { "内容": "グループホームはしかみ苑【認知症対応型共同生活介護】青森県三戸郡階上町蒼前西７丁目９－４０７", "url": "https://www.kaigokensaku.mhlw.go.jp/02/index.php?action_kouhyou_detail_004_kani=true&JigyosyoCd=0292700051-00&ServiceCd=320&Type=search", "url2": null }, "geometry": { "type": "Point", "coordinates": [ 141.574338200000057, 40.4787898 ] } },
{ "type": "Feature", "properties": { "内容": "グループホームかっこうの森【認知症対応型共同生活介護】青森県三戸郡階上町蒼前西2丁目９－９９２", "url": "https://www.kaigokensaku.mhlw.go.jp/02/index.php?action_kouhyou_detail_004_kani=true&JigyosyoCd=0272701004-00&ServiceCd=320&Type=search", "url2": "http://kakkounomori.com" }, "geometry": { "type": "Point", "coordinates": [ 141.573024499999974, 40.4764622 ] } },
{ "type": "Feature", "properties": { "内容": "グループホーム小春びより2号館【認知症対応型共同生活介護】青森県三戸郡新郷村大字戸来字金ヶ沢坂ノ下９", "url": "https://www.kaigokensaku.mhlw.go.jp/02/index.php?action_kouhyou_detail_004_kani=true&JigyosyoCd=0272701095-00&ServiceCd=320&Type=search", "url2": null }, "geometry": { "type": "Point", "coordinates": [ 141.177416099999959, 40.4685339 ] } }
]
}
