{
"type": "FeatureCollection",
"name": "geo_2_5",
"crs": { "type": "name", "properties": { "name": "urn:ogc:def:crs:OGC:1.3:CRS84" } },
"features": [
{ "type": "Feature", "properties": { "ID": 250250000002, "正式名称": "あい薬局", "機関区分": 5, "都道府県コード": 2, "市区町村コード": 201, "所在地": "青森県青森市浜田３丁目３－１０", "緯度": 40.798641, "経度": 140.750056, "url": "https://www.iryou.teikyouseido.mhlw.go.jp/znk-web/juminkanja/S2430/initialize?prefCd=02&kikanCd=0250000002&kikanKbn=nan", "url2": "http://www.medi-eight.jp", "内容": "あい薬局0青森県青森市浜田３丁目３－１０" }, "geometry": { "type": "Point", "coordinates": [ 140.750056, 40.798641 ] } },
{ "type": "Feature", "properties": { "ID": 250250000004, "正式名称": "青森調剤薬局", "機関区分": 5, "都道府県コード": 2, "市区町村コード": 201, "所在地": "青森県青森市東造道２丁目６番４０号", "緯度": 40.828916, "経度": 140.794162, "url": "https://www.iryou.teikyouseido.mhlw.go.jp/znk-web/juminkanja/S2430/initialize?prefCd=02&kikanCd=0250000004&kikanKbn=nan", "url2": "http://aomori-chouzai-center.com/honten.html", "内容": "青森調剤薬局0青森県青森市東造道２丁目６番４０号" }, "geometry": { "type": "Point", "coordinates": [ 140.794162, 40.828916 ] } },
{ "type": "Feature", "properties": { "ID": 250250000005, "正式名称": "青柳薬局", "機関区分": 5, "都道府県コード": 2, "市区町村コード": 201, "所在地": "青森県青森市青柳二丁目４番８号", "緯度": 40.826027, "経度": 140.75736, "url": "https://www.iryou.teikyouseido.mhlw.go.jp/znk-web/juminkanja/S2430/initialize?prefCd=02&kikanCd=0250000005&kikanKbn=nan", "url2": "https://okidate-ph.jp/pharmacy/", "内容": "青柳薬局0青森県青森市青柳二丁目４番８号" }, "geometry": { "type": "Point", "coordinates": [ 140.75736, 40.826027 ] } },
{ "type": "Feature", "properties": { "ID": 250250000010, "正式名称": "アップル調剤薬局浪岡", "機関区分": 5, "都道府県コード": 2, "市区町村コード": 201, "所在地": "青森県青森市浪岡浪岡平野１９１－４", "緯度": 40.718842, "経度": 140.595796, "url": "https://www.iryou.teikyouseido.mhlw.go.jp/znk-web/juminkanja/S2430/initialize?prefCd=02&kikanCd=0250000010&kikanKbn=nan", "url2": "http://www.apple-chemist.com/", "内容": "アップル調剤薬局浪岡0青森県青森市浪岡浪岡平野１９１－４" }, "geometry": { "type": "Point", "coordinates": [ 140.595796, 40.718842 ] } },
{ "type": "Feature", "properties": { "ID": 250250000011, "正式名称": "石舘薬局", "機関区分": 5, "都道府県コード": 2, "市区町村コード": 201, "所在地": "青森県青森市新町１－１３－１", "緯度": 40.826527, "経度": 140.738779, "url": "https://www.iryou.teikyouseido.mhlw.go.jp/znk-web/juminkanja/S2430/initialize?prefCd=02&kikanCd=0250000011&kikanKbn=nan", "url2": "www.marinegroup.jp", "内容": "石舘薬局0青森県青森市新町１－１３－１" }, "geometry": { "type": "Point", "coordinates": [ 140.738779, 40.826527 ] } },
{ "type": "Feature", "properties": { "ID": 250250000012, "正式名称": "いとう薬局", "機関区分": 5, "都道府県コード": 2, "市区町村コード": 201, "所在地": "青森県青森市千刈１丁目１４番１３号", "緯度": 40.825193, "経度": 140.728502, "url": "https://www.iryou.teikyouseido.mhlw.go.jp/znk-web/juminkanja/S2430/initialize?prefCd=02&kikanCd=0250000012&kikanKbn=nan", "url2": null, "内容": "いとう薬局0青森県青森市千刈１丁目１４番１３号" }, "geometry": { "type": "Point", "coordinates": [ 140.728502, 40.825193 ] } },
{ "type": "Feature", "properties": { "ID": 250250000013, "正式名称": "いとう薬局　西滝店", "機関区分": 5, "都道府県コード": 2, "市区町村コード": 201, "所在地": "青森県青森市千刈２丁目６－１３", "緯度": 40.82636, "経度": 140.72003, "url": "https://www.iryou.teikyouseido.mhlw.go.jp/znk-web/juminkanja/S2430/initialize?prefCd=02&kikanCd=0250000013&kikanKbn=nan", "url2": null, "内容": "いとう薬局　西滝店0青森県青森市千刈２丁目６－１３" }, "geometry": { "type": "Point", "coordinates": [ 140.72003, 40.82636 ] } },
{ "type": "Feature", "properties": { "ID": 250250000014, "正式名称": "猪股薬局", "機関区分": 5, "都道府県コード": 2, "市区町村コード": 201, "所在地": "青森県青森市浪岡浪岡細田１８３", "緯度": 40.718842, "経度": 140.595796, "url": "https://www.iryou.teikyouseido.mhlw.go.jp/znk-web/juminkanja/S2430/initialize?prefCd=02&kikanCd=0250000014&kikanKbn=nan", "url2": null, "内容": "猪股薬局0青森県青森市浪岡浪岡細田１８３" }, "geometry": { "type": "Point", "coordinates": [ 140.595796, 40.718842 ] } },
{ "type": "Feature", "properties": { "ID": 250250000016, "正式名称": "うとう調剤薬局　八重田店", "機関区分": 5, "都道府県コード": 2, "市区町村コード": 201, "所在地": "青森県青森市八重田２丁目１－１３", "緯度": 40.834722, "経度": 140.795218, "url": "https://www.iryou.teikyouseido.mhlw.go.jp/znk-web/juminkanja/S2430/initialize?prefCd=02&kikanCd=0250000016&kikanKbn=nan", "url2": "utou-ph.jp", "内容": "うとう調剤薬局　八重田店0青森県青森市八重田２丁目１－１３" }, "geometry": { "type": "Point", "coordinates": [ 140.795218, 40.834722 ] } },
{ "type": "Feature", "properties": { "ID": 250250000018, "正式名称": "大野あけぼの薬局", "機関区分": 5, "都道府県コード": 2, "市区町村コード": 201, "所在地": "青森県青森市東大野二丁目２－１", "緯度": 40.800252, "経度": 140.742474, "url": "https://www.iryou.teikyouseido.mhlw.go.jp/znk-web/juminkanja/S2430/initialize?prefCd=02&kikanCd=0250000018&kikanKbn=nan", "url2": "https://akebono899.or.jp/", "内容": "大野あけぼの薬局0青森県青森市東大野二丁目２－１" }, "geometry": { "type": "Point", "coordinates": [ 140.742474, 40.800252 ] } },
{ "type": "Feature", "properties": { "ID": 250250000020, "正式名称": "オーロラ調剤薬局", "機関区分": 5, "都道府県コード": 2, "市区町村コード": 201, "所在地": "青森県青森市沖館三丁目１０－１２", "緯度": 40.838386, "経度": 140.719918, "url": "https://www.iryou.teikyouseido.mhlw.go.jp/znk-web/juminkanja/S2430/initialize?prefCd=02&kikanCd=0250000020&kikanKbn=nan", "url2": null, "内容": "オーロラ調剤薬局0青森県青森市沖館三丁目１０－１２" }, "geometry": { "type": "Point", "coordinates": [ 140.719918, 40.838386 ] } },
{ "type": "Feature", "properties": { "ID": 250250000022, "正式名称": "リヴ調剤薬局　栄町店", "機関区分": 5, "都道府県コード": 2, "市区町村コード": 201, "所在地": "青森県青森市栄町二丁目２番１７号", "緯度": 40.825472, "経度": 140.769526, "url": "https://www.iryou.teikyouseido.mhlw.go.jp/znk-web/juminkanja/S2430/initialize?prefCd=02&kikanCd=0250000022&kikanKbn=nan", "url2": null, "内容": "リヴ調剤薬局　栄町店0青森県青森市栄町二丁目２番１７号" }, "geometry": { "type": "Point", "coordinates": [ 140.769526, 40.825472 ] } },
{ "type": "Feature", "properties": { "ID": 250250000029, "正式名称": "沖舘薬局　長島店", "機関区分": 5, "都道府県コード": 2, "市区町村コード": 201, "所在地": "青森県青森市長島二丁目８番３号", "緯度": 40.822194, "経度": 140.740945, "url": "https://www.iryou.teikyouseido.mhlw.go.jp/znk-web/juminkanja/S2430/initialize?prefCd=02&kikanCd=0250000029&kikanKbn=nan", "url2": "https://okidate-ph.jp/pharmacy/", "内容": "沖舘薬局　長島店0青森県青森市長島二丁目８番３号" }, "geometry": { "type": "Point", "coordinates": [ 140.740945, 40.822194 ] } },
{ "type": "Feature", "properties": { "ID": 250250000032, "正式名称": "かつた　調剤薬局　奥野店", "機関区分": 5, "都道府県コード": 2, "市区町村コード": 201, "所在地": "青森県青森市奥野１丁目５－１３", "緯度": 40.814417, "経度": 140.755194, "url": "https://www.iryou.teikyouseido.mhlw.go.jp/znk-web/juminkanja/S2430/initialize?prefCd=02&kikanCd=0250000032&kikanKbn=nan", "url2": "https://meron-net.shop/ds/katuta-okuno/", "内容": "かつた　調剤薬局　奥野店0青森県青森市奥野１丁目５－１３" }, "geometry": { "type": "Point", "coordinates": [ 140.755194, 40.814417 ] } },
{ "type": "Feature", "properties": { "ID": 250250000035, "正式名称": "カド薬局　くぐりざか店", "機関区分": 5, "都道府県コード": 2, "市区町村コード": 201, "所在地": "青森県青森市久栗坂山辺８９－１４", "緯度": 40.876468, "経度": 140.851267, "url": "https://www.iryou.teikyouseido.mhlw.go.jp/znk-web/juminkanja/S2430/initialize?prefCd=02&kikanCd=0250000035&kikanKbn=nan", "url2": null, "内容": "カド薬局　くぐりざか店0青森県青森市久栗坂山辺８９－１４" }, "geometry": { "type": "Point", "coordinates": [ 140.851267, 40.876468 ] } },
{ "type": "Feature", "properties": { "ID": 250250000036, "正式名称": "かなざわ調剤薬局", "機関区分": 5, "都道府県コード": 2, "市区町村コード": 201, "所在地": "青森県青森市金沢一丁目５番６号", "緯度": 40.814639, "経度": 140.73553, "url": "https://www.iryou.teikyouseido.mhlw.go.jp/znk-web/juminkanja/S2430/initialize?prefCd=02&kikanCd=0250000036&kikanKbn=nan", "url2": "https://okidate-ph.jp/pharmacy/", "内容": "かなざわ調剤薬局0青森県青森市金沢一丁目５番６号" }, "geometry": { "type": "Point", "coordinates": [ 140.73553, 40.814639 ] } },
{ "type": "Feature", "properties": { "ID": 250250000037, "正式名称": "カナリア薬局", "機関区分": 5, "都道府県コード": 2, "市区町村コード": 201, "所在地": "青森県青森市金沢４－１６－２８", "緯度": 40.809556, "経度": 140.732002, "url": "https://www.iryou.teikyouseido.mhlw.go.jp/znk-web/juminkanja/S2430/initialize?prefCd=02&kikanCd=0250000037&kikanKbn=nan", "url2": null, "内容": "カナリア薬局0青森県青森市金沢４－１６－２８" }, "geometry": { "type": "Point", "coordinates": [ 140.732002, 40.809556 ] } },
{ "type": "Feature", "properties": { "ID": 250250000039, "正式名称": "株式会社　南薬局", "機関区分": 5, "都道府県コード": 2, "市区町村コード": 201, "所在地": "青森県青森市本町２丁目６－１７", "緯度": 40.825694, "経度": 140.747972, "url": "https://www.iryou.teikyouseido.mhlw.go.jp/znk-web/juminkanja/S2430/initialize?prefCd=02&kikanCd=0250000039&kikanKbn=nan", "url2": null, "内容": "株式会社　南薬局0青森県青森市本町２丁目６－１７" }, "geometry": { "type": "Point", "coordinates": [ 140.747972, 40.825694 ] } },
{ "type": "Feature", "properties": { "ID": 250250000040, "正式名称": "株式会社　南薬局　浪打支店", "機関区分": 5, "都道府県コード": 2, "市区町村コード": 201, "所在地": "青森県青森市浪打一丁目１７－１１", "緯度": 40.825361, "経度": 140.77972, "url": "https://www.iryou.teikyouseido.mhlw.go.jp/znk-web/juminkanja/S2430/initialize?prefCd=02&kikanCd=0250000040&kikanKbn=nan", "url2": null, "内容": "株式会社　南薬局　浪打支店0青森県青森市浪打一丁目１７－１１" }, "geometry": { "type": "Point", "coordinates": [ 140.77972, 40.825361 ] } },
{ "type": "Feature", "properties": { "ID": 250250000041, "正式名称": "上磯調剤薬局", "機関区分": 5, "都道府県コード": 2, "市区町村コード": 307, "所在地": "青森県東津軽郡外ヶ浜町下蟹田５６番３", "緯度": 41.043058, "経度": 140.640527, "url": "https://www.iryou.teikyouseido.mhlw.go.jp/znk-web/juminkanja/S2430/initialize?prefCd=02&kikanCd=0250000041&kikanKbn=nan", "url2": "https://aomorinebuta.co.jp", "内容": "上磯調剤薬局0青森県東津軽郡外ヶ浜町下蟹田５６番３" }, "geometry": { "type": "Point", "coordinates": [ 140.640527, 41.043058 ] } },
{ "type": "Feature", "properties": { "ID": 250250000042, "正式名称": "上磯調剤薬局　三厩店", "機関区分": 5, "都道府県コード": 2, "市区町村コード": 307, "所在地": "青森県東津軽郡外ヶ浜町三厩新町６番３", "緯度": 41.193955, "経度": 140.436537, "url": "https://www.iryou.teikyouseido.mhlw.go.jp/znk-web/juminkanja/S2430/initialize?prefCd=02&kikanCd=0250000042&kikanKbn=nan", "url2": null, "内容": "上磯調剤薬局　三厩店0青森県東津軽郡外ヶ浜町三厩新町６番３" }, "geometry": { "type": "Point", "coordinates": [ 140.436537, 41.193955 ] } },
{ "type": "Feature", "properties": { "ID": 250250000043, "正式名称": "リヴ調剤薬局　くすし店", "機関区分": 5, "都道府県コード": 2, "市区町村コード": 201, "所在地": "青森県青森市久須志四丁目３番１６号", "緯度": 40.816388, "経度": 140.725696, "url": "https://www.iryou.teikyouseido.mhlw.go.jp/znk-web/juminkanja/S2430/initialize?prefCd=02&kikanCd=0250000043&kikanKbn=nan", "url2": null, "内容": "リヴ調剤薬局　くすし店0青森県青森市久須志四丁目３番１６号" }, "geometry": { "type": "Point", "coordinates": [ 140.725696, 40.816388 ] } },
{ "type": "Feature", "properties": { "ID": 250250000044, "正式名称": "幸畑薬局", "機関区分": 5, "都道府県コード": 2, "市区町村コード": 201, "所在地": "青森県青森市幸畑松元９８番地", "緯度": 40.780893, "経度": 140.793164, "url": "https://www.iryou.teikyouseido.mhlw.go.jp/znk-web/juminkanja/S2430/initialize?prefCd=02&kikanCd=0250000044&kikanKbn=nan", "url2": "http://kouhata.com/", "内容": "幸畑薬局0青森県青森市幸畑松元９８番地" }, "geometry": { "type": "Point", "coordinates": [ 140.793164, 40.780893 ] } },
{ "type": "Feature", "properties": { "ID": 250250000045, "正式名称": "ファーマライズ薬局　こみなと店", "機関区分": 5, "都道府県コード": 2, "市区町村コード": 301, "所在地": "青森県東津軽郡平内町小湊愛宕８２－１", "緯度": 40.926131, "経度": 140.958422, "url": "https://www.iryou.teikyouseido.mhlw.go.jp/znk-web/juminkanja/S2430/initialize?prefCd=02&kikanCd=0250000045&kikanKbn=nan", "url2": "https://www.pharmarise.com/company/store/store.php?store_id=527", "内容": "ファーマライズ薬局　こみなと店0青森県東津軽郡平内町小湊愛宕８２－１" }, "geometry": { "type": "Point", "coordinates": [ 140.958422, 40.926131 ] } },
{ "type": "Feature", "properties": { "ID": 250250000047, "正式名称": "さいとう調剤薬局　造道店", "機関区分": 5, "都道府県コード": 2, "市区町村コード": 201, "所在地": "青森県青森市東造道一丁目４番４号", "緯度": 40.832833, "経度": 140.791468, "url": "https://www.iryou.teikyouseido.mhlw.go.jp/znk-web/juminkanja/S2430/initialize?prefCd=02&kikanCd=0250000047&kikanKbn=nan", "url2": null, "内容": "さいとう調剤薬局　造道店0青森県青森市東造道一丁目４番４号" }, "geometry": { "type": "Point", "coordinates": [ 140.791468, 40.832833 ] } },
{ "type": "Feature", "properties": { "ID": 250250000048, "正式名称": "サカエ薬局勝田", "機関区分": 5, "都道府県コード": 2, "市区町村コード": 201, "所在地": "青森県青森市勝田２－９－１１", "緯度": 40.817139, "経度": 140.756889, "url": "https://www.iryou.teikyouseido.mhlw.go.jp/znk-web/juminkanja/S2430/initialize?prefCd=02&kikanCd=0250000048&kikanKbn=nan", "url2": "http://machida2.co.jp/sakae/pharmacy/%e3%82%b5%e3%82%ab%e3%82%a8%e8%96%ac%e5%b1%80-%e5%8b%9d%e7%94%b0/", "内容": "サカエ薬局勝田0青森県青森市勝田２－９－１１" }, "geometry": { "type": "Point", "coordinates": [ 140.756889, 40.817139 ] } },
{ "type": "Feature", "properties": { "ID": 250250000049, "正式名称": "サカエ薬局千富", "機関区分": 5, "都道府県コード": 2, "市区町村コード": 201, "所在地": "青森県青森市千富町１－３－４４", "緯度": 40.8185, "経度": 140.729613, "url": "https://www.iryou.teikyouseido.mhlw.go.jp/znk-web/juminkanja/S2430/initialize?prefCd=02&kikanCd=0250000049&kikanKbn=nan", "url2": "http://www.e-classa.net/sakae_sentomi/index.html", "内容": "サカエ薬局千富0青森県青森市千富町１－３－４４" }, "geometry": { "type": "Point", "coordinates": [ 140.729613, 40.8185 ] } },
{ "type": "Feature", "properties": { "ID": 250250000050, "正式名称": "さくら調剤薬局", "機関区分": 5, "都道府県コード": 2, "市区町村コード": 201, "所在地": "青森県青森市勝田１丁目１７－１９", "緯度": 40.816445, "経度": 140.75425, "url": "https://www.iryou.teikyouseido.mhlw.go.jp/znk-web/juminkanja/S2430/initialize?prefCd=02&kikanCd=0250000050&kikanKbn=nan", "url2": "http://www.meron-net.jp/sakuraph/", "内容": "さくら調剤薬局0青森県青森市勝田１丁目１７－１９" }, "geometry": { "type": "Point", "coordinates": [ 140.75425, 40.816445 ] } },
{ "type": "Feature", "properties": { "ID": 250250000052, "正式名称": "サン調剤薬局桂木店", "機関区分": 5, "都道府県コード": 2, "市区町村コード": 201, "所在地": "青森県青森市桂木四丁目６－３５", "緯度": 40.808752, "経度": 140.751251, "url": "https://www.iryou.teikyouseido.mhlw.go.jp/znk-web/juminkanja/S2430/initialize?prefCd=02&kikanCd=0250000052&kikanKbn=nan", "url2": "http://sun-ph.com/", "内容": "サン調剤薬局桂木店0青森県青森市桂木四丁目６－３５" }, "geometry": { "type": "Point", "coordinates": [ 140.751251, 40.808752 ] } },
{ "type": "Feature", "properties": { "ID": 250250000053, "正式名称": "サン調剤薬局　虹ケ丘店", "機関区分": 5, "都道府県コード": 2, "市区町村コード": 201, "所在地": "青森県青森市虹ケ丘１丁目３－１５", "緯度": 40.814529, "経度": 140.795191, "url": "https://www.iryou.teikyouseido.mhlw.go.jp/znk-web/juminkanja/S2430/initialize?prefCd=02&kikanCd=0250000053&kikanKbn=nan", "url2": "http://sun-ph.com/shop/sunph-nijigaoka.html", "内容": "サン調剤薬局　虹ケ丘店0青森県青森市虹ケ丘１丁目３－１５" }, "geometry": { "type": "Point", "coordinates": [ 140.795191, 40.814529 ] } },
{ "type": "Feature", "properties": { "ID": 250250000054, "正式名称": "サン調剤薬局　ハマダテ店", "機関区分": 5, "都道府県コード": 2, "市区町村コード": 201, "所在地": "青森県青森市浜館三丁目４－６", "緯度": 40.809418, "経度": 140.787331, "url": "https://www.iryou.teikyouseido.mhlw.go.jp/znk-web/juminkanja/S2430/initialize?prefCd=02&kikanCd=0250000054&kikanKbn=nan", "url2": "http://sun-ph.com/", "内容": "サン調剤薬局　ハマダテ店0青森県青森市浜館三丁目４－６" }, "geometry": { "type": "Point", "coordinates": [ 140.787331, 40.809418 ] } },
{ "type": "Feature", "properties": { "ID": 250250000055, "正式名称": "サン調剤薬局　東バイパス店", "機関区分": 5, "都道府県コード": 2, "市区町村コード": 201, "所在地": "青森県青森市平新田森越２３－９", "緯度": 40.830666, "経度": 140.814716, "url": "https://www.iryou.teikyouseido.mhlw.go.jp/znk-web/juminkanja/S2430/initialize?prefCd=02&kikanCd=0250000055&kikanKbn=nan", "url2": "http://sun-ph.com/", "内容": "サン調剤薬局　東バイパス店0青森県青森市平新田森越２３－９" }, "geometry": { "type": "Point", "coordinates": [ 140.814716, 40.830666 ] } },
{ "type": "Feature", "properties": { "ID": 250250000056, "正式名称": "サン調剤薬局　ベイブリッジ店", "機関区分": 5, "都道府県コード": 2, "市区町村コード": 201, "所在地": "青森県青森市沖館４丁目８－２５", "緯度": 40.837113, "経度": 140.721117, "url": "https://www.iryou.teikyouseido.mhlw.go.jp/znk-web/juminkanja/S2430/initialize?prefCd=02&kikanCd=0250000056&kikanKbn=nan", "url2": "http://sun-ph.com/", "内容": "サン調剤薬局　ベイブリッジ店0青森県青森市沖館４丁目８－２５" }, "geometry": { "type": "Point", "coordinates": [ 140.721117, 40.837113 ] } },
{ "type": "Feature", "properties": { "ID": 250250000057, "正式名称": "サン調剤薬局　八重田店", "機関区分": 5, "都道府県コード": 2, "市区町村コード": 201, "所在地": "青森県青森市はまなす２丁目６－１０", "緯度": 40.825695, "経度": 140.798274, "url": "https://www.iryou.teikyouseido.mhlw.go.jp/znk-web/juminkanja/S2430/initialize?prefCd=02&kikanCd=0250000057&kikanKbn=nan", "url2": "http://sun-ph.com/", "内容": "サン調剤薬局　八重田店0青森県青森市はまなす２丁目６－１０" }, "geometry": { "type": "Point", "coordinates": [ 140.798274, 40.825695 ] } },
{ "type": "Feature", "properties": { "ID": 250250000058, "正式名称": "サン調剤薬局　八ツ橋店", "機関区分": 5, "都道府県コード": 2, "市区町村コード": 201, "所在地": "青森県青森市筒井八ツ橋１３８２－１６", "緯度": 40.798308, "経度": 140.769666, "url": "https://www.iryou.teikyouseido.mhlw.go.jp/znk-web/juminkanja/S2430/initialize?prefCd=02&kikanCd=0250000058&kikanKbn=nan", "url2": "http://sun-ph.com/", "内容": "サン調剤薬局　八ツ橋店0青森県青森市筒井八ツ橋１３８２－１６" }, "geometry": { "type": "Point", "coordinates": [ 140.769666, 40.798308 ] } },
{ "type": "Feature", "properties": { "ID": 250250000060, "正式名称": "しまなか薬局", "機関区分": 5, "都道府県コード": 2, "市区町村コード": 201, "所在地": "青森県青森市長島３丁目４－９", "緯度": 40.820888, "経度": 140.739862, "url": "https://www.iryou.teikyouseido.mhlw.go.jp/znk-web/juminkanja/S2430/initialize?prefCd=02&kikanCd=0250000060&kikanKbn=nan", "url2": null, "内容": "しまなか薬局0青森県青森市長島３丁目４－９" }, "geometry": { "type": "Point", "coordinates": [ 140.739862, 40.820888 ] } },
{ "type": "Feature", "properties": { "ID": 250250000061, "正式名称": "新城調剤薬局", "機関区分": 5, "都道府県コード": 2, "市区町村コード": 201, "所在地": "青森県青森市新城平岡１８１－１０", "緯度": 40.828053, "経度": 140.674589, "url": "https://www.iryou.teikyouseido.mhlw.go.jp/znk-web/juminkanja/S2430/initialize?prefCd=02&kikanCd=0250000061&kikanKbn=nan", "url2": null, "内容": "新城調剤薬局0青森県青森市新城平岡１８１－１０" }, "geometry": { "type": "Point", "coordinates": [ 140.674589, 40.828053 ] } },
{ "type": "Feature", "properties": { "ID": 250250000063, "正式名称": "すかい薬局", "機関区分": 5, "都道府県コード": 2, "市区町村コード": 201, "所在地": "青森県青森市花園２丁目４３－１５", "緯度": 40.823139, "経度": 140.77622, "url": "https://www.iryou.teikyouseido.mhlw.go.jp/znk-web/juminkanja/S2430/initialize?prefCd=02&kikanCd=0250000063&kikanKbn=nan", "url2": "https://skypharmacy.jp/", "内容": "すかい薬局0青森県青森市花園２丁目４３－１５" }, "geometry": { "type": "Point", "coordinates": [ 140.77622, 40.823139 ] } },
{ "type": "Feature", "properties": { "ID": 250250000064, "正式名称": "すこやか薬局", "機関区分": 5, "都道府県コード": 2, "市区町村コード": 201, "所在地": "青森県青森市篠田一丁目１０番３号", "緯度": 40.826999, "経度": 140.730557, "url": "https://www.iryou.teikyouseido.mhlw.go.jp/znk-web/juminkanja/S2430/initialize?prefCd=02&kikanCd=0250000064&kikanKbn=nan", "url2": "http://www.medi-eight.jp", "内容": "すこやか薬局0青森県青森市篠田一丁目１０番３号" }, "geometry": { "type": "Point", "coordinates": [ 140.730557, 40.826999 ] } },
{ "type": "Feature", "properties": { "ID": 250250000065, "正式名称": "すずらん調剤薬局　石江店", "機関区分": 5, "都道府県コード": 2, "市区町村コード": 201, "所在地": "青森県青森市石江江渡９７－１１", "緯度": 40.825026, "経度": 140.702226, "url": "https://www.iryou.teikyouseido.mhlw.go.jp/znk-web/juminkanja/S2430/initialize?prefCd=02&kikanCd=0250000065&kikanKbn=nan", "url2": "http://www.suzuran-ph.jp/", "内容": "すずらん調剤薬局　石江店0青森県青森市石江江渡９７－１１" }, "geometry": { "type": "Point", "coordinates": [ 140.702226, 40.825026 ] } },
{ "type": "Feature", "properties": { "ID": 250250000066, "正式名称": "すずらん調剤薬局　奥野店", "機関区分": 5, "都道府県コード": 2, "市区町村コード": 201, "所在地": "青森県青森市奥野３丁目１２－１８", "緯度": 40.810946, "経度": 140.76275, "url": "https://www.iryou.teikyouseido.mhlw.go.jp/znk-web/juminkanja/S2430/initialize?prefCd=02&kikanCd=0250000066&kikanKbn=nan", "url2": "http://www.suzuran-ph.jp/", "内容": "すずらん調剤薬局　奥野店0青森県青森市奥野３丁目１２－１８" }, "geometry": { "type": "Point", "coordinates": [ 140.76275, 40.810946 ] } },
{ "type": "Feature", "properties": { "ID": 250250000067, "正式名称": "すずらん調剤薬局　勝田店", "機関区分": 5, "都道府県コード": 2, "市区町村コード": 201, "所在地": "青森県青森市奥野１丁目１番１７号", "緯度": 40.814306, "経度": 140.753583, "url": "https://www.iryou.teikyouseido.mhlw.go.jp/znk-web/juminkanja/S2430/initialize?prefCd=02&kikanCd=0250000067&kikanKbn=nan", "url2": "http://www.suzuran-ph.jp/", "内容": "すずらん調剤薬局　勝田店0青森県青森市奥野１丁目１番１７号" }, "geometry": { "type": "Point", "coordinates": [ 140.753583, 40.814306 ] } },
{ "type": "Feature", "properties": { "ID": 250250000073, "正式名称": "中央あけぼの薬局", "機関区分": 5, "都道府県コード": 2, "市区町村コード": 201, "所在地": "青森県青森市中央３丁目９－８", "緯度": 40.817889, "経度": 140.74564, "url": "https://www.iryou.teikyouseido.mhlw.go.jp/znk-web/juminkanja/S2430/initialize?prefCd=02&kikanCd=0250000073&kikanKbn=nan", "url2": "http://akebono899.or.jp/", "内容": "中央あけぼの薬局0青森県青森市中央３丁目９－８" }, "geometry": { "type": "Point", "coordinates": [ 140.74564, 40.817889 ] } },
{ "type": "Feature", "properties": { "ID": 250250000075, "正式名称": "中央薬品（株）中央調剤薬局　県病前支店", "機関区分": 5, "都道府県コード": 2, "市区町村コード": 201, "所在地": "青森県青森市東造道２丁目６番２８号", "緯度": 40.82875, "経度": 140.794246, "url": "https://www.iryou.teikyouseido.mhlw.go.jp/znk-web/juminkanja/S2430/initialize?prefCd=02&kikanCd=0250000075&kikanKbn=nan", "url2": "http://www.chuo-ph.com/", "内容": "中央薬品（株）中央調剤薬局　県病前支店0青森県青森市東造道２丁目６番２８号" }, "geometry": { "type": "Point", "coordinates": [ 140.794246, 40.82875 ] } },
{ "type": "Feature", "properties": { "ID": 250250000076, "正式名称": "中央薬品（株）中央調剤薬局　小柳支店", "機関区分": 5, "都道府県コード": 2, "市区町村コード": 201, "所在地": "青森県青森市小柳６丁目４番２３号", "緯度": 40.817695, "経度": 140.788691, "url": "https://www.iryou.teikyouseido.mhlw.go.jp/znk-web/juminkanja/S2430/initialize?prefCd=02&kikanCd=0250000076&kikanKbn=nan", "url2": "http://www.chuo-ph.com/", "内容": "中央薬品（株）中央調剤薬局　小柳支店0青森県青森市小柳６丁目４番２３号" }, "geometry": { "type": "Point", "coordinates": [ 140.788691, 40.817695 ] } },
{ "type": "Feature", "properties": { "ID": 250250000077, "正式名称": "中央薬品（株）中央調剤薬局　桜川支店", "機関区分": 5, "都道府県コード": 2, "市区町村コード": 201, "所在地": "青森県青森市桜川４丁目２２番１４号", "緯度": 40.815528, "経度": 140.771193, "url": "https://www.iryou.teikyouseido.mhlw.go.jp/znk-web/juminkanja/S2430/initialize?prefCd=02&kikanCd=0250000077&kikanKbn=nan", "url2": "http://www.chuo-ph.com/", "内容": "中央薬品（株）中央調剤薬局　桜川支店0青森県青森市桜川４丁目２２番１４号" }, "geometry": { "type": "Point", "coordinates": [ 140.771193, 40.815528 ] } },
{ "type": "Feature", "properties": { "ID": 250250000078, "正式名称": "中央薬品（株）中央調剤薬局　市民病院前支店", "機関区分": 5, "都道府県コード": 2, "市区町村コード": 201, "所在地": "青森県青森市勝田１丁目１７番１６号", "緯度": 40.815723, "経度": 140.755611, "url": "https://www.iryou.teikyouseido.mhlw.go.jp/znk-web/juminkanja/S2430/initialize?prefCd=02&kikanCd=0250000078&kikanKbn=nan", "url2": "http://www.chuo-ph.com/", "内容": "中央薬品（株）中央調剤薬局　市民病院前支店0青森県青森市勝田１丁目１７番１６号" }, "geometry": { "type": "Point", "coordinates": [ 140.755611, 40.815723 ] } },
{ "type": "Feature", "properties": { "ID": 250250000081, "正式名称": "中央薬品（株）中央調剤薬局　本店", "機関区分": 5, "都道府県コード": 2, "市区町村コード": 201, "所在地": "青森県青森市長島２丁目１番１４号　青森クリニックビル１階", "緯度": 40.823361, "経度": 140.739279, "url": "https://www.iryou.teikyouseido.mhlw.go.jp/znk-web/juminkanja/S2430/initialize?prefCd=02&kikanCd=0250000081&kikanKbn=nan", "url2": "http://www.chuo-ph.com/", "内容": "中央薬品（株）中央調剤薬局　本店0青森県青森市長島２丁目１番１４号　青森クリニックビル１階" }, "geometry": { "type": "Point", "coordinates": [ 140.739279, 40.823361 ] } },
{ "type": "Feature", "properties": { "ID": 250250000082, "正式名称": "中央薬品（株）中央調剤薬局　松原支店", "機関区分": 5, "都道府県コード": 2, "市区町村コード": 201, "所在地": "青森県青森市松原３丁目９番２４号", "緯度": 40.817778, "経度": 140.762582, "url": "https://www.iryou.teikyouseido.mhlw.go.jp/znk-web/juminkanja/S2430/initialize?prefCd=02&kikanCd=0250000082&kikanKbn=nan", "url2": "http://www.chuo-ph.com/", "内容": "中央薬品（株）中央調剤薬局　松原支店0青森県青森市松原３丁目９番２４号" }, "geometry": { "type": "Point", "coordinates": [ 140.762582, 40.817778 ] } },
{ "type": "Feature", "properties": { "ID": 250250000083, "正式名称": "中央薬品（株）中央調剤薬局　緑支店", "機関区分": 5, "都道府県コード": 2, "市区町村コード": 201, "所在地": "青森県青森市緑１丁目１９番１９号", "緯度": 40.809473, "経度": 140.74539, "url": "https://www.iryou.teikyouseido.mhlw.go.jp/znk-web/juminkanja/S2430/initialize?prefCd=02&kikanCd=0250000083&kikanKbn=nan", "url2": "http://www.chuo-ph.com/", "内容": "中央薬品（株）中央調剤薬局　緑支店0青森県青森市緑１丁目１９番１９号" }, "geometry": { "type": "Point", "coordinates": [ 140.74539, 40.809473 ] } },
{ "type": "Feature", "properties": { "ID": 250250000084, "正式名称": "調剤薬局ツルハドラッグ大野店", "機関区分": 5, "都道府県コード": 2, "市区町村コード": 201, "所在地": "青森県青森市金沢３丁目１２－２１", "緯度": 40.808139, "経度": 140.729475, "url": "https://www.iryou.teikyouseido.mhlw.go.jp/znk-web/juminkanja/S2430/initialize?prefCd=02&kikanCd=0250000084&kikanKbn=nan", "url2": "http://www.tsuruha.co.jp/", "内容": "調剤薬局ツルハドラッグ大野店0青森県青森市金沢３丁目１２－２１" }, "geometry": { "type": "Point", "coordinates": [ 140.729475, 40.808139 ] } },
{ "type": "Feature", "properties": { "ID": 250250000087, "正式名称": "つくだ調剤薬局", "機関区分": 5, "都道府県コード": 2, "市区町村コード": 201, "所在地": "青森県青森市中佃一丁目１－３１", "緯度": 40.816806, "経度": 140.775553, "url": "https://www.iryou.teikyouseido.mhlw.go.jp/znk-web/juminkanja/S2430/initialize?prefCd=02&kikanCd=0250000087&kikanKbn=nan", "url2": null, "内容": "つくだ調剤薬局0青森県青森市中佃一丁目１－３１" }, "geometry": { "type": "Point", "coordinates": [ 140.775553, 40.816806 ] } },
{ "type": "Feature", "properties": { "ID": 250250000088, "正式名称": "有限会社　つくだ調剤薬局　浜舘店", "機関区分": 5, "都道府県コード": 2, "市区町村コード": 201, "所在地": "青森県青森市浜館四丁目１４－５", "緯度": 40.810418, "経度": 140.791219, "url": "https://www.iryou.teikyouseido.mhlw.go.jp/znk-web/juminkanja/S2430/initialize?prefCd=02&kikanCd=0250000088&kikanKbn=nan", "url2": null, "内容": "有限会社　つくだ調剤薬局　浜舘店0青森県青森市浜館四丁目１４－５" }, "geometry": { "type": "Point", "coordinates": [ 140.791219, 40.810418 ] } },
{ "type": "Feature", "properties": { "ID": 250250000089, "正式名称": "有限会社　造道調剤薬局", "機関区分": 5, "都道府県コード": 2, "市区町村コード": 201, "所在地": "青森県青森市岡造道二丁目１－１１", "緯度": 40.827805, "経度": 140.784552, "url": "https://www.iryou.teikyouseido.mhlw.go.jp/znk-web/juminkanja/S2430/initialize?prefCd=02&kikanCd=0250000089&kikanKbn=nan", "url2": null, "内容": "有限会社　造道調剤薬局0青森県青森市岡造道二丁目１－１１" }, "geometry": { "type": "Point", "coordinates": [ 140.784552, 40.827805 ] } },
{ "type": "Feature", "properties": { "ID": 250250000090, "正式名称": "テックイースト薬局", "機関区分": 5, "都道府県コード": 2, "市区町村コード": 201, "所在地": "青森県青森市浜館３丁目３－２５", "緯度": 40.808252, "経度": 140.786192, "url": "https://www.iryou.teikyouseido.mhlw.go.jp/znk-web/juminkanja/S2430/initialize?prefCd=02&kikanCd=0250000090&kikanKbn=nan", "url2": "http://www.tech-ph.co.jp/", "内容": "テックイースト薬局0青森県青森市浜館３丁目３－２５" }, "geometry": { "type": "Point", "coordinates": [ 140.786192, 40.808252 ] } },
{ "type": "Feature", "properties": { "ID": 250250000091, "正式名称": "テック調剤薬局　泉川店", "機関区分": 5, "都道府県コード": 2, "市区町村コード": 201, "所在地": "青森県青森市浪館泉川２１番地１", "緯度": 40.806723, "経度": 140.721781, "url": "https://www.iryou.teikyouseido.mhlw.go.jp/znk-web/juminkanja/S2430/initialize?prefCd=02&kikanCd=0250000091&kikanKbn=nan", "url2": "http://www.tech-ph.co.jp/", "内容": "テック調剤薬局　泉川店0青森県青森市浪館泉川２１番地１" }, "geometry": { "type": "Point", "coordinates": [ 140.721781, 40.806723 ] } },
{ "type": "Feature", "properties": { "ID": 250250000092, "正式名称": "テック調剤薬局　金沢店", "機関区分": 5, "都道府県コード": 2, "市区町村コード": 201, "所在地": "青森県青森市金沢４丁目４－１１", "緯度": 40.809501, "経度": 140.727808, "url": "https://www.iryou.teikyouseido.mhlw.go.jp/znk-web/juminkanja/S2430/initialize?prefCd=02&kikanCd=0250000092&kikanKbn=nan", "url2": "http://www.tech-ph.co.jp/", "内容": "テック調剤薬局　金沢店0青森県青森市金沢４丁目４－１１" }, "geometry": { "type": "Point", "coordinates": [ 140.727808, 40.809501 ] } },
{ "type": "Feature", "properties": { "ID": 250250000093, "正式名称": "テックファーマシー沖館", "機関区分": 5, "都道府県コード": 2, "市区町村コード": 201, "所在地": "青森県青森市沖館１丁目９－２５", "緯度": 40.834886, "経度": 140.725391, "url": "https://www.iryou.teikyouseido.mhlw.go.jp/znk-web/juminkanja/S2430/initialize?prefCd=02&kikanCd=0250000093&kikanKbn=nan", "url2": "http://www.tech-ph.co.jp/", "内容": "テックファーマシー沖館0青森県青森市沖館１丁目９－２５" }, "geometry": { "type": "Point", "coordinates": [ 140.725391, 40.834886 ] } },
{ "type": "Feature", "properties": { "ID": 250250000095, "正式名称": "どんぐり薬局なみおか", "機関区分": 5, "都道府県コード": 2, "市区町村コード": 201, "所在地": "青森県青森市浪岡女鹿沢平野２１７－２９", "緯度": 40.710925, "経度": 140.571048, "url": "https://www.iryou.teikyouseido.mhlw.go.jp/znk-web/juminkanja/S2430/initialize?prefCd=02&kikanCd=0250000095&kikanKbn=nan", "url2": "https://okidate-ph.jp/pharmacy/", "内容": "どんぐり薬局なみおか0青森県青森市浪岡女鹿沢平野２１７－２９" }, "geometry": { "type": "Point", "coordinates": [ 140.571048, 40.710925 ] } },
{ "type": "Feature", "properties": { "ID": 250250000096, "正式名称": "なのはな調剤薬局", "機関区分": 5, "都道府県コード": 2, "市区町村コード": 201, "所在地": "青森県青森市松原１丁目５－６", "緯度": 40.820473, "経度": 140.75986, "url": "https://www.iryou.teikyouseido.mhlw.go.jp/znk-web/juminkanja/S2430/initialize?prefCd=02&kikanCd=0250000096&kikanKbn=nan", "url2": null, "内容": "なのはな調剤薬局0青森県青森市松原１丁目５－６" }, "geometry": { "type": "Point", "coordinates": [ 140.75986, 40.820473 ] } },
{ "type": "Feature", "properties": { "ID": 250250000098, "正式名称": "浪岡調剤薬局", "機関区分": 5, "都道府県コード": 2, "市区町村コード": 201, "所在地": "青森県青森市浪岡福田２丁目１３－１３", "緯度": 40.721478, "経度": 140.588473, "url": "https://www.iryou.teikyouseido.mhlw.go.jp/znk-web/juminkanja/S2430/initialize?prefCd=02&kikanCd=0250000098&kikanKbn=nan", "url2": null, "内容": "浪岡調剤薬局0青森県青森市浪岡福田２丁目１３－１３" }, "geometry": { "type": "Point", "coordinates": [ 140.588473, 40.721478 ] } },
{ "type": "Feature", "properties": { "ID": 250250000099, "正式名称": "西川薬局", "機関区分": 5, "都道府県コード": 2, "市区町村コード": 201, "所在地": "青森県青森市千刈２丁目１－３２", "緯度": 40.826082, "経度": 140.722002, "url": "https://www.iryou.teikyouseido.mhlw.go.jp/znk-web/juminkanja/S2430/initialize?prefCd=02&kikanCd=0250000099&kikanKbn=nan", "url2": null, "内容": "西川薬局0青森県青森市千刈２丁目１－３２" }, "geometry": { "type": "Point", "coordinates": [ 140.722002, 40.826082 ] } },
{ "type": "Feature", "properties": { "ID": 250250000101, "正式名称": "ハート薬局", "機関区分": 5, "都道府県コード": 2, "市区町村コード": 201, "所在地": "青森県青森市栄町一丁目３番５号", "緯度": 40.825583, "経度": 140.764499, "url": "https://www.iryou.teikyouseido.mhlw.go.jp/znk-web/juminkanja/S2430/initialize?prefCd=02&kikanCd=0250000101&kikanKbn=nan", "url2": null, "内容": "ハート薬局0青森県青森市栄町一丁目３番５号" }, "geometry": { "type": "Point", "coordinates": [ 140.764499, 40.825583 ] } },
{ "type": "Feature", "properties": { "ID": 250250000103, "正式名称": "パステル薬局", "機関区分": 5, "都道府県コード": 2, "市区町村コード": 307, "所在地": "青森県東津軽郡外ヶ浜町蟹田５－３", "緯度": 41.038419, "経度": 140.643915, "url": "https://www.iryou.teikyouseido.mhlw.go.jp/znk-web/juminkanja/S2430/initialize?prefCd=02&kikanCd=0250000103&kikanKbn=nan", "url2": null, "内容": "パステル薬局0青森県東津軽郡外ヶ浜町蟹田５－３" }, "geometry": { "type": "Point", "coordinates": [ 140.643915, 41.038419 ] } },
{ "type": "Feature", "properties": { "ID": 250250000106, "正式名称": "花園薬局", "機関区分": 5, "都道府県コード": 2, "市区町村コード": 201, "所在地": "青森県青森市花園２丁目４３－２５", "緯度": 40.822789, "経度": 140.774619, "url": "https://www.iryou.teikyouseido.mhlw.go.jp/znk-web/juminkanja/S2430/initialize?prefCd=02&kikanCd=0250000106&kikanKbn=nan", "url2": "https://www.hanazono-aomori.com", "内容": "花園薬局0青森県青森市花園２丁目４３－２５" }, "geometry": { "type": "Point", "coordinates": [ 140.774619, 40.822789 ] } },
{ "type": "Feature", "properties": { "ID": 250250000108, "正式名称": "共創未来　さんない薬局", "機関区分": 5, "都道府県コード": 2, "市区町村コード": 201, "所在地": "青森県青森市西滝３丁目２９－７", "緯度": 40.817555, "経度": 140.714225, "url": "https://www.iryou.teikyouseido.mhlw.go.jp/znk-web/juminkanja/S2430/initialize?prefCd=02&kikanCd=0250000108&kikanKbn=nan", "url2": "https://phmirai.co.jp/", "内容": "共創未来　さんない薬局0青森県青森市西滝３丁目２９－７" }, "geometry": { "type": "Point", "coordinates": [ 140.714225, 40.817555 ] } },
{ "type": "Feature", "properties": { "ID": 250250000109, "正式名称": "共創未来　羽白薬局", "機関区分": 5, "都道府県コード": 2, "市区町村コード": 201, "所在地": "青森県青森市羽白沢田５１－１", "緯度": 40.854246, "経度": 140.689309, "url": "https://www.iryou.teikyouseido.mhlw.go.jp/znk-web/juminkanja/S2430/initialize?prefCd=02&kikanCd=0250000109&kikanKbn=nan", "url2": "http://www.phmirai.co.jp/", "内容": "共創未来　羽白薬局0青森県青森市羽白沢田５１－１" }, "geometry": { "type": "Point", "coordinates": [ 140.689309, 40.854246 ] } },
{ "type": "Feature", "properties": { "ID": 250250000110, "正式名称": "共創未来　まつばら薬局", "機関区分": 5, "都道府県コード": 2, "市区町村コード": 201, "所在地": "青森県青森市松原三丁目１２－８", "緯度": 40.817945, "経度": 140.763554, "url": "https://www.iryou.teikyouseido.mhlw.go.jp/znk-web/juminkanja/S2430/initialize?prefCd=02&kikanCd=0250000110&kikanKbn=nan", "url2": "http://www.phmirai.co.jp/", "内容": "共創未来　まつばら薬局0青森県青森市松原三丁目１２－８" }, "geometry": { "type": "Point", "coordinates": [ 140.763554, 40.817945 ] } },
{ "type": "Feature", "properties": { "ID": 250250000112, "正式名称": "ひまわり薬局　筒井店", "機関区分": 5, "都道府県コード": 2, "市区町村コード": 201, "所在地": "青森県青森市筒井三丁目１４－２０", "緯度": 40.804946, "経度": 140.771499, "url": "https://www.iryou.teikyouseido.mhlw.go.jp/znk-web/juminkanja/S2430/initialize?prefCd=02&kikanCd=0250000112&kikanKbn=nan", "url2": "http://www.mik-group.co.jp", "内容": "ひまわり薬局　筒井店0青森県青森市筒井三丁目１４－２０" }, "geometry": { "type": "Point", "coordinates": [ 140.771499, 40.804946 ] } },
{ "type": "Feature", "properties": { "ID": 250250000115, "正式名称": "ひまわり薬局　石江店", "機関区分": 5, "都道府県コード": 2, "市区町村コード": 201, "所在地": "青森県青森市石江岡部７６－１", "緯度": 40.825749, "経度": 140.708864, "url": "https://www.iryou.teikyouseido.mhlw.go.jp/znk-web/juminkanja/S2430/initialize?prefCd=02&kikanCd=0250000115&kikanKbn=nan", "url2": "http://www.mik-group.co.jp", "内容": "ひまわり薬局　石江店0青森県青森市石江岡部７６－１" }, "geometry": { "type": "Point", "coordinates": [ 140.708864, 40.825749 ] } },
{ "type": "Feature", "properties": { "ID": 250250000116, "正式名称": "平内薬局", "機関区分": 5, "都道府県コード": 2, "市区町村コード": 301, "所在地": "青森県東津軽郡平内町小湊愛宕７０－６", "緯度": 40.926131, "経度": 140.958422, "url": "https://www.iryou.teikyouseido.mhlw.go.jp/znk-web/juminkanja/S2430/initialize?prefCd=02&kikanCd=0250000116&kikanKbn=nan", "url2": "http://www.mik-group.co.jp", "内容": "平内薬局0青森県東津軽郡平内町小湊愛宕７０－６" }, "geometry": { "type": "Point", "coordinates": [ 140.958422, 40.926131 ] } },
{ "type": "Feature", "properties": { "ID": 250250000117, "正式名称": "ファルマ浪岡薬局", "機関区分": 5, "都道府県コード": 2, "市区町村コード": 201, "所在地": "青森県青森市浪岡浪岡浅井１８８－７", "緯度": 40.718842, "経度": 140.595796, "url": "https://www.iryou.teikyouseido.mhlw.go.jp/znk-web/juminkanja/S2430/initialize?prefCd=02&kikanCd=0250000117&kikanKbn=nan", "url2": "https://www.pharmaizm.com", "内容": "ファルマ浪岡薬局0青森県青森市浪岡浪岡浅井１８８－７" }, "geometry": { "type": "Point", "coordinates": [ 140.595796, 40.718842 ] } },
{ "type": "Feature", "properties": { "ID": 250250000118, "正式名称": "フロンティア薬局浪岡店", "機関区分": 5, "都道府県コード": 2, "市区町村コード": 201, "所在地": "青森県青森市浪岡浪岡平野１９１－１９", "緯度": 40.713759, "経度": 140.587158, "url": "https://www.iryou.teikyouseido.mhlw.go.jp/znk-web/juminkanja/S2430/initialize?prefCd=02&kikanCd=0250000118&kikanKbn=nan", "url2": "http://www.frontier-ph.com", "内容": "フロンティア薬局浪岡店0青森県青森市浪岡浪岡平野１９１－１９" }, "geometry": { "type": "Point", "coordinates": [ 140.587158, 40.713759 ] } },
{ "type": "Feature", "properties": { "ID": 250250000121, "正式名称": "ふたば調剤薬局", "機関区分": 5, "都道府県コード": 2, "市区町村コード": 201, "所在地": "青森県青森市橋本二丁目１８番１号", "緯度": 40.822416, "経度": 140.754055, "url": "https://www.iryou.teikyouseido.mhlw.go.jp/znk-web/juminkanja/S2430/initialize?prefCd=02&kikanCd=0250000121&kikanKbn=nan", "url2": null, "内容": "ふたば調剤薬局0青森県青森市橋本二丁目１８番１号" }, "geometry": { "type": "Point", "coordinates": [ 140.754055, 40.822416 ] } },
{ "type": "Feature", "properties": { "ID": 250250000122, "正式名称": "ふたば調剤薬局　大野店", "機関区分": 5, "都道府県コード": 2, "市区町村コード": 201, "所在地": "青森県青森市大野前田７５－９９", "緯度": 40.801565, "経度": 140.735311, "url": "https://www.iryou.teikyouseido.mhlw.go.jp/znk-web/juminkanja/S2430/initialize?prefCd=02&kikanCd=0250000122&kikanKbn=nan", "url2": null, "内容": "ふたば調剤薬局　大野店0青森県青森市大野前田７５－９９" }, "geometry": { "type": "Point", "coordinates": [ 140.735311, 40.801565 ] } },
{ "type": "Feature", "properties": { "ID": 250250000123, "正式名称": "プリン薬局小柳", "機関区分": 5, "都道府県コード": 2, "市区町村コード": 201, "所在地": "青森県青森市はまなす一丁目１７番２３号", "緯度": 40.821973, "経度": 140.797329, "url": "https://www.iryou.teikyouseido.mhlw.go.jp/znk-web/juminkanja/S2430/initialize?prefCd=02&kikanCd=0250000123&kikanKbn=nan", "url2": null, "内容": "プリン薬局小柳0青森県青森市はまなす一丁目１７番２３号" }, "geometry": { "type": "Point", "coordinates": [ 140.797329, 40.821973 ] } },
{ "type": "Feature", "properties": { "ID": 250250000125, "正式名称": "平成調剤薬局", "機関区分": 5, "都道府県コード": 2, "市区町村コード": 201, "所在地": "青森県青森市篠田一丁目９番８号", "緯度": 40.826082, "経度": 140.730002, "url": "https://www.iryou.teikyouseido.mhlw.go.jp/znk-web/juminkanja/S2430/initialize?prefCd=02&kikanCd=0250000125&kikanKbn=nan", "url2": null, "内容": "平成調剤薬局0青森県青森市篠田一丁目９番８号" }, "geometry": { "type": "Point", "coordinates": [ 140.730002, 40.826082 ] } },
{ "type": "Feature", "properties": { "ID": 250250000126, "正式名称": "ベイ薬局", "機関区分": 5, "都道府県コード": 2, "市区町村コード": 201, "所在地": "青森県青森市沖館五丁目５番２５号", "緯度": 40.833165, "経度": 140.723002, "url": "https://www.iryou.teikyouseido.mhlw.go.jp/znk-web/juminkanja/S2430/initialize?prefCd=02&kikanCd=0250000126&kikanKbn=nan", "url2": null, "内容": "ベイ薬局0青森県青森市沖館五丁目５番２５号" }, "geometry": { "type": "Point", "coordinates": [ 140.723002, 40.833165 ] } },
{ "type": "Feature", "properties": { "ID": 250250000127, "正式名称": "ヘルシークラブ　ひまわり薬局", "機関区分": 5, "都道府県コード": 2, "市区町村コード": 201, "所在地": "青森県青森市古川一丁目２１－１４", "緯度": 40.824277, "経度": 140.738501, "url": "https://www.iryou.teikyouseido.mhlw.go.jp/znk-web/juminkanja/S2430/initialize?prefCd=02&kikanCd=0250000127&kikanKbn=nan", "url2": "http://www.mik-group.co.jp", "内容": "ヘルシークラブ　ひまわり薬局0青森県青森市古川一丁目２１－１４" }, "geometry": { "type": "Point", "coordinates": [ 140.738501, 40.824277 ] } },
{ "type": "Feature", "properties": { "ID": 250250000128, "正式名称": "ヘルスケア薬局", "機関区分": 5, "都道府県コード": 2, "市区町村コード": 201, "所在地": "青森県青森市橋本１丁目８－７", "緯度": 40.8255, "経度": 140.754361, "url": "https://www.iryou.teikyouseido.mhlw.go.jp/znk-web/juminkanja/S2430/initialize?prefCd=02&kikanCd=0250000128&kikanKbn=nan", "url2": null, "内容": "ヘルスケア薬局0青森県青森市橋本１丁目８－７" }, "geometry": { "type": "Point", "coordinates": [ 140.754361, 40.8255 ] } },
{ "type": "Feature", "properties": { "ID": 250250000129, "正式名称": "保険調剤薬局　タイキファーマシー　石江店", "機関区分": 5, "都道府県コード": 2, "市区町村コード": 201, "所在地": "青森県青森市石江江渡５２－１７５", "緯度": 40.825832, "経度": 140.691116, "url": "https://www.iryou.teikyouseido.mhlw.go.jp/znk-web/juminkanja/S2430/initialize?prefCd=02&kikanCd=0250000129&kikanKbn=nan", "url2": "http://taikip.html.xdomain.jp/index.html", "内容": "保険調剤薬局　タイキファーマシー　石江店0青森県青森市石江江渡５２－１７５" }, "geometry": { "type": "Point", "coordinates": [ 140.691116, 40.825832 ] } },
{ "type": "Feature", "properties": { "ID": 250250000135, "正式名称": "ファーマライズ薬局青森みよし店", "機関区分": 5, "都道府県コード": 2, "市区町村コード": 201, "所在地": "青森県青森市三好１丁目８－７", "緯度": 40.833859, "経度": 140.704808, "url": "https://www.iryou.teikyouseido.mhlw.go.jp/znk-web/juminkanja/S2430/initialize?prefCd=02&kikanCd=0250000135&kikanKbn=nan", "url2": "https://www.pharmarise.com/", "内容": "ファーマライズ薬局青森みよし店0青森県青森市三好１丁目８－７" }, "geometry": { "type": "Point", "coordinates": [ 140.704808, 40.833859 ] } },
{ "type": "Feature", "properties": { "ID": 250250000136, "正式名称": "みんな野薬局　西バイパス店", "機関区分": 5, "都道府県コード": 2, "市区町村コード": 201, "所在地": "青森県青森市富田３丁目１６－５", "緯度": 40.833609, "経度": 140.710142, "url": "https://www.iryou.teikyouseido.mhlw.go.jp/znk-web/juminkanja/S2430/initialize?prefCd=02&kikanCd=0250000136&kikanKbn=nan", "url2": null, "内容": "みんな野薬局　西バイパス店0青森県青森市富田３丁目１６－５" }, "geometry": { "type": "Point", "coordinates": [ 140.710142, 40.833609 ] } },
{ "type": "Feature", "properties": { "ID": 250250000138, "正式名称": "村林薬局", "機関区分": 5, "都道府県コード": 2, "市区町村コード": 201, "所在地": "青森県青森市浪岡浪岡細田１４４－３", "緯度": 40.711564, "経度": 140.588685, "url": "https://www.iryou.teikyouseido.mhlw.go.jp/znk-web/juminkanja/S2430/initialize?prefCd=02&kikanCd=0250000138&kikanKbn=nan", "url2": null, "内容": "村林薬局0青森県青森市浪岡浪岡細田１４４－３" }, "geometry": { "type": "Point", "coordinates": [ 140.588685, 40.711564 ] } },
{ "type": "Feature", "properties": { "ID": 250250000139, "正式名称": "安田調剤薬局", "機関区分": 5, "都道府県コード": 2, "市区町村コード": 201, "所在地": "青森県青森市安田近野１５３番地１", "緯度": 40.803584, "経度": 140.706144, "url": "https://www.iryou.teikyouseido.mhlw.go.jp/znk-web/juminkanja/S2430/initialize?prefCd=02&kikanCd=0250000139&kikanKbn=nan", "url2": "https://www.yasuta-pharmacy.jp/", "内容": "安田調剤薬局0青森県青森市安田近野１５３番地１" }, "geometry": { "type": "Point", "coordinates": [ 140.706144, 40.803584 ] } },
{ "type": "Feature", "properties": { "ID": 250250000143, "正式名称": "有限会社　天狗薬局", "機関区分": 5, "都道府県コード": 2, "市区町村コード": 201, "所在地": "青森県青森市古川一丁目１７番２４号", "緯度": 40.825083, "経度": 140.737473, "url": "https://www.iryou.teikyouseido.mhlw.go.jp/znk-web/juminkanja/S2430/initialize?prefCd=02&kikanCd=0250000143&kikanKbn=nan", "url2": "http://www.nebuta.co.jp/", "内容": "有限会社　天狗薬局0青森県青森市古川一丁目１７番２４号" }, "geometry": { "type": "Point", "coordinates": [ 140.737473, 40.825083 ] } },
{ "type": "Feature", "properties": { "ID": 250250000145, "正式名称": "有限会社　ほてい堂薬局", "機関区分": 5, "都道府県コード": 2, "市区町村コード": 201, "所在地": "青森県青森市古川１丁目１６番１０号", "緯度": 40.824444, "経度": 140.737473, "url": "https://www.iryou.teikyouseido.mhlw.go.jp/znk-web/juminkanja/S2430/initialize?prefCd=02&kikanCd=0250000145&kikanKbn=nan", "url2": null, "内容": "有限会社　ほてい堂薬局0青森県青森市古川１丁目１６番１０号" }, "geometry": { "type": "Point", "coordinates": [ 140.737473, 40.824444 ] } },
{ "type": "Feature", "properties": { "ID": 250250000147, "正式名称": "ゆりのき薬局", "機関区分": 5, "都道府県コード": 2, "市区町村コード": 201, "所在地": "青森県青森市新町２丁目８番４３号　１階", "緯度": 40.825333, "経度": 140.744694, "url": "https://www.iryou.teikyouseido.mhlw.go.jp/znk-web/juminkanja/S2430/initialize?prefCd=02&kikanCd=0250000147&kikanKbn=nan", "url2": "http://www.yurinoki.co.jp/", "内容": "ゆりのき薬局0青森県青森市新町２丁目８番４３号　１階" }, "geometry": { "type": "Point", "coordinates": [ 140.744694, 40.825333 ] } },
{ "type": "Feature", "properties": { "ID": 250250000150, "正式名称": "ワカバ調剤薬局　平内店", "機関区分": 5, "都道府県コード": 2, "市区町村コード": 301, "所在地": "青森県東津軽郡平内町小湊愛宕７０－２１", "緯度": 40.918076, "経度": 140.948784, "url": "https://www.iryou.teikyouseido.mhlw.go.jp/znk-web/juminkanja/S2430/initialize?prefCd=02&kikanCd=0250000150&kikanKbn=nan", "url2": "http://wakaba-chouzai.com/", "内容": "ワカバ調剤薬局　平内店0青森県東津軽郡平内町小湊愛宕７０－２１" }, "geometry": { "type": "Point", "coordinates": [ 140.948784, 40.918076 ] } },
{ "type": "Feature", "properties": { "ID": 250250000151, "正式名称": "サカエ薬局板病前", "機関区分": 5, "都道府県コード": 2, "市区町村コード": 381, "所在地": "青森県北津軽郡板柳町福野田常盤５４－７", "緯度": 40.691092, "経度": 140.460613, "url": "https://www.iryou.teikyouseido.mhlw.go.jp/znk-web/juminkanja/S2430/initialize?prefCd=02&kikanCd=0250000151&kikanKbn=nan", "url2": "http://www.e-classa.net/sakae_itabyoumae/index.html", "内容": "サカエ薬局板病前0青森県北津軽郡板柳町福野田常盤５４－７" }, "geometry": { "type": "Point", "coordinates": [ 140.460613, 40.691092 ] } },
{ "type": "Feature", "properties": { "ID": 250250000153, "正式名称": "緑の森薬局　石川", "機関区分": 5, "都道府県コード": 2, "市区町村コード": 202, "所在地": "青森県弘前市石川春仕内９７番地５", "緯度": 40.554969, "経度": 140.545723, "url": "https://www.iryou.teikyouseido.mhlw.go.jp/znk-web/juminkanja/S2430/initialize?prefCd=02&kikanCd=0250000153&kikanKbn=nan", "url2": "https://green-forest.com/", "内容": "緑の森薬局　石川0青森県弘前市石川春仕内９７番地５" }, "geometry": { "type": "Point", "coordinates": [ 140.545723, 40.554969 ] } },
{ "type": "Feature", "properties": { "ID": 250250000154, "正式名称": "ひまわり薬局　弘大病院前", "機関区分": 5, "都道府県コード": 2, "市区町村コード": 202, "所在地": "青森県弘前市本町５６－９", "緯度": 40.601019, "経度": 140.466923, "url": "https://www.iryou.teikyouseido.mhlw.go.jp/znk-web/juminkanja/S2430/initialize?prefCd=02&kikanCd=0250000154&kikanKbn=nan", "url2": "http://www.mik-group.co.jp", "内容": "ひまわり薬局　弘大病院前0青森県弘前市本町５６－９" }, "geometry": { "type": "Point", "coordinates": [ 140.466923, 40.601019 ] } },
{ "type": "Feature", "properties": { "ID": 250250000157, "正式名称": "クローバー調剤薬局　北美店", "機関区分": 5, "都道府県コード": 2, "市区町村コード": 204, "所在地": "青森県黒石市北美町１－７３", "緯度": 40.656126, "経度": 140.601464, "url": "https://www.iryou.teikyouseido.mhlw.go.jp/znk-web/juminkanja/S2430/initialize?prefCd=02&kikanCd=0250000157&kikanKbn=nan", "url2": "http://www.e-classa.net/clover3110/group.html", "内容": "クローバー調剤薬局　北美店0青森県黒石市北美町１－７３" }, "geometry": { "type": "Point", "coordinates": [ 140.601464, 40.656126 ] } },
{ "type": "Feature", "properties": { "ID": 250250000158, "正式名称": "クローバー調剤薬局旭町店", "機関区分": 5, "都道府県コード": 2, "市区町村コード": 204, "所在地": "青森県黒石市旭町９－２", "緯度": 40.648488, "経度": 140.601686, "url": "https://www.iryou.teikyouseido.mhlw.go.jp/znk-web/juminkanja/S2430/initialize?prefCd=02&kikanCd=0250000158&kikanKbn=nan", "url2": null, "内容": "クローバー調剤薬局旭町店0青森県黒石市旭町９－２" }, "geometry": { "type": "Point", "coordinates": [ 140.601686, 40.648488 ] } },
{ "type": "Feature", "properties": { "ID": 250250000160, "正式名称": "ひらの薬局", "機関区分": 5, "都道府県コード": 2, "市区町村コード": 361, "所在地": "青森県南津軽郡藤崎町葛野前田６１番地５", "緯度": 40.657545, "経度": 140.499325, "url": "https://www.iryou.teikyouseido.mhlw.go.jp/znk-web/juminkanja/S2430/initialize?prefCd=02&kikanCd=0250000160&kikanKbn=nan", "url2": "https://www.medicine-hiranoya.com", "内容": "ひらの薬局0青森県南津軽郡藤崎町葛野前田６１番地５" }, "geometry": { "type": "Point", "coordinates": [ 140.499325, 40.657545 ] } },
{ "type": "Feature", "properties": { "ID": 250250000161, "正式名称": "マエダ調剤薬局　城西店", "機関区分": 5, "都道府県コード": 2, "市区町村コード": 202, "所在地": "青森県弘前市南城西１－３－７", "緯度": 40.602074, "経度": 140.453646, "url": "https://www.iryou.teikyouseido.mhlw.go.jp/znk-web/juminkanja/S2430/initialize?prefCd=02&kikanCd=0250000161&kikanKbn=nan", "url2": "http://www.maeda-ph.jp/", "内容": "マエダ調剤薬局　城西店0青森県弘前市南城西１－３－７" }, "geometry": { "type": "Point", "coordinates": [ 140.453646, 40.602074 ] } },
{ "type": "Feature", "properties": { "ID": 250250000164, "正式名称": "マエダ調剤薬局", "機関区分": 5, "都道府県コード": 2, "市区町村コード": 202, "所在地": "青森県弘前市稔町２－２", "緯度": 40.584687, "経度": 140.469534, "url": "https://www.iryou.teikyouseido.mhlw.go.jp/znk-web/juminkanja/S2430/initialize?prefCd=02&kikanCd=0250000164&kikanKbn=nan", "url2": "http://www.maeda-ph.jp", "内容": "マエダ調剤薬局0青森県弘前市稔町２－２" }, "geometry": { "type": "Point", "coordinates": [ 140.469534, 40.584687 ] } },
{ "type": "Feature", "properties": { "ID": 250250000166, "正式名称": "弘前調剤センター", "機関区分": 5, "都道府県コード": 2, "市区町村コード": 202, "所在地": "青森県弘前市北横町１９番地１", "緯度": 40.60674, "経度": 140.477866, "url": "https://www.iryou.teikyouseido.mhlw.go.jp/znk-web/juminkanja/S2430/initialize?prefCd=02&kikanCd=0250000166&kikanKbn=nan", "url2": "http://www.pharmaizm.co.jp/", "内容": "弘前調剤センター0青森県弘前市北横町１９番地１" }, "geometry": { "type": "Point", "coordinates": [ 140.477866, 40.60674 ] } },
{ "type": "Feature", "properties": { "ID": 250250000172, "正式名称": "保険調剤薬局　タイキファーマシー　尾上店", "機関区分": 5, "都道府県コード": 2, "市区町村コード": 210, "所在地": "青森県平川市尾上栄松１３２－９", "緯度": 40.617963, "経度": 140.58094, "url": "https://www.iryou.teikyouseido.mhlw.go.jp/znk-web/juminkanja/S2430/initialize?prefCd=02&kikanCd=0250000172&kikanKbn=nan", "url2": null, "内容": "保険調剤薬局　タイキファーマシー　尾上店0青森県平川市尾上栄松１３２－９" }, "geometry": { "type": "Point", "coordinates": [ 140.58094, 40.617963 ] } },
{ "type": "Feature", "properties": { "ID": 250250000173, "正式名称": "緑の森薬局　取上", "機関区分": 5, "都道府県コード": 2, "市区町村コード": 202, "所在地": "青森県弘前市取上二丁目１番地７", "緯度": 40.588576, "経度": 140.483866, "url": "https://www.iryou.teikyouseido.mhlw.go.jp/znk-web/juminkanja/S2430/initialize?prefCd=02&kikanCd=0250000173&kikanKbn=nan", "url2": "https://green-forest.com/", "内容": "緑の森薬局　取上0青森県弘前市取上二丁目１番地７" }, "geometry": { "type": "Point", "coordinates": [ 140.483866, 40.588576 ] } },
{ "type": "Feature", "properties": { "ID": 250250000174, "正式名称": "緑の森薬局　山王町", "機関区分": 5, "都道府県コード": 2, "市区町村コード": 202, "所在地": "青森県弘前市山王町３番地５", "緯度": 40.609379, "経度": 140.473949, "url": "https://www.iryou.teikyouseido.mhlw.go.jp/znk-web/juminkanja/S2430/initialize?prefCd=02&kikanCd=0250000174&kikanKbn=nan", "url2": "https://green-forest.com/", "内容": "緑の森薬局　山王町0青森県弘前市山王町３番地５" }, "geometry": { "type": "Point", "coordinates": [ 140.473949, 40.609379 ] } },
{ "type": "Feature", "properties": { "ID": 250250000176, "正式名称": "平賀中央薬局", "機関区分": 5, "都道府県コード": 2, "市区町村コード": 210, "所在地": "青森県平川市本町北柳田１２６－１２", "緯度": 40.58566, "経度": 140.563249, "url": "https://www.iryou.teikyouseido.mhlw.go.jp/znk-web/juminkanja/S2430/initialize?prefCd=02&kikanCd=0250000176&kikanKbn=nan", "url2": null, "内容": "平賀中央薬局0青森県平川市本町北柳田１２６－１２" }, "geometry": { "type": "Point", "coordinates": [ 140.563249, 40.58566 ] } },
{ "type": "Feature", "properties": { "ID": 250250000182, "正式名称": "株式会社　八木橋薬局", "機関区分": 5, "都道府県コード": 2, "市区町村コード": 202, "所在地": "青森県弘前市和徳町２３－５", "緯度": 40.606019, "経度": 140.477255, "url": "https://www.iryou.teikyouseido.mhlw.go.jp/znk-web/juminkanja/S2430/initialize?prefCd=02&kikanCd=0250000182&kikanKbn=nan", "url2": "https://yagihashi-ph.com/", "内容": "株式会社　八木橋薬局0青森県弘前市和徳町２３－５" }, "geometry": { "type": "Point", "coordinates": [ 140.477255, 40.606019 ] } },
{ "type": "Feature", "properties": { "ID": 250250000186, "正式名称": "ミツワ薬局　中央通り店", "機関区分": 5, "都道府県コード": 2, "市区町村コード": 202, "所在地": "青森県弘前市徳田町６", "緯度": 40.603241, "経度": 140.474394, "url": "https://www.iryou.teikyouseido.mhlw.go.jp/znk-web/juminkanja/S2430/initialize?prefCd=02&kikanCd=0250000186&kikanKbn=nan", "url2": "http://www.mitsuwa-group.co.jp/", "内容": "ミツワ薬局　中央通り店0青森県弘前市徳田町６" }, "geometry": { "type": "Point", "coordinates": [ 140.474394, 40.603241 ] } },
{ "type": "Feature", "properties": { "ID": 250250000188, "正式名称": "さいとう調剤薬局", "機関区分": 5, "都道府県コード": 2, "市区町村コード": 202, "所在地": "青森県弘前市品川町３７番地３", "緯度": 40.596547, "経度": 140.476172, "url": "https://www.iryou.teikyouseido.mhlw.go.jp/znk-web/juminkanja/S2430/initialize?prefCd=02&kikanCd=0250000188&kikanKbn=nan", "url2": null, "内容": "さいとう調剤薬局0青森県弘前市品川町３７番地３" }, "geometry": { "type": "Point", "coordinates": [ 140.476172, 40.596547 ] } },
{ "type": "Feature", "properties": { "ID": 250250000189, "正式名称": "有限会社マルチ薬局", "機関区分": 5, "都道府県コード": 2, "市区町村コード": 210, "所在地": "青森県平川市本町北柳田１２－２０", "緯度": 40.584994, "経度": 140.563027, "url": "https://www.iryou.teikyouseido.mhlw.go.jp/znk-web/juminkanja/S2430/initialize?prefCd=02&kikanCd=0250000189&kikanKbn=nan", "url2": null, "内容": "有限会社マルチ薬局0青森県平川市本町北柳田１２－２０" }, "geometry": { "type": "Point", "coordinates": [ 140.563027, 40.584994 ] } },
{ "type": "Feature", "properties": { "ID": 250250000190, "正式名称": "こずえ薬局", "機関区分": 5, "都道府県コード": 2, "市区町村コード": 202, "所在地": "青森県弘前市城東中央４丁目２－１８", "緯度": 40.601019, "経度": 140.495309, "url": "https://www.iryou.teikyouseido.mhlw.go.jp/znk-web/juminkanja/S2430/initialize?prefCd=02&kikanCd=0250000190&kikanKbn=nan", "url2": null, "内容": "こずえ薬局0青森県弘前市城東中央４丁目２－１８" }, "geometry": { "type": "Point", "coordinates": [ 140.495309, 40.601019 ] } },
{ "type": "Feature", "properties": { "ID": 250250000194, "正式名称": "青山調剤薬局", "機関区分": 5, "都道府県コード": 2, "市区町村コード": 202, "所在地": "青森県弘前市青山１－１０－２", "緯度": 40.619378, "経度": 140.484032, "url": "https://www.iryou.teikyouseido.mhlw.go.jp/znk-web/juminkanja/S2430/initialize?prefCd=02&kikanCd=0250000194&kikanKbn=nan", "url2": "http://www.ms-pharmacy.co.jp/", "内容": "青山調剤薬局0青森県弘前市青山１－１０－２" }, "geometry": { "type": "Point", "coordinates": [ 140.484032, 40.619378 ] } },
{ "type": "Feature", "properties": { "ID": 250250000195, "正式名称": "マエダ調剤薬局　中野店", "機関区分": 5, "都道府県コード": 2, "市区町村コード": 202, "所在地": "青森県弘前市中野２－１－１", "緯度": 40.582743, "経度": 140.475006, "url": "https://www.iryou.teikyouseido.mhlw.go.jp/znk-web/juminkanja/S2430/initialize?prefCd=02&kikanCd=0250000195&kikanKbn=nan", "url2": "http://www.maeda-ph.jp", "内容": "マエダ調剤薬局　中野店0青森県弘前市中野２－１－１" }, "geometry": { "type": "Point", "coordinates": [ 140.475006, 40.582743 ] } },
{ "type": "Feature", "properties": { "ID": 250250000198, "正式名称": "アップル調剤薬局", "機関区分": 5, "都道府県コード": 2, "市区町村コード": 202, "所在地": "青森県弘前市石渡１丁目１－２２", "緯度": 40.626627, "経度": 140.454756, "url": "https://www.iryou.teikyouseido.mhlw.go.jp/znk-web/juminkanja/S2430/initialize?prefCd=02&kikanCd=0250000198&kikanKbn=nan", "url2": "http://www.apple-chemist.com/", "内容": "アップル調剤薬局0青森県弘前市石渡１丁目１－２２" }, "geometry": { "type": "Point", "coordinates": [ 140.454756, 40.626627 ] } },
{ "type": "Feature", "properties": { "ID": 250250000201, "正式名称": "緑の森薬局　城西", "機関区分": 5, "都道府県コード": 2, "市区町村コード": 202, "所在地": "青森県弘前市南城西二丁目１２番地１４", "緯度": 40.601852, "経度": 140.456257, "url": "https://www.iryou.teikyouseido.mhlw.go.jp/znk-web/juminkanja/S2430/initialize?prefCd=02&kikanCd=0250000201&kikanKbn=nan", "url2": "https://green-forest.com/", "内容": "緑の森薬局　城西0青森県弘前市南城西二丁目１２番地１４" }, "geometry": { "type": "Point", "coordinates": [ 140.456257, 40.601852 ] } },
{ "type": "Feature", "properties": { "ID": 250250000202, "正式名称": "弘大弘仁会薬局", "機関区分": 5, "都道府県コード": 2, "市区町村コード": 202, "所在地": "青森県弘前市本町５６番地７", "緯度": 40.600914, "経度": 140.46717, "url": "https://www.iryou.teikyouseido.mhlw.go.jp/znk-web/juminkanja/S2430/initialize?prefCd=02&kikanCd=0250000202&kikanKbn=nan", "url2": "http://www.hirosaki-koujinkai.or.jp/", "内容": "弘大弘仁会薬局0青森県弘前市本町５６番地７" }, "geometry": { "type": "Point", "coordinates": [ 140.46717, 40.600914 ] } },
{ "type": "Feature", "properties": { "ID": 250250000204, "正式名称": "ひまわり薬局　城東店", "機関区分": 5, "都道府県コード": 2, "市区町村コード": 202, "所在地": "青森県弘前市福村新舘添１１", "緯度": 40.603991, "経度": 140.517252, "url": "https://www.iryou.teikyouseido.mhlw.go.jp/znk-web/juminkanja/S2430/initialize?prefCd=02&kikanCd=0250000204&kikanKbn=nan", "url2": "http://www.mik-group.co.jp", "内容": "ひまわり薬局　城東店0青森県弘前市福村新舘添１１" }, "geometry": { "type": "Point", "coordinates": [ 140.517252, 40.603991 ] } },
{ "type": "Feature", "properties": { "ID": 250250000205, "正式名称": "あおぞら薬局　南城西店", "機関区分": 5, "都道府県コード": 2, "市区町村コード": 202, "所在地": "青森県弘前市南城西二丁目５番１５", "緯度": 40.601796, "経度": 140.453451, "url": "https://www.iryou.teikyouseido.mhlw.go.jp/znk-web/juminkanja/S2430/initialize?prefCd=02&kikanCd=0250000205&kikanKbn=nan", "url2": "https://aozorapharmacy.info", "内容": "あおぞら薬局　南城西店0青森県弘前市南城西二丁目５番１５" }, "geometry": { "type": "Point", "coordinates": [ 140.453451, 40.601796 ] } },
{ "type": "Feature", "properties": { "ID": 250250000206, "正式名称": "弘前駅前調剤薬局", "機関区分": 5, "都道府県コード": 2, "市区町村コード": 202, "所在地": "青森県弘前市駅前三丁目３番地７", "緯度": 40.599352, "経度": 140.479894, "url": "https://www.iryou.teikyouseido.mhlw.go.jp/znk-web/juminkanja/S2430/initialize?prefCd=02&kikanCd=0250000206&kikanKbn=nan", "url2": "http://www.hiro-eki.com/seinenbu/chozai.html", "内容": "弘前駅前調剤薬局0青森県弘前市駅前三丁目３番地７" }, "geometry": { "type": "Point", "coordinates": [ 140.479894, 40.599352 ] } },
{ "type": "Feature", "properties": { "ID": 250250000207, "正式名称": "ＡＢＣ薬局", "機関区分": 5, "都道府県コード": 2, "市区町村コード": 202, "所在地": "青森県弘前市青山３丁目８－４", "緯度": 40.622489, "経度": 140.480282, "url": "https://www.iryou.teikyouseido.mhlw.go.jp/znk-web/juminkanja/S2430/initialize?prefCd=02&kikanCd=0250000207&kikanKbn=nan", "url2": null, "内容": "ＡＢＣ薬局0青森県弘前市青山３丁目８－４" }, "geometry": { "type": "Point", "coordinates": [ 140.480282, 40.622489 ] } },
{ "type": "Feature", "properties": { "ID": 250250000208, "正式名称": "調剤薬局　ツルハドラッグ　黒石店", "機関区分": 5, "都道府県コード": 2, "市区町村コード": 204, "所在地": "青森県黒石市錦町８－６", "緯度": 40.646099, "経度": 140.601854, "url": "https://www.iryou.teikyouseido.mhlw.go.jp/znk-web/juminkanja/S2430/initialize?prefCd=02&kikanCd=0250000208&kikanKbn=nan", "url2": "http://www.tsuruha.co.jp/", "内容": "調剤薬局　ツルハドラッグ　黒石店0青森県黒石市錦町８－６" }, "geometry": { "type": "Point", "coordinates": [ 140.601854, 40.646099 ] } },
{ "type": "Feature", "properties": { "ID": 250250000216, "正式名称": "アップル調剤薬局　岩木", "機関区分": 5, "都道府県コード": 2, "市区町村コード": 202, "所在地": "青森県弘前市賀田一丁目３－１６", "緯度": 40.617738, "経度": 140.420203, "url": "https://www.iryou.teikyouseido.mhlw.go.jp/znk-web/juminkanja/S2430/initialize?prefCd=02&kikanCd=0250000216&kikanKbn=nan", "url2": "http://www.apple-chemist.com/", "内容": "アップル調剤薬局　岩木0青森県弘前市賀田一丁目３－１６" }, "geometry": { "type": "Point", "coordinates": [ 140.420203, 40.617738 ] } },
{ "type": "Feature", "properties": { "ID": 250250000217, "正式名称": "さいとう調剤薬局　北園店", "機関区分": 5, "都道府県コード": 2, "市区町村コード": 202, "所在地": "青森県弘前市取上２丁目８－５０", "緯度": 40.583632, "経度": 140.481977, "url": "https://www.iryou.teikyouseido.mhlw.go.jp/znk-web/juminkanja/S2430/initialize?prefCd=02&kikanCd=0250000217&kikanKbn=nan", "url2": null, "内容": "さいとう調剤薬局　北園店0青森県弘前市取上２丁目８－５０" }, "geometry": { "type": "Point", "coordinates": [ 140.481977, 40.583632 ] } },
{ "type": "Feature", "properties": { "ID": 250250000219, "正式名称": "サカエ薬局弘前栄町", "機関区分": 5, "都道府県コード": 2, "市区町村コード": 202, "所在地": "青森県弘前市栄町１－２－１５", "緯度": 40.61585, "経度": 140.466783, "url": "https://www.iryou.teikyouseido.mhlw.go.jp/znk-web/juminkanja/S2430/initialize?prefCd=02&kikanCd=0250000219&kikanKbn=nan", "url2": "http://www.e-classa.net/sakae_hsakaemachi/index.html", "内容": "サカエ薬局弘前栄町0青森県弘前市栄町１－２－１５" }, "geometry": { "type": "Point", "coordinates": [ 140.466783, 40.61585 ] } },
{ "type": "Feature", "properties": { "ID": 250250000220, "正式名称": "サカエ薬局中央", "機関区分": 5, "都道府県コード": 2, "市区町村コード": 202, "所在地": "青森県弘前市新鍛冶町２４", "緯度": 40.600963, "経度": 140.471255, "url": "https://www.iryou.teikyouseido.mhlw.go.jp/znk-web/juminkanja/S2430/initialize?prefCd=02&kikanCd=0250000220&kikanKbn=nan", "url2": "http://www.e-classa.net/sakae_chuou/index.html", "内容": "サカエ薬局中央0青森県弘前市新鍛冶町２４" }, "geometry": { "type": "Point", "coordinates": [ 140.471255, 40.600963 ] } },
{ "type": "Feature", "properties": { "ID": 250250000221, "正式名称": "有限会社　七福薬局", "機関区分": 5, "都道府県コード": 2, "市区町村コード": 202, "所在地": "青森県弘前市富田３丁目１１－２０", "緯度": 40.591353, "経度": 140.474367, "url": "https://www.iryou.teikyouseido.mhlw.go.jp/znk-web/juminkanja/S2430/initialize?prefCd=02&kikanCd=0250000221&kikanKbn=nan", "url2": "http://www.meron-net.jp/shichifuku/prv", "内容": "有限会社　七福薬局0青森県弘前市富田３丁目１１－２０" }, "geometry": { "type": "Point", "coordinates": [ 140.474367, 40.591353 ] } },
{ "type": "Feature", "properties": { "ID": 250250000226, "正式名称": "株式会社　弘前市薬剤師薬局", "機関区分": 5, "都道府県コード": 2, "市区町村コード": 202, "所在地": "青森県弘前市富田３丁目１４－１", "緯度": 40.590992, "経度": 140.474339, "url": "https://www.iryou.teikyouseido.mhlw.go.jp/znk-web/juminkanja/S2430/initialize?prefCd=02&kikanCd=0250000226&kikanKbn=nan", "url2": "https://hiroyaku.net/", "内容": "株式会社　弘前市薬剤師薬局0青森県弘前市富田３丁目１４－１" }, "geometry": { "type": "Point", "coordinates": [ 140.474339, 40.590992 ] } },
{ "type": "Feature", "properties": { "ID": 250250000228, "正式名称": "大町薬局", "機関区分": 5, "都道府県コード": 2, "市区町村コード": 202, "所在地": "青森県弘前市大字駅前町８番地１", "緯度": 40.597742, "経度": 140.482477, "url": "https://www.iryou.teikyouseido.mhlw.go.jp/znk-web/juminkanja/S2430/initialize?prefCd=02&kikanCd=0250000228&kikanKbn=nan", "url2": null, "内容": "大町薬局0青森県弘前市大字駅前町８番地１" }, "geometry": { "type": "Point", "coordinates": [ 140.482477, 40.597742 ] } },
{ "type": "Feature", "properties": { "ID": 250250000229, "正式名称": "藤代薬局", "機関区分": 5, "都道府県コード": 2, "市区町村コード": 202, "所在地": "青森県弘前市藤代２丁目１３番地１", "緯度": 40.614739, "経度": 140.452506, "url": "https://www.iryou.teikyouseido.mhlw.go.jp/znk-web/juminkanja/S2430/initialize?prefCd=02&kikanCd=0250000229&kikanKbn=nan", "url2": "https://pharmaizm.co.jp/", "内容": "藤代薬局0青森県弘前市藤代２丁目１３番地１" }, "geometry": { "type": "Point", "coordinates": [ 140.452506, 40.614739 ] } },
{ "type": "Feature", "properties": { "ID": 250250000231, "正式名称": "クローバー調剤薬局　ときわ店", "機関区分": 5, "都道府県コード": 2, "市区町村コード": 361, "所在地": "青森県南津軽郡藤崎町常盤富田２１－２５", "緯度": 40.672263, "経度": 140.547524, "url": "https://www.iryou.teikyouseido.mhlw.go.jp/znk-web/juminkanja/S2430/initialize?prefCd=02&kikanCd=0250000231&kikanKbn=nan", "url2": "https://e-classa.net/clover3110/group.html", "内容": "クローバー調剤薬局　ときわ店0青森県南津軽郡藤崎町常盤富田２１－２５" }, "geometry": { "type": "Point", "coordinates": [ 140.547524, 40.672263 ] } },
{ "type": "Feature", "properties": { "ID": 250250000234, "正式名称": "磯木薬局　東店", "機関区分": 5, "都道府県コード": 2, "市区町村コード": 202, "所在地": "青森県弘前市城東４丁目６－２２", "緯度": 40.594575, "経度": 140.492448, "url": "https://www.iryou.teikyouseido.mhlw.go.jp/znk-web/juminkanja/S2430/initialize?prefCd=02&kikanCd=0250000234&kikanKbn=nan", "url2": null, "内容": "磯木薬局　東店0青森県弘前市城東４丁目６－２２" }, "geometry": { "type": "Point", "coordinates": [ 140.492448, 40.594575 ] } },
{ "type": "Feature", "properties": { "ID": 250250000235, "正式名称": "黒石薬局", "機関区分": 5, "都道府県コード": 2, "市区町村コード": 204, "所在地": "青森県黒石市ちとせ３丁目３", "緯度": 40.637072, "経度": 140.599632, "url": "https://www.iryou.teikyouseido.mhlw.go.jp/znk-web/juminkanja/S2430/initialize?prefCd=02&kikanCd=0250000235&kikanKbn=nan", "url2": "http://www.pharmaizm.com/", "内容": "黒石薬局0青森県黒石市ちとせ３丁目３" }, "geometry": { "type": "Point", "coordinates": [ 140.599632, 40.637072 ] } },
{ "type": "Feature", "properties": { "ID": 250250000236, "正式名称": "テルス石渡薬局", "機関区分": 5, "都道府県コード": 2, "市区町村コード": 202, "所在地": "青森県弘前市石渡３－１３－３２", "緯度": 40.628404, "経度": 140.457449, "url": "https://www.iryou.teikyouseido.mhlw.go.jp/znk-web/juminkanja/S2430/initialize?prefCd=02&kikanCd=0250000236&kikanKbn=nan", "url2": "http://www.e-classa.net/tellus_ishiwatari/index.html", "内容": "テルス石渡薬局0青森県弘前市石渡３－１３－３２" }, "geometry": { "type": "Point", "coordinates": [ 140.457449, 40.628404 ] } },
{ "type": "Feature", "properties": { "ID": 250250000238, "正式名称": "メディカルサポート調剤薬局", "機関区分": 5, "都道府県コード": 2, "市区町村コード": 202, "所在地": "青森県弘前市百石町３７－４", "緯度": 40.604963, "経度": 140.472505, "url": "https://www.iryou.teikyouseido.mhlw.go.jp/znk-web/juminkanja/S2430/initialize?prefCd=02&kikanCd=0250000238&kikanKbn=nan", "url2": null, "内容": "メディカルサポート調剤薬局0青森県弘前市百石町３７－４" }, "geometry": { "type": "Point", "coordinates": [ 140.472505, 40.604963 ] } },
{ "type": "Feature", "properties": { "ID": 250250000244, "正式名称": "さいとう調剤薬局　本町店", "機関区分": 5, "都道府県コード": 2, "市区町村コード": 202, "所在地": "青森県弘前市本町５６－１０", "緯度": 40.601046, "経度": 140.466756, "url": "https://www.iryou.teikyouseido.mhlw.go.jp/znk-web/juminkanja/S2430/initialize?prefCd=02&kikanCd=0250000244&kikanKbn=nan", "url2": "http://saitou-honchou.meron-net.jp/", "内容": "さいとう調剤薬局　本町店0青森県弘前市本町５６－１０" }, "geometry": { "type": "Point", "coordinates": [ 140.466756, 40.601046 ] } },
{ "type": "Feature", "properties": { "ID": 250250000247, "正式名称": "サカエ薬局藤崎", "機関区分": 5, "都道府県コード": 2, "市区町村コード": 361, "所在地": "青森県南津軽郡藤崎町藤崎武元１３", "緯度": 40.658151, "経度": 140.481196, "url": "https://www.iryou.teikyouseido.mhlw.go.jp/znk-web/juminkanja/S2430/initialize?prefCd=02&kikanCd=0250000247&kikanKbn=nan", "url2": "http://www.e-classa.net/sakae_fujisaki/index.html", "内容": "サカエ薬局藤崎0青森県南津軽郡藤崎町藤崎武元１３" }, "geometry": { "type": "Point", "coordinates": [ 140.481196, 40.658151 ] } },
{ "type": "Feature", "properties": { "ID": 250250000251, "正式名称": "ルック調剤薬局", "機関区分": 5, "都道府県コード": 2, "市区町村コード": 202, "所在地": "青森県弘前市三岳町３－１", "緯度": 40.578965, "経度": 140.4762, "url": "https://www.iryou.teikyouseido.mhlw.go.jp/znk-web/juminkanja/S2430/initialize?prefCd=02&kikanCd=0250000251&kikanKbn=nan", "url2": "http://www.apple-chemist.com/", "内容": "ルック調剤薬局0青森県弘前市三岳町３－１" }, "geometry": { "type": "Point", "coordinates": [ 140.4762, 40.578965 ] } },
{ "type": "Feature", "properties": { "ID": 250250000252, "正式名称": "サカエ薬局笹森", "機関区分": 5, "都道府県コード": 2, "市区町村コード": 202, "所在地": "青森県弘前市笹森町３７－２－１", "緯度": 40.607712, "経度": 140.472422, "url": "https://www.iryou.teikyouseido.mhlw.go.jp/znk-web/juminkanja/S2430/initialize?prefCd=02&kikanCd=0250000252&kikanKbn=nan", "url2": "http://www.e-classa.net/sakae_sasamori/index.html", "内容": "サカエ薬局笹森0青森県弘前市笹森町３７－２－１" }, "geometry": { "type": "Point", "coordinates": [ 140.472422, 40.607712 ] } },
{ "type": "Feature", "properties": { "ID": 250250000256, "正式名称": "厚生薬局", "機関区分": 5, "都道府県コード": 2, "市区町村コード": 204, "所在地": "青森県黒石市黒石建石３７－４", "緯度": 40.656015, "経度": 140.577077, "url": "https://www.iryou.teikyouseido.mhlw.go.jp/znk-web/juminkanja/S2430/initialize?prefCd=02&kikanCd=0250000256&kikanKbn=nan", "url2": null, "内容": "厚生薬局0青森県黒石市黒石建石３７－４" }, "geometry": { "type": "Point", "coordinates": [ 140.577077, 40.656015 ] } },
{ "type": "Feature", "properties": { "ID": 250250000259, "正式名称": "緑の森薬局　城東", "機関区分": 5, "都道府県コード": 2, "市区町村コード": 202, "所在地": "青森県弘前市城東二丁目１番地１", "緯度": 40.598742, "経度": 140.48981, "url": "https://www.iryou.teikyouseido.mhlw.go.jp/znk-web/juminkanja/S2430/initialize?prefCd=02&kikanCd=0250000259&kikanKbn=nan", "url2": "https://green-forest.com/", "内容": "緑の森薬局　城東0青森県弘前市城東二丁目１番地１" }, "geometry": { "type": "Point", "coordinates": [ 140.48981, 40.598742 ] } },
{ "type": "Feature", "properties": { "ID": 250250000261, "正式名称": "やぎはし調剤薬局", "機関区分": 5, "都道府県コード": 2, "市区町村コード": 202, "所在地": "青森県弘前市東長町５９", "緯度": 40.60674, "経度": 140.473783, "url": "https://www.iryou.teikyouseido.mhlw.go.jp/znk-web/juminkanja/S2430/initialize?prefCd=02&kikanCd=0250000261&kikanKbn=nan", "url2": null, "内容": "やぎはし調剤薬局0青森県弘前市東長町５９" }, "geometry": { "type": "Point", "coordinates": [ 140.473783, 40.60674 ] } },
{ "type": "Feature", "properties": { "ID": 250250000262, "正式名称": "こずえ薬局　若葉店", "機関区分": 5, "都道府県コード": 2, "市区町村コード": 202, "所在地": "青森県弘前市若葉２丁目７－１６", "緯度": 40.580354, "経度": 140.448897, "url": "https://www.iryou.teikyouseido.mhlw.go.jp/znk-web/juminkanja/S2430/initialize?prefCd=02&kikanCd=0250000262&kikanKbn=nan", "url2": null, "内容": "こずえ薬局　若葉店0青森県弘前市若葉２丁目７－１６" }, "geometry": { "type": "Point", "coordinates": [ 140.448897, 40.580354 ] } },
{ "type": "Feature", "properties": { "ID": 250250000263, "正式名称": "あおぞら薬局", "機関区分": 5, "都道府県コード": 2, "市区町村コード": 202, "所在地": "青森県弘前市早稲田２丁目８番地８", "緯度": 40.603769, "経度": 140.509752, "url": "https://www.iryou.teikyouseido.mhlw.go.jp/znk-web/juminkanja/S2430/initialize?prefCd=02&kikanCd=0250000263&kikanKbn=nan", "url2": "https://aozorapharmacy.info/", "内容": "あおぞら薬局0青森県弘前市早稲田２丁目８番地８" }, "geometry": { "type": "Point", "coordinates": [ 140.509752, 40.603769 ] } },
{ "type": "Feature", "properties": { "ID": 250250000266, "正式名称": "さいとう調剤薬局　松原店", "機関区分": 5, "都道府県コード": 2, "市区町村コード": 202, "所在地": "青森県弘前市松原西二丁目２番地１", "緯度": 40.571605, "経度": 140.479089, "url": "https://www.iryou.teikyouseido.mhlw.go.jp/znk-web/juminkanja/S2430/initialize?prefCd=02&kikanCd=0250000266&kikanKbn=nan", "url2": null, "内容": "さいとう調剤薬局　松原店0青森県弘前市松原西二丁目２番地１" }, "geometry": { "type": "Point", "coordinates": [ 140.479089, 40.571605 ] } },
{ "type": "Feature", "properties": { "ID": 250250000268, "正式名称": "日本調剤　弘前薬局", "機関区分": 5, "都道府県コード": 2, "市区町村コード": 202, "所在地": "青森県弘前市本町５２", "緯度": 40.601157, "経度": 140.466367, "url": "https://www.iryou.teikyouseido.mhlw.go.jp/znk-web/juminkanja/S2430/initialize?prefCd=02&kikanCd=0250000268&kikanKbn=nan", "url2": "http://www.nicho.co.jp/tenpo/hirosaki/", "内容": "日本調剤　弘前薬局0青森県弘前市本町５２" }, "geometry": { "type": "Point", "coordinates": [ 140.466367, 40.601157 ] } },
{ "type": "Feature", "properties": { "ID": 250250000269, "正式名称": "すずらん調剤薬局", "機関区分": 5, "都道府県コード": 2, "市区町村コード": 362, "所在地": "青森県南津軽郡大鰐町大鰐大鰐１０５－１１", "緯度": 40.514724, "経度": 140.57664, "url": "https://www.iryou.teikyouseido.mhlw.go.jp/znk-web/juminkanja/S2430/initialize?prefCd=02&kikanCd=0250000269&kikanKbn=nan", "url2": "https://katumi530.wixsite.com/pharmacy", "内容": "すずらん調剤薬局0青森県南津軽郡大鰐町大鰐大鰐１０５－１１" }, "geometry": { "type": "Point", "coordinates": [ 140.57664, 40.514724 ] } },
{ "type": "Feature", "properties": { "ID": 250250000271, "正式名称": "マエダ調剤薬局　大鰐店", "機関区分": 5, "都道府県コード": 2, "市区町村コード": 362, "所在地": "青森県南津軽郡大鰐町蔵館山下２－１７", "緯度": 40.521001, "経度": 140.580722, "url": "https://www.iryou.teikyouseido.mhlw.go.jp/znk-web/juminkanja/S2430/initialize?prefCd=02&kikanCd=0250000271&kikanKbn=nan", "url2": "https://www.maeda-ph.jp/", "内容": "マエダ調剤薬局　大鰐店0青森県南津軽郡大鰐町蔵館山下２－１７" }, "geometry": { "type": "Point", "coordinates": [ 140.580722, 40.521001 ] } },
{ "type": "Feature", "properties": { "ID": 250250000272, "正式名称": "ファイン調剤薬局　蔵館店", "機関区分": 5, "都道府県コード": 2, "市区町村コード": 362, "所在地": "青森県南津軽郡大鰐町蔵館道添１１番１", "緯度": 40.520224, "経度": 140.582167, "url": "https://www.iryou.teikyouseido.mhlw.go.jp/znk-web/juminkanja/S2430/initialize?prefCd=02&kikanCd=0250000272&kikanKbn=nan", "url2": null, "内容": "ファイン調剤薬局　蔵館店0青森県南津軽郡大鰐町蔵館道添１１番１" }, "geometry": { "type": "Point", "coordinates": [ 140.582167, 40.520224 ] } },
{ "type": "Feature", "properties": { "ID": 250250000276, "正式名称": "ミツワ薬局　田町店", "機関区分": 5, "都道府県コード": 2, "市区町村コード": 202, "所在地": "青森県弘前市田町５丁目６番地８", "緯度": 40.614656, "経度": 140.482337, "url": "https://www.iryou.teikyouseido.mhlw.go.jp/znk-web/juminkanja/S2430/initialize?prefCd=02&kikanCd=0250000276&kikanKbn=nan", "url2": "http://www.mitsuwa-group.co.jp/", "内容": "ミツワ薬局　田町店0青森県弘前市田町５丁目６番地８" }, "geometry": { "type": "Point", "coordinates": [ 140.482337, 40.614656 ] } },
{ "type": "Feature", "properties": { "ID": 250250000278, "正式名称": "クローバー調剤薬局　弘前店", "機関区分": 5, "都道府県コード": 2, "市区町村コード": 202, "所在地": "青森県弘前市泉野１丁目５－７", "緯度": 40.57591, "経度": 140.490949, "url": "https://www.iryou.teikyouseido.mhlw.go.jp/znk-web/juminkanja/S2430/initialize?prefCd=02&kikanCd=0250000278&kikanKbn=nan", "url2": "http://www.e-classa.net/clover3110/group.html", "内容": "クローバー調剤薬局　弘前店0青森県弘前市泉野１丁目５－７" }, "geometry": { "type": "Point", "coordinates": [ 140.490949, 40.57591 ] } },
{ "type": "Feature", "properties": { "ID": 250250000279, "正式名称": "さいとう調剤薬局　大町店", "機関区分": 5, "都道府県コード": 2, "市区町村コード": 202, "所在地": "青森県弘前市大町１丁目１４番５", "緯度": 40.596297, "経度": 140.482199, "url": "https://www.iryou.teikyouseido.mhlw.go.jp/znk-web/juminkanja/S2430/initialize?prefCd=02&kikanCd=0250000279&kikanKbn=nan", "url2": null, "内容": "さいとう調剤薬局　大町店0青森県弘前市大町１丁目１４番５" }, "geometry": { "type": "Point", "coordinates": [ 140.482199, 40.596297 ] } },
{ "type": "Feature", "properties": { "ID": 250250000281, "正式名称": "あおば薬局", "機関区分": 5, "都道府県コード": 2, "市区町村コード": 202, "所在地": "青森県弘前市神田２丁目６－２７　１Ｆ", "緯度": 40.618017, "経度": 140.484643, "url": "https://www.iryou.teikyouseido.mhlw.go.jp/znk-web/juminkanja/S2430/initialize?prefCd=02&kikanCd=0250000281&kikanKbn=nan", "url2": null, "内容": "あおば薬局0青森県弘前市神田２丁目６－２７　１Ｆ" }, "geometry": { "type": "Point", "coordinates": [ 140.484643, 40.618017 ] } },
{ "type": "Feature", "properties": { "ID": 250250000282, "正式名称": "弘前市薬剤師薬局　津軽", "機関区分": 5, "都道府県コード": 2, "市区町村コード": 202, "所在地": "青森県弘前市大町３丁目１０の５", "緯度": 40.59702, "経度": 140.479422, "url": "https://www.iryou.teikyouseido.mhlw.go.jp/znk-web/juminkanja/S2430/initialize?prefCd=02&kikanCd=0250000282&kikanKbn=nan", "url2": "https://hiroyaku.net/", "内容": "弘前市薬剤師薬局　津軽0青森県弘前市大町３丁目１０の５" }, "geometry": { "type": "Point", "coordinates": [ 140.479422, 40.59702 ] } },
{ "type": "Feature", "properties": { "ID": 250250000289, "正式名称": "あい薬局　市民病院前", "機関区分": 5, "都道府県コード": 2, "市区町村コード": 203, "所在地": "青森県八戸市田向二丁目７番１０号", "緯度": 40.493021, "経度": 141.510368, "url": "https://www.iryou.teikyouseido.mhlw.go.jp/znk-web/juminkanja/S2430/initialize?prefCd=02&kikanCd=0250000289&kikanKbn=nan", "url2": "http://www.mik-group.co.jp", "内容": "あい薬局　市民病院前0青森県八戸市田向二丁目７番１０号" }, "geometry": { "type": "Point", "coordinates": [ 141.510368, 40.493021 ] } },
{ "type": "Feature", "properties": { "ID": 250250000290, "正式名称": "あい薬局　田面木店", "機関区分": 5, "都道府県コード": 2, "市区町村コード": 203, "所在地": "青森県八戸市田面木堤下９－１", "緯度": 40.500213, "経度": 141.446457, "url": "https://www.iryou.teikyouseido.mhlw.go.jp/znk-web/juminkanja/S2430/initialize?prefCd=02&kikanCd=0250000290&kikanKbn=nan", "url2": "http://www.mik-group.co.jp", "内容": "あい薬局　田面木店0青森県八戸市田面木堤下９－１" }, "geometry": { "type": "Point", "coordinates": [ 141.446457, 40.500213 ] } },
{ "type": "Feature", "properties": { "ID": 250250000292, "正式名称": "あおぞら薬局", "機関区分": 5, "都道府県コード": 2, "市区町村コード": 203, "所在地": "青森県八戸市白銀町浜崖７番６０", "緯度": 40.520823, "経度": 141.53656, "url": "https://www.iryou.teikyouseido.mhlw.go.jp/znk-web/juminkanja/S2430/initialize?prefCd=02&kikanCd=0250000292&kikanKbn=nan", "url2": null, "内容": "あおぞら薬局0青森県八戸市白銀町浜崖７番６０" }, "geometry": { "type": "Point", "coordinates": [ 141.53656, 40.520823 ] } },
{ "type": "Feature", "properties": { "ID": 250250000295, "正式名称": "あけぼの薬局　八戸店", "機関区分": 5, "都道府県コード": 2, "市区町村コード": 203, "所在地": "青森県八戸市南類家一丁目１６番７号", "緯度": 40.503991, "経度": 141.503368, "url": "https://www.iryou.teikyouseido.mhlw.go.jp/znk-web/juminkanja/S2430/initialize?prefCd=02&kikanCd=0250000295&kikanKbn=nan", "url2": "http://www.akebono899.or.jp/", "内容": "あけぼの薬局　八戸店0青森県八戸市南類家一丁目１６番７号" }, "geometry": { "type": "Point", "coordinates": [ 141.503368, 40.503991 ] } },
{ "type": "Feature", "properties": { "ID": 250250000297, "正式名称": "あすなろ薬局", "機関区分": 5, "都道府県コード": 2, "市区町村コード": 203, "所在地": "青森県八戸市青葉２丁目２０－３２", "緯度": 40.514073, "経度": 141.515062, "url": "https://www.iryou.teikyouseido.mhlw.go.jp/znk-web/juminkanja/S2430/initialize?prefCd=02&kikanCd=0250000297&kikanKbn=nan", "url2": null, "内容": "あすなろ薬局0青森県八戸市青葉２丁目２０－３２" }, "geometry": { "type": "Point", "coordinates": [ 141.515062, 40.514073 ] } },
{ "type": "Feature", "properties": { "ID": 250250000299, "正式名称": "いちい薬局", "機関区分": 5, "都道府県コード": 2, "市区町村コード": 203, "所在地": "青森県八戸市柏崎六丁目２９番４号", "緯度": 40.515851, "経度": 141.506367, "url": "https://www.iryou.teikyouseido.mhlw.go.jp/znk-web/juminkanja/S2430/initialize?prefCd=02&kikanCd=0250000299&kikanKbn=nan", "url2": null, "内容": "いちい薬局0青森県八戸市柏崎六丁目２９番４号" }, "geometry": { "type": "Point", "coordinates": [ 141.506367, 40.515851 ] } },
{ "type": "Feature", "properties": { "ID": 250250000301, "正式名称": "一真堂薬局　売市店", "機関区分": 5, "都道府県コード": 2, "市区町村コード": 203, "所在地": "青森県八戸市売市３丁目１番３０号", "緯度": 40.510907, "経度": 141.472926, "url": "https://www.iryou.teikyouseido.mhlw.go.jp/znk-web/juminkanja/S2430/initialize?prefCd=02&kikanCd=0250000301&kikanKbn=nan", "url2": "http://www.meron-net.jp/issindo/", "内容": "一真堂薬局　売市店0青森県八戸市売市３丁目１番３０号" }, "geometry": { "type": "Point", "coordinates": [ 141.472926, 40.510907 ] } },
{ "type": "Feature", "properties": { "ID": 250250000303, "正式名称": "いろは薬局", "機関区分": 5, "都道府県コード": 2, "市区町村コード": 203, "所在地": "青森県八戸市新井田西２丁目７－１４", "緯度": 40.501909, "経度": 141.518367, "url": "https://www.iryou.teikyouseido.mhlw.go.jp/znk-web/juminkanja/S2430/initialize?prefCd=02&kikanCd=0250000303&kikanKbn=nan", "url2": "https://iroha-pharmacy.com/", "内容": "いろは薬局0青森県八戸市新井田西２丁目７－１４" }, "geometry": { "type": "Point", "coordinates": [ 141.518367, 40.501909 ] } },
{ "type": "Feature", "properties": { "ID": 250250000304, "正式名称": "岩舘薬局", "機関区分": 5, "都道府県コード": 2, "市区町村コード": 203, "所在地": "青森県八戸市中居林平５番地", "緯度": 40.489243, "経度": 141.501981, "url": "https://www.iryou.teikyouseido.mhlw.go.jp/znk-web/juminkanja/S2430/initialize?prefCd=02&kikanCd=0250000304&kikanKbn=nan", "url2": null, "内容": "岩舘薬局0青森県八戸市中居林平５番地" }, "geometry": { "type": "Point", "coordinates": [ 141.501981, 40.489243 ] } },
{ "type": "Feature", "properties": { "ID": 250250000305, "正式名称": "内丸薬局", "機関区分": 5, "都道府県コード": 2, "市区町村コード": 203, "所在地": "青森県八戸市内丸一丁目２－２５", "緯度": 40.513212, "経度": 141.489536, "url": "https://www.iryou.teikyouseido.mhlw.go.jp/znk-web/juminkanja/S2430/initialize?prefCd=02&kikanCd=0250000305&kikanKbn=nan", "url2": null, "内容": "内丸薬局0青森県八戸市内丸一丁目２－２５" }, "geometry": { "type": "Point", "coordinates": [ 141.489536, 40.513212 ] } },
{ "type": "Feature", "properties": { "ID": 250250000306, "正式名称": "うみねこ薬局", "機関区分": 5, "都道府県コード": 2, "市区町村コード": 203, "所在地": "青森県八戸市柏崎四丁目１５番３９号", "緯度": 40.514268, "経度": 141.500646, "url": "https://www.iryou.teikyouseido.mhlw.go.jp/znk-web/juminkanja/S2430/initialize?prefCd=02&kikanCd=0250000306&kikanKbn=nan", "url2": null, "内容": "うみねこ薬局0青森県八戸市柏崎四丁目１５番３９号" }, "geometry": { "type": "Point", "coordinates": [ 141.500646, 40.514268 ] } },
{ "type": "Feature", "properties": { "ID": 250250000308, "正式名称": "エンゼル薬局", "機関区分": 5, "都道府県コード": 2, "市区町村コード": 203, "所在地": "青森県八戸市本徒士町９－１０", "緯度": 40.508797, "経度": 141.486619, "url": "https://www.iryou.teikyouseido.mhlw.go.jp/znk-web/juminkanja/S2430/initialize?prefCd=02&kikanCd=0250000308&kikanKbn=nan", "url2": "https://www.angel-yaku.co.jp/", "内容": "エンゼル薬局0青森県八戸市本徒士町９－１０" }, "geometry": { "type": "Point", "coordinates": [ 141.486619, 40.508797 ] } },
{ "type": "Feature", "properties": { "ID": 250250000310, "正式名称": "大嶋薬局", "機関区分": 5, "都道府県コード": 2, "市区町村コード": 203, "所在地": "青森県八戸市一番町一丁目２ー２７", "緯度": 40.508546, "経度": 141.433263, "url": "https://www.iryou.teikyouseido.mhlw.go.jp/znk-web/juminkanja/S2430/initialize?prefCd=02&kikanCd=0250000310&kikanKbn=nan", "url2": null, "内容": "大嶋薬局0青森県八戸市一番町一丁目２ー２７" }, "geometry": { "type": "Point", "coordinates": [ 141.433263, 40.508546 ] } },
{ "type": "Feature", "properties": { "ID": 250250000314, "正式名称": "有限会社　柏崎調剤薬局", "機関区分": 5, "都道府県コード": 2, "市区町村コード": 203, "所在地": "青森県八戸市柏崎１丁目８－３２", "緯度": 40.512796, "経度": 141.495092, "url": "https://www.iryou.teikyouseido.mhlw.go.jp/znk-web/juminkanja/S2430/initialize?prefCd=02&kikanCd=0250000314&kikanKbn=nan", "url2": null, "内容": "有限会社　柏崎調剤薬局0青森県八戸市柏崎１丁目８－３２" }, "geometry": { "type": "Point", "coordinates": [ 141.495092, 40.512796 ] } },
{ "type": "Feature", "properties": { "ID": 250250000315, "正式名称": "川村薬局", "機関区分": 5, "都道府県コード": 2, "市区町村コード": 203, "所在地": "青森県八戸市一番町一丁目１－２", "緯度": 40.507129, "経度": 141.431847, "url": "https://www.iryou.teikyouseido.mhlw.go.jp/znk-web/juminkanja/S2430/initialize?prefCd=02&kikanCd=0250000315&kikanKbn=nan", "url2": "https://kawamura-ph.com/", "内容": "川村薬局0青森県八戸市一番町一丁目１－２" }, "geometry": { "type": "Point", "coordinates": [ 141.431847, 40.507129 ] } },
{ "type": "Feature", "properties": { "ID": 250250000317, "正式名称": "くるみ薬局", "機関区分": 5, "都道府県コード": 2, "市区町村コード": 203, "所在地": "青森県八戸市新井田西三丁目１５－１８", "緯度": 40.496575, "経度": 141.51759, "url": "https://www.iryou.teikyouseido.mhlw.go.jp/znk-web/juminkanja/S2430/initialize?prefCd=02&kikanCd=0250000317&kikanKbn=nan", "url2": null, "内容": "くるみ薬局0青森県八戸市新井田西三丁目１５－１８" }, "geometry": { "type": "Point", "coordinates": [ 141.51759, 40.496575 ] } },
{ "type": "Feature", "properties": { "ID": 250250000320, "正式名称": "有限会社こいけ薬局", "機関区分": 5, "都道府県コード": 2, "市区町村コード": 203, "所在地": "青森県八戸市小中野２丁目９－１７", "緯度": 40.514129, "経度": 141.510395, "url": "https://www.iryou.teikyouseido.mhlw.go.jp/znk-web/juminkanja/S2430/initialize?prefCd=02&kikanCd=0250000320&kikanKbn=nan", "url2": "koike-ph.sfsite.me", "内容": "有限会社こいけ薬局0青森県八戸市小中野２丁目９－１７" }, "geometry": { "type": "Point", "coordinates": [ 141.510395, 40.514129 ] } },
{ "type": "Feature", "properties": { "ID": 250250000321, "正式名称": "有限会社　こいけ薬局　根城店", "機関区分": 5, "都道府県コード": 2, "市区町村コード": 203, "所在地": "青森県八戸市根城４丁目２０－３３", "緯度": 40.507519, "経度": 141.476392, "url": "https://www.iryou.teikyouseido.mhlw.go.jp/znk-web/juminkanja/S2430/initialize?prefCd=02&kikanCd=0250000321&kikanKbn=nan", "url2": "http://www.e-classa.net/koike_8door/", "内容": "有限会社　こいけ薬局　根城店0青森県八戸市根城４丁目２０－３３" }, "geometry": { "type": "Point", "coordinates": [ 141.476392, 40.507519 ] } },
{ "type": "Feature", "properties": { "ID": 250250000324, "正式名称": "こうよう薬局", "機関区分": 5, "都道府県コード": 2, "市区町村コード": 203, "所在地": "青森県八戸市江陽一丁目１８番３号", "緯度": 40.520546, "経度": 141.503479, "url": "https://www.iryou.teikyouseido.mhlw.go.jp/znk-web/juminkanja/S2430/initialize?prefCd=02&kikanCd=0250000324&kikanKbn=nan", "url2": "https://www.koyo-pharmacy.com/", "内容": "こうよう薬局0青森県八戸市江陽一丁目１８番３号" }, "geometry": { "type": "Point", "coordinates": [ 141.503479, 40.520546 ] } },
{ "type": "Feature", "properties": { "ID": 250250000325, "正式名称": "こかぐち薬局", "機関区分": 5, "都道府県コード": 2, "市区町村コード": 203, "所在地": "青森県八戸市柏崎５丁目４番１８号", "緯度": 40.517073, "経度": 141.504368, "url": "https://www.iryou.teikyouseido.mhlw.go.jp/znk-web/juminkanja/S2430/initialize?prefCd=02&kikanCd=0250000325&kikanKbn=nan", "url2": null, "内容": "こかぐち薬局0青森県八戸市柏崎５丁目４番１８号" }, "geometry": { "type": "Point", "coordinates": [ 141.504368, 40.517073 ] } },
{ "type": "Feature", "properties": { "ID": 250250000327, "正式名称": "コスモ薬局", "機関区分": 5, "都道府県コード": 2, "市区町村コード": 203, "所在地": "青森県八戸市下長３丁目１３－１４", "緯度": 40.538404, "経度": 141.473064, "url": "https://www.iryou.teikyouseido.mhlw.go.jp/znk-web/juminkanja/S2430/initialize?prefCd=02&kikanCd=0250000327&kikanKbn=nan", "url2": "https://sites.google.com/view/kosumo", "内容": "コスモ薬局0青森県八戸市下長３丁目１３－１４" }, "geometry": { "type": "Point", "coordinates": [ 141.473064, 40.538404 ] } },
{ "type": "Feature", "properties": { "ID": 250250000328, "正式名称": "サカエ薬局柏崎", "機関区分": 5, "都道府県コード": 2, "市区町村コード": 203, "所在地": "青森県八戸市柏崎６－３０－５", "緯度": 40.516046, "経度": 141.505285, "url": "https://www.iryou.teikyouseido.mhlw.go.jp/znk-web/juminkanja/S2430/initialize?prefCd=02&kikanCd=0250000328&kikanKbn=nan", "url2": "http://www.e-classa..net/sakae_kashiwazaki/index.html", "内容": "サカエ薬局柏崎0青森県八戸市柏崎６－３０－５" }, "geometry": { "type": "Point", "coordinates": [ 141.505285, 40.516046 ] } },
{ "type": "Feature", "properties": { "ID": 250250000330, "正式名称": "サカエ薬局田面木", "機関区分": 5, "都道府県コード": 2, "市区町村コード": 203, "所在地": "青森県八戸市田面木堤下１５番地３", "緯度": 40.499769, "経度": 141.445223, "url": "https://www.iryou.teikyouseido.mhlw.go.jp/znk-web/juminkanja/S2430/initialize?prefCd=02&kikanCd=0250000330&kikanKbn=nan", "url2": "http://www.e-classa.net/sakae_tamonoki/index.html", "内容": "サカエ薬局田面木0青森県八戸市田面木堤下１５番地３" }, "geometry": { "type": "Point", "coordinates": [ 141.445223, 40.499769 ] } },
{ "type": "Feature", "properties": { "ID": 250250000331, "正式名称": "株式会社　サクラ薬局", "機関区分": 5, "都道府県コード": 2, "市区町村コード": 203, "所在地": "青森県八戸市湊町柳町１番地", "緯度": 40.522823, "経度": 141.525005, "url": "https://www.iryou.teikyouseido.mhlw.go.jp/znk-web/juminkanja/S2430/initialize?prefCd=02&kikanCd=0250000331&kikanKbn=nan", "url2": null, "内容": "株式会社　サクラ薬局0青森県八戸市湊町柳町１番地" }, "geometry": { "type": "Point", "coordinates": [ 141.525005, 40.522823 ] } },
{ "type": "Feature", "properties": { "ID": 250250000333, "正式名称": "サンケア薬局　白銀店", "機関区分": 5, "都道府県コード": 2, "市区町村コード": 203, "所在地": "青森県八戸市白銀町南ヶ丘１１－７", "緯度": 40.516602, "経度": 141.543309, "url": "https://www.iryou.teikyouseido.mhlw.go.jp/znk-web/juminkanja/S2430/initialize?prefCd=02&kikanCd=0250000333&kikanKbn=nan", "url2": "http://sun-ph.com/", "内容": "サンケア薬局　白銀店0青森県八戸市白銀町南ヶ丘１１－７" }, "geometry": { "type": "Point", "coordinates": [ 141.543309, 40.516602 ] } },
{ "type": "Feature", "properties": { "ID": 250250000334, "正式名称": "サンケア薬局八戸駅前店", "機関区分": 5, "都道府県コード": 2, "市区町村コード": 203, "所在地": "青森県八戸市尻内町八百刈２５－１", "緯度": 40.508518, "経度": 141.437374, "url": "https://www.iryou.teikyouseido.mhlw.go.jp/znk-web/juminkanja/S2430/initialize?prefCd=02&kikanCd=0250000334&kikanKbn=nan", "url2": "http://sun-ph.com/shop/suncare-hachinohe.html", "内容": "サンケア薬局八戸駅前店0青森県八戸市尻内町八百刈２５－１" }, "geometry": { "type": "Point", "coordinates": [ 141.437374, 40.508518 ] } },
{ "type": "Feature", "properties": { "ID": 250250000335, "正式名称": "サン・ファーマシィ", "機関区分": 5, "都道府県コード": 2, "市区町村コード": 203, "所在地": "青森県八戸市売市２－１１－１１", "緯度": 40.508351, "経度": 141.473371, "url": "https://www.iryou.teikyouseido.mhlw.go.jp/znk-web/juminkanja/S2430/initialize?prefCd=02&kikanCd=0250000335&kikanKbn=nan", "url2": null, "内容": "サン・ファーマシィ0青森県八戸市売市２－１１－１１" }, "geometry": { "type": "Point", "coordinates": [ 141.473371, 40.508351 ] } },
{ "type": "Feature", "properties": { "ID": 250250000336, "正式名称": "アイン薬局白銀店", "機関区分": 5, "都道府県コード": 2, "市区町村コード": 203, "所在地": "青森県八戸市白銀町南ヶ丘１１－１２", "緯度": 40.516685, "経度": 141.543059, "url": "https://www.iryou.teikyouseido.mhlw.go.jp/znk-web/juminkanja/S2430/initialize?prefCd=02&kikanCd=0250000336&kikanKbn=nan", "url2": "http://www.ainj.co.jp/network/ainpharmaciez/ap0398.html", "内容": "アイン薬局白銀店0青森県八戸市白銀町南ヶ丘１１－１２" }, "geometry": { "type": "Point", "coordinates": [ 141.543059, 40.516685 ] } },
{ "type": "Feature", "properties": { "ID": 250250000339, "正式名称": "すばる薬局", "機関区分": 5, "都道府県コード": 2, "市区町村コード": 203, "所在地": "青森県八戸市小中野四丁目１番５２番", "緯度": 40.519351, "経度": 141.508784, "url": "https://www.iryou.teikyouseido.mhlw.go.jp/znk-web/juminkanja/S2430/initialize?prefCd=02&kikanCd=0250000339&kikanKbn=nan", "url2": null, "内容": "すばる薬局0青森県八戸市小中野四丁目１番５２番" }, "geometry": { "type": "Point", "coordinates": [ 141.508784, 40.519351 ] } },
{ "type": "Feature", "properties": { "ID": 250250000340, "正式名称": "共創未来　南郷薬局", "機関区分": 5, "都道府県コード": 2, "市区町村コード": 203, "所在地": "青森県八戸市南郷大字島守字梨子ノ久保２５番地１０", "緯度": 40.376866, "経度": 141.517123, "url": "https://www.iryou.teikyouseido.mhlw.go.jp/znk-web/juminkanja/S2430/initialize?prefCd=02&kikanCd=0250000340&kikanKbn=nan", "url2": "https://phmirai.co.jp/store/303/", "内容": "共創未来　南郷薬局0青森県八戸市南郷大字島守字梨子ノ久保２５番地１０" }, "geometry": { "type": "Point", "coordinates": [ 141.517123, 40.376866 ] } },
{ "type": "Feature", "properties": { "ID": 250250000342, "正式名称": "大学堂薬局　柏崎", "機関区分": 5, "都道府県コード": 2, "市区町村コード": 203, "所在地": "青森県八戸市柏崎４－１４－４７", "緯度": 40.515101, "経度": 141.500174, "url": "https://www.iryou.teikyouseido.mhlw.go.jp/znk-web/juminkanja/S2430/initialize?prefCd=02&kikanCd=0250000342&kikanKbn=nan", "url2": null, "内容": "大学堂薬局　柏崎0青森県八戸市柏崎４－１４－４７" }, "geometry": { "type": "Point", "coordinates": [ 141.500174, 40.515101 ] } },
{ "type": "Feature", "properties": { "ID": 250250000345, "正式名称": "たかはし薬局", "機関区分": 5, "都道府県コード": 2, "市区町村コード": 203, "所在地": "青森県八戸市堤町１３－９", "緯度": 40.510101, "経度": 141.486953, "url": "https://www.iryou.teikyouseido.mhlw.go.jp/znk-web/juminkanja/S2430/initialize?prefCd=02&kikanCd=0250000345&kikanKbn=nan", "url2": null, "内容": "たかはし薬局0青森県八戸市堤町１３－９" }, "geometry": { "type": "Point", "coordinates": [ 141.486953, 40.510101 ] } },
{ "type": "Feature", "properties": { "ID": 250250000348, "正式名称": "田村調剤薬局", "機関区分": 5, "都道府県コード": 2, "市区町村コード": 203, "所在地": "青森県八戸市湊高台２丁目１２－６", "緯度": 40.505186, "経度": 141.537032, "url": "https://www.iryou.teikyouseido.mhlw.go.jp/znk-web/juminkanja/S2430/initialize?prefCd=02&kikanCd=0250000348&kikanKbn=nan", "url2": null, "内容": "田村調剤薬局0青森県八戸市湊高台２丁目１２－６" }, "geometry": { "type": "Point", "coordinates": [ 141.537032, 40.505186 ] } },
{ "type": "Feature", "properties": { "ID": 250250000349, "正式名称": "たむら薬局　白銀店", "機関区分": 5, "都道府県コード": 2, "市区町村コード": 203, "所在地": "青森県八戸市白銀町字堀ノ外９－４", "緯度": 40.51763, "経度": 141.543337, "url": "https://www.iryou.teikyouseido.mhlw.go.jp/znk-web/juminkanja/S2430/initialize?prefCd=02&kikanCd=0250000349&kikanKbn=nan", "url2": null, "内容": "たむら薬局　白銀店0青森県八戸市白銀町字堀ノ外９－４" }, "geometry": { "type": "Point", "coordinates": [ 141.543337, 40.51763 ] } },
{ "type": "Feature", "properties": { "ID": 250250000352, "正式名称": "中央薬品（株）中央調剤薬局　日赤病院前支店", "機関区分": 5, "都道府県コード": 2, "市区町村コード": 203, "所在地": "青森県八戸市田面木堤下９番地３", "緯度": 40.500158, "経度": 141.446123, "url": "https://www.iryou.teikyouseido.mhlw.go.jp/znk-web/juminkanja/S2430/initialize?prefCd=02&kikanCd=0250000352&kikanKbn=nan", "url2": "http://www.chuo-ph.com/", "内容": "中央薬品（株）中央調剤薬局　日赤病院前支店0青森県八戸市田面木堤下９番地３" }, "geometry": { "type": "Point", "coordinates": [ 141.446123, 40.500158 ] } },
{ "type": "Feature", "properties": { "ID": 250250000354, "正式名称": "つくし薬局", "機関区分": 5, "都道府県コード": 2, "市区町村コード": 203, "所在地": "青森県八戸市南類家５丁目１番地１０号", "緯度": 40.499464, "経度": 141.51023, "url": "https://www.iryou.teikyouseido.mhlw.go.jp/znk-web/juminkanja/S2430/initialize?prefCd=02&kikanCd=0250000354&kikanKbn=nan", "url2": null, "内容": "つくし薬局0青森県八戸市南類家５丁目１番地１０号" }, "geometry": { "type": "Point", "coordinates": [ 141.51023, 40.499464 ] } },
{ "type": "Feature", "properties": { "ID": 250250000355, "正式名称": "つつみの薬局", "機関区分": 5, "都道府県コード": 2, "市区町村コード": 203, "所在地": "青森県八戸市根城一丁目１４－１", "緯度": 40.506602, "経度": 141.480815, "url": "https://www.iryou.teikyouseido.mhlw.go.jp/znk-web/juminkanja/S2430/initialize?prefCd=02&kikanCd=0250000355&kikanKbn=nan", "url2": null, "内容": "つつみの薬局0青森県八戸市根城一丁目１４－１" }, "geometry": { "type": "Point", "coordinates": [ 141.480815, 40.506602 ] } },
{ "type": "Feature", "properties": { "ID": 250250000357, "正式名称": "にいだ調剤薬局", "機関区分": 5, "都道府県コード": 2, "市区町村コード": 203, "所在地": "青森県八戸市新井田館下２３－２", "緯度": 40.492299, "経度": 141.51984, "url": "https://www.iryou.teikyouseido.mhlw.go.jp/znk-web/juminkanja/S2430/initialize?prefCd=02&kikanCd=0250000357&kikanKbn=nan", "url2": null, "内容": "にいだ調剤薬局0青森県八戸市新井田館下２３－２" }, "geometry": { "type": "Point", "coordinates": [ 141.51984, 40.492299 ] } },
{ "type": "Feature", "properties": { "ID": 250250000358, "正式名称": "ニコニコ薬局", "機関区分": 5, "都道府県コード": 2, "市区町村コード": 203, "所在地": "青森県八戸市本鍛冶町２番地６", "緯度": 40.505935, "経度": 141.486176, "url": "https://www.iryou.teikyouseido.mhlw.go.jp/znk-web/juminkanja/S2430/initialize?prefCd=02&kikanCd=0250000358&kikanKbn=nan", "url2": "https://subaru1001.co.jp/", "内容": "ニコニコ薬局0青森県八戸市本鍛冶町２番地６" }, "geometry": { "type": "Point", "coordinates": [ 141.486176, 40.505935 ] } },
{ "type": "Feature", "properties": { "ID": 250250000359, "正式名称": "ニュータウン薬局", "機関区分": 5, "都道府県コード": 2, "市区町村コード": 203, "所在地": "青森県八戸市東白山台３－２０－６", "緯度": 40.482215, "経度": 141.461985, "url": "https://www.iryou.teikyouseido.mhlw.go.jp/znk-web/juminkanja/S2430/initialize?prefCd=02&kikanCd=0250000359&kikanKbn=nan", "url2": null, "内容": "ニュータウン薬局0青森県八戸市東白山台３－２０－６" }, "geometry": { "type": "Point", "coordinates": [ 141.461985, 40.482215 ] } },
{ "type": "Feature", "properties": { "ID": 250250000363, "正式名称": "ハート薬局　新井田店", "機関区分": 5, "都道府県コード": 2, "市区町村コード": 203, "所在地": "青森県八戸市新井田西三丁目１６番１４号", "緯度": 40.495632, "経度": 141.516979, "url": "https://www.iryou.teikyouseido.mhlw.go.jp/znk-web/juminkanja/S2430/initialize?prefCd=02&kikanCd=0250000363&kikanKbn=nan", "url2": null, "内容": "ハート薬局　新井田店0青森県八戸市新井田西三丁目１６番１４号" }, "geometry": { "type": "Point", "coordinates": [ 141.516979, 40.495632 ] } },
{ "type": "Feature", "properties": { "ID": 250250000366, "正式名称": "八戸東薬局", "機関区分": 5, "都道府県コード": 2, "市区町村コード": 203, "所在地": "青森県八戸市湊高台１－１８－６", "緯度": 40.506819, "経度": 141.536328, "url": "https://www.iryou.teikyouseido.mhlw.go.jp/znk-web/juminkanja/S2430/initialize?prefCd=02&kikanCd=0250000366&kikanKbn=nan", "url2": null, "内容": "八戸東薬局0青森県八戸市湊高台１－１８－６" }, "geometry": { "type": "Point", "coordinates": [ 141.536328, 40.506819 ] } },
{ "type": "Feature", "properties": { "ID": 250250000367, "正式名称": "有限会社　八戸保険調剤薬局", "機関区分": 5, "都道府県コード": 2, "市区町村コード": 203, "所在地": "青森県八戸市田向二丁目７番７号", "緯度": 40.492993, "経度": 141.510341, "url": "https://www.iryou.teikyouseido.mhlw.go.jp/znk-web/juminkanja/S2430/initialize?prefCd=02&kikanCd=0250000367&kikanKbn=nan", "url2": "http://www.hachinohe-pharmacy.jp/", "内容": "有限会社　八戸保険調剤薬局0青森県八戸市田向二丁目７番７号" }, "geometry": { "type": "Point", "coordinates": [ 141.510341, 40.492993 ] } },
{ "type": "Feature", "properties": { "ID": 250250000368, "正式名称": "八戸南薬局", "機関区分": 5, "都道府県コード": 2, "市区町村コード": 203, "所在地": "青森県八戸市新井田横町４７", "緯度": 40.493907, "経度": 141.517042, "url": "https://www.iryou.teikyouseido.mhlw.go.jp/znk-web/juminkanja/S2430/initialize?prefCd=02&kikanCd=0250000368&kikanKbn=nan", "url2": "https://www.me-assist.co.jp/", "内容": "八戸南薬局0青森県八戸市新井田横町４７" }, "geometry": { "type": "Point", "coordinates": [ 141.517042, 40.493907 ] } },
{ "type": "Feature", "properties": { "ID": 250250000369, "正式名称": "ハッピー調剤薬局八戸田向店", "機関区分": 5, "都道府県コード": 2, "市区町村コード": 203, "所在地": "青森県八戸市田向二丁目１２番８号", "緯度": 40.494458, "経度": 141.511285, "url": "https://www.iryou.teikyouseido.mhlw.go.jp/znk-web/juminkanja/S2430/initialize?prefCd=02&kikanCd=0250000369&kikanKbn=nan", "url2": "https://happydrug.co.jp/storeinfo/chozai-tamukai/", "内容": "ハッピー調剤薬局八戸田向店0青森県八戸市田向二丁目１２番８号" }, "geometry": { "type": "Point", "coordinates": [ 141.511285, 40.494458 ] } },
{ "type": "Feature", "properties": { "ID": 250250000370, "正式名称": "はまなす薬局", "機関区分": 5, "都道府県コード": 2, "市区町村コード": 203, "所在地": "青森県八戸市日計１－２－４７", "緯度": 40.540265, "経度": 141.475925, "url": "https://www.iryou.teikyouseido.mhlw.go.jp/znk-web/juminkanja/S2430/initialize?prefCd=02&kikanCd=0250000370&kikanKbn=nan", "url2": null, "内容": "はまなす薬局0青森県八戸市日計１－２－４７" }, "geometry": { "type": "Point", "coordinates": [ 141.475925, 40.540265 ] } },
{ "type": "Feature", "properties": { "ID": 250250000373, "正式名称": "ファインファーマシー", "機関区分": 5, "都道府県コード": 2, "市区町村コード": 203, "所在地": "青森県八戸市下長四丁目１－１　ユニバース下長店内", "緯度": 40.533766, "経度": 141.477786, "url": "https://www.iryou.teikyouseido.mhlw.go.jp/znk-web/juminkanja/S2430/initialize?prefCd=02&kikanCd=0250000373&kikanKbn=nan", "url2": "https://fine8.jp", "内容": "ファインファーマシー0青森県八戸市下長四丁目１－１　ユニバース下長店内" }, "geometry": { "type": "Point", "coordinates": [ 141.477786, 40.533766 ] } },
{ "type": "Feature", "properties": { "ID": 250250000377, "正式名称": "ベル薬局", "機関区分": 5, "都道府県コード": 2, "市区町村コード": 203, "所在地": "青森県八戸市下長１－６－２９", "緯度": 40.52696, "経度": 141.469482, "url": "https://www.iryou.teikyouseido.mhlw.go.jp/znk-web/juminkanja/S2430/initialize?prefCd=02&kikanCd=0250000377&kikanKbn=nan", "url2": "http://bell.meron-net.jp", "内容": "ベル薬局0青森県八戸市下長１－６－２９" }, "geometry": { "type": "Point", "coordinates": [ 141.469482, 40.52696 ] } },
{ "type": "Feature", "properties": { "ID": 250250000379, "正式名称": "まごころ薬局", "機関区分": 5, "都道府県コード": 2, "市区町村コード": 203, "所在地": "青森県八戸市類家一丁目３－４", "緯度": 40.510297, "経度": 141.499813, "url": "https://www.iryou.teikyouseido.mhlw.go.jp/znk-web/juminkanja/S2430/initialize?prefCd=02&kikanCd=0250000379&kikanKbn=nan", "url2": null, "内容": "まごころ薬局0青森県八戸市類家一丁目３－４" }, "geometry": { "type": "Point", "coordinates": [ 141.499813, 40.510297 ] } },
{ "type": "Feature", "properties": { "ID": 250250000383, "正式名称": "みなと薬局", "機関区分": 5, "都道府県コード": 2, "市区町村コード": 203, "所在地": "青森県八戸市湊町大沢２３－３", "緯度": 40.524823, "経度": 141.531115, "url": "https://www.iryou.teikyouseido.mhlw.go.jp/znk-web/juminkanja/S2430/initialize?prefCd=02&kikanCd=0250000383&kikanKbn=nan", "url2": null, "内容": "みなと薬局0青森県八戸市湊町大沢２３－３" }, "geometry": { "type": "Point", "coordinates": [ 141.531115, 40.524823 ] } },
{ "type": "Feature", "properties": { "ID": 250250000384, "正式名称": "みはな薬局", "機関区分": 5, "都道府県コード": 2, "市区町村コード": 203, "所在地": "青森県八戸市湊高台５丁目２０－２１", "緯度": 40.507825, "経度": 141.536671, "url": "https://www.iryou.teikyouseido.mhlw.go.jp/znk-web/juminkanja/S2430/initialize?prefCd=02&kikanCd=0250000384&kikanKbn=nan", "url2": "https://www.mihana-pharmacy.com/", "内容": "みはな薬局0青森県八戸市湊高台５丁目２０－２１" }, "geometry": { "type": "Point", "coordinates": [ 141.536671, 40.507825 ] } },
{ "type": "Feature", "properties": { "ID": 250250000385, "正式名称": "みんな野薬局　八戸南店", "機関区分": 5, "都道府県コード": 2, "市区町村コード": 203, "所在地": "青森県八戸市田向１丁目６－８", "緯度": 40.496624, "経度": 141.5090745, "url": "https://www.iryou.teikyouseido.mhlw.go.jp/znk-web/juminkanja/S2430/initialize?prefCd=02&kikanCd=0250000385&kikanKbn=nan", "url2": null, "内容": "みんな野薬局　八戸南店0青森県八戸市田向１丁目６－８" }, "geometry": { "type": "Point", "coordinates": [ 141.5090745, 40.496624 ] } },
{ "type": "Feature", "properties": { "ID": 250250000386, "正式名称": "三八五薬品（株）調剤薬局　ミヤゴ新井田店", "機関区分": 5, "都道府県コード": 2, "市区町村コード": 203, "所在地": "青森県八戸市新井田西２丁目１番２４号", "緯度": 40.500492, "経度": 141.518729, "url": "https://www.iryou.teikyouseido.mhlw.go.jp/znk-web/juminkanja/S2430/initialize?prefCd=02&kikanCd=0250000386&kikanKbn=nan", "url2": null, "内容": "三八五薬品（株）調剤薬局　ミヤゴ新井田店0青森県八戸市新井田西２丁目１番２４号" }, "geometry": { "type": "Point", "coordinates": [ 141.518729, 40.500492 ] } },
{ "type": "Feature", "properties": { "ID": 250250000390, "正式名称": "ゆりの木薬局　ぬかづか店", "機関区分": 5, "都道府県コード": 2, "市区町村コード": 203, "所在地": "青森県八戸市糠塚下道７－２７", "緯度": 40.506158, "経度": 141.489092, "url": "https://www.iryou.teikyouseido.mhlw.go.jp/znk-web/juminkanja/S2430/initialize?prefCd=02&kikanCd=0250000390&kikanKbn=nan", "url2": "http://www.medical-support.bz/", "内容": "ゆりの木薬局　ぬかづか店0青森県八戸市糠塚下道７－２７" }, "geometry": { "type": "Point", "coordinates": [ 141.489092, 40.506158 ] } },
{ "type": "Feature", "properties": { "ID": 250250000392, "正式名称": "類家メディカル調剤薬局", "機関区分": 5, "都道府県コード": 2, "市区町村コード": 203, "所在地": "青森県八戸市南類家二丁目１７－２３", "緯度": 40.502214, "経度": 141.505091, "url": "https://www.iryou.teikyouseido.mhlw.go.jp/znk-web/juminkanja/S2430/initialize?prefCd=02&kikanCd=0250000392&kikanKbn=nan", "url2": "https://www.hondamic.co.jp", "内容": "類家メディカル調剤薬局0青森県八戸市南類家二丁目１７－２３" }, "geometry": { "type": "Point", "coordinates": [ 141.505091, 40.502214 ] } },
{ "type": "Feature", "properties": { "ID": 250250000398, "正式名称": "薬局ミミ", "機関区分": 5, "都道府県コード": 2, "市区町村コード": 412, "所在地": "青森県上北郡おいらせ町緑ケ丘一丁目５０－２０８２", "緯度": 40.665583, "経度": 141.366622, "url": "https://www.iryou.teikyouseido.mhlw.go.jp/znk-web/juminkanja/S2430/initialize?prefCd=02&kikanCd=0250000398&kikanKbn=nan", "url2": "http://www.citydo.com/sp/0/76-57-5820", "内容": "薬局ミミ0青森県上北郡おいらせ町緑ケ丘一丁目５０－２０８２" }, "geometry": { "type": "Point", "coordinates": [ 141.366622, 40.665583 ] } },
{ "type": "Feature", "properties": { "ID": 250250000399, "正式名称": "三戸薬局", "機関区分": 5, "都道府県コード": 2, "市区町村コード": 441, "所在地": "青森県三戸郡三戸町川守田字沖中１０－６", "緯度": 40.390416, "経度": 141.267088, "url": "https://www.iryou.teikyouseido.mhlw.go.jp/znk-web/juminkanja/S2430/initialize?prefCd=02&kikanCd=0250000399&kikanKbn=nan", "url2": "http://sun-ph.com/shop-list/sannnohe.html", "内容": "三戸薬局0青森県三戸郡三戸町川守田字沖中１０－６" }, "geometry": { "type": "Point", "coordinates": [ 141.267088, 40.390416 ] } },
{ "type": "Feature", "properties": { "ID": 250250000400, "正式名称": "みちしり調剤薬局", "機関区分": 5, "都道府県コード": 2, "市区町村コード": 441, "所在地": "青森県三戸郡三戸町二日町５番地２", "緯度": 40.380083, "経度": 141.257894, "url": "https://www.iryou.teikyouseido.mhlw.go.jp/znk-web/juminkanja/S2430/initialize?prefCd=02&kikanCd=0250000400&kikanKbn=nan", "url2": "https://subaru1001.co.jp/michishiri-pr/", "内容": "みちしり調剤薬局0青森県三戸郡三戸町二日町５番地２" }, "geometry": { "type": "Point", "coordinates": [ 141.257894, 40.380083 ] } },
{ "type": "Feature", "properties": { "ID": 250250000402, "正式名称": "フロンティア薬局　三戸店", "機関区分": 5, "都道府県コード": 2, "市区町村コード": 441, "所在地": "青森県三戸郡三戸町川守田沖中１６－５", "緯度": 40.38836, "経度": 141.239174, "url": "https://www.iryou.teikyouseido.mhlw.go.jp/znk-web/juminkanja/S2430/initialize?prefCd=02&kikanCd=0250000402&kikanKbn=nan", "url2": "http://www.frontier-ph.com/", "内容": "フロンティア薬局　三戸店0青森県三戸郡三戸町川守田沖中１６－５" }, "geometry": { "type": "Point", "coordinates": [ 141.239174, 40.38836 ] } },
{ "type": "Feature", "properties": { "ID": 250250000403, "正式名称": "アタゴ薬局", "機関区分": 5, "都道府県コード": 2, "市区町村コード": 442, "所在地": "青森県三戸郡五戸町愛宕後２６－１", "緯度": 40.519486, "経度": 141.298385, "url": "https://www.iryou.teikyouseido.mhlw.go.jp/znk-web/juminkanja/S2430/initialize?prefCd=02&kikanCd=0250000403&kikanKbn=nan", "url2": "http://www3.ocn.ne.jp/~tawada1/index1.html", "内容": "アタゴ薬局0青森県三戸郡五戸町愛宕後２６－１" }, "geometry": { "type": "Point", "coordinates": [ 141.298385, 40.519486 ] } },
{ "type": "Feature", "properties": { "ID": 250250000409, "正式名称": "プラス薬局", "機関区分": 5, "都道府県コード": 2, "市区町村コード": 442, "所在地": "青森県三戸郡五戸町沢向１７－４２", "緯度": 40.521764, "経度": 141.306579, "url": "https://www.iryou.teikyouseido.mhlw.go.jp/znk-web/juminkanja/S2430/initialize?prefCd=02&kikanCd=0250000409&kikanKbn=nan", "url2": "http://www.meron-net.jp/plus/prv", "内容": "プラス薬局0青森県三戸郡五戸町沢向１７－４２" }, "geometry": { "type": "Point", "coordinates": [ 141.306579, 40.521764 ] } },
{ "type": "Feature", "properties": { "ID": 250250000410, "正式名称": "ハッピー調剤薬局青森剣吉店", "機関区分": 5, "都道府県コード": 2, "市区町村コード": 445, "所在地": "青森県三戸郡南部町剣吉堰合１５－４", "緯度": 40.448966, "経度": 141.331052, "url": "https://www.iryou.teikyouseido.mhlw.go.jp/znk-web/juminkanja/S2430/initialize?prefCd=02&kikanCd=0250000410&kikanKbn=nan", "url2": "http://happydrug.co.jp/group.html", "内容": "ハッピー調剤薬局青森剣吉店0青森県三戸郡南部町剣吉堰合１５－４" }, "geometry": { "type": "Point", "coordinates": [ 141.331052, 40.448966 ] } },
{ "type": "Feature", "properties": { "ID": 250250000414, "正式名称": "なんぶ中央薬局", "機関区分": 5, "都道府県コード": 2, "市区町村コード": 445, "所在地": "青森県三戸郡南部町沖田面千刈５２", "緯度": 40.415386, "経度": 141.277641, "url": "https://www.iryou.teikyouseido.mhlw.go.jp/znk-web/juminkanja/S2430/initialize?prefCd=02&kikanCd=0250000414&kikanKbn=nan", "url2": "http://www3.ocn.ne.jp/~tawada1/", "内容": "なんぶ中央薬局0青森県三戸郡南部町沖田面千刈５２" }, "geometry": { "type": "Point", "coordinates": [ 141.277641, 40.415386 ] } },
{ "type": "Feature", "properties": { "ID": 250250000415, "正式名称": "ふよう調剤薬局", "機関区分": 5, "都道府県コード": 2, "市区町村コード": 445, "所在地": "青森県三戸郡南部町苫米地町中２２－１３", "緯度": 40.467108, "経度": 141.380253, "url": "https://www.iryou.teikyouseido.mhlw.go.jp/znk-web/juminkanja/S2430/initialize?prefCd=02&kikanCd=0250000415&kikanKbn=nan", "url2": null, "内容": "ふよう調剤薬局0青森県三戸郡南部町苫米地町中２２－１３" }, "geometry": { "type": "Point", "coordinates": [ 141.380253, 40.467108 ] } },
{ "type": "Feature", "properties": { "ID": 250250000416, "正式名称": "ほのぼの薬局", "機関区分": 5, "都道府県コード": 2, "市区町村コード": 445, "所在地": "青森県三戸郡南部町苫米地白山堂１８－１", "緯度": 40.466882, "経度": 141.386992, "url": "https://www.iryou.teikyouseido.mhlw.go.jp/znk-web/juminkanja/S2430/initialize?prefCd=02&kikanCd=0250000416&kikanKbn=nan", "url2": "https://subaru1001.co.jp/honobono-pr/", "内容": "ほのぼの薬局0青森県三戸郡南部町苫米地白山堂１８－１" }, "geometry": { "type": "Point", "coordinates": [ 141.386992, 40.466882 ] } },
{ "type": "Feature", "properties": { "ID": 250250000417, "正式名称": "うぐいす薬局", "機関区分": 5, "都道府県コード": 2, "市区町村コード": 446, "所在地": "青森県三戸郡階上町道仏天当平１－１８９", "緯度": 40.452471, "経度": 141.621639, "url": "https://www.iryou.teikyouseido.mhlw.go.jp/znk-web/juminkanja/S2430/initialize?prefCd=02&kikanCd=0250000417&kikanKbn=nan", "url2": null, "内容": "うぐいす薬局0青森県三戸郡階上町道仏天当平１－１８９" }, "geometry": { "type": "Point", "coordinates": [ 141.621639, 40.452471 ] } },
{ "type": "Feature", "properties": { "ID": 250250000423, "正式名称": "ワカバ調剤薬局　木造店", "機関区分": 5, "都道府県コード": 2, "市区町村コード": 209, "所在地": "青森県つがる市木造末広４５番地２５", "緯度": 40.811272, "経度": 140.38817, "url": "https://www.iryou.teikyouseido.mhlw.go.jp/znk-web/juminkanja/S2430/initialize?prefCd=02&kikanCd=0250000423&kikanKbn=nan", "url2": "https://www.wakaba-chouzai.com/", "内容": "ワカバ調剤薬局　木造店0青森県つがる市木造末広４５番地２５" }, "geometry": { "type": "Point", "coordinates": [ 140.38817, 40.811272 ] } },
{ "type": "Feature", "properties": { "ID": 250250000429, "正式名称": "かなぎ調剤薬局", "機関区分": 5, "都道府県コード": 2, "市区町村コード": 205, "所在地": "青森県五所川原市金木町菅原９番地１", "緯度": 40.907402, "経度": 140.454521, "url": "https://www.iryou.teikyouseido.mhlw.go.jp/znk-web/juminkanja/S2430/initialize?prefCd=02&kikanCd=0250000429&kikanKbn=nan", "url2": "https://meron-net.shop/ds/midori-ka", "内容": "かなぎ調剤薬局0青森県五所川原市金木町菅原９番地１" }, "geometry": { "type": "Point", "coordinates": [ 140.454521, 40.907402 ] } },
{ "type": "Feature", "properties": { "ID": 250250000434, "正式名称": "駅前薬局いわや", "機関区分": 5, "都道府県コード": 2, "市区町村コード": 205, "所在地": "青森県五所川原市大町３６－３", "緯度": 40.809579, "経度": 140.446804, "url": "https://www.iryou.teikyouseido.mhlw.go.jp/znk-web/juminkanja/S2430/initialize?prefCd=02&kikanCd=0250000434&kikanKbn=nan", "url2": null, "内容": "駅前薬局いわや0青森県五所川原市大町３６－３" }, "geometry": { "type": "Point", "coordinates": [ 140.446804, 40.809579 ] } },
{ "type": "Feature", "properties": { "ID": 250250000435, "正式名称": "有限会社　アサヒ薬局", "機関区分": 5, "都道府県コード": 2, "市区町村コード": 205, "所在地": "青森県五所川原市旭町６０－３", "緯度": 40.809968, "経度": 140.44747, "url": "https://www.iryou.teikyouseido.mhlw.go.jp/znk-web/juminkanja/S2430/initialize?prefCd=02&kikanCd=0250000435&kikanKbn=nan", "url2": null, "内容": "有限会社　アサヒ薬局0青森県五所川原市旭町６０－３" }, "geometry": { "type": "Point", "coordinates": [ 140.44747, 40.809968 ] } },
{ "type": "Feature", "properties": { "ID": 250250000443, "正式名称": "ドレミ薬局", "機関区分": 5, "都道府県コード": 2, "市区町村コード": 205, "所在地": "青森県五所川原市柳町４番地９", "緯度": 40.806219, "経度": 140.442942, "url": "https://www.iryou.teikyouseido.mhlw.go.jp/znk-web/juminkanja/S2430/initialize?prefCd=02&kikanCd=0250000443&kikanKbn=nan", "url2": "https://wing-pharmacy.wixsite.com/doremi", "内容": "ドレミ薬局0青森県五所川原市柳町４番地９" }, "geometry": { "type": "Point", "coordinates": [ 140.442942, 40.806219 ] } },
{ "type": "Feature", "properties": { "ID": 250250000444, "正式名称": "ノア調剤薬局", "機関区分": 5, "都道府県コード": 2, "市区町村コード": 205, "所在地": "青森県五所川原市金木町沢部４６８－１　金木タウンセンター　ノア内", "緯度": 40.907402, "経度": 140.454521, "url": "https://www.iryou.teikyouseido.mhlw.go.jp/znk-web/juminkanja/S2430/initialize?prefCd=02&kikanCd=0250000444&kikanKbn=nan", "url2": "http://www.ms-pharmacy.co.jp/index.html", "内容": "ノア調剤薬局0青森県五所川原市金木町沢部４６８－１　金木タウンセンター　ノア内" }, "geometry": { "type": "Point", "coordinates": [ 140.454521, 40.907402 ] } },
{ "type": "Feature", "properties": { "ID": 250250000446, "正式名称": "緑の森薬局　松島", "機関区分": 5, "都道府県コード": 2, "市区町村コード": 205, "所在地": "青森県五所川原市松島町二丁目８９番地１１", "緯度": 40.806774, "経度": 140.458747, "url": "https://www.iryou.teikyouseido.mhlw.go.jp/znk-web/juminkanja/S2430/initialize?prefCd=02&kikanCd=0250000446&kikanKbn=nan", "url2": "https://green-forest.com/", "内容": "緑の森薬局　松島0青森県五所川原市松島町二丁目８９番地１１" }, "geometry": { "type": "Point", "coordinates": [ 140.458747, 40.806774 ] } },
{ "type": "Feature", "properties": { "ID": 250250000447, "正式名称": "アップル調剤薬局五所川原", "機関区分": 5, "都道府県コード": 2, "市区町村コード": 205, "所在地": "青森県五所川原市中央４－６１", "緯度": 40.808023, "経度": 140.44011, "url": "https://www.iryou.teikyouseido.mhlw.go.jp/znk-web/juminkanja/S2430/initialize?prefCd=02&kikanCd=0250000447&kikanKbn=nan", "url2": "http://www.apple-chemist.com/", "内容": "アップル調剤薬局五所川原0青森県五所川原市中央４－６１" }, "geometry": { "type": "Point", "coordinates": [ 140.44011, 40.808023 ] } },
{ "type": "Feature", "properties": { "ID": 250250000451, "正式名称": "オーロラ薬局", "機関区分": 5, "都道府県コード": 2, "市区町村コード": 205, "所在地": "青森県五所川原市稲実米崎１１９番１１", "緯度": 40.787304, "経度": 140.466608, "url": "https://www.iryou.teikyouseido.mhlw.go.jp/znk-web/juminkanja/S2430/initialize?prefCd=02&kikanCd=0250000451&kikanKbn=nan", "url2": "https://www.o-rora-aomori.jp", "内容": "オーロラ薬局0青森県五所川原市稲実米崎１１９番１１" }, "geometry": { "type": "Point", "coordinates": [ 140.466608, 40.787304 ] } },
{ "type": "Feature", "properties": { "ID": 250250000452, "正式名称": "五所川原調剤薬局", "機関区分": 5, "都道府県コード": 2, "市区町村コード": 205, "所在地": "青森県五所川原市鎌谷町１４０", "緯度": 40.806108, "経度": 140.449554, "url": "https://www.iryou.teikyouseido.mhlw.go.jp/znk-web/juminkanja/S2430/initialize?prefCd=02&kikanCd=0250000452&kikanKbn=nan", "url2": null, "内容": "五所川原調剤薬局0青森県五所川原市鎌谷町１４０" }, "geometry": { "type": "Point", "coordinates": [ 140.449554, 40.806108 ] } },
{ "type": "Feature", "properties": { "ID": 250250000456, "正式名称": "こどまり調剤薬局", "機関区分": 5, "都道府県コード": 2, "市区町村コード": 387, "所在地": "青森県北津軽郡中泊町小泊砂山１０７６－２", "緯度": 41.002779, "経度": 140.33347, "url": "https://www.iryou.teikyouseido.mhlw.go.jp/znk-web/juminkanja/S2430/initialize?prefCd=02&kikanCd=0250000456&kikanKbn=nan", "url2": null, "内容": "こどまり調剤薬局0青森県北津軽郡中泊町小泊砂山１０７６－２" }, "geometry": { "type": "Point", "coordinates": [ 140.33347, 41.002779 ] } },
{ "type": "Feature", "properties": { "ID": 250250000460, "正式名称": "サカエ薬局松島", "機関区分": 5, "都道府県コード": 2, "市区町村コード": 205, "所在地": "青森県五所川原市鎌谷町５１６－９", "緯度": 40.806108, "経度": 140.449554, "url": "https://www.iryou.teikyouseido.mhlw.go.jp/znk-web/juminkanja/S2430/initialize?prefCd=02&kikanCd=0250000460&kikanKbn=nan", "url2": "http://www.e-classa.net/sakae_matsushima/index.html", "内容": "サカエ薬局松島0青森県五所川原市鎌谷町５１６－９" }, "geometry": { "type": "Point", "coordinates": [ 140.449554, 40.806108 ] } },
{ "type": "Feature", "properties": { "ID": 250250000464, "正式名称": "そうごう薬局　五所川原店", "機関区分": 5, "都道府県コード": 2, "市区町村コード": 205, "所在地": "青森県五所川原市中央２丁目２４番地", "緯度": 40.807384, "経度": 140.442998, "url": "https://www.iryou.teikyouseido.mhlw.go.jp/znk-web/juminkanja/S2430/initialize?prefCd=02&kikanCd=0250000464&kikanKbn=nan", "url2": "https://shop.sogo-pharmacy.jp/detail/789/", "内容": "そうごう薬局　五所川原店0青森県五所川原市中央２丁目２４番地" }, "geometry": { "type": "Point", "coordinates": [ 140.442998, 40.807384 ] } },
{ "type": "Feature", "properties": { "ID": 250250000465, "正式名称": "サカエ薬局金木", "機関区分": 5, "都道府県コード": 2, "市区町村コード": 205, "所在地": "青森県五所川原市金木町菅原１２", "緯度": 40.907402, "経度": 140.454521, "url": "https://www.iryou.teikyouseido.mhlw.go.jp/znk-web/juminkanja/S2430/initialize?prefCd=02&kikanCd=0250000465&kikanKbn=nan", "url2": "http://www.e-classa.net/sakae_kanagi/index.html", "内容": "サカエ薬局金木0青森県五所川原市金木町菅原１２" }, "geometry": { "type": "Point", "coordinates": [ 140.454521, 40.907402 ] } },
{ "type": "Feature", "properties": { "ID": 250250000466, "正式名称": "つるた調剤薬局", "機関区分": 5, "都道府県コード": 2, "市区町村コード": 384, "所在地": "青森県北津軽郡鶴田町鶴田早瀬２４－１", "緯度": 40.754779, "経度": 140.431113, "url": "https://www.iryou.teikyouseido.mhlw.go.jp/znk-web/juminkanja/S2430/initialize?prefCd=02&kikanCd=0250000466&kikanKbn=nan", "url2": "http://www.suzuran-ph.jp", "内容": "つるた調剤薬局0青森県北津軽郡鶴田町鶴田早瀬２４－１" }, "geometry": { "type": "Point", "coordinates": [ 140.431113, 40.754779 ] } },
{ "type": "Feature", "properties": { "ID": 250250000474, "正式名称": "ほてい堂薬局", "機関区分": 5, "都道府県コード": 2, "市区町村コード": 206, "所在地": "青森県十和田市稲生町１５－１３", "緯度": 40.614225, "経度": 141.213665, "url": "https://www.iryou.teikyouseido.mhlw.go.jp/znk-web/juminkanja/S2430/initialize?prefCd=02&kikanCd=0250000474&kikanKbn=nan", "url2": null, "内容": "ほてい堂薬局0青森県十和田市稲生町１５－１３" }, "geometry": { "type": "Point", "coordinates": [ 141.213665, 40.614225 ] } },
{ "type": "Feature", "properties": { "ID": 250250000477, "正式名称": "とわだ調剤薬局", "機関区分": 5, "都道府県コード": 2, "市区町村コード": 206, "所在地": "青森県十和田市東四番町９番１０号", "緯度": 40.612336, "経度": 141.221804, "url": "https://www.iryou.teikyouseido.mhlw.go.jp/znk-web/juminkanja/S2430/initialize?prefCd=02&kikanCd=0250000477&kikanKbn=nan", "url2": "https://www.lively-pharma.jp/", "内容": "とわだ調剤薬局0青森県十和田市東四番町９番１０号" }, "geometry": { "type": "Point", "coordinates": [ 141.221804, 40.612336 ] } },
{ "type": "Feature", "properties": { "ID": 250250000478, "正式名称": "有限会社　メイプル調剤薬局", "機関区分": 5, "都道府県コード": 2, "市区町村コード": 206, "所在地": "青森県十和田市東三番町１０番６７号", "緯度": 40.611947, "経度": 141.22036, "url": "https://www.iryou.teikyouseido.mhlw.go.jp/znk-web/juminkanja/S2430/initialize?prefCd=02&kikanCd=0250000478&kikanKbn=nan", "url2": null, "内容": "有限会社　メイプル調剤薬局0青森県十和田市東三番町１０番６７号" }, "geometry": { "type": "Point", "coordinates": [ 141.22036, 40.611947 ] } },
{ "type": "Feature", "properties": { "ID": 250250000480, "正式名称": "有限会社　サワカミ薬局　北店", "機関区分": 5, "都道府県コード": 2, "市区町村コード": 206, "所在地": "青森県十和田市三本木千歳森１３７－５", "緯度": 40.626862, "経度": 141.201583, "url": "https://www.iryou.teikyouseido.mhlw.go.jp/znk-web/juminkanja/S2430/initialize?prefCd=02&kikanCd=0250000480&kikanKbn=nan", "url2": "http://www.sawakami.jp", "内容": "有限会社　サワカミ薬局　北店0青森県十和田市三本木千歳森１３７－５" }, "geometry": { "type": "Point", "coordinates": [ 141.201583, 40.626862 ] } },
{ "type": "Feature", "properties": { "ID": 250250000484, "正式名称": "フラワー薬局", "機関区分": 5, "都道府県コード": 2, "市区町村コード": 206, "所在地": "青森県十和田市西二十二番町４番２５号", "緯度": 40.610058, "経度": 141.199917, "url": "https://www.iryou.teikyouseido.mhlw.go.jp/znk-web/juminkanja/S2430/initialize?prefCd=02&kikanCd=0250000484&kikanKbn=nan", "url2": null, "内容": "フラワー薬局0青森県十和田市西二十二番町４番２５号" }, "geometry": { "type": "Point", "coordinates": [ 141.199917, 40.610058 ] } },
{ "type": "Feature", "properties": { "ID": 250250000486, "正式名称": "木下調剤薬局", "機関区分": 5, "都道府県コード": 2, "市区町村コード": 206, "所在地": "青森県十和田市東一番町２－１８", "緯度": 40.62078, "経度": 141.212693, "url": "https://www.iryou.teikyouseido.mhlw.go.jp/znk-web/juminkanja/S2430/initialize?prefCd=02&kikanCd=0250000486&kikanKbn=nan", "url2": null, "内容": "木下調剤薬局0青森県十和田市東一番町２－１８" }, "geometry": { "type": "Point", "coordinates": [ 141.212693, 40.62078 ] } },
{ "type": "Feature", "properties": { "ID": 250250000487, "正式名称": "細川薬局", "機関区分": 5, "都道府県コード": 2, "市区町村コード": 206, "所在地": "青森県十和田市稲生町１５－９", "緯度": 40.614557, "経度": 141.213499, "url": "https://www.iryou.teikyouseido.mhlw.go.jp/znk-web/juminkanja/S2430/initialize?prefCd=02&kikanCd=0250000487&kikanKbn=nan", "url2": null, "内容": "細川薬局0青森県十和田市稲生町１５－９" }, "geometry": { "type": "Point", "coordinates": [ 141.213499, 40.614557 ] } },
{ "type": "Feature", "properties": { "ID": 250250000489, "正式名称": "十和田中央薬局", "機関区分": 5, "都道府県コード": 2, "市区町村コード": 206, "所在地": "青森県十和田市東十一番町７－２３", "緯度": 40.621807, "経度": 141.219942, "url": "https://www.iryou.teikyouseido.mhlw.go.jp/znk-web/juminkanja/S2430/initialize?prefCd=02&kikanCd=0250000489&kikanKbn=nan", "url2": "http://towadacentralpharmacy.meron-net.jp/", "内容": "十和田中央薬局0青森県十和田市東十一番町７－２３" }, "geometry": { "type": "Point", "coordinates": [ 141.219942, 40.621807 ] } },
{ "type": "Feature", "properties": { "ID": 250250000490, "正式名称": "あおぞら薬局", "機関区分": 5, "都道府県コード": 2, "市区町村コード": 206, "所在地": "青森県十和田市稲生町１５番３８号", "緯度": 40.614307, "経度": 141.212415, "url": "https://www.iryou.teikyouseido.mhlw.go.jp/znk-web/juminkanja/S2430/initialize?prefCd=02&kikanCd=0250000490&kikanKbn=nan", "url2": null, "内容": "あおぞら薬局0青森県十和田市稲生町１５番３８号" }, "geometry": { "type": "Point", "coordinates": [ 141.212415, 40.614307 ] } },
{ "type": "Feature", "properties": { "ID": 250250000492, "正式名称": "サワカミ薬局　東店", "機関区分": 5, "都道府県コード": 2, "市区町村コード": 206, "所在地": "青森県十和田市東十二番町１４番２７号", "緯度": 40.622113, "経度": 141.222581, "url": "https://www.iryou.teikyouseido.mhlw.go.jp/znk-web/juminkanja/S2430/initialize?prefCd=02&kikanCd=0250000492&kikanKbn=nan", "url2": "http://sawakami-pharmacy.jp/", "内容": "サワカミ薬局　東店0青森県十和田市東十二番町１４番２７号" }, "geometry": { "type": "Point", "coordinates": [ 141.222581, 40.622113 ] } },
{ "type": "Feature", "properties": { "ID": 250250000494, "正式名称": "ひがし調剤薬局", "機関区分": 5, "都道府県コード": 2, "市区町村コード": 206, "所在地": "青森県十和田市大字三本木字里ノ沢１－６０４", "緯度": 40.618642, "経度": 141.24469, "url": "https://www.iryou.teikyouseido.mhlw.go.jp/znk-web/juminkanja/S2430/initialize?prefCd=02&kikanCd=0250000494&kikanKbn=nan", "url2": "http://higashi-pharm.jp", "内容": "ひがし調剤薬局0青森県十和田市大字三本木字里ノ沢１－６０４" }, "geometry": { "type": "Point", "coordinates": [ 141.24469, 40.618642 ] } },
{ "type": "Feature", "properties": { "ID": 250250000495, "正式名称": "みんな野薬局", "機関区分": 5, "都道府県コード": 2, "市区町村コード": 206, "所在地": "青森県十和田市西三番町１－２８－４", "緯度": 40.613197, "経度": 141.210916, "url": "https://www.iryou.teikyouseido.mhlw.go.jp/znk-web/juminkanja/S2430/initialize?prefCd=02&kikanCd=0250000495&kikanKbn=nan", "url2": null, "内容": "みんな野薬局0青森県十和田市西三番町１－２８－４" }, "geometry": { "type": "Point", "coordinates": [ 141.210916, 40.613197 ] } },
{ "type": "Feature", "properties": { "ID": 250250000497, "正式名称": "あい薬局　東三番町", "機関区分": 5, "都道府県コード": 2, "市区町村コード": 206, "所在地": "青森県十和田市東三番町９－７０", "緯度": 40.614864, "経度": 141.217749, "url": "https://www.iryou.teikyouseido.mhlw.go.jp/znk-web/juminkanja/S2430/initialize?prefCd=02&kikanCd=0250000497&kikanKbn=nan", "url2": "http://www.mik-group.co.jp", "内容": "あい薬局　東三番町0青森県十和田市東三番町９－７０" }, "geometry": { "type": "Point", "coordinates": [ 141.217749, 40.614864 ] } },
{ "type": "Feature", "properties": { "ID": 250250000498, "正式名称": "山本薬局", "機関区分": 5, "都道府県コード": 2, "市区町村コード": 206, "所在地": "青森県十和田市西二番町１３－１２", "緯度": 40.613918, "経度": 141.207, "url": "https://www.iryou.teikyouseido.mhlw.go.jp/znk-web/juminkanja/S2430/initialize?prefCd=02&kikanCd=0250000498&kikanKbn=nan", "url2": "meron-net.shop", "内容": "山本薬局0青森県十和田市西二番町１３－１２" }, "geometry": { "type": "Point", "coordinates": [ 141.207, 40.613918 ] } },
{ "type": "Feature", "properties": { "ID": 250250000500, "正式名称": "三本木薬局", "機関区分": 5, "都道府県コード": 2, "市区町村コード": 206, "所在地": "青森県十和田市西十二番町１７－３", "緯度": 40.612392, "経度": 141.201583, "url": "https://www.iryou.teikyouseido.mhlw.go.jp/znk-web/juminkanja/S2430/initialize?prefCd=02&kikanCd=0250000500&kikanKbn=nan", "url2": "http://sun-ph.com/", "内容": "三本木薬局0青森県十和田市西十二番町１７－３" }, "geometry": { "type": "Point", "coordinates": [ 141.201583, 40.612392 ] } },
{ "type": "Feature", "properties": { "ID": 250250000501, "正式名称": "櫻井第一薬局", "機関区分": 5, "都道府県コード": 2, "市区町村コード": 207, "所在地": "青森県三沢市中央町３丁目６－４", "緯度": 40.680859, "経度": 141.362039, "url": "https://www.iryou.teikyouseido.mhlw.go.jp/znk-web/juminkanja/S2430/initialize?prefCd=02&kikanCd=0250000501&kikanKbn=nan", "url2": null, "内容": "櫻井第一薬局0青森県三沢市中央町３丁目６－４" }, "geometry": { "type": "Point", "coordinates": [ 141.362039, 40.680859 ] } },
{ "type": "Feature", "properties": { "ID": 250250000502, "正式名称": "藤井薬局", "機関区分": 5, "都道府県コード": 2, "市区町村コード": 207, "所在地": "青森県三沢市東町４丁目５－５", "緯度": 40.678249, "経度": 141.379371, "url": "https://www.iryou.teikyouseido.mhlw.go.jp/znk-web/juminkanja/S2430/initialize?prefCd=02&kikanCd=0250000502&kikanKbn=nan", "url2": null, "内容": "藤井薬局0青森県三沢市東町４丁目５－５" }, "geometry": { "type": "Point", "coordinates": [ 141.379371, 40.678249 ] } },
{ "type": "Feature", "properties": { "ID": 250250000504, "正式名称": "宮野薬局", "機関区分": 5, "都道府県コード": 2, "市区町村コード": 207, "所在地": "青森県三沢市中央町１－８－４", "緯度": 40.681387, "経度": 141.366149, "url": "https://www.iryou.teikyouseido.mhlw.go.jp/znk-web/juminkanja/S2430/initialize?prefCd=02&kikanCd=0250000504&kikanKbn=nan", "url2": "https://sites.google.com/view/my-mpharma/%E3%83%9B%E3%83%BC%E3%83%A0", "内容": "宮野薬局0青森県三沢市中央町１－８－４" }, "geometry": { "type": "Point", "coordinates": [ 141.366149, 40.681387 ] } },
{ "type": "Feature", "properties": { "ID": 250250000506, "正式名称": "有限会社　サワカミ薬局　中央店", "機関区分": 5, "都道府県コード": 2, "市区町村コード": 207, "所在地": "青森県三沢市中央町四丁目５－１６", "緯度": 40.679331, "経度": 141.363178, "url": "https://www.iryou.teikyouseido.mhlw.go.jp/znk-web/juminkanja/S2430/initialize?prefCd=02&kikanCd=0250000506&kikanKbn=nan", "url2": "http://www.sawakami.jp", "内容": "有限会社　サワカミ薬局　中央店0青森県三沢市中央町四丁目５－１６" }, "geometry": { "type": "Point", "coordinates": [ 141.363178, 40.679331 ] } },
{ "type": "Feature", "properties": { "ID": 250250000507, "正式名称": "カトウ薬局", "機関区分": 5, "都道府県コード": 2, "市区町村コード": 207, "所在地": "青森県三沢市堀口二丁目１番地３号", "緯度": 40.683942, "経度": 141.378259, "url": "https://www.iryou.teikyouseido.mhlw.go.jp/znk-web/juminkanja/S2430/initialize?prefCd=02&kikanCd=0250000507&kikanKbn=nan", "url2": null, "内容": "カトウ薬局0青森県三沢市堀口二丁目１番地３号" }, "geometry": { "type": "Point", "coordinates": [ 141.378259, 40.683942 ] } },
{ "type": "Feature", "properties": { "ID": 250250000508, "正式名称": "みさわ調剤薬局", "機関区分": 5, "都道府県コード": 2, "市区町村コード": 207, "所在地": "青森県三沢市桜町三丁目１０番１０号", "緯度": 40.680164, "経度": 141.373288, "url": "https://www.iryou.teikyouseido.mhlw.go.jp/znk-web/juminkanja/S2430/initialize?prefCd=02&kikanCd=0250000508&kikanKbn=nan", "url2": null, "内容": "みさわ調剤薬局0青森県三沢市桜町三丁目１０番１０号" }, "geometry": { "type": "Point", "coordinates": [ 141.373288, 40.680164 ] } },
{ "type": "Feature", "properties": { "ID": 250250000510, "正式名称": "すこやか調剤薬局", "機関区分": 5, "都道府県コード": 2, "市区町村コード": 207, "所在地": "青森県三沢市大町２丁目９－２２", "緯度": 40.67722, "経度": 141.362178, "url": "https://www.iryou.teikyouseido.mhlw.go.jp/znk-web/juminkanja/S2430/initialize?prefCd=02&kikanCd=0250000510&kikanKbn=nan", "url2": null, "内容": "すこやか調剤薬局0青森県三沢市大町２丁目９－２２" }, "geometry": { "type": "Point", "coordinates": [ 141.362178, 40.67722 ] } },
{ "type": "Feature", "properties": { "ID": 250250000511, "正式名称": "株式会社　高野薬局", "機関区分": 5, "都道府県コード": 2, "市区町村コード": 401, "所在地": "青森県上北郡野辺地町野辺地１８番地４", "緯度": 40.86564, "経度": 141.127939, "url": "https://www.iryou.teikyouseido.mhlw.go.jp/znk-web/juminkanja/S2430/initialize?prefCd=02&kikanCd=0250000511&kikanKbn=nan", "url2": null, "内容": "株式会社　高野薬局0青森県上北郡野辺地町野辺地１８番地４" }, "geometry": { "type": "Point", "coordinates": [ 141.127939, 40.86564 ] } },
{ "type": "Feature", "properties": { "ID": 250250000514, "正式名称": "アイン薬局　野辺地店", "機関区分": 5, "都道府県コード": 2, "市区町村コード": 401, "所在地": "青森県上北郡野辺地町鳴沢１８－３", "緯度": 40.854419, "経度": 141.125689, "url": "https://www.iryou.teikyouseido.mhlw.go.jp/znk-web/juminkanja/S2430/initialize?prefCd=02&kikanCd=0250000514&kikanKbn=nan", "url2": "http://www.ainj.co.jp", "内容": "アイン薬局　野辺地店0青森県上北郡野辺地町鳴沢１８－３" }, "geometry": { "type": "Point", "coordinates": [ 141.125689, 40.854419 ] } },
{ "type": "Feature", "properties": { "ID": 250250000516, "正式名称": "つばさ調剤薬局", "機関区分": 5, "都道府県コード": 2, "市区町村コード": 401, "所在地": "青森県上北郡野辺地町鳴沢１番地８", "緯度": 40.854419, "経度": 141.125689, "url": "https://www.iryou.teikyouseido.mhlw.go.jp/znk-web/juminkanja/S2430/initialize?prefCd=02&kikanCd=0250000516&kikanKbn=nan", "url2": null, "内容": "つばさ調剤薬局0青森県上北郡野辺地町鳴沢１番地８" }, "geometry": { "type": "Point", "coordinates": [ 141.125689, 40.854419 ] } },
{ "type": "Feature", "properties": { "ID": 250250000517, "正式名称": "七戸調剤薬局株式会社", "機関区分": 5, "都道府県コード": 2, "市区町村コード": 402, "所在地": "青森県上北郡七戸町寺裏３２", "緯度": 40.744627, "経度": 141.157942, "url": "https://www.iryou.teikyouseido.mhlw.go.jp/znk-web/juminkanja/S2430/initialize?prefCd=02&kikanCd=0250000517&kikanKbn=nan", "url2": null, "内容": "七戸調剤薬局株式会社0青森県上北郡七戸町寺裏３２" }, "geometry": { "type": "Point", "coordinates": [ 141.157942, 40.744627 ] } },
{ "type": "Feature", "properties": { "ID": 250250000518, "正式名称": "ワカバ調剤薬局　七戸店", "機関区分": 5, "都道府県コード": 2, "市区町村コード": 402, "所在地": "青森県上北郡七戸町影津内９８－２５", "緯度": 40.698493, "経度": 141.158111, "url": "https://www.iryou.teikyouseido.mhlw.go.jp/znk-web/juminkanja/S2430/initialize?prefCd=02&kikanCd=0250000518&kikanKbn=nan", "url2": "https://www.wakaba-chouzai.com/", "内容": "ワカバ調剤薬局　七戸店0青森県上北郡七戸町影津内９８－２５" }, "geometry": { "type": "Point", "coordinates": [ 141.158111, 40.698493 ] } },
{ "type": "Feature", "properties": { "ID": 250250000520, "正式名称": "下田薬局", "機関区分": 5, "都道府県コード": 2, "市区町村コード": 402, "所在地": "青森県上北郡七戸町七戸５６－１", "緯度": 40.699603, "経度": 141.156444, "url": "https://www.iryou.teikyouseido.mhlw.go.jp/znk-web/juminkanja/S2430/initialize?prefCd=02&kikanCd=0250000520&kikanKbn=nan", "url2": null, "内容": "下田薬局0青森県上北郡七戸町七戸５６－１" }, "geometry": { "type": "Point", "coordinates": [ 141.156444, 40.699603 ] } },
{ "type": "Feature", "properties": { "ID": 250250000521, "正式名称": "天馬薬局", "機関区分": 5, "都道府県コード": 2, "市区町村コード": 402, "所在地": "青森県上北郡七戸町道ノ上６３－３", "緯度": 40.745237, "経度": 141.152803, "url": "https://www.iryou.teikyouseido.mhlw.go.jp/znk-web/juminkanja/S2430/initialize?prefCd=02&kikanCd=0250000521&kikanKbn=nan", "url2": "http://michinoku-pharmacy.co.jp", "内容": "天馬薬局0青森県上北郡七戸町道ノ上６３－３" }, "geometry": { "type": "Point", "coordinates": [ 141.152803, 40.745237 ] } },
{ "type": "Feature", "properties": { "ID": 250250000523, "正式名称": "幸保調剤薬局", "機関区分": 5, "都道府県コード": 2, "市区町村コード": 405, "所在地": "青森県上北郡六戸町犬落瀬堀切沢５９－１７２", "緯度": 40.658611, "経度": 141.347069, "url": "https://www.iryou.teikyouseido.mhlw.go.jp/znk-web/juminkanja/S2430/initialize?prefCd=02&kikanCd=0250000523&kikanKbn=nan", "url2": null, "内容": "幸保調剤薬局0青森県上北郡六戸町犬落瀬堀切沢５９－１７２" }, "geometry": { "type": "Point", "coordinates": [ 141.347069, 40.658611 ] } },
{ "type": "Feature", "properties": { "ID": 250250000524, "正式名称": "スノヤ薬局", "機関区分": 5, "都道府県コード": 2, "市区町村コード": 405, "所在地": "青森県上北郡六戸町犬落瀬若宮４", "緯度": 40.603711, "経度": 141.327621, "url": "https://www.iryou.teikyouseido.mhlw.go.jp/znk-web/juminkanja/S2430/initialize?prefCd=02&kikanCd=0250000524&kikanKbn=nan", "url2": null, "内容": "スノヤ薬局0青森県上北郡六戸町犬落瀬若宮４" }, "geometry": { "type": "Point", "coordinates": [ 141.327621, 40.603711 ] } },
{ "type": "Feature", "properties": { "ID": 250250000525, "正式名称": "オバラ薬品", "機関区分": 5, "都道府県コード": 2, "市区町村コード": 405, "所在地": "青森県上北郡六戸町犬落瀬明土１の３", "緯度": 40.600311, "経度": 141.324713, "url": "https://www.iryou.teikyouseido.mhlw.go.jp/znk-web/juminkanja/S2430/initialize?prefCd=02&kikanCd=0250000525&kikanKbn=nan", "url2": null, "内容": "オバラ薬品0青森県上北郡六戸町犬落瀬明土１の３" }, "geometry": { "type": "Point", "coordinates": [ 141.324713, 40.600311 ] } },
{ "type": "Feature", "properties": { "ID": 250250000526, "正式名称": "高橋薬局", "機関区分": 5, "都道府県コード": 2, "市区町村コード": 408, "所在地": "青森県上北郡東北町上北南一丁目３１－３６６", "緯度": 40.731473, "経度": 141.266202, "url": "https://www.iryou.teikyouseido.mhlw.go.jp/znk-web/juminkanja/S2430/initialize?prefCd=02&kikanCd=0250000526&kikanKbn=nan", "url2": null, "内容": "高橋薬局0青森県上北郡東北町上北南一丁目３１－３６６" }, "geometry": { "type": "Point", "coordinates": [ 141.266202, 40.731473 ] } },
{ "type": "Feature", "properties": { "ID": 250250000528, "正式名称": "オレンジ薬局", "機関区分": 5, "都道府県コード": 2, "市区町村コード": 408, "所在地": "青森県上北郡東北町上野南谷地２３８－２", "緯度": 40.73924, "経度": 141.253073, "url": "https://www.iryou.teikyouseido.mhlw.go.jp/znk-web/juminkanja/S2430/initialize?prefCd=02&kikanCd=0250000528&kikanKbn=nan", "url2": "http://www.meron-net.jp/orenji/", "内容": "オレンジ薬局0青森県上北郡東北町上野南谷地２３８－２" }, "geometry": { "type": "Point", "coordinates": [ 141.253073, 40.73924 ] } },
{ "type": "Feature", "properties": { "ID": 250250000532, "正式名称": "おき薬局", "機関区分": 5, "都道府県コード": 2, "市区町村コード": 208, "所在地": "青森県むつ市柳町１丁目２－２４", "緯度": 41.297679, "経度": 141.214216, "url": "https://www.iryou.teikyouseido.mhlw.go.jp/znk-web/juminkanja/S2430/initialize?prefCd=02&kikanCd=0250000532&kikanKbn=nan", "url2": "https://www.marinegroup.jp/detail/%E3%81%8A%E3%81%8D%E8%96%AC%E5%B1%80/", "内容": "おき薬局0青森県むつ市柳町１丁目２－２４" }, "geometry": { "type": "Point", "coordinates": [ 141.214216, 41.297679 ] } },
{ "type": "Feature", "properties": { "ID": 250250000533, "正式名称": "金匱堂薬局", "機関区分": 5, "都道府県コード": 2, "市区町村コード": 208, "所在地": "青森県むつ市柳町一丁目９番５２号", "緯度": 41.297845, "経度": 141.21444, "url": "https://www.iryou.teikyouseido.mhlw.go.jp/znk-web/juminkanja/S2430/initialize?prefCd=02&kikanCd=0250000533&kikanKbn=nan", "url2": null, "内容": "金匱堂薬局0青森県むつ市柳町一丁目９番５２号" }, "geometry": { "type": "Point", "coordinates": [ 141.21444, 41.297845 ] } },
{ "type": "Feature", "properties": { "ID": 250250000534, "正式名称": "公済会薬局", "機関区分": 5, "都道府県コード": 2, "市区町村コード": 208, "所在地": "青森県むつ市小川町一丁目１－５", "緯度": 41.292958, "経度": 141.200635, "url": "https://www.iryou.teikyouseido.mhlw.go.jp/znk-web/juminkanja/S2430/initialize?prefCd=02&kikanCd=0250000534&kikanKbn=nan", "url2": "https://cjp-kousaikai.or.jp", "内容": "公済会薬局0青森県むつ市小川町一丁目１－５" }, "geometry": { "type": "Point", "coordinates": [ 141.200635, 41.292958 ] } },
{ "type": "Feature", "properties": { "ID": 250250000535, "正式名称": "有限会社　佐々木薬局", "機関区分": 5, "都道府県コード": 2, "市区町村コード": 208, "所在地": "青森県むつ市緑町１８番５５号", "緯度": 41.286846, "経度": 141.196997, "url": "https://www.iryou.teikyouseido.mhlw.go.jp/znk-web/juminkanja/S2430/initialize?prefCd=02&kikanCd=0250000535&kikanKbn=nan", "url2": null, "内容": "有限会社　佐々木薬局0青森県むつ市緑町１８番５５号" }, "geometry": { "type": "Point", "coordinates": [ 141.196997, 41.286846 ] } },
{ "type": "Feature", "properties": { "ID": 250250000536, "正式名称": "天馬調剤薬局", "機関区分": 5, "都道府県コード": 2, "市区町村コード": 208, "所在地": "青森県むつ市中央２丁目５番５号", "緯度": 41.288374, "経度": 141.185026, "url": "https://www.iryou.teikyouseido.mhlw.go.jp/znk-web/juminkanja/S2430/initialize?prefCd=02&kikanCd=0250000536&kikanKbn=nan", "url2": null, "内容": "天馬調剤薬局0青森県むつ市中央２丁目５番５号" }, "geometry": { "type": "Point", "coordinates": [ 141.185026, 41.288374 ] } },
{ "type": "Feature", "properties": { "ID": 250250000538, "正式名称": "松木調剤薬局", "機関区分": 5, "都道府県コード": 2, "市区町村コード": 208, "所在地": "青森県むつ市小川町二丁目３番３４号", "緯度": 41.29368, "経度": 141.208162, "url": "https://www.iryou.teikyouseido.mhlw.go.jp/znk-web/juminkanja/S2430/initialize?prefCd=02&kikanCd=0250000538&kikanKbn=nan", "url2": null, "内容": "松木調剤薬局0青森県むつ市小川町二丁目３番３４号" }, "geometry": { "type": "Point", "coordinates": [ 141.208162, 41.29368 ] } },
{ "type": "Feature", "properties": { "ID": 250250000540, "正式名称": "たなぶ調剤薬局", "機関区分": 5, "都道府県コード": 2, "市区町村コード": 208, "所在地": "青森県むつ市柳町一丁目９－５０", "緯度": 41.297595, "経度": 141.214468, "url": "https://www.iryou.teikyouseido.mhlw.go.jp/znk-web/juminkanja/S2430/initialize?prefCd=02&kikanCd=0250000540&kikanKbn=nan", "url2": null, "内容": "たなぶ調剤薬局0青森県むつ市柳町一丁目９－５０" }, "geometry": { "type": "Point", "coordinates": [ 141.214468, 41.297595 ] } },
{ "type": "Feature", "properties": { "ID": 250250000541, "正式名称": "調剤薬局　ツルハドラッグ　むつ店", "機関区分": 5, "都道府県コード": 2, "市区町村コード": 208, "所在地": "青森県むつ市小川町１丁目９番３１号", "緯度": 41.293874, "経度": 141.206469, "url": "https://www.iryou.teikyouseido.mhlw.go.jp/znk-web/juminkanja/S2430/initialize?prefCd=02&kikanCd=0250000541&kikanKbn=nan", "url2": "http://www.tsuruha.co.jp/", "内容": "調剤薬局　ツルハドラッグ　むつ店0青森県むつ市小川町１丁目９番３１号" }, "geometry": { "type": "Point", "coordinates": [ 141.206469, 41.293874 ] } },
{ "type": "Feature", "properties": { "ID": 250250000544, "正式名称": "沖舘薬局　新町店", "機関区分": 5, "都道府県コード": 2, "市区町村コード": 208, "所在地": "青森県むつ市新町１３番５１号", "緯度": 41.288708, "経度": 141.206719, "url": "https://www.iryou.teikyouseido.mhlw.go.jp/znk-web/juminkanja/S2430/initialize?prefCd=02&kikanCd=0250000544&kikanKbn=nan", "url2": "https://okidate-ph.jp/pharmacy/", "内容": "沖舘薬局　新町店0青森県むつ市新町１３番５１号" }, "geometry": { "type": "Point", "coordinates": [ 141.206719, 41.288708 ] } },
{ "type": "Feature", "properties": { "ID": 250250000546, "正式名称": "さくら薬局", "機関区分": 5, "都道府県コード": 2, "市区町村コード": 208, "所在地": "青森県むつ市大湊浜町１８－２０", "緯度": 41.276597, "経度": 141.155085, "url": "https://www.iryou.teikyouseido.mhlw.go.jp/znk-web/juminkanja/S2430/initialize?prefCd=02&kikanCd=0250000546&kikanKbn=nan", "url2": null, "内容": "さくら薬局0青森県むつ市大湊浜町１８－２０" }, "geometry": { "type": "Point", "coordinates": [ 141.155085, 41.276597 ] } },
{ "type": "Feature", "properties": { "ID": 250250000550, "正式名称": "サカエ薬局紺屋町", "機関区分": 5, "都道府県コード": 2, "市区町村コード": 202, "所在地": "青森県弘前市紺屋町２７－１", "緯度": 40.612462, "経度": 140.462256, "url": "https://www.iryou.teikyouseido.mhlw.go.jp/znk-web/juminkanja/S2430/initialize?prefCd=02&kikanCd=0250000550&kikanKbn=nan", "url2": "http://www.e-classa.net/sakae_konyamachi/index.html", "内容": "サカエ薬局紺屋町0青森県弘前市紺屋町２７－１" }, "geometry": { "type": "Point", "coordinates": [ 140.462256, 40.612462 ] } },
{ "type": "Feature", "properties": { "ID": 250250000551, "正式名称": "有限会社　本宝薬局", "機関区分": 5, "都道府県コード": 2, "市区町村コード": 201, "所在地": "青森県青森市小柳六丁目２３－１６", "緯度": 40.818723, "経度": 140.791663, "url": "https://www.iryou.teikyouseido.mhlw.go.jp/znk-web/juminkanja/S2430/initialize?prefCd=02&kikanCd=0250000551&kikanKbn=nan", "url2": null, "内容": "有限会社　本宝薬局0青森県青森市小柳六丁目２３－１６" }, "geometry": { "type": "Point", "coordinates": [ 140.791663, 40.818723 ] } },
{ "type": "Feature", "properties": { "ID": 250250000555, "正式名称": "メイプル調剤薬局", "機関区分": 5, "都道府県コード": 2, "市区町村コード": 204, "所在地": "青森県黒石市寿町２０番地", "緯度": 40.649349, "経度": 140.600687, "url": "https://www.iryou.teikyouseido.mhlw.go.jp/znk-web/juminkanja/S2430/initialize?prefCd=02&kikanCd=0250000555&kikanKbn=nan", "url2": "http://www.ms-pharmacy.co.jp/", "内容": "メイプル調剤薬局0青森県黒石市寿町２０番地" }, "geometry": { "type": "Point", "coordinates": [ 140.600687, 40.649349 ] } },
{ "type": "Feature", "properties": { "ID": 250250000557, "正式名称": "あおば薬局", "機関区分": 5, "都道府県コード": 2, "市区町村コード": 201, "所在地": "青森県青森市青葉１丁目２－３５", "緯度": 40.805335, "経度": 140.74414, "url": "https://www.iryou.teikyouseido.mhlw.go.jp/znk-web/juminkanja/S2430/initialize?prefCd=02&kikanCd=0250000557&kikanKbn=nan", "url2": "http://sun-ph.com/", "内容": "あおば薬局0青森県青森市青葉１丁目２－３５" }, "geometry": { "type": "Point", "coordinates": [ 140.74414, 40.805335 ] } },
{ "type": "Feature", "properties": { "ID": 250250000560, "正式名称": "ハッピー調剤薬局弘前大原店", "機関区分": 5, "都道府県コード": 2, "市区町村コード": 202, "所在地": "青森県弘前市大原２－５－２６", "緯度": 40.576675, "経度": 140.449074, "url": "https://www.iryou.teikyouseido.mhlw.go.jp/znk-web/juminkanja/S2430/initialize?prefCd=02&kikanCd=0250000560&kikanKbn=nan", "url2": "https://happydrug.co.jp/storeinfo/%e5%bc%98%e5%89%8d%e5%a4%a7%e5%8e%9f%e5%ba%97/", "内容": "ハッピー調剤薬局弘前大原店0青森県弘前市大原２－５－２６" }, "geometry": { "type": "Point", "coordinates": [ 140.449074, 40.576675 ] } },
{ "type": "Feature", "properties": { "ID": 250250000561, "正式名称": "すずらん調剤薬局　観光通り店", "機関区分": 5, "都道府県コード": 2, "市区町村コード": 201, "所在地": "青森県青森市勝田１丁目２－１５", "緯度": 40.8158044, "経度": 140.752056, "url": "https://www.iryou.teikyouseido.mhlw.go.jp/znk-web/juminkanja/S2430/initialize?prefCd=02&kikanCd=0250000561&kikanKbn=nan", "url2": "https://suzuran-ph.jp", "内容": "すずらん調剤薬局　観光通り店0青森県青森市勝田１丁目２－１５" }, "geometry": { "type": "Point", "coordinates": [ 140.752056, 40.8158044 ] } },
{ "type": "Feature", "properties": { "ID": 250250000562, "正式名称": "中央薬品（株）中央調剤薬局　十和田市立中央病院前支店", "機関区分": 5, "都道府県コード": 2, "市区町村コード": 206, "所在地": "青森県十和田市西十二番町１１－１７", "緯度": 40.612392, "経度": 141.203388, "url": "https://www.iryou.teikyouseido.mhlw.go.jp/znk-web/juminkanja/S2430/initialize?prefCd=02&kikanCd=0250000562&kikanKbn=nan", "url2": "http://www.chuo-ph.com/", "内容": "中央薬品（株）中央調剤薬局　十和田市立中央病院前支店0青森県十和田市西十二番町１１－１７" }, "geometry": { "type": "Point", "coordinates": [ 141.203388, 40.612392 ] } },
{ "type": "Feature", "properties": { "ID": 250250000566, "正式名称": "なないろ調剤薬局", "機関区分": 5, "都道府県コード": 2, "市区町村コード": 202, "所在地": "青森県弘前市駅前町１３－１　扶岳ビル１Ｆ", "緯度": 40.59863, "経度": 140.482033, "url": "https://www.iryou.teikyouseido.mhlw.go.jp/znk-web/juminkanja/S2430/initialize?prefCd=02&kikanCd=0250000566&kikanKbn=nan", "url2": "http://ms-pharmacy.co.jp/index.html", "内容": "なないろ調剤薬局0青森県弘前市駅前町１３－１　扶岳ビル１Ｆ" }, "geometry": { "type": "Point", "coordinates": [ 140.482033, 40.59863 ] } },
{ "type": "Feature", "properties": { "ID": 250250000567, "正式名称": "サカエ薬局県病前", "機関区分": 5, "都道府県コード": 2, "市区町村コード": 201, "所在地": "青森県青森市東造道二丁目６－２７", "緯度": 40.831583, "経度": 140.793774, "url": "https://www.iryou.teikyouseido.mhlw.go.jp/znk-web/juminkanja/S2430/initialize?prefCd=02&kikanCd=0250000567&kikanKbn=nan", "url2": "http://machida2.co.jp/sakae/pharmacy/", "内容": "サカエ薬局県病前0青森県青森市東造道二丁目６－２７" }, "geometry": { "type": "Point", "coordinates": [ 140.793774, 40.831583 ] } },
{ "type": "Feature", "properties": { "ID": 250250000568, "正式名称": "有限会社金子安兵衛商店", "機関区分": 5, "都道府県コード": 2, "市区町村コード": 203, "所在地": "青森県八戸市廿三日町１９番地", "緯度": 40.507741, "経度": 141.487064, "url": "https://www.iryou.teikyouseido.mhlw.go.jp/znk-web/juminkanja/S2430/initialize?prefCd=02&kikanCd=0250000568&kikanKbn=nan", "url2": null, "内容": "有限会社金子安兵衛商店0青森県八戸市廿三日町１９番地" }, "geometry": { "type": "Point", "coordinates": [ 141.487064, 40.507741 ] } },
{ "type": "Feature", "properties": { "ID": 250250000571, "正式名称": "そうごう薬局　西北店", "機関区分": 5, "都道府県コード": 2, "市区町村コード": 205, "所在地": "青森県五所川原市鎌谷町１６３－３", "緯度": 40.804885, "経度": 140.445831, "url": "https://www.iryou.teikyouseido.mhlw.go.jp/znk-web/juminkanja/S2430/initialize?prefCd=02&kikanCd=0250000571&kikanKbn=nan", "url2": "https://www.sogo-medical.co.jp/sogopharmacy/shop/view/790", "内容": "そうごう薬局　西北店0青森県五所川原市鎌谷町１６３－３" }, "geometry": { "type": "Point", "coordinates": [ 140.445831, 40.804885 ] } },
{ "type": "Feature", "properties": { "ID": 250250000572, "正式名称": "いちい薬局鶴田町店", "機関区分": 5, "都道府県コード": 2, "市区町村コード": 384, "所在地": "青森県北津軽郡鶴田町鶴田字相原５５－２５", "緯度": 40.775305, "経度": 140.436333, "url": "https://www.iryou.teikyouseido.mhlw.go.jp/znk-web/juminkanja/S2430/initialize?prefCd=02&kikanCd=0250000572&kikanKbn=nan", "url2": null, "内容": "いちい薬局鶴田町店0青森県北津軽郡鶴田町鶴田字相原５５－２５" }, "geometry": { "type": "Point", "coordinates": [ 140.436333, 40.775305 ] } },
{ "type": "Feature", "properties": { "ID": 250250000573, "正式名称": "メガ調剤薬局", "機関区分": 5, "都道府県コード": 2, "市区町村コード": 202, "所在地": "青森県弘前市高田四丁目２番地１０", "緯度": 40.598381, "経度": 140.50903, "url": "https://www.iryou.teikyouseido.mhlw.go.jp/znk-web/juminkanja/S2430/initialize?prefCd=02&kikanCd=0250000573&kikanKbn=nan", "url2": null, "内容": "メガ調剤薬局0青森県弘前市高田四丁目２番地１０" }, "geometry": { "type": "Point", "coordinates": [ 140.50903, 40.598381 ] } },
{ "type": "Feature", "properties": { "ID": 250250000575, "正式名称": "つるた調剤薬局　中央店", "機関区分": 5, "都道府県コード": 2, "市区町村コード": 384, "所在地": "青森県北津軽郡鶴田町強巻字押上１－５", "緯度": 40.761362, "経度": 140.429224, "url": "https://www.iryou.teikyouseido.mhlw.go.jp/znk-web/juminkanja/S2430/initialize?prefCd=02&kikanCd=0250000575&kikanKbn=nan", "url2": "http://www.suzuran-ph.jp/", "内容": "つるた調剤薬局　中央店0青森県北津軽郡鶴田町強巻字押上１－５" }, "geometry": { "type": "Point", "coordinates": [ 140.429224, 40.761362 ] } },
{ "type": "Feature", "properties": { "ID": 250250000576, "正式名称": "レモン薬局", "機関区分": 5, "都道府県コード": 2, "市区町村コード": 208, "所在地": "青森県むつ市中央一丁目３－３５", "緯度": 41.290624, "経度": 141.18997, "url": "https://www.iryou.teikyouseido.mhlw.go.jp/znk-web/juminkanja/S2430/initialize?prefCd=02&kikanCd=0250000576&kikanKbn=nan", "url2": "https://lemon-ph.com/", "内容": "レモン薬局0青森県むつ市中央一丁目３－３５" }, "geometry": { "type": "Point", "coordinates": [ 141.18997, 41.290624 ] } },
{ "type": "Feature", "properties": { "ID": 250250000577, "正式名称": "すずらん調剤薬局　平賀店", "機関区分": 5, "都道府県コード": 2, "市区町村コード": 210, "所在地": "青森県平川市小和森種取３０－５", "緯度": 40.58666, "経度": 140.567109, "url": "https://www.iryou.teikyouseido.mhlw.go.jp/znk-web/juminkanja/S2430/initialize?prefCd=02&kikanCd=0250000577&kikanKbn=nan", "url2": "http://www.suzuran-ph.jp/hiraka/", "内容": "すずらん調剤薬局　平賀店0青森県平川市小和森種取３０－５" }, "geometry": { "type": "Point", "coordinates": [ 140.567109, 40.58666 ] } },
{ "type": "Feature", "properties": { "ID": 250250000582, "正式名称": "かみきた薬局", "機関区分": 5, "都道府県コード": 2, "市区町村コード": 408, "所在地": "青森県上北郡東北町上北北一丁目３４－４５", "緯度": 40.73138, "経度": 141.260517, "url": "https://www.iryou.teikyouseido.mhlw.go.jp/znk-web/juminkanja/S2430/initialize?prefCd=02&kikanCd=0250000582&kikanKbn=nan", "url2": "http://www.sawakami.jp", "内容": "かみきた薬局0青森県上北郡東北町上北北一丁目３４－４５" }, "geometry": { "type": "Point", "coordinates": [ 141.260517, 40.73138 ] } },
{ "type": "Feature", "properties": { "ID": 250250000584, "正式名称": "川内調剤薬局", "機関区分": 5, "都道府県コード": 2, "市区町村コード": 208, "所在地": "青森県むつ市川内町休所４２番地２６７", "緯度": 41.200491, "経度": 140.986602, "url": "https://www.iryou.teikyouseido.mhlw.go.jp/znk-web/juminkanja/S2430/initialize?prefCd=02&kikanCd=0250000584&kikanKbn=nan", "url2": "https://store.ainj.co.jp/detail/1101692/", "内容": "川内調剤薬局0青森県むつ市川内町休所４２番地２６７" }, "geometry": { "type": "Point", "coordinates": [ 140.986602, 41.200491 ] } },
{ "type": "Feature", "properties": { "ID": 250250000585, "正式名称": "中央薬品（株）中央調剤薬局　住吉町支店", "機関区分": 5, "都道府県コード": 2, "市区町村コード": 202, "所在地": "青森県弘前市住吉町１１番１０号", "緯度": 40.597706, "経度": 140.473301, "url": "https://www.iryou.teikyouseido.mhlw.go.jp/znk-web/juminkanja/S2430/initialize?prefCd=02&kikanCd=0250000585&kikanKbn=nan", "url2": "http://www.chuo-ph.com/", "内容": "中央薬品（株）中央調剤薬局　住吉町支店0青森県弘前市住吉町１１番１０号" }, "geometry": { "type": "Point", "coordinates": [ 140.473301, 40.597706 ] } },
{ "type": "Feature", "properties": { "ID": 250250000587, "正式名称": "ひかり調剤薬局", "機関区分": 5, "都道府県コード": 2, "市区町村コード": 202, "所在地": "青森県弘前市品川町２４番地１", "緯度": 40.593575, "経度": 140.478505, "url": "https://www.iryou.teikyouseido.mhlw.go.jp/znk-web/juminkanja/S2430/initialize?prefCd=02&kikanCd=0250000587&kikanKbn=nan", "url2": null, "内容": "ひかり調剤薬局0青森県弘前市品川町２４番地１" }, "geometry": { "type": "Point", "coordinates": [ 140.478505, 40.593575 ] } },
{ "type": "Feature", "properties": { "ID": 250250000588, "正式名称": "調剤薬局ツルハドラッグ弘前豊原店", "機関区分": 5, "都道府県コード": 2, "市区町村コード": 202, "所在地": "青森県弘前市豊原１丁目３－４", "緯度": 40.583271, "経度": 140.477478, "url": "https://www.iryou.teikyouseido.mhlw.go.jp/znk-web/juminkanja/S2430/initialize?prefCd=02&kikanCd=0250000588&kikanKbn=nan", "url2": "http://www.tsuruha.co.jp", "内容": "調剤薬局ツルハドラッグ弘前豊原店0青森県弘前市豊原１丁目３－４" }, "geometry": { "type": "Point", "coordinates": [ 140.477478, 40.583271 ] } },
{ "type": "Feature", "properties": { "ID": 250250000590, "正式名称": "まえたい薬局", "機関区分": 5, "都道府県コード": 2, "市区町村コード": 207, "所在地": "青森県三沢市前平４７－２５７", "緯度": 40.670944, "経度": 141.405286, "url": "https://www.iryou.teikyouseido.mhlw.go.jp/znk-web/juminkanja/S2430/initialize?prefCd=02&kikanCd=0250000590&kikanKbn=nan", "url2": "http://www.sawakami.jp", "内容": "まえたい薬局0青森県三沢市前平４７－２５７" }, "geometry": { "type": "Point", "coordinates": [ 141.405286, 40.670944 ] } },
{ "type": "Feature", "properties": { "ID": 250250000593, "正式名称": "アイン薬局城下店", "機関区分": 5, "都道府県コード": 2, "市区町村コード": 203, "所在地": "青森県八戸市城下４丁目１０－３５", "緯度": 40.517712, "経度": 141.492453, "url": "https://www.iryou.teikyouseido.mhlw.go.jp/znk-web/juminkanja/S2430/initialize?prefCd=02&kikanCd=0250000593&kikanKbn=nan", "url2": "https://www.ainj.co.jp/", "内容": "アイン薬局城下店0青森県八戸市城下４丁目１０－３５" }, "geometry": { "type": "Point", "coordinates": [ 141.492453, 40.517712 ] } },
{ "type": "Feature", "properties": { "ID": 250250000594, "正式名称": "テック調剤薬局　ヒルズ店", "機関区分": 5, "都道府県コード": 2, "市区町村コード": 201, "所在地": "青森県青森市雲谷山吹９４－２５", "緯度": 40.754702, "経度": 140.773112, "url": "https://www.iryou.teikyouseido.mhlw.go.jp/znk-web/juminkanja/S2430/initialize?prefCd=02&kikanCd=0250000594&kikanKbn=nan", "url2": "http://www.tech-ph.co.jp/", "内容": "テック調剤薬局　ヒルズ店0青森県青森市雲谷山吹９４－２５" }, "geometry": { "type": "Point", "coordinates": [ 140.773112, 40.754702 ] } },
{ "type": "Feature", "properties": { "ID": 250250000596, "正式名称": "中央薬品（株）中央調剤薬局　金沢支店", "機関区分": 5, "都道府県コード": 2, "市区町村コード": 201, "所在地": "青森県青森市浪館字志田３１－１", "緯度": 40.809445, "経度": 140.723308, "url": "https://www.iryou.teikyouseido.mhlw.go.jp/znk-web/juminkanja/S2430/initialize?prefCd=02&kikanCd=0250000596&kikanKbn=nan", "url2": "http://www.chuo-ph.com/", "内容": "中央薬品（株）中央調剤薬局　金沢支店0青森県青森市浪館字志田３１－１" }, "geometry": { "type": "Point", "coordinates": [ 140.723308, 40.809445 ] } },
{ "type": "Feature", "properties": { "ID": 250250000602, "正式名称": "オーロラ薬局大野店", "機関区分": 5, "都道府県コード": 2, "市区町村コード": 201, "所在地": "青森県青森市大野山下１７１－１８", "緯度": 40.802085, "経度": 140.731503, "url": "https://www.iryou.teikyouseido.mhlw.go.jp/znk-web/juminkanja/S2430/initialize?prefCd=02&kikanCd=0250000602&kikanKbn=nan", "url2": "https://www.o-rora-aomori.jp/home", "内容": "オーロラ薬局大野店0青森県青森市大野山下１７１－１８" }, "geometry": { "type": "Point", "coordinates": [ 140.731503, 40.802085 ] } },
{ "type": "Feature", "properties": { "ID": 250250000603, "正式名称": "よこはま薬局", "機関区分": 5, "都道府県コード": 2, "市区町村コード": 406, "所在地": "青森県上北郡横浜町寺下８１－２", "緯度": 41.083342, "経度": 141.248613, "url": "https://www.iryou.teikyouseido.mhlw.go.jp/znk-web/juminkanja/S2430/initialize?prefCd=02&kikanCd=0250000603&kikanKbn=nan", "url2": "http://www.sawakami.jp", "内容": "よこはま薬局0青森県上北郡横浜町寺下８１－２" }, "geometry": { "type": "Point", "coordinates": [ 141.248613, 41.083342 ] } },
{ "type": "Feature", "properties": { "ID": 250250000604, "正式名称": "共創未来　さわべ薬局", "機関区分": 5, "都道府県コード": 2, "市区町村コード": 201, "所在地": "青森県青森市三内沢部２０１－１４", "緯度": 40.810666, "経度": 140.69095, "url": "https://www.iryou.teikyouseido.mhlw.go.jp/znk-web/juminkanja/S2430/initialize?prefCd=02&kikanCd=0250000604&kikanKbn=nan", "url2": "http://www.phmirai.co.jp/shops/detail.php?id=247", "内容": "共創未来　さわべ薬局0青森県青森市三内沢部２０１－１４" }, "geometry": { "type": "Point", "coordinates": [ 140.69095, 40.810666 ] } },
{ "type": "Feature", "properties": { "ID": 250250000606, "正式名称": "うとう調剤薬局大野店", "機関区分": 5, "都道府県コード": 2, "市区町村コード": 201, "所在地": "青森県青森市東大野一丁目４－４６", "緯度": 40.80264, "経度": 140.742363, "url": "https://www.iryou.teikyouseido.mhlw.go.jp/znk-web/juminkanja/S2430/initialize?prefCd=02&kikanCd=0250000606&kikanKbn=nan", "url2": "https://utou-ph.jp/about/", "内容": "うとう調剤薬局大野店0青森県青森市東大野一丁目４－４６" }, "geometry": { "type": "Point", "coordinates": [ 140.742363, 40.80264 ] } },
{ "type": "Feature", "properties": { "ID": 250250000608, "正式名称": "調剤薬局ツルハドラッグ十和田店", "機関区分": 5, "都道府県コード": 2, "市区町村コード": 206, "所在地": "青森県十和田市西十二番町１５番２６号", "緯度": 40.612891, "経度": 141.200944, "url": "https://www.iryou.teikyouseido.mhlw.go.jp/znk-web/juminkanja/S2430/initialize?prefCd=02&kikanCd=0250000608&kikanKbn=nan", "url2": "http://www.tsuruha.co.jp/", "内容": "調剤薬局ツルハドラッグ十和田店0青森県十和田市西十二番町１５番２６号" }, "geometry": { "type": "Point", "coordinates": [ 141.200944, 40.612891 ] } },
{ "type": "Feature", "properties": { "ID": 250250000611, "正式名称": "みさわ市民薬局", "機関区分": 5, "都道府県コード": 2, "市区町村コード": 207, "所在地": "青森県三沢市三沢堀口１６４－５", "緯度": 40.669028, "経度": 141.392176, "url": "https://www.iryou.teikyouseido.mhlw.go.jp/znk-web/juminkanja/S2430/initialize?prefCd=02&kikanCd=0250000611&kikanKbn=nan", "url2": "https://sun-ph.com", "内容": "みさわ市民薬局0青森県三沢市三沢堀口１６４－５" }, "geometry": { "type": "Point", "coordinates": [ 141.392176, 40.669028 ] } },
{ "type": "Feature", "properties": { "ID": 250250000612, "正式名称": "スマイル薬局黒石店", "機関区分": 5, "都道府県コード": 2, "市区町村コード": 204, "所在地": "青森県黒石市ぐみの木一丁目６７番５号", "緯度": 40.648516, "経度": 140.596437, "url": "https://www.iryou.teikyouseido.mhlw.go.jp/znk-web/juminkanja/S2430/initialize?prefCd=02&kikanCd=0250000612&kikanKbn=nan", "url2": null, "内容": "スマイル薬局黒石店0青森県黒石市ぐみの木一丁目６７番５号" }, "geometry": { "type": "Point", "coordinates": [ 140.596437, 40.648516 ] } },
{ "type": "Feature", "properties": { "ID": 250250000614, "正式名称": "三沢薬剤師薬局", "機関区分": 5, "都道府県コード": 2, "市区町村コード": 207, "所在地": "青森県三沢市三沢字堀口１６４－２８３", "緯度": 40.688859, "経度": 141.403368, "url": "https://www.iryou.teikyouseido.mhlw.go.jp/znk-web/juminkanja/S2430/initialize?prefCd=02&kikanCd=0250000614&kikanKbn=nan", "url2": "http://www.misawa-pha.co.jp", "内容": "三沢薬剤師薬局0青森県三沢市三沢字堀口１６４－２８３" }, "geometry": { "type": "Point", "coordinates": [ 141.403368, 40.688859 ] } },
{ "type": "Feature", "properties": { "ID": 250250000616, "正式名称": "アルカディア中央薬局", "機関区分": 5, "都道府県コード": 2, "市区町村コード": 202, "所在地": "青森県弘前市扇町一丁目１番３", "緯度": 40.585965, "経度": 140.505059, "url": "https://www.iryou.teikyouseido.mhlw.go.jp/znk-web/juminkanja/S2430/initialize?prefCd=02&kikanCd=0250000616&kikanKbn=nan", "url2": "http://www.e-classa.net/arcadia-chuo/", "内容": "アルカディア中央薬局0青森県弘前市扇町一丁目１番３" }, "geometry": { "type": "Point", "coordinates": [ 140.505059, 40.585965 ] } },
{ "type": "Feature", "properties": { "ID": 250250000618, "正式名称": "会営青森第一調剤薬局", "機関区分": 5, "都道府県コード": 2, "市区町村コード": 201, "所在地": "青森県青森市浪打一丁目１６－１７", "緯度": 40.82575, "経度": 140.778748, "url": "https://www.iryou.teikyouseido.mhlw.go.jp/znk-web/juminkanja/S2430/initialize?prefCd=02&kikanCd=0250000618&kikanKbn=nan", "url2": null, "内容": "会営青森第一調剤薬局0青森県青森市浪打一丁目１６－１７" }, "geometry": { "type": "Point", "coordinates": [ 140.778748, 40.82575 ] } },
{ "type": "Feature", "properties": { "ID": 250250000620, "正式名称": "アーチ調剤薬局油川店", "機関区分": 5, "都道府県コード": 2, "市区町村コード": 201, "所在地": "青森県青森市羽白沢田３６－１３", "緯度": 40.855134, "経度": 140.691476, "url": "https://www.iryou.teikyouseido.mhlw.go.jp/znk-web/juminkanja/S2430/initialize?prefCd=02&kikanCd=0250000620&kikanKbn=nan", "url2": "pharmacreate.net", "内容": "アーチ調剤薬局油川店0青森県青森市羽白沢田３６－１３" }, "geometry": { "type": "Point", "coordinates": [ 140.691476, 40.855134 ] } },
{ "type": "Feature", "properties": { "ID": 250250000621, "正式名称": "スマイル薬局", "機関区分": 5, "都道府県コード": 2, "市区町村コード": 201, "所在地": "青森県青森市筒井八ッ橋３１－１１７", "緯度": 40.797236, "経度": 140.773217, "url": "https://www.iryou.teikyouseido.mhlw.go.jp/znk-web/juminkanja/S2430/initialize?prefCd=02&kikanCd=0250000621&kikanKbn=nan", "url2": "https://www.medicalone.jp", "内容": "スマイル薬局0青森県青森市筒井八ッ橋３１－１１７" }, "geometry": { "type": "Point", "coordinates": [ 140.773217, 40.797236 ] } },
{ "type": "Feature", "properties": { "ID": 250250000626, "正式名称": "有限会社サワカミ薬局堀口店", "機関区分": 5, "都道府県コード": 2, "市区町村コード": 207, "所在地": "青森県三沢市下久保二丁目１－２２", "緯度": 40.687192, "経度": 141.381426, "url": "https://www.iryou.teikyouseido.mhlw.go.jp/znk-web/juminkanja/S2430/initialize?prefCd=02&kikanCd=0250000626&kikanKbn=nan", "url2": "http://www.sawakami.jp/", "内容": "有限会社サワカミ薬局堀口店0青森県三沢市下久保二丁目１－２２" }, "geometry": { "type": "Point", "coordinates": [ 141.381426, 40.687192 ] } },
{ "type": "Feature", "properties": { "ID": 250250000627, "正式名称": "りんごのき薬局本町店", "機関区分": 5, "都道府県コード": 2, "市区町村コード": 202, "所在地": "青森県弘前市本町５０－１　本町フラット１階", "緯度": 40.601102, "経度": 140.466367, "url": "https://www.iryou.teikyouseido.mhlw.go.jp/znk-web/juminkanja/S2430/initialize?prefCd=02&kikanCd=0250000627&kikanKbn=nan", "url2": "https://ship-ph.co.jp", "内容": "りんごのき薬局本町店0青森県弘前市本町５０－１　本町フラット１階" }, "geometry": { "type": "Point", "coordinates": [ 140.466367, 40.601102 ] } },
{ "type": "Feature", "properties": { "ID": 250250000629, "正式名称": "サンケア薬局石堂店", "機関区分": 5, "都道府県コード": 2, "市区町村コード": 203, "所在地": "青森県八戸市石堂１丁目１５番９", "緯度": 40.524183, "経度": 141.480675, "url": "https://www.iryou.teikyouseido.mhlw.go.jp/znk-web/juminkanja/S2430/initialize?prefCd=02&kikanCd=0250000629&kikanKbn=nan", "url2": "http://sun-ph.com/", "内容": "サンケア薬局石堂店0青森県八戸市石堂１丁目１５番９" }, "geometry": { "type": "Point", "coordinates": [ 141.480675, 40.524183 ] } },
{ "type": "Feature", "properties": { "ID": 250250000630, "正式名称": "乙供さくら薬局", "機関区分": 5, "都道府県コード": 2, "市区町村コード": 408, "所在地": "青森県上北郡東北町上笹橋２３番地１２", "緯度": 40.77854, "経度": 141.214853, "url": "https://www.iryou.teikyouseido.mhlw.go.jp/znk-web/juminkanja/S2430/initialize?prefCd=02&kikanCd=0250000630&kikanKbn=nan", "url2": null, "内容": "乙供さくら薬局0青森県上北郡東北町上笹橋２３番地１２" }, "geometry": { "type": "Point", "coordinates": [ 141.214853, 40.77854 ] } },
{ "type": "Feature", "properties": { "ID": 250250000631, "正式名称": "七福薬局むつ", "機関区分": 5, "都道府県コード": 2, "市区町村コード": 208, "所在地": "青森県むつ市中央二丁目５番１９号", "緯度": 41.292013, "経度": 141.186581, "url": "https://www.iryou.teikyouseido.mhlw.go.jp/znk-web/juminkanja/S2430/initialize?prefCd=02&kikanCd=0250000631&kikanKbn=nan", "url2": "http://shichifuku729.com", "内容": "七福薬局むつ0青森県むつ市中央二丁目５番１９号" }, "geometry": { "type": "Point", "coordinates": [ 141.186581, 41.292013 ] } },
{ "type": "Feature", "properties": { "ID": 250250000634, "正式名称": "平成薬局黒石病院前", "機関区分": 5, "都道府県コード": 2, "市区町村コード": 204, "所在地": "青森県黒石市北美町一丁目６１", "緯度": 40.655153, "経度": 140.60227, "url": "https://www.iryou.teikyouseido.mhlw.go.jp/znk-web/juminkanja/S2430/initialize?prefCd=02&kikanCd=0250000634&kikanKbn=nan", "url2": null, "内容": "平成薬局黒石病院前0青森県黒石市北美町一丁目６１" }, "geometry": { "type": "Point", "coordinates": [ 140.60227, 40.655153 ] } },
{ "type": "Feature", "properties": { "ID": 250250000635, "正式名称": "オレンジ薬局", "機関区分": 5, "都道府県コード": 2, "市区町村コード": 201, "所在地": "青森県青森市松原三丁目１番１４号", "緯度": 40.821416, "経度": 140.761527, "url": "https://www.iryou.teikyouseido.mhlw.go.jp/znk-web/juminkanja/S2430/initialize?prefCd=02&kikanCd=0250000635&kikanKbn=nan", "url2": "https://www.e-classa.net/orange-aomori/index.html", "内容": "オレンジ薬局0青森県青森市松原三丁目１番１４号" }, "geometry": { "type": "Point", "coordinates": [ 140.761527, 40.821416 ] } },
{ "type": "Feature", "properties": { "ID": 250250000636, "正式名称": "なの花薬局　浦町店", "機関区分": 5, "都道府県コード": 2, "市区町村コード": 201, "所在地": "青森県青森市勝田一丁目１５番６号", "緯度": 40.814945, "経度": 140.755139, "url": "https://www.iryou.teikyouseido.mhlw.go.jp/znk-web/juminkanja/S2430/initialize?prefCd=02&kikanCd=0250000636&kikanKbn=nan", "url2": "https://www.nanohana-ph.jp/shop/touhoku/aomori/aomori/uramachichozai.php", "内容": "なの花薬局　浦町店0青森県青森市勝田一丁目１５番６号" }, "geometry": { "type": "Point", "coordinates": [ 140.755139, 40.814945 ] } },
{ "type": "Feature", "properties": { "ID": 250250000637, "正式名称": "なの花薬局根城店", "機関区分": 5, "都道府県コード": 2, "市区町村コード": 203, "所在地": "青森県八戸市根城５丁目２番５号", "緯度": 40.507157, "経度": 141.472205, "url": "https://www.iryou.teikyouseido.mhlw.go.jp/znk-web/juminkanja/S2430/initialize?prefCd=02&kikanCd=0250000637&kikanKbn=nan", "url2": "https://www.nanohana-ph.jp/shop/touhoku/aomori/hachinohe/apotekkunejo.php", "内容": "なの花薬局根城店0青森県八戸市根城５丁目２番５号" }, "geometry": { "type": "Point", "coordinates": [ 141.472205, 40.507157 ] } },
{ "type": "Feature", "properties": { "ID": 250250000638, "正式名称": "なの花薬局五戸店", "機関区分": 5, "都道府県コード": 2, "市区町村コード": 442, "所在地": "青森県三戸郡五戸町正場沢３－４", "緯度": 40.520986, "経度": 141.308107, "url": "https://www.iryou.teikyouseido.mhlw.go.jp/znk-web/juminkanja/S2430/initialize?prefCd=02&kikanCd=0250000638&kikanKbn=nan", "url2": "https://www.nanohana-ph.jp/shop/touhoku/aomori/sannohe/gonohecyozai.php", "内容": "なの花薬局五戸店0青森県三戸郡五戸町正場沢３－４" }, "geometry": { "type": "Point", "coordinates": [ 141.308107, 40.520986 ] } },
{ "type": "Feature", "properties": { "ID": 250250000639, "正式名称": "なの花薬局　一番町店", "機関区分": 5, "都道府県コード": 2, "市区町村コード": 203, "所在地": "青森県八戸市一番町二丁目３番７号", "緯度": 40.508879, "経度": 141.43518, "url": "https://www.iryou.teikyouseido.mhlw.go.jp/znk-web/juminkanja/S2430/initialize?prefCd=02&kikanCd=0250000639&kikanKbn=nan", "url2": "https://www.nanohana-ph.jp/shop/touhoku/aomori/hachinohe/ichibancho.php", "内容": "なの花薬局　一番町店0青森県八戸市一番町二丁目３番７号" }, "geometry": { "type": "Point", "coordinates": [ 141.43518, 40.508879 ] } },
{ "type": "Feature", "properties": { "ID": 250250000640, "正式名称": "なの花薬局五戸東店", "機関区分": 5, "都道府県コード": 2, "市区町村コード": 442, "所在地": "青森県三戸郡五戸町鍜冶屋窪上ミ３４－１", "緯度": 40.527347, "経度": 141.311578, "url": "https://www.iryou.teikyouseido.mhlw.go.jp/znk-web/juminkanja/S2430/initialize?prefCd=02&kikanCd=0250000640&kikanKbn=nan", "url2": "https://www.nanohana-ph.jp/shop/touhoku/aomori/sannohe/gonohehigashi.php", "内容": "なの花薬局五戸東店0青森県三戸郡五戸町鍜冶屋窪上ミ３４－１" }, "geometry": { "type": "Point", "coordinates": [ 141.311578, 40.527347 ] } },
{ "type": "Feature", "properties": { "ID": 250250000641, "正式名称": "なの花薬局おいらせ店", "機関区分": 5, "都道府県コード": 2, "市区町村コード": 412, "所在地": "青森県上北郡おいらせ町上明堂９－３", "緯度": 40.593064, "経度": 141.43062, "url": "https://www.iryou.teikyouseido.mhlw.go.jp/znk-web/juminkanja/S2430/initialize?prefCd=02&kikanCd=0250000641&kikanKbn=nan", "url2": "https://www.nanohana-ph.jp/shop/touhoku/aomori/kamikita/momoishichozai.php", "内容": "なの花薬局おいらせ店0青森県上北郡おいらせ町上明堂９－３" }, "geometry": { "type": "Point", "coordinates": [ 141.43062, 40.593064 ] } },
{ "type": "Feature", "properties": { "ID": 250250000645, "正式名称": "ルナ調剤薬局", "機関区分": 5, "都道府県コード": 2, "市区町村コード": 202, "所在地": "青森県弘前市元長町１１番地１２", "緯度": 40.601818, "経度": 140.468237, "url": "https://www.iryou.teikyouseido.mhlw.go.jp/znk-web/juminkanja/S2430/initialize?prefCd=02&kikanCd=0250000645&kikanKbn=nan", "url2": null, "内容": "ルナ調剤薬局0青森県弘前市元長町１１番地１２" }, "geometry": { "type": "Point", "coordinates": [ 140.468237, 40.601818 ] } },
{ "type": "Feature", "properties": { "ID": 250250000651, "正式名称": "ゆりのき薬局　浪打店", "機関区分": 5, "都道府県コード": 2, "市区町村コード": 201, "所在地": "青森県青森市合浦二丁目１１－１４", "緯度": 40.826666, "経度": 140.776331, "url": "https://www.iryou.teikyouseido.mhlw.go.jp/znk-web/juminkanja/S2430/initialize?prefCd=02&kikanCd=0250000651&kikanKbn=nan", "url2": "http://www.yurinoki.co.jp", "内容": "ゆりのき薬局　浪打店0青森県青森市合浦二丁目１１－１４" }, "geometry": { "type": "Point", "coordinates": [ 140.776331, 40.826666 ] } },
{ "type": "Feature", "properties": { "ID": 250250000654, "正式名称": "マエダ調剤薬局浜の町店", "機関区分": 5, "都道府県コード": 2, "市区町村コード": 202, "所在地": "青森県弘前市浜の町西二丁目１－２", "緯度": 40.617544, "経度": 140.458756, "url": "https://www.iryou.teikyouseido.mhlw.go.jp/znk-web/juminkanja/S2430/initialize?prefCd=02&kikanCd=0250000654&kikanKbn=nan", "url2": null, "内容": "マエダ調剤薬局浜の町店0青森県弘前市浜の町西二丁目１－２" }, "geometry": { "type": "Point", "coordinates": [ 140.458756, 40.617544 ] } },
{ "type": "Feature", "properties": { "ID": 250250000655, "正式名称": "ひらかわ調剤薬局", "機関区分": 5, "都道府県コード": 2, "市区町村コード": 210, "所在地": "青森県平川市大光寺三村井２８番７", "緯度": 40.591548, "経度": 140.55561, "url": "https://www.iryou.teikyouseido.mhlw.go.jp/znk-web/juminkanja/S2430/initialize?prefCd=02&kikanCd=0250000655&kikanKbn=nan", "url2": null, "内容": "ひらかわ調剤薬局0青森県平川市大光寺三村井２８番７" }, "geometry": { "type": "Point", "coordinates": [ 140.55561, 40.591548 ] } },
{ "type": "Feature", "properties": { "ID": 250250000656, "正式名称": "わせだ薬局", "機関区分": 5, "都道府県コード": 2, "市区町村コード": 202, "所在地": "青森県弘前市早稲田２丁目２ー１３", "緯度": 40.60277, "経度": 140.513335, "url": "https://www.iryou.teikyouseido.mhlw.go.jp/znk-web/juminkanja/S2430/initialize?prefCd=02&kikanCd=0250000656&kikanKbn=nan", "url2": "https://www.medicalone.jp/company", "内容": "わせだ薬局0青森県弘前市早稲田２丁目２ー１３" }, "geometry": { "type": "Point", "coordinates": [ 140.513335, 40.60277 ] } },
{ "type": "Feature", "properties": { "ID": 250250000657, "正式名称": "テック調剤薬局　浜田店", "機関区分": 5, "都道府県コード": 2, "市区町村コード": 201, "所在地": "青森県青森市浜田三丁目３－１７", "緯度": 40.79803, "経度": 140.749251, "url": "https://www.iryou.teikyouseido.mhlw.go.jp/znk-web/juminkanja/S2430/initialize?prefCd=02&kikanCd=0250000657&kikanKbn=nan", "url2": "http://www.tech-ph.co.jp/", "内容": "テック調剤薬局　浜田店0青森県青森市浜田三丁目３－１７" }, "geometry": { "type": "Point", "coordinates": [ 140.749251, 40.79803 ] } },
{ "type": "Feature", "properties": { "ID": 250250000658, "正式名称": "イオン薬局八戸田向店", "機関区分": 5, "都道府県コード": 2, "市区町村コード": 203, "所在地": "青森県八戸市田向三丁目５番１号", "緯度": 40.492993, "経度": 141.510341, "url": "https://www.iryou.teikyouseido.mhlw.go.jp/znk-web/juminkanja/S2430/initialize?prefCd=02&kikanCd=0250000658&kikanKbn=nan", "url2": "https://aeontohoku.co.jp/stores/hachinohetamukai", "内容": "イオン薬局八戸田向店0青森県八戸市田向三丁目５番１号" }, "geometry": { "type": "Point", "coordinates": [ 141.510341, 40.492993 ] } },
{ "type": "Feature", "properties": { "ID": 250250000659, "正式名称": "いちい薬局五所川原敷島町店", "機関区分": 5, "都道府県コード": 2, "市区町村コード": 205, "所在地": "青森県五所川原市敷島町５８番地１", "緯度": 40.813218, "経度": 140.446998, "url": "https://www.iryou.teikyouseido.mhlw.go.jp/znk-web/juminkanja/S2430/initialize?prefCd=02&kikanCd=0250000659&kikanKbn=nan", "url2": "http://ichiidrug.co.jp/", "内容": "いちい薬局五所川原敷島町店0青森県五所川原市敷島町５８番地１" }, "geometry": { "type": "Point", "coordinates": [ 140.446998, 40.813218 ] } },
{ "type": "Feature", "properties": { "ID": 250250000660, "正式名称": "すずらん調剤薬局　沖館店", "機関区分": 5, "都道府県コード": 2, "市区町村コード": 201, "所在地": "青森県青森市沖館三丁目１－１８", "緯度": 40.835275, "経度": 140.724252, "url": "https://www.iryou.teikyouseido.mhlw.go.jp/znk-web/juminkanja/S2430/initialize?prefCd=02&kikanCd=0250000660&kikanKbn=nan", "url2": "http://www.suzuran-ph.jp", "内容": "すずらん調剤薬局　沖館店0青森県青森市沖館三丁目１－１８" }, "geometry": { "type": "Point", "coordinates": [ 140.724252, 40.835275 ] } },
{ "type": "Feature", "properties": { "ID": 250250000662, "正式名称": "碇ヶ関調剤薬局", "機関区分": 5, "都道府県コード": 2, "市区町村コード": 210, "所在地": "青森県平川市碇ケ関鯨森５５－２７", "緯度": 40.477007, "経度": 140.629109, "url": "https://www.iryou.teikyouseido.mhlw.go.jp/znk-web/juminkanja/S2430/initialize?prefCd=02&kikanCd=0250000662&kikanKbn=nan", "url2": "http://ms-pharmacy.co.jp/", "内容": "碇ヶ関調剤薬局0青森県平川市碇ケ関鯨森５５－２７" }, "geometry": { "type": "Point", "coordinates": [ 140.629109, 40.477007 ] } },
{ "type": "Feature", "properties": { "ID": 250250000664, "正式名称": "いちご薬局　八戸日赤前店", "機関区分": 5, "都道府県コード": 2, "市区町村コード": 203, "所在地": "青森県八戸市田面木堤下１２－３", "緯度": 40.500324, "経度": 141.445707, "url": "https://www.iryou.teikyouseido.mhlw.go.jp/znk-web/juminkanja/S2430/initialize?prefCd=02&kikanCd=0250000664&kikanKbn=nan", "url2": "https://www.ichigo-ph.com/", "内容": "いちご薬局　八戸日赤前店0青森県八戸市田面木堤下１２－３" }, "geometry": { "type": "Point", "coordinates": [ 141.445707, 40.500324 ] } },
{ "type": "Feature", "properties": { "ID": 250250000665, "正式名称": "植田町薬局", "機関区分": 5, "都道府県コード": 2, "市区町村コード": 202, "所在地": "青森県弘前市植田町１５－２", "緯度": 40.602546, "経度": 140.478144, "url": "https://www.iryou.teikyouseido.mhlw.go.jp/znk-web/juminkanja/S2430/initialize?prefCd=02&kikanCd=0250000665&kikanKbn=nan", "url2": "http://aroma-hirata.jp/?page_id=856", "内容": "植田町薬局0青森県弘前市植田町１５－２" }, "geometry": { "type": "Point", "coordinates": [ 140.478144, 40.602546 ] } },
{ "type": "Feature", "properties": { "ID": 250250000666, "正式名称": "ふじの調剤薬局", "機関区分": 5, "都道府県コード": 2, "市区町村コード": 202, "所在地": "青森県弘前市藤野", "緯度": 40.628077, "経度": 140.467929, "url": "https://www.iryou.teikyouseido.mhlw.go.jp/znk-web/juminkanja/S2430/initialize?prefCd=02&kikanCd=0250000666&kikanKbn=nan", "url2": null, "内容": "ふじの調剤薬局0青森県弘前市藤野" }, "geometry": { "type": "Point", "coordinates": [ 140.467929, 40.628077 ] } },
{ "type": "Feature", "properties": { "ID": 250250000667, "正式名称": "すずらん調剤薬局　松原東店", "機関区分": 5, "都道府県コード": 2, "市区町村コード": 202, "所在地": "青森県弘前市松原東２丁目５－２６", "緯度": 40.57691, "経度": 140.479089, "url": "https://www.iryou.teikyouseido.mhlw.go.jp/znk-web/juminkanja/S2430/initialize?prefCd=02&kikanCd=0250000667&kikanKbn=nan", "url2": "http://suzuran-ph.jp/", "内容": "すずらん調剤薬局　松原東店0青森県弘前市松原東２丁目５－２６" }, "geometry": { "type": "Point", "coordinates": [ 140.479089, 40.57691 ] } },
{ "type": "Feature", "properties": { "ID": 250250000668, "正式名称": "すずらん調剤薬局　市民病院前店", "機関区分": 5, "都道府県コード": 2, "市区町村コード": 201, "所在地": "青森県青森市奥野一丁目６－１０", "緯度": 40.814501, "経度": 140.755778, "url": "https://www.iryou.teikyouseido.mhlw.go.jp/znk-web/juminkanja/S2430/initialize?prefCd=02&kikanCd=0250000668&kikanKbn=nan", "url2": "https://suzuran-ph.jp/", "内容": "すずらん調剤薬局　市民病院前店0青森県青森市奥野一丁目６－１０" }, "geometry": { "type": "Point", "coordinates": [ 140.755778, 40.814501 ] } },
{ "type": "Feature", "properties": { "ID": 250250000670, "正式名称": "なの花薬局内丸店", "機関区分": 5, "都道府県コード": 2, "市区町村コード": 203, "所在地": "青森県八戸市内丸３－５－３７－１", "緯度": 40.513296, "経度": 141.490842, "url": "https://www.iryou.teikyouseido.mhlw.go.jp/znk-web/juminkanja/S2430/initialize?prefCd=02&kikanCd=0250000670&kikanKbn=nan", "url2": "https://www.nanohana-ph.jp/shop/touhoku/aomori/hachinohe/apotekkuchimaru.php", "内容": "なの花薬局内丸店0青森県八戸市内丸３－５－３７－１" }, "geometry": { "type": "Point", "coordinates": [ 141.490842, 40.513296 ] } },
{ "type": "Feature", "properties": { "ID": 250250000672, "正式名称": "なの花薬局柏崎店", "機関区分": 5, "都道府県コード": 2, "市区町村コード": 203, "所在地": "青森県八戸市柏崎三丁目７番１７号", "緯度": 40.512212, "経度": 141.50398, "url": "https://www.iryou.teikyouseido.mhlw.go.jp/znk-web/juminkanja/S2430/initialize?prefCd=02&kikanCd=0250000672&kikanKbn=nan", "url2": "https://www.nanohana-ph.jp/shop/touhoku/aomori/hachinohe/apotekkukashiwazaki.php", "内容": "なの花薬局柏崎店0青森県八戸市柏崎三丁目７番１７号" }, "geometry": { "type": "Point", "coordinates": [ 141.50398, 40.512212 ] } },
{ "type": "Feature", "properties": { "ID": 250250000673, "正式名称": "まちい調剤薬局", "機関区分": 5, "都道府県コード": 2, "市区町村コード": 210, "所在地": "青森県平川市町居山元９６－１", "緯度": 40.587299, "経度": 140.588552, "url": "https://www.iryou.teikyouseido.mhlw.go.jp/znk-web/juminkanja/S2430/initialize?prefCd=02&kikanCd=0250000673&kikanKbn=nan", "url2": null, "内容": "まちい調剤薬局0青森県平川市町居山元９６－１" }, "geometry": { "type": "Point", "coordinates": [ 140.588552, 40.587299 ] } },
{ "type": "Feature", "properties": { "ID": 250250000674, "正式名称": "マエダ調剤薬局　中央店", "機関区分": 5, "都道府県コード": 2, "市区町村コード": 202, "所在地": "青森県弘前市南川端町１３－９", "緯度": 40.597491, "経度": 140.470812, "url": "https://www.iryou.teikyouseido.mhlw.go.jp/znk-web/juminkanja/S2430/initialize?prefCd=02&kikanCd=0250000674&kikanKbn=nan", "url2": "http://www.maeda-ph.jp/", "内容": "マエダ調剤薬局　中央店0青森県弘前市南川端町１３－９" }, "geometry": { "type": "Point", "coordinates": [ 140.470812, 40.597491 ] } },
{ "type": "Feature", "properties": { "ID": 250250000675, "正式名称": "いわき調剤薬局", "機関区分": 5, "都道府県コード": 2, "市区町村コード": 202, "所在地": "青森県弘前市賀田一丁目１４－１５", "緯度": 40.616682, "経度": 140.418287, "url": "https://www.iryou.teikyouseido.mhlw.go.jp/znk-web/juminkanja/S2430/initialize?prefCd=02&kikanCd=0250000675&kikanKbn=nan", "url2": null, "内容": "いわき調剤薬局0青森県弘前市賀田一丁目１４－１５" }, "geometry": { "type": "Point", "coordinates": [ 140.418287, 40.616682 ] } },
{ "type": "Feature", "properties": { "ID": 250250000676, "正式名称": "サンケア薬局湊高台店", "機関区分": 5, "都道府県コード": 2, "市区町村コード": 203, "所在地": "青森県八戸市新井田二本杉１－１８", "緯度": 40.504909, "経度": 141.533978, "url": "https://www.iryou.teikyouseido.mhlw.go.jp/znk-web/juminkanja/S2430/initialize?prefCd=02&kikanCd=0250000676&kikanKbn=nan", "url2": "http://sun-ph.com/", "内容": "サンケア薬局湊高台店0青森県八戸市新井田二本杉１－１８" }, "geometry": { "type": "Point", "coordinates": [ 141.533978, 40.504909 ] } },
{ "type": "Feature", "properties": { "ID": 250250000678, "正式名称": "アイン薬局　つくだ店", "機関区分": 5, "都道府県コード": 2, "市区町村コード": 201, "所在地": "青森県青森市南佃二丁目８番４号", "緯度": 40.815862, "経度": 140.784692, "url": "https://www.iryou.teikyouseido.mhlw.go.jp/znk-web/juminkanja/S2430/initialize?prefCd=02&kikanCd=0250000678&kikanKbn=nan", "url2": "http://www.ainj.co.jp", "内容": "アイン薬局　つくだ店0青森県青森市南佃二丁目８番４号" }, "geometry": { "type": "Point", "coordinates": [ 140.784692, 40.815862 ] } },
{ "type": "Feature", "properties": { "ID": 250250000679, "正式名称": "Ｍ’ｓ浪岡駅前調剤薬局", "機関区分": 5, "都道府県コード": 2, "市区町村コード": 201, "所在地": "青森県青森市浪岡浪岡細田９１－８", "緯度": 40.710647, "経度": 140.583797, "url": "https://www.iryou.teikyouseido.mhlw.go.jp/znk-web/juminkanja/S2430/initialize?prefCd=02&kikanCd=0250000679&kikanKbn=nan", "url2": "http://ms-pharmacy.co.jp/store/", "内容": "Ｍ’ｓ浪岡駅前調剤薬局0青森県青森市浪岡浪岡細田９１－８" }, "geometry": { "type": "Point", "coordinates": [ 140.583797, 40.710647 ] } },
{ "type": "Feature", "properties": { "ID": 250250000680, "正式名称": "すずらん調剤薬局弘前駅前店", "機関区分": 5, "都道府県コード": 2, "市区町村コード": 202, "所在地": "青森県弘前市駅前町６－１１", "緯度": 40.598074, "経度": 140.482894, "url": "https://www.iryou.teikyouseido.mhlw.go.jp/znk-web/juminkanja/S2430/initialize?prefCd=02&kikanCd=0250000680&kikanKbn=nan", "url2": "https://suzuran-ph.jp/hirosakiekimae/", "内容": "すずらん調剤薬局弘前駅前店0青森県弘前市駅前町６－１１" }, "geometry": { "type": "Point", "coordinates": [ 140.482894, 40.598074 ] } },
{ "type": "Feature", "properties": { "ID": 250250000681, "正式名称": "ファルマ　一ツ谷薬局", "機関区分": 5, "都道府県コード": 2, "市区町村コード": 205, "所在地": "青森県五所川原市一ツ谷５０８－９", "緯度": 40.811218, "経度": 140.454108, "url": "https://www.iryou.teikyouseido.mhlw.go.jp/znk-web/juminkanja/S2430/initialize?prefCd=02&kikanCd=0250000681&kikanKbn=nan", "url2": "http://www.pharmaizm.co.jp/", "内容": "ファルマ　一ツ谷薬局0青森県五所川原市一ツ谷５０８－９" }, "geometry": { "type": "Point", "coordinates": [ 140.454108, 40.811218 ] } },
{ "type": "Feature", "properties": { "ID": 250250000684, "正式名称": "共創未来　五所川原薬局", "機関区分": 5, "都道府県コード": 2, "市区町村コード": 205, "所在地": "青森県五所川原市一ツ谷５１６－１３", "緯度": 40.811218, "経度": 140.454108, "url": "https://www.iryou.teikyouseido.mhlw.go.jp/znk-web/juminkanja/S2430/initialize?prefCd=02&kikanCd=0250000684&kikanKbn=nan", "url2": "http://www.phmirai.co.jp/shops/detail.php?id=248", "内容": "共創未来　五所川原薬局0青森県五所川原市一ツ谷５１６－１３" }, "geometry": { "type": "Point", "coordinates": [ 140.454108, 40.811218 ] } },
{ "type": "Feature", "properties": { "ID": 250250000685, "正式名称": "共創未来五所川原２号薬局", "機関区分": 5, "都道府県コード": 2, "市区町村コード": 205, "所在地": "青森県五所川原市字一ツ谷５０７番地６", "緯度": 40.811218, "経度": 140.454108, "url": "https://www.iryou.teikyouseido.mhlw.go.jp/znk-web/juminkanja/S2430/initialize?prefCd=02&kikanCd=0250000685&kikanKbn=nan", "url2": "https://phmirai.co.jp/store/304/", "内容": "共創未来五所川原２号薬局0青森県五所川原市字一ツ谷５０７番地６" }, "geometry": { "type": "Point", "coordinates": [ 140.454108, 40.811218 ] } },
{ "type": "Feature", "properties": { "ID": 250250000686, "正式名称": "ハッピー調剤薬局青森鰺ヶ沢舞戸店", "機関区分": 5, "都道府県コード": 2, "市区町村コード": 321, "所在地": "青森県西津軽郡鰺ヶ沢町舞戸町下富田５７－２", "緯度": 40.766997, "経度": 140.216241, "url": "https://www.iryou.teikyouseido.mhlw.go.jp/znk-web/juminkanja/S2430/initialize?prefCd=02&kikanCd=0250000686&kikanKbn=nan", "url2": "http://happydrug.co.jp/", "内容": "ハッピー調剤薬局青森鰺ヶ沢舞戸店0青森県西津軽郡鰺ヶ沢町舞戸町下富田５７－２" }, "geometry": { "type": "Point", "coordinates": [ 140.216241, 40.766997 ] } },
{ "type": "Feature", "properties": { "ID": 250250000687, "正式名称": "薬局たまーち", "機関区分": 5, "都道府県コード": 2, "市区町村コード": 205, "所在地": "青森県五所川原市田町１１４番地１", "緯度": 40.802052, "経度": 140.445442, "url": "https://www.iryou.teikyouseido.mhlw.go.jp/znk-web/juminkanja/S2430/initialize?prefCd=02&kikanCd=0250000687&kikanKbn=nan", "url2": null, "内容": "薬局たまーち0青森県五所川原市田町１１４番地１" }, "geometry": { "type": "Point", "coordinates": [ 140.445442, 40.802052 ] } },
{ "type": "Feature", "properties": { "ID": 250250000690, "正式名称": "きづくり調剤薬局", "機関区分": 5, "都道府県コード": 2, "市区町村コード": 209, "所在地": "青森県つがる市木造千年７－１", "緯度": 40.811245, "経度": 140.38817, "url": "https://www.iryou.teikyouseido.mhlw.go.jp/znk-web/juminkanja/S2430/initialize?prefCd=02&kikanCd=0250000690&kikanKbn=nan", "url2": "https://kizukuri-pharm.com/", "内容": "きづくり調剤薬局0青森県つがる市木造千年７－１" }, "geometry": { "type": "Point", "coordinates": [ 140.38817, 40.811245 ] } },
{ "type": "Feature", "properties": { "ID": 250250000691, "正式名称": "ひろた調剤薬局", "機関区分": 5, "都道府県コード": 2, "市区町村コード": 205, "所在地": "青森県五所川原市みどり町４丁目１２７番地２", "緯度": 40.785943, "経度": 140.456387, "url": "https://www.iryou.teikyouseido.mhlw.go.jp/znk-web/juminkanja/S2430/initialize?prefCd=02&kikanCd=0250000691&kikanKbn=nan", "url2": null, "内容": "ひろた調剤薬局0青森県五所川原市みどり町４丁目１２７番地２" }, "geometry": { "type": "Point", "coordinates": [ 140.456387, 40.785943 ] } },
{ "type": "Feature", "properties": { "ID": 250250000693, "正式名称": "サカエ薬局きづくり", "機関区分": 5, "都道府県コード": 2, "市区町村コード": 209, "所在地": "青森県つがる市木造有楽町６５番地３", "緯度": 40.811245, "経度": 140.38817, "url": "https://www.iryou.teikyouseido.mhlw.go.jp/znk-web/juminkanja/S2430/initialize?prefCd=02&kikanCd=0250000693&kikanKbn=nan", "url2": "http://www.machida2.co.jp/", "内容": "サカエ薬局きづくり0青森県つがる市木造有楽町６５番地３" }, "geometry": { "type": "Point", "coordinates": [ 140.38817, 40.811245 ] } },
{ "type": "Feature", "properties": { "ID": 250250000694, "正式名称": "竹内調剤薬局", "機関区分": 5, "都道府県コード": 2, "市区町村コード": 206, "所在地": "青森県十和田市西十二番町１１－１６", "緯度": 40.612531, "経度": 141.202805, "url": "https://www.iryou.teikyouseido.mhlw.go.jp/znk-web/juminkanja/S2430/initialize?prefCd=02&kikanCd=0250000694&kikanKbn=nan", "url2": null, "内容": "竹内調剤薬局0青森県十和田市西十二番町１１－１６" }, "geometry": { "type": "Point", "coordinates": [ 141.202805, 40.612531 ] } },
{ "type": "Feature", "properties": { "ID": 250250000695, "正式名称": "中央薬品（株）中央調剤薬局つがる総合病院前支店", "機関区分": 5, "都道府県コード": 2, "市区町村コード": 205, "所在地": "青森県五所川原市川端町１１番４号", "緯度": 40.80819, "経度": 140.441804, "url": "https://www.iryou.teikyouseido.mhlw.go.jp/znk-web/juminkanja/S2430/initialize?prefCd=02&kikanCd=0250000695&kikanKbn=nan", "url2": "http://www.chuo-ph.com/", "内容": "中央薬品（株）中央調剤薬局つがる総合病院前支店0青森県五所川原市川端町１１番４号" }, "geometry": { "type": "Point", "coordinates": [ 140.441804, 40.80819 ] } },
{ "type": "Feature", "properties": { "ID": 250250000697, "正式名称": "みさと調剤薬局", "機関区分": 5, "都道府県コード": 2, "市区町村コード": 208, "所在地": "青森県むつ市十二林１７－６", "緯度": 41.298345, "経度": 141.185247, "url": "https://www.iryou.teikyouseido.mhlw.go.jp/znk-web/juminkanja/S2430/initialize?prefCd=02&kikanCd=0250000697&kikanKbn=nan", "url2": "https://www.yukenpharma-misato.jp", "内容": "みさと調剤薬局0青森県むつ市十二林１７－６" }, "geometry": { "type": "Point", "coordinates": [ 141.185247, 41.298345 ] } },
{ "type": "Feature", "properties": { "ID": 250250000698, "正式名称": "サカエ薬局２４", "機関区分": 5, "都道府県コード": 2, "市区町村コード": 205, "所在地": "青森県五所川原市川端町３２", "緯度": 40.808746, "経度": 140.441776, "url": "https://www.iryou.teikyouseido.mhlw.go.jp/znk-web/juminkanja/S2430/initialize?prefCd=02&kikanCd=0250000698&kikanKbn=nan", "url2": "http://www.machida2.co.jp/sakae/sakae24.html", "内容": "サカエ薬局２４0青森県五所川原市川端町３２" }, "geometry": { "type": "Point", "coordinates": [ 140.441776, 40.808746 ] } },
{ "type": "Feature", "properties": { "ID": 250250000704, "正式名称": "有限会社　えびな調剤薬局本店", "機関区分": 5, "都道府県コード": 2, "市区町村コード": 205, "所在地": "青森県五所川原市川端町１１－５", "緯度": 40.808746, "経度": 140.441776, "url": "https://www.iryou.teikyouseido.mhlw.go.jp/znk-web/juminkanja/S2430/initialize?prefCd=02&kikanCd=0250000704&kikanKbn=nan", "url2": null, "内容": "有限会社　えびな調剤薬局本店0青森県五所川原市川端町１１－５" }, "geometry": { "type": "Point", "coordinates": [ 140.441776, 40.808746 ] } },
{ "type": "Feature", "properties": { "ID": 250250000706, "正式名称": "クローバー調剤薬局尾上店", "機関区分": 5, "都道府県コード": 2, "市区町村コード": 210, "所在地": "青森県平川市尾上栄松２０５", "緯度": 40.614685, "経度": 140.582579, "url": "https://www.iryou.teikyouseido.mhlw.go.jp/znk-web/juminkanja/S2430/initialize?prefCd=02&kikanCd=0250000706&kikanKbn=nan", "url2": null, "内容": "クローバー調剤薬局尾上店0青森県平川市尾上栄松２０５" }, "geometry": { "type": "Point", "coordinates": [ 140.582579, 40.614685 ] } },
{ "type": "Feature", "properties": { "ID": 250250000707, "正式名称": "ふれあい薬局平川店", "機関区分": 5, "都道府県コード": 2, "市区町村コード": 210, "所在地": "青森県平川市柏木町藤山２４－８", "緯度": 40.584244, "経度": 140.566665, "url": "https://www.iryou.teikyouseido.mhlw.go.jp/znk-web/juminkanja/S2430/initialize?prefCd=02&kikanCd=0250000707&kikanKbn=nan", "url2": null, "内容": "ふれあい薬局平川店0青森県平川市柏木町藤山２４－８" }, "geometry": { "type": "Point", "coordinates": [ 140.566665, 40.584244 ] } },
{ "type": "Feature", "properties": { "ID": 250250000708, "正式名称": "売市薬局", "機関区分": 5, "都道府県コード": 2, "市区町村コード": 203, "所在地": "青森県八戸市売市４－７－１５", "緯度": 40.512684, "経度": 141.471843, "url": "https://www.iryou.teikyouseido.mhlw.go.jp/znk-web/juminkanja/S2430/initialize?prefCd=02&kikanCd=0250000708&kikanKbn=nan", "url2": null, "内容": "売市薬局0青森県八戸市売市４－７－１５" }, "geometry": { "type": "Point", "coordinates": [ 141.471843, 40.512684 ] } },
{ "type": "Feature", "properties": { "ID": 250250000709, "正式名称": "有限会社つがる調剤薬局", "機関区分": 5, "都道府県コード": 2, "市区町村コード": 205, "所在地": "青森県五所川原市柳町１－４", "緯度": 40.806052, "経度": 140.441582, "url": "https://www.iryou.teikyouseido.mhlw.go.jp/znk-web/juminkanja/S2430/initialize?prefCd=02&kikanCd=0250000709&kikanKbn=nan", "url2": null, "内容": "有限会社つがる調剤薬局0青森県五所川原市柳町１－４" }, "geometry": { "type": "Point", "coordinates": [ 140.441582, 40.806052 ] } },
{ "type": "Feature", "properties": { "ID": 250250000710, "正式名称": "なかじま漢方薬局", "機関区分": 5, "都道府県コード": 2, "市区町村コード": 201, "所在地": "青森県青森市古川２丁目８－１８", "緯度": 40.823694, "経度": 140.735751, "url": "https://www.iryou.teikyouseido.mhlw.go.jp/znk-web/juminkanja/S2430/initialize?prefCd=02&kikanCd=0250000710&kikanKbn=nan", "url2": "http://www.nakajima-kanpou.jp/", "内容": "なかじま漢方薬局0青森県青森市古川２丁目８－１８" }, "geometry": { "type": "Point", "coordinates": [ 140.735751, 40.823694 ] } },
{ "type": "Feature", "properties": { "ID": 250250000712, "正式名称": "岡三沢薬局", "機関区分": 5, "都道府県コード": 2, "市区町村コード": 207, "所在地": "青森県三沢市緑町一丁目３番地９号", "緯度": 40.686581, "経度": 141.373649, "url": "https://www.iryou.teikyouseido.mhlw.go.jp/znk-web/juminkanja/S2430/initialize?prefCd=02&kikanCd=0250000712&kikanKbn=nan", "url2": "well-being.jp", "内容": "岡三沢薬局0青森県三沢市緑町一丁目３番地９号" }, "geometry": { "type": "Point", "coordinates": [ 141.373649, 40.686581 ] } },
{ "type": "Feature", "properties": { "ID": 250250000713, "正式名称": "すずらん調剤薬局　桔梗野店", "機関区分": 5, "都道府県コード": 2, "市区町村コード": 202, "所在地": "青森県弘前市桔梗野１丁目３－４", "緯度": 40.591103, "経度": 140.465395, "url": "https://www.iryou.teikyouseido.mhlw.go.jp/znk-web/juminkanja/S2430/initialize?prefCd=02&kikanCd=0250000713&kikanKbn=nan", "url2": "https://suzuran-ph.jp/stores/kikyono/", "内容": "すずらん調剤薬局　桔梗野店0青森県弘前市桔梗野１丁目３－４" }, "geometry": { "type": "Point", "coordinates": [ 140.465395, 40.591103 ] } },
{ "type": "Feature", "properties": { "ID": 250250000714, "正式名称": "サン調剤薬局新青森駅前店", "機関区分": 5, "都道府県コード": 2, "市区町村コード": 201, "所在地": "青森県青森市石江４－４－２", "緯度": 40.827665, "経度": 140.69767, "url": "https://www.iryou.teikyouseido.mhlw.go.jp/znk-web/juminkanja/S2430/initialize?prefCd=02&kikanCd=0250000714&kikanKbn=nan", "url2": "http://sun-ph.com", "内容": "サン調剤薬局新青森駅前店0青森県青森市石江４－４－２" }, "geometry": { "type": "Point", "coordinates": [ 140.69767, 40.827665 ] } },
{ "type": "Feature", "properties": { "ID": 250250000715, "正式名称": "サンケア南部薬局", "機関区分": 5, "都道府県コード": 2, "市区町村コード": 445, "所在地": "青森県三戸郡南部町下名久井字白山８７－８", "緯度": 40.40986, "経度": 141.381606, "url": "https://www.iryou.teikyouseido.mhlw.go.jp/znk-web/juminkanja/S2430/initialize?prefCd=02&kikanCd=0250000715&kikanKbn=nan", "url2": "http://www2.barantec.co.jp/sun-ph/", "内容": "サンケア南部薬局0青森県三戸郡南部町下名久井字白山８７－８" }, "geometry": { "type": "Point", "coordinates": [ 141.381606, 40.40986 ] } },
{ "type": "Feature", "properties": { "ID": 250250000716, "正式名称": "なの花薬局売市店", "機関区分": 5, "都道府県コード": 2, "市区町村コード": 203, "所在地": "青森県八戸市売市一丁目４番６号", "緯度": 40.508684, "経度": 141.477565, "url": "https://www.iryou.teikyouseido.mhlw.go.jp/znk-web/juminkanja/S2430/initialize?prefCd=02&kikanCd=0250000716&kikanKbn=nan", "url2": "https://www.nanohana-ph.jp/", "内容": "なの花薬局売市店0青森県八戸市売市一丁目４番６号" }, "geometry": { "type": "Point", "coordinates": [ 141.477565, 40.508684 ] } },
{ "type": "Feature", "properties": { "ID": 250250000717, "正式名称": "調剤薬局ツルハドラッグ八戸市民病院前店", "機関区分": 5, "都道府県コード": 2, "市区町村コード": 203, "所在地": "青森県八戸市田向３－２－１９", "緯度": 40.494854, "経度": 141.514007, "url": "https://www.iryou.teikyouseido.mhlw.go.jp/znk-web/juminkanja/S2430/initialize?prefCd=02&kikanCd=0250000717&kikanKbn=nan", "url2": "https://www.tsuruha.co.jp/shop/chouzai/?id=1162", "内容": "調剤薬局ツルハドラッグ八戸市民病院前店0青森県八戸市田向３－２－１９" }, "geometry": { "type": "Point", "coordinates": [ 141.514007, 40.494854 ] } },
{ "type": "Feature", "properties": { "ID": 250250000718, "正式名称": "平成薬局", "機関区分": 5, "都道府県コード": 2, "市区町村コード": 202, "所在地": "青森県弘前市城東中央４－１３－１", "緯度": 40.600075, "経度": 140.496947, "url": "https://www.iryou.teikyouseido.mhlw.go.jp/znk-web/juminkanja/S2430/initialize?prefCd=02&kikanCd=0250000718&kikanKbn=nan", "url2": null, "内容": "平成薬局0青森県弘前市城東中央４－１３－１" }, "geometry": { "type": "Point", "coordinates": [ 140.496947, 40.600075 ] } },
{ "type": "Feature", "properties": { "ID": 250250000719, "正式名称": "めぐみ薬局", "機関区分": 5, "都道府県コード": 2, "市区町村コード": 205, "所在地": "青森県五所川原市中央１丁目４０番地３　めぐみ薬局", "緯度": 40.801941, "経度": 140.447387, "url": "https://www.iryou.teikyouseido.mhlw.go.jp/znk-web/juminkanja/S2430/initialize?prefCd=02&kikanCd=0250000719&kikanKbn=nan", "url2": "https//megumi-yakkyoku.jp", "内容": "めぐみ薬局0青森県五所川原市中央１丁目４０番地３　めぐみ薬局" }, "geometry": { "type": "Point", "coordinates": [ 140.447387, 40.801941 ] } },
{ "type": "Feature", "properties": { "ID": 250250000720, "正式名称": "サン調剤薬局富野町店", "機関区分": 5, "都道府県コード": 2, "市区町村コード": 202, "所在地": "青森県弘前市富野町１２－６", "緯度": 40.586271, "経度": 140.475006, "url": "https://www.iryou.teikyouseido.mhlw.go.jp/znk-web/juminkanja/S2430/initialize?prefCd=02&kikanCd=0250000720&kikanKbn=nan", "url2": "http://sun-ph.com/", "内容": "サン調剤薬局富野町店0青森県弘前市富野町１２－６" }, "geometry": { "type": "Point", "coordinates": [ 140.475006, 40.586271 ] } },
{ "type": "Feature", "properties": { "ID": 250250000721, "正式名称": "サカエ薬局田向", "機関区分": 5, "都道府県コード": 2, "市区町村コード": 203, "所在地": "青森県八戸市田向４丁目１３番１０号", "緯度": 40.492993, "経度": 141.510341, "url": "https://www.iryou.teikyouseido.mhlw.go.jp/znk-web/juminkanja/S2430/initialize?prefCd=02&kikanCd=0250000721&kikanKbn=nan", "url2": "http://machida2.co.jp/sakae/", "内容": "サカエ薬局田向0青森県八戸市田向４丁目１３番１０号" }, "geometry": { "type": "Point", "coordinates": [ 141.510341, 40.492993 ] } },
{ "type": "Feature", "properties": { "ID": 250250000722, "正式名称": "おぶち薬局", "機関区分": 5, "都道府県コード": 2, "市区町村コード": 411, "所在地": "青森県上北郡六ヶ所村尾駮字野附１３４１－２", "緯度": 40.969772, "経度": 141.331278, "url": "https://www.iryou.teikyouseido.mhlw.go.jp/znk-web/juminkanja/S2430/initialize?prefCd=02&kikanCd=0250000722&kikanKbn=nan", "url2": "http://www.sawakami.jp/", "内容": "おぶち薬局0青森県上北郡六ヶ所村尾駮字野附１３４１－２" }, "geometry": { "type": "Point", "coordinates": [ 141.331278, 40.969772 ] } },
{ "type": "Feature", "properties": { "ID": 250250000723, "正式名称": "プリン薬局里見", "機関区分": 5, "都道府県コード": 2, "市区町村コード": 201, "所在地": "青森県青森市里見二丁目９番３号", "緯度": 40.8185, "経度": 140.71142, "url": "https://www.iryou.teikyouseido.mhlw.go.jp/znk-web/juminkanja/S2430/initialize?prefCd=02&kikanCd=0250000723&kikanKbn=nan", "url2": "https://www.kusurinomadoguchi.com/aomori/s803920", "内容": "プリン薬局里見0青森県青森市里見二丁目９番３号" }, "geometry": { "type": "Point", "coordinates": [ 140.71142, 40.8185 ] } },
{ "type": "Feature", "properties": { "ID": 250250000724, "正式名称": "ほなみ薬局本店", "機関区分": 5, "都道府県コード": 2, "市区町村コード": 206, "所在地": "青森県十和田市穂並町１０－３", "緯度": 40.604858, "経度": 141.221861, "url": "https://www.iryou.teikyouseido.mhlw.go.jp/znk-web/juminkanja/S2430/initialize?prefCd=02&kikanCd=0250000724&kikanKbn=nan", "url2": "https://www.honami-pharmacy.jp/", "内容": "ほなみ薬局本店0青森県十和田市穂並町１０－３" }, "geometry": { "type": "Point", "coordinates": [ 141.221861, 40.604858 ] } },
{ "type": "Feature", "properties": { "ID": 250250000726, "正式名称": "アイン薬局ひばかり店", "機関区分": 5, "都道府県コード": 2, "市区町村コード": 203, "所在地": "青森県八戸市日計一丁目２－４３号", "緯度": 40.541209, "経度": 141.475508, "url": "https://www.iryou.teikyouseido.mhlw.go.jp/znk-web/juminkanja/S2430/initialize?prefCd=02&kikanCd=0250000726&kikanKbn=nan", "url2": "https://www.ainj.co.jp", "内容": "アイン薬局ひばかり店0青森県八戸市日計一丁目２－４３号" }, "geometry": { "type": "Point", "coordinates": [ 141.475508, 40.541209 ] } },
{ "type": "Feature", "properties": { "ID": 250250000727, "正式名称": "ハッピー調剤薬局　青森勝田店", "機関区分": 5, "都道府県コード": 2, "市区町村コード": 201, "所在地": "青森県青森市勝田１丁目２０番１号", "緯度": 40.818778, "経度": 140.7545, "url": "https://www.iryou.teikyouseido.mhlw.go.jp/znk-web/juminkanja/S2430/initialize?prefCd=02&kikanCd=0250000727&kikanKbn=nan", "url2": null, "内容": "ハッピー調剤薬局　青森勝田店0青森県青森市勝田１丁目２０番１号" }, "geometry": { "type": "Point", "coordinates": [ 140.7545, 40.818778 ] } },
{ "type": "Feature", "properties": { "ID": 250250000728, "正式名称": "代官町調剤薬局", "機関区分": 5, "都道府県コード": 2, "市区町村コード": 202, "所在地": "青森県弘前市代官町１０６", "緯度": 40.60388, "経度": 140.479838, "url": "https://www.iryou.teikyouseido.mhlw.go.jp/znk-web/juminkanja/S2430/initialize?prefCd=02&kikanCd=0250000728&kikanKbn=nan", "url2": null, "内容": "代官町調剤薬局0青森県弘前市代官町１０６" }, "geometry": { "type": "Point", "coordinates": [ 140.479838, 40.60388 ] } },
{ "type": "Feature", "properties": { "ID": 250250000730, "正式名称": "薬局マーチ", "機関区分": 5, "都道府県コード": 2, "市区町村コード": 205, "所在地": "青森県五所川原市中央５丁目１５番地", "緯度": 40.794383, "経度": 140.449456, "url": "https://www.iryou.teikyouseido.mhlw.go.jp/znk-web/juminkanja/S2430/initialize?prefCd=02&kikanCd=0250000730&kikanKbn=nan", "url2": "http://aomori-chouzai-center.com/march.html", "内容": "薬局マーチ0青森県五所川原市中央５丁目１５番地" }, "geometry": { "type": "Point", "coordinates": [ 140.449456, 40.794383 ] } },
{ "type": "Feature", "properties": { "ID": 250250000731, "正式名称": "マエダ調剤薬局　西弘店", "機関区分": 5, "都道府県コード": 2, "市区町村コード": 202, "所在地": "青森県弘前市大字中野２丁目１番地１３", "緯度": 40.582632, "経度": 140.474562, "url": "https://www.iryou.teikyouseido.mhlw.go.jp/znk-web/juminkanja/S2430/initialize?prefCd=02&kikanCd=0250000731&kikanKbn=nan", "url2": "http://maeda-ph.jp", "内容": "マエダ調剤薬局　西弘店0青森県弘前市大字中野２丁目１番地１３" }, "geometry": { "type": "Point", "coordinates": [ 140.474562, 40.582632 ] } },
{ "type": "Feature", "properties": { "ID": 250250000732, "正式名称": "テック調剤薬局松森町店", "機関区分": 5, "都道府県コード": 2, "市区町村コード": 202, "所在地": "青森県弘前市松森町１０３番地", "緯度": 40.591825, "経度": 140.481922, "url": "https://www.iryou.teikyouseido.mhlw.go.jp/znk-web/juminkanja/S2430/initialize?prefCd=02&kikanCd=0250000732&kikanKbn=nan", "url2": "http://www.tech-ph.co.jp/", "内容": "テック調剤薬局松森町店0青森県弘前市松森町１０３番地" }, "geometry": { "type": "Point", "coordinates": [ 140.481922, 40.591825 ] } },
{ "type": "Feature", "properties": { "ID": 250250000736, "正式名称": "サワカミ薬局おいらせ青葉店", "機関区分": 5, "都道府県コード": 2, "市区町村コード": 412, "所在地": "青森県上北郡おいらせ町上久保６３－１７３", "緯度": 40.648057, "経度": 141.371929, "url": "https://www.iryou.teikyouseido.mhlw.go.jp/znk-web/juminkanja/S2430/initialize?prefCd=02&kikanCd=0250000736&kikanKbn=nan", "url2": "http://sawakami-pharmacy.jp/", "内容": "サワカミ薬局おいらせ青葉店0青森県上北郡おいらせ町上久保６３－１７３" }, "geometry": { "type": "Point", "coordinates": [ 141.371929, 40.648057 ] } },
{ "type": "Feature", "properties": { "ID": 250250000737, "正式名称": "ハッピー調剤薬局五所川原広田店", "機関区分": 5, "都道府県コード": 2, "市区町村コード": 205, "所在地": "青森県五所川原市姥萢船橋２４２－６", "緯度": 40.786943, "経度": 140.457526, "url": "https://www.iryou.teikyouseido.mhlw.go.jp/znk-web/juminkanja/S2430/initialize?prefCd=02&kikanCd=0250000737&kikanKbn=nan", "url2": null, "内容": "ハッピー調剤薬局五所川原広田店0青森県五所川原市姥萢船橋２４２－６" }, "geometry": { "type": "Point", "coordinates": [ 140.457526, 40.786943 ] } },
{ "type": "Feature", "properties": { "ID": 250250000739, "正式名称": "ミツワ薬局代官町", "機関区分": 5, "都道府県コード": 2, "市区町村コード": 202, "所在地": "青森県弘前市代官町８６番１", "緯度": 40.603269, "経度": 140.479172, "url": "https://www.iryou.teikyouseido.mhlw.go.jp/znk-web/juminkanja/S2430/initialize?prefCd=02&kikanCd=0250000739&kikanKbn=nan", "url2": "http://www.mitsuwa-group.co.jp/", "内容": "ミツワ薬局代官町0青森県弘前市代官町８６番１" }, "geometry": { "type": "Point", "coordinates": [ 140.479172, 40.603269 ] } },
{ "type": "Feature", "properties": { "ID": 250250000741, "正式名称": "調剤薬局ツルハドラッグ八戸売市店", "機関区分": 5, "都道府県コード": 2, "市区町村コード": 203, "所在地": "青森県八戸市売市２丁目１３番１５号", "緯度": 40.510879, "経度": 141.474176, "url": "https://www.iryou.teikyouseido.mhlw.go.jp/znk-web/juminkanja/S2430/initialize?prefCd=02&kikanCd=0250000741&kikanKbn=nan", "url2": "http://www.tsuruha.co.jp", "内容": "調剤薬局ツルハドラッグ八戸売市店0青森県八戸市売市２丁目１３番１５号" }, "geometry": { "type": "Point", "coordinates": [ 141.474176, 40.510879 ] } },
{ "type": "Feature", "properties": { "ID": 250250000742, "正式名称": "かわせみ薬局", "機関区分": 5, "都道府県コード": 2, "市区町村コード": 203, "所在地": "青森県八戸市田向五丁目２１－２４", "緯度": 40.492993, "経度": 141.510341, "url": "https://www.iryou.teikyouseido.mhlw.go.jp/znk-web/juminkanja/S2430/initialize?prefCd=02&kikanCd=0250000742&kikanKbn=nan", "url2": null, "内容": "かわせみ薬局0青森県八戸市田向五丁目２１－２４" }, "geometry": { "type": "Point", "coordinates": [ 141.510341, 40.492993 ] } },
{ "type": "Feature", "properties": { "ID": 250250000748, "正式名称": "なの花薬局白山台店", "機関区分": 5, "都道府県コード": 2, "市区町村コード": 203, "所在地": "青森県八戸市東白山台二丁目３５番６号", "緯度": 40.486326, "経度": 141.467206, "url": "https://www.iryou.teikyouseido.mhlw.go.jp/znk-web/juminkanja/S2430/initialize?prefCd=02&kikanCd=0250000748&kikanKbn=nan", "url2": "https://www.nanohana-ph.jp/shop/touhoku/apotekkuhakusandai.php", "内容": "なの花薬局白山台店0青森県八戸市東白山台二丁目３５番６号" }, "geometry": { "type": "Point", "coordinates": [ 141.467206, 40.486326 ] } },
{ "type": "Feature", "properties": { "ID": 250250000749, "正式名称": "ミント薬局", "機関区分": 5, "都道府県コード": 2, "市区町村コード": 203, "所在地": "青森県八戸市湊町上田屋前２９－２３", "緯度": 40.518712, "経度": 141.528282, "url": "https://www.iryou.teikyouseido.mhlw.go.jp/znk-web/juminkanja/S2430/initialize?prefCd=02&kikanCd=0250000749&kikanKbn=nan", "url2": null, "内容": "ミント薬局0青森県八戸市湊町上田屋前２９－２３" }, "geometry": { "type": "Point", "coordinates": [ 141.528282, 40.518712 ] } },
{ "type": "Feature", "properties": { "ID": 250250000750, "正式名称": "タムラ薬局", "機関区分": 5, "都道府県コード": 2, "市区町村コード": 207, "所在地": "青森県三沢市緑町３丁目１－１８", "緯度": 40.686442, "経度": 141.375565, "url": "https://www.iryou.teikyouseido.mhlw.go.jp/znk-web/juminkanja/S2430/initialize?prefCd=02&kikanCd=0250000750&kikanKbn=nan", "url2": "https://www.tf-tamura-yakkyoku.com/", "内容": "タムラ薬局0青森県三沢市緑町３丁目１－１８" }, "geometry": { "type": "Point", "coordinates": [ 141.375565, 40.686442 ] } },
{ "type": "Feature", "properties": { "ID": 250250000751, "正式名称": "みちのく調剤薬局", "機関区分": 5, "都道府県コード": 2, "市区町村コード": 205, "所在地": "青森県五所川原市姥萢船橋２４５－２", "緯度": 40.786832, "経度": 140.457831, "url": "https://www.iryou.teikyouseido.mhlw.go.jp/znk-web/juminkanja/S2430/initialize?prefCd=02&kikanCd=0250000751&kikanKbn=nan", "url2": "http://www.mediluck.com/", "内容": "みちのく調剤薬局0青森県五所川原市姥萢船橋２４５－２" }, "geometry": { "type": "Point", "coordinates": [ 140.457831, 40.786832 ] } },
{ "type": "Feature", "properties": { "ID": 250250000755, "正式名称": "スーパードラッグアサヒ調剤薬局富田店", "機関区分": 5, "都道府県コード": 2, "市区町村コード": 202, "所在地": "青森県弘前市富田３－６－６", "緯度": 40.591214, "経度": 140.474117, "url": "https://www.iryou.teikyouseido.mhlw.go.jp/znk-web/juminkanja/S2430/initialize?prefCd=02&kikanCd=0250000755&kikanKbn=nan", "url2": null, "内容": "スーパードラッグアサヒ調剤薬局富田店0青森県弘前市富田３－６－６" }, "geometry": { "type": "Point", "coordinates": [ 140.474117, 40.591214 ] } },
{ "type": "Feature", "properties": { "ID": 250250000756, "正式名称": "スーパードラッグアサヒ調剤薬局板柳店", "機関区分": 5, "都道府県コード": 2, "市区町村コード": 381, "所在地": "青森県北津軽郡板柳町福野田常盤５４－１", "緯度": 40.70248, "経度": 140.455058, "url": "https://www.iryou.teikyouseido.mhlw.go.jp/znk-web/juminkanja/S2430/initialize?prefCd=02&kikanCd=0250000756&kikanKbn=nan", "url2": "https://taiki-p.com/", "内容": "スーパードラッグアサヒ調剤薬局板柳店0青森県北津軽郡板柳町福野田常盤５４－１" }, "geometry": { "type": "Point", "coordinates": [ 140.455058, 40.70248 ] } },
{ "type": "Feature", "properties": { "ID": 250250000758, "正式名称": "保険調剤薬局タイキファーマシー高田店", "機関区分": 5, "都道府県コード": 2, "市区町村コード": 202, "所在地": "青森県弘前市高田五丁目２番地１５", "緯度": 40.594853, "経度": 140.509753, "url": "https://www.iryou.teikyouseido.mhlw.go.jp/znk-web/juminkanja/S2430/initialize?prefCd=02&kikanCd=0250000758&kikanKbn=nan", "url2": null, "内容": "保険調剤薬局タイキファーマシー高田店0青森県弘前市高田五丁目２番地１５" }, "geometry": { "type": "Point", "coordinates": [ 140.509753, 40.594853 ] } },
{ "type": "Feature", "properties": { "ID": 250250000759, "正式名称": "アサヒオリジナル調剤薬局", "機関区分": 5, "都道府県コード": 2, "市区町村コード": 202, "所在地": "青森県弘前市宮川一丁目２－２　１Ｆ", "緯度": 40.611295, "経度": 140.483615, "url": "https://www.iryou.teikyouseido.mhlw.go.jp/znk-web/juminkanja/S2430/initialize?prefCd=02&kikanCd=0250000759&kikanKbn=nan", "url2": null, "内容": "アサヒオリジナル調剤薬局0青森県弘前市宮川一丁目２－２　１Ｆ" }, "geometry": { "type": "Point", "coordinates": [ 140.483615, 40.611295 ] } },
{ "type": "Feature", "properties": { "ID": 250250000760, "正式名称": "アイン薬局つがる店", "機関区分": 5, "都道府県コード": 2, "市区町村コード": 209, "所在地": "青森県つがる市富萢町山里１－１", "緯度": 40.978004, "経度": 140.373718, "url": "https://www.iryou.teikyouseido.mhlw.go.jp/znk-web/juminkanja/S2430/initialize?prefCd=02&kikanCd=0250000760&kikanKbn=nan", "url2": "http://www.ainj.co.jp/network/ainpharmaciez/ap0501.html", "内容": "アイン薬局つがる店0青森県つがる市富萢町山里１－１" }, "geometry": { "type": "Point", "coordinates": [ 140.373718, 40.978004 ] } },
{ "type": "Feature", "properties": { "ID": 250250000761, "正式名称": "アイン薬局弘前本町店", "機関区分": 5, "都道府県コード": 2, "市区町村コード": 202, "所在地": "青森県弘前市本町４８番１号", "緯度": 40.60113, "経度": 140.465895, "url": "https://www.iryou.teikyouseido.mhlw.go.jp/znk-web/juminkanja/S2430/initialize?prefCd=02&kikanCd=0250000761&kikanKbn=nan", "url2": "http://www.ainj.co.jp/", "内容": "アイン薬局弘前本町店0青森県弘前市本町４８番１号" }, "geometry": { "type": "Point", "coordinates": [ 140.465895, 40.60113 ] } },
{ "type": "Feature", "properties": { "ID": 250250000762, "正式名称": "アイン薬局東通村店", "機関区分": 5, "都道府県コード": 2, "市区町村コード": 424, "所在地": "青森県下北郡東通村砂子又里１番２０６", "緯度": 41.26699, "経度": 141.347735, "url": "https://www.iryou.teikyouseido.mhlw.go.jp/znk-web/juminkanja/S2430/initialize?prefCd=02&kikanCd=0250000762&kikanKbn=nan", "url2": null, "内容": "アイン薬局東通村店0青森県下北郡東通村砂子又里１番２０６" }, "geometry": { "type": "Point", "coordinates": [ 141.347735, 41.26699 ] } },
{ "type": "Feature", "properties": { "ID": 250250000764, "正式名称": "アイン薬局　八戸東店", "機関区分": 5, "都道府県コード": 2, "市区町村コード": 203, "所在地": "青森県八戸市田向３－２－１５", "緯度": 40.492993, "経度": 141.510341, "url": "https://www.iryou.teikyouseido.mhlw.go.jp/znk-web/juminkanja/S2430/initialize?prefCd=02&kikanCd=0250000764&kikanKbn=nan", "url2": "https://www.ainj.co.jp/network/detail.html?pdid=718", "内容": "アイン薬局　八戸東店0青森県八戸市田向３－２－１５" }, "geometry": { "type": "Point", "coordinates": [ 141.510341, 40.492993 ] } },
{ "type": "Feature", "properties": { "ID": 250250000765, "正式名称": "みんな野薬局佃店", "機関区分": 5, "都道府県コード": 2, "市区町村コード": 201, "所在地": "青森県青森市中佃二丁目１８番２４号", "緯度": 40.816501, "経度": 140.777831, "url": "https://www.iryou.teikyouseido.mhlw.go.jp/znk-web/juminkanja/S2430/initialize?prefCd=02&kikanCd=0250000765&kikanKbn=nan", "url2": null, "内容": "みんな野薬局佃店0青森県青森市中佃二丁目１８番２４号" }, "geometry": { "type": "Point", "coordinates": [ 140.777831, 40.816501 ] } },
{ "type": "Feature", "properties": { "ID": 250250000766, "正式名称": "メガ調剤薬局東青森店", "機関区分": 5, "都道府県コード": 2, "市区町村コード": 201, "所在地": "青森県青森市東造道三丁目４番１号", "緯度": 40.831583, "経度": 140.793774, "url": "https://www.iryou.teikyouseido.mhlw.go.jp/znk-web/juminkanja/S2430/initialize?prefCd=02&kikanCd=0250000766&kikanKbn=nan", "url2": null, "内容": "メガ調剤薬局東青森店0青森県青森市東造道三丁目４番１号" }, "geometry": { "type": "Point", "coordinates": [ 140.793774, 40.831583 ] } },
{ "type": "Feature", "properties": { "ID": 250250000767, "正式名称": "サンケアおいらせ薬局", "機関区分": 5, "都道府県コード": 2, "市区町村コード": 412, "所在地": "青森県上北郡おいらせ町上前田２１－７", "緯度": 40.603757, "経度": 141.429315, "url": "https://www.iryou.teikyouseido.mhlw.go.jp/znk-web/juminkanja/S2430/initialize?prefCd=02&kikanCd=0250000767&kikanKbn=nan", "url2": "http://sun-ph.com/", "内容": "サンケアおいらせ薬局0青森県上北郡おいらせ町上前田２１－７" }, "geometry": { "type": "Point", "coordinates": [ 141.429315, 40.603757 ] } },
{ "type": "Feature", "properties": { "ID": 250250000768, "正式名称": "いちい薬局五所川原芭蕉店", "機関区分": 5, "都道府県コード": 2, "市区町村コード": 205, "所在地": "青森県五所川原市芭蕉１５－１３", "緯度": 40.817126, "経度": 140.436323, "url": "https://www.iryou.teikyouseido.mhlw.go.jp/znk-web/juminkanja/S2430/initialize?prefCd=02&kikanCd=0250000768&kikanKbn=nan", "url2": "http://ichiidrug.co.jp/shop_bashou.html", "内容": "いちい薬局五所川原芭蕉店0青森県五所川原市芭蕉１５－１３" }, "geometry": { "type": "Point", "coordinates": [ 140.436323, 40.817126 ] } },
{ "type": "Feature", "properties": { "ID": 250250000769, "正式名称": "うとう調剤薬局奥野店", "機関区分": 5, "都道府県コード": 2, "市区町村コード": 201, "所在地": "青森県青森市奥野二丁目１１－６", "緯度": 40.813556, "経度": 140.757139, "url": "https://www.iryou.teikyouseido.mhlw.go.jp/znk-web/juminkanja/S2430/initialize?prefCd=02&kikanCd=0250000769&kikanKbn=nan", "url2": "https://utou-ph.jp/", "内容": "うとう調剤薬局奥野店0青森県青森市奥野二丁目１１－６" }, "geometry": { "type": "Point", "coordinates": [ 140.757139, 40.813556 ] } },
{ "type": "Feature", "properties": { "ID": 250250000770, "正式名称": "共創未来　しんまち薬局", "機関区分": 5, "都道府県コード": 2, "市区町村コード": 208, "所在地": "青森県むつ市新町１０番１２号", "緯度": 41.289791, "経度": 141.211606, "url": "https://www.iryou.teikyouseido.mhlw.go.jp/znk-web/juminkanja/S2430/initialize?prefCd=02&kikanCd=0250000770&kikanKbn=nan", "url2": null, "内容": "共創未来　しんまち薬局0青森県むつ市新町１０番１２号" }, "geometry": { "type": "Point", "coordinates": [ 141.211606, 41.289791 ] } },
{ "type": "Feature", "properties": { "ID": 250250000772, "正式名称": "サンケア薬局　南類家店", "機関区分": 5, "都道府県コード": 2, "市区町村コード": 203, "所在地": "青森県八戸市南類家二丁目１７－３０", "緯度": 40.501964, "経度": 141.505313, "url": "https://www.iryou.teikyouseido.mhlw.go.jp/znk-web/juminkanja/S2430/initialize?prefCd=02&kikanCd=0250000772&kikanKbn=nan", "url2": "http://sun-ph.com/", "内容": "サンケア薬局　南類家店0青森県八戸市南類家二丁目１７－３０" }, "geometry": { "type": "Point", "coordinates": [ 141.505313, 40.501964 ] } },
{ "type": "Feature", "properties": { "ID": 250250000773, "正式名称": "ハッピー調剤薬局八戸田向南店", "機関区分": 5, "都道府県コード": 2, "市区町村コード": 203, "所在地": "青森県八戸市田向５－２２－１７　ハッピー調剤薬局八戸田向南店", "緯度": 40.492993, "経度": 141.510341, "url": "https://www.iryou.teikyouseido.mhlw.go.jp/znk-web/juminkanja/S2430/initialize?prefCd=02&kikanCd=0250000773&kikanKbn=nan", "url2": "http://happy-minami.meron-net.jp/", "内容": "ハッピー調剤薬局八戸田向南店0青森県八戸市田向５－２２－１７　ハッピー調剤薬局八戸田向南店" }, "geometry": { "type": "Point", "coordinates": [ 141.510341, 40.492993 ] } },
{ "type": "Feature", "properties": { "ID": 250250000774, "正式名称": "アーチ薬局いたやなぎ", "機関区分": 5, "都道府県コード": 2, "市区町村コード": 381, "所在地": "青森県北津軽郡板柳町福野田５３－８", "緯度": 40.69773, "経度": 140.460335, "url": "https://www.iryou.teikyouseido.mhlw.go.jp/znk-web/juminkanja/S2430/initialize?prefCd=02&kikanCd=0250000774&kikanKbn=nan", "url2": "https://www.pharmacreate.net/", "内容": "アーチ薬局いたやなぎ0青森県北津軽郡板柳町福野田５３－８" }, "geometry": { "type": "Point", "coordinates": [ 140.460335, 40.69773 ] } },
{ "type": "Feature", "properties": { "ID": 250250000775, "正式名称": "調剤薬局ツルハドラッグ八戸諏訪店", "機関区分": 5, "都道府県コード": 2, "市区町村コード": 203, "所在地": "青森県八戸市諏訪三丁目３－２０", "緯度": 40.515296, "経度": 141.518783, "url": "https://www.iryou.teikyouseido.mhlw.go.jp/znk-web/juminkanja/S2430/initialize?prefCd=02&kikanCd=0250000775&kikanKbn=nan", "url2": "http://www.tsuruha.co.jp/", "内容": "調剤薬局ツルハドラッグ八戸諏訪店0青森県八戸市諏訪三丁目３－２０" }, "geometry": { "type": "Point", "coordinates": [ 141.518783, 40.515296 ] } },
{ "type": "Feature", "properties": { "ID": 250250000777, "正式名称": "保険調剤薬局タイキファーマシー城東北店", "機関区分": 5, "都道府県コード": 2, "市区町村コード": 202, "所在地": "青森県弘前市城東北四丁目４番地２０　１Ｆ", "緯度": 40.603574, "経度": 140.491587, "url": "https://www.iryou.teikyouseido.mhlw.go.jp/znk-web/juminkanja/S2430/initialize?prefCd=02&kikanCd=0250000777&kikanKbn=nan", "url2": null, "内容": "保険調剤薬局タイキファーマシー城東北店0青森県弘前市城東北四丁目４番地２０　１Ｆ" }, "geometry": { "type": "Point", "coordinates": [ 140.491587, 40.603574 ] } },
{ "type": "Feature", "properties": { "ID": 250250000779, "正式名称": "メガ調剤薬局神田店", "機関区分": 5, "都道府県コード": 2, "市区町村コード": 202, "所在地": "青森県弘前市神田三丁目２番地８　カブセンター神田店", "緯度": 40.619433, "経度": 140.489281, "url": "https://www.iryou.teikyouseido.mhlw.go.jp/znk-web/juminkanja/S2430/initialize?prefCd=02&kikanCd=0250000779&kikanKbn=nan", "url2": "http://www.beny.co.jp/", "内容": "メガ調剤薬局神田店0青森県弘前市神田三丁目２番地８　カブセンター神田店" }, "geometry": { "type": "Point", "coordinates": [ 140.489281, 40.619433 ] } },
{ "type": "Feature", "properties": { "ID": 250250000780, "正式名称": "ヘルシークラブ　アベイ", "機関区分": 5, "都道府県コード": 2, "市区町村コード": 201, "所在地": "青森県青森市長島一丁目６番６号　クロスタワーア・ベイ１Ｆ", "緯度": 40.823388, "経度": 140.744751, "url": "https://www.iryou.teikyouseido.mhlw.go.jp/znk-web/juminkanja/S2430/initialize?prefCd=02&kikanCd=0250000780&kikanKbn=nan", "url2": "http://www.mik-group.co.jp", "内容": "ヘルシークラブ　アベイ0青森県青森市長島一丁目６番６号　クロスタワーア・ベイ１Ｆ" }, "geometry": { "type": "Point", "coordinates": [ 140.744751, 40.823388 ] } },
{ "type": "Feature", "properties": { "ID": 250250000781, "正式名称": "アイセイ薬局白山台店", "機関区分": 5, "都道府県コード": 2, "市区町村コード": 203, "所在地": "青森県八戸市東白山台三丁目２０番７号", "緯度": 40.489075, "経度": 141.470011, "url": "https://www.iryou.teikyouseido.mhlw.go.jp/znk-web/juminkanja/S2430/initialize?prefCd=02&kikanCd=0250000781&kikanKbn=nan", "url2": "https://www.aisei.co.jp/", "内容": "アイセイ薬局白山台店0青森県八戸市東白山台三丁目２０番７号" }, "geometry": { "type": "Point", "coordinates": [ 141.470011, 40.489075 ] } },
{ "type": "Feature", "properties": { "ID": 250250000782, "正式名称": "アイセイ薬局　岬台店", "機関区分": 5, "都道府県コード": 2, "市区町村コード": 203, "所在地": "青森県八戸市岬台２－６－１", "緯度": 40.5179174, "経度": 141.5654143, "url": "https://www.iryou.teikyouseido.mhlw.go.jp/znk-web/juminkanja/S2430/initialize?prefCd=02&kikanCd=0250000782&kikanKbn=nan", "url2": "https://store.aisei.co.jp/detail/0266", "内容": "アイセイ薬局　岬台店0青森県八戸市岬台２－６－１" }, "geometry": { "type": "Point", "coordinates": [ 141.565414299999986, 40.5179174 ] } },
{ "type": "Feature", "properties": { "ID": 250250000783, "正式名称": "中央薬品株式会社　中央調剤薬局　大野支店", "機関区分": 5, "都道府県コード": 2, "市区町村コード": 201, "所在地": "青森県青森市大字大野字片岡２５番２号", "緯度": 40.802085, "経度": 140.731503, "url": "https://www.iryou.teikyouseido.mhlw.go.jp/znk-web/juminkanja/S2430/initialize?prefCd=02&kikanCd=0250000783&kikanKbn=nan", "url2": "http://www.chuo-ph.com/", "内容": "中央薬品株式会社　中央調剤薬局　大野支店0青森県青森市大字大野字片岡２５番２号" }, "geometry": { "type": "Point", "coordinates": [ 140.731503, 40.802085 ] } },
{ "type": "Feature", "properties": { "ID": 250250000785, "正式名称": "いざわ薬局", "機関区分": 5, "都道府県コード": 2, "市区町村コード": 208, "所在地": "青森県むつ市桜木町１４番２号", "緯度": 41.254516, "経度": 141.136753, "url": "https://www.iryou.teikyouseido.mhlw.go.jp/znk-web/juminkanja/S2430/initialize?prefCd=02&kikanCd=0250000785&kikanKbn=nan", "url2": null, "内容": "いざわ薬局0青森県むつ市桜木町１４番２号" }, "geometry": { "type": "Point", "coordinates": [ 141.136753, 41.254516 ] } },
{ "type": "Feature", "properties": { "ID": 250250000786, "正式名称": "八戸調剤薬局センター", "機関区分": 5, "都道府県コード": 2, "市区町村コード": 203, "所在地": "青森県八戸市小中野二丁目１ー７", "緯度": 40.517212, "経度": 141.506645, "url": "https://www.iryou.teikyouseido.mhlw.go.jp/znk-web/juminkanja/S2430/initialize?prefCd=02&kikanCd=0250000786&kikanKbn=nan", "url2": null, "内容": "八戸調剤薬局センター0青森県八戸市小中野二丁目１ー７" }, "geometry": { "type": "Point", "coordinates": [ 141.506645, 40.517212 ] } },
{ "type": "Feature", "properties": { "ID": 250250000787, "正式名称": "いちい薬局十和田店", "機関区分": 5, "都道府県コード": 2, "市区町村コード": 206, "所在地": "青森県十和田市三本木字北平１１０－３３", "緯度": 40.614614, "経度": 141.241524, "url": "https://www.iryou.teikyouseido.mhlw.go.jp/znk-web/juminkanja/S2430/initialize?prefCd=02&kikanCd=0250000787&kikanKbn=nan", "url2": null, "内容": "いちい薬局十和田店0青森県十和田市三本木字北平１１０－３３" }, "geometry": { "type": "Point", "coordinates": [ 141.241524, 40.614614 ] } },
{ "type": "Feature", "properties": { "ID": 250250000789, "正式名称": "よつば薬局　三内店", "機関区分": 5, "都道府県コード": 2, "市区町村コード": 201, "所在地": "青森県青森市里見二丁目１２番３０号", "緯度": 40.8185, "経度": 140.71142, "url": "https://www.iryou.teikyouseido.mhlw.go.jp/znk-web/juminkanja/S2430/initialize?prefCd=02&kikanCd=0250000789&kikanKbn=nan", "url2": null, "内容": "よつば薬局　三内店0青森県青森市里見二丁目１２番３０号" }, "geometry": { "type": "Point", "coordinates": [ 140.71142, 40.8185 ] } },
{ "type": "Feature", "properties": { "ID": 250250000790, "正式名称": "サカエ薬局五所川原", "機関区分": 5, "都道府県コード": 2, "市区町村コード": 205, "所在地": "青森県五所川原市弥生町１８番８", "緯度": 40.806107, "経度": 140.446647, "url": "https://www.iryou.teikyouseido.mhlw.go.jp/znk-web/juminkanja/S2430/initialize?prefCd=02&kikanCd=0250000790&kikanKbn=nan", "url2": "http://www.e-classa.net/sakae_nunoya/", "内容": "サカエ薬局五所川原0青森県五所川原市弥生町１８番８" }, "geometry": { "type": "Point", "coordinates": [ 140.446647, 40.806107 ] } },
{ "type": "Feature", "properties": { "ID": 250250000791, "正式名称": "ファイン調剤薬局松森町店", "機関区分": 5, "都道府県コード": 2, "市区町村コード": 202, "所在地": "青森県弘前市松森町１１９番地２", "緯度": 40.59277, "経度": 140.481449, "url": "https://www.iryou.teikyouseido.mhlw.go.jp/znk-web/juminkanja/S2430/initialize?prefCd=02&kikanCd=0250000791&kikanKbn=nan", "url2": null, "内容": "ファイン調剤薬局松森町店0青森県弘前市松森町１１９番地２" }, "geometry": { "type": "Point", "coordinates": [ 140.481449, 40.59277 ] } },
{ "type": "Feature", "properties": { "ID": 250250000792, "正式名称": "あおい薬局", "機関区分": 5, "都道府県コード": 2, "市区町村コード": 205, "所在地": "青森県五所川原市弥生町３－５", "緯度": 40.806163, "経度": 140.446054, "url": "https://www.iryou.teikyouseido.mhlw.go.jp/znk-web/juminkanja/S2430/initialize?prefCd=02&kikanCd=0250000792&kikanKbn=nan", "url2": null, "内容": "あおい薬局0青森県五所川原市弥生町３－５" }, "geometry": { "type": "Point", "coordinates": [ 140.446054, 40.806163 ] } },
{ "type": "Feature", "properties": { "ID": 250250000794, "正式名称": "はれやか薬局", "機関区分": 5, "都道府県コード": 2, "市区町村コード": 201, "所在地": "青森県青森市西大野一丁目１５番地２１", "緯度": 40.822222, "経度": 140.747389, "url": "https://www.iryou.teikyouseido.mhlw.go.jp/znk-web/juminkanja/S2430/initialize?prefCd=02&kikanCd=0250000794&kikanKbn=nan", "url2": null, "内容": "はれやか薬局0青森県青森市西大野一丁目１５番地２１" }, "geometry": { "type": "Point", "coordinates": [ 140.747389, 40.822222 ] } },
{ "type": "Feature", "properties": { "ID": 250250000795, "正式名称": "ハッピー調剤薬局青森西大野店", "機関区分": 5, "都道府県コード": 2, "市区町村コード": 201, "所在地": "青森県青森市西大野３丁目１３－８", "緯度": 40.822222, "経度": 140.747389, "url": "https://www.iryou.teikyouseido.mhlw.go.jp/znk-web/juminkanja/S2430/initialize?prefCd=02&kikanCd=0250000795&kikanKbn=nan", "url2": "https://store.welcia.co.jp/welcia/spot/detail?code=4871D", "内容": "ハッピー調剤薬局青森西大野店0青森県青森市西大野３丁目１３－８" }, "geometry": { "type": "Point", "coordinates": [ 140.747389, 40.822222 ] } },
{ "type": "Feature", "properties": { "ID": 250250000796, "正式名称": "アイセイ薬局八戸中央店", "機関区分": 5, "都道府県コード": 2, "市区町村コード": 203, "所在地": "青森県八戸市番町３５－１", "緯度": 40.510101, "経度": 141.489481, "url": "https://www.iryou.teikyouseido.mhlw.go.jp/znk-web/juminkanja/S2430/initialize?prefCd=02&kikanCd=0250000796&kikanKbn=nan", "url2": null, "内容": "アイセイ薬局八戸中央店0青森県八戸市番町３５－１" }, "geometry": { "type": "Point", "coordinates": [ 141.489481, 40.510101 ] } },
{ "type": "Feature", "properties": { "ID": 250250000797, "正式名称": "ひまわり薬局　新青森駅前店", "機関区分": 5, "都道府県コード": 2, "市区町村コード": 201, "所在地": "青森県青森市石江３丁目２番地４", "緯度": 40.827665, "経度": 140.69767, "url": "https://www.iryou.teikyouseido.mhlw.go.jp/znk-web/juminkanja/S2430/initialize?prefCd=02&kikanCd=0250000797&kikanKbn=nan", "url2": "http://www.mik-group.co.jp", "内容": "ひまわり薬局　新青森駅前店0青森県青森市石江３丁目２番地４" }, "geometry": { "type": "Point", "coordinates": [ 140.69767, 40.827665 ] } },
{ "type": "Feature", "properties": { "ID": 250250000798, "正式名称": "すずらん調剤薬局鯵ヶ沢店", "機関区分": 5, "都道府県コード": 2, "市区町村コード": 321, "所在地": "青森県西津軽郡鰺ヶ沢町七ツ石町２６", "緯度": 40.777384, "経度": 140.214019, "url": "https://www.iryou.teikyouseido.mhlw.go.jp/znk-web/juminkanja/S2430/initialize?prefCd=02&kikanCd=0250000798&kikanKbn=nan", "url2": "https://suzuran-ph.jp/", "内容": "すずらん調剤薬局鯵ヶ沢店0青森県西津軽郡鰺ヶ沢町七ツ石町２６" }, "geometry": { "type": "Point", "coordinates": [ 140.214019, 40.777384 ] } },
{ "type": "Feature", "properties": { "ID": 250250000800, "正式名称": "いろは薬局小中野店", "機関区分": 5, "都道府県コード": 2, "市区町村コード": 203, "所在地": "青森県八戸市小中野２丁目１７－４", "緯度": 40.516962, "経度": 141.509562, "url": "https://www.iryou.teikyouseido.mhlw.go.jp/znk-web/juminkanja/S2430/initialize?prefCd=02&kikanCd=0250000800&kikanKbn=nan", "url2": "https://iroha-pharmacy.com/", "内容": "いろは薬局小中野店0青森県八戸市小中野２丁目１７－４" }, "geometry": { "type": "Point", "coordinates": [ 141.509562, 40.516962 ] } },
{ "type": "Feature", "properties": { "ID": 250250000801, "正式名称": "サン調剤薬局合浦公園前店", "機関区分": 5, "都道府県コード": 2, "市区町村コード": 201, "所在地": "青森県青森市合浦一丁目２番１６号", "緯度": 40.828055, "経度": 140.771109, "url": "https://www.iryou.teikyouseido.mhlw.go.jp/znk-web/juminkanja/S2430/initialize?prefCd=02&kikanCd=0250000801&kikanKbn=nan", "url2": "http://sun-ph.com/", "内容": "サン調剤薬局合浦公園前店0青森県青森市合浦一丁目２番１６号" }, "geometry": { "type": "Point", "coordinates": [ 140.771109, 40.828055 ] } },
{ "type": "Feature", "properties": { "ID": 250250000802, "正式名称": "ハッピー調剤薬局八戸城下店", "機関区分": 5, "都道府県コード": 2, "市区町村コード": 203, "所在地": "青森県八戸市城下四丁目４番１９号", "緯度": 40.522433, "経度": 141.491146, "url": "https://www.iryou.teikyouseido.mhlw.go.jp/znk-web/juminkanja/S2430/initialize?prefCd=02&kikanCd=0250000802&kikanKbn=nan", "url2": null, "内容": "ハッピー調剤薬局八戸城下店0青森県八戸市城下四丁目４番１９号" }, "geometry": { "type": "Point", "coordinates": [ 141.491146, 40.522433 ] } },
{ "type": "Feature", "properties": { "ID": 250250000803, "正式名称": "くすのき薬局", "機関区分": 5, "都道府県コード": 2, "市区町村コード": 203, "所在地": "青森県八戸市城下一丁目１０番１０号", "緯度": 40.518351, "経度": 141.490425, "url": "https://www.iryou.teikyouseido.mhlw.go.jp/znk-web/juminkanja/S2430/initialize?prefCd=02&kikanCd=0250000803&kikanKbn=nan", "url2": null, "内容": "くすのき薬局0青森県八戸市城下一丁目１０番１０号" }, "geometry": { "type": "Point", "coordinates": [ 141.490425, 40.518351 ] } },
{ "type": "Feature", "properties": { "ID": 250250000804, "正式名称": "はまだ調剤薬局", "機関区分": 5, "都道府県コード": 2, "市区町村コード": 201, "所在地": "青森県青森市浜田字玉川１７９番地４７", "緯度": 40.798697, "経度": 140.760333, "url": "https://www.iryou.teikyouseido.mhlw.go.jp/znk-web/juminkanja/S2430/initialize?prefCd=02&kikanCd=0250000804&kikanKbn=nan", "url2": "utou-ph.jp", "内容": "はまだ調剤薬局0青森県青森市浜田字玉川１７９番地４７" }, "geometry": { "type": "Point", "coordinates": [ 140.760333, 40.798697 ] } },
{ "type": "Feature", "properties": { "ID": 250250000805, "正式名称": "共創未来　まつもり薬局", "機関区分": 5, "都道府県コード": 2, "市区町村コード": 201, "所在地": "青森県青森市松森二丁目１１番１９号", "緯度": 40.819612, "経度": 140.770165, "url": "https://www.iryou.teikyouseido.mhlw.go.jp/znk-web/juminkanja/S2430/initialize?prefCd=02&kikanCd=0250000805&kikanKbn=nan", "url2": "http://www.phmirai.co.jp/shops/detail.php?id=427", "内容": "共創未来　まつもり薬局0青森県青森市松森二丁目１１番１９号" }, "geometry": { "type": "Point", "coordinates": [ 140.770165, 40.819612 ] } },
{ "type": "Feature", "properties": { "ID": 250250000806, "正式名称": "くるみ薬局湊高台店", "機関区分": 5, "都道府県コード": 2, "市区町村コード": 203, "所在地": "青森県八戸市湊高台五丁目１３番２７号", "緯度": 40.508435, "経度": 141.535088, "url": "https://www.iryou.teikyouseido.mhlw.go.jp/znk-web/juminkanja/S2430/initialize?prefCd=02&kikanCd=0250000806&kikanKbn=nan", "url2": null, "内容": "くるみ薬局湊高台店0青森県八戸市湊高台五丁目１３番２７号" }, "geometry": { "type": "Point", "coordinates": [ 141.535088, 40.508435 ] } },
{ "type": "Feature", "properties": { "ID": 250250000807, "正式名称": "ファルマ弘前薬局", "機関区分": 5, "都道府県コード": 2, "市区町村コード": 202, "所在地": "青森県弘前市扇町二丁目２番地１０", "緯度": 40.585771, "経度": 140.500948, "url": "https://www.iryou.teikyouseido.mhlw.go.jp/znk-web/juminkanja/S2430/initialize?prefCd=02&kikanCd=0250000807&kikanKbn=nan", "url2": "http://www.pharmaizm.co.jp/", "内容": "ファルマ弘前薬局0青森県弘前市扇町二丁目２番地１０" }, "geometry": { "type": "Point", "coordinates": [ 140.500948, 40.585771 ] } },
{ "type": "Feature", "properties": { "ID": 250250000808, "正式名称": "ベイ薬局中央店", "機関区分": 5, "都道府県コード": 2, "市区町村コード": 205, "所在地": "青森県五所川原市中央５丁目１１９番地２", "緯度": 40.794803, "経度": 140.451026, "url": "https://www.iryou.teikyouseido.mhlw.go.jp/znk-web/juminkanja/S2430/initialize?prefCd=02&kikanCd=0250000808&kikanKbn=nan", "url2": null, "内容": "ベイ薬局中央店0青森県五所川原市中央５丁目１１９番地２" }, "geometry": { "type": "Point", "coordinates": [ 140.451026, 40.794803 ] } },
{ "type": "Feature", "properties": { "ID": 250250000809, "正式名称": "スマイル薬局　野辺地店", "機関区分": 5, "都道府県コード": 2, "市区町村コード": 401, "所在地": "青森県上北郡野辺地町野辺地６８－１", "緯度": 40.860937, "経度": 141.126582, "url": "https://www.iryou.teikyouseido.mhlw.go.jp/znk-web/juminkanja/S2430/initialize?prefCd=02&kikanCd=0250000809&kikanKbn=nan", "url2": "https://www.smilenoheji-ph.com/", "内容": "スマイル薬局　野辺地店0青森県上北郡野辺地町野辺地６８－１" }, "geometry": { "type": "Point", "coordinates": [ 141.126582, 40.860937 ] } },
{ "type": "Feature", "properties": { "ID": 250250000810, "正式名称": "アイセイ薬局大間店", "機関区分": 5, "都道府県コード": 2, "市区町村コード": 423, "所在地": "青森県下北郡大間町大間大間平２０番地１５７", "緯度": 41.5264, "経度": 140.928286, "url": "https://www.iryou.teikyouseido.mhlw.go.jp/znk-web/juminkanja/S2430/initialize?prefCd=02&kikanCd=0250000810&kikanKbn=nan", "url2": "https://www.aisei.co.jp/", "内容": "アイセイ薬局大間店0青森県下北郡大間町大間大間平２０番地１５７" }, "geometry": { "type": "Point", "coordinates": [ 140.928286, 41.5264 ] } },
{ "type": "Feature", "properties": { "ID": 250250000811, "正式名称": "アイセイ薬局是川店", "機関区分": 5, "都道府県コード": 2, "市区町村コード": 203, "所在地": "青森県八戸市是川四丁目２番地４号", "緯度": 40.468106, "経度": 141.499398, "url": "https://www.iryou.teikyouseido.mhlw.go.jp/znk-web/juminkanja/S2430/initialize?prefCd=02&kikanCd=0250000811&kikanKbn=nan", "url2": "https://www.aisei.co.jp/store/s-aomori/s-aomori-hatinohe/0862/", "内容": "アイセイ薬局是川店0青森県八戸市是川四丁目２番地４号" }, "geometry": { "type": "Point", "coordinates": [ 141.499398, 40.468106 ] } },
{ "type": "Feature", "properties": { "ID": 250250000814, "正式名称": "アイセイ薬局東八戸店", "機関区分": 5, "都道府県コード": 2, "市区町村コード": 203, "所在地": "青森県八戸市大久保字西ノ平２５－２２９", "緯度": 40.49966, "経度": 141.556642, "url": "https://www.iryou.teikyouseido.mhlw.go.jp/znk-web/juminkanja/S2430/initialize?prefCd=02&kikanCd=0250000814&kikanKbn=nan", "url2": null, "内容": "アイセイ薬局東八戸店0青森県八戸市大久保字西ノ平２５－２２９" }, "geometry": { "type": "Point", "coordinates": [ 141.556642, 40.49966 ] } },
{ "type": "Feature", "properties": { "ID": 250250000815, "正式名称": "アイセイ薬局田向店", "機関区分": 5, "都道府県コード": 2, "市区町村コード": 203, "所在地": "青森県八戸市田向三丁目２－１８", "緯度": 40.494799, "経度": 141.514257, "url": "https://www.iryou.teikyouseido.mhlw.go.jp/znk-web/juminkanja/S2430/initialize?prefCd=02&kikanCd=0250000815&kikanKbn=nan", "url2": "https://www.aisei.co.jp/", "内容": "アイセイ薬局田向店0青森県八戸市田向三丁目２－１８" }, "geometry": { "type": "Point", "coordinates": [ 141.514257, 40.494799 ] } },
{ "type": "Feature", "properties": { "ID": 250250000816, "正式名称": "仙真堂薬局青森労災病院前店", "機関区分": 5, "都道府県コード": 2, "市区町村コード": 203, "所在地": "青森県八戸市白銀町字南ヶ丘２番地６", "緯度": 40.517824, "経度": 141.544142, "url": "https://www.iryou.teikyouseido.mhlw.go.jp/znk-web/juminkanja/S2430/initialize?prefCd=02&kikanCd=0250000816&kikanKbn=nan", "url2": null, "内容": "仙真堂薬局青森労災病院前店0青森県八戸市白銀町字南ヶ丘２番地６" }, "geometry": { "type": "Point", "coordinates": [ 141.544142, 40.517824 ] } },
{ "type": "Feature", "properties": { "ID": 250250000817, "正式名称": "仙真堂薬局八戸日赤前店", "機関区分": 5, "都道府県コード": 2, "市区町村コード": 203, "所在地": "青森県八戸市田面木字下田面木４２番地１", "緯度": 40.500241, "経度": 141.448929, "url": "https://www.iryou.teikyouseido.mhlw.go.jp/znk-web/juminkanja/S2430/initialize?prefCd=02&kikanCd=0250000817&kikanKbn=nan", "url2": "https://www.emi-asu.com", "内容": "仙真堂薬局八戸日赤前店0青森県八戸市田面木字下田面木４２番地１" }, "geometry": { "type": "Point", "coordinates": [ 141.448929, 40.500241 ] } },
{ "type": "Feature", "properties": { "ID": 250250000818, "正式名称": "ふくろう薬局", "機関区分": 5, "都道府県コード": 2, "市区町村コード": 202, "所在地": "青森県弘前市代官町５７番地１", "緯度": 40.6013, "経度": 140.478857, "url": "https://www.iryou.teikyouseido.mhlw.go.jp/znk-web/juminkanja/S2430/initialize?prefCd=02&kikanCd=0250000818&kikanKbn=nan", "url2": null, "内容": "ふくろう薬局0青森県弘前市代官町５７番地１" }, "geometry": { "type": "Point", "coordinates": [ 140.478857, 40.6013 ] } },
{ "type": "Feature", "properties": { "ID": 250250000819, "正式名称": "ハッピー調剤薬局八戸青葉店", "機関区分": 5, "都道府県コード": 2, "市区町村コード": 203, "所在地": "青森県八戸市青葉３丁目３１－１", "緯度": 40.509769, "経度": 141.512256, "url": "https://www.iryou.teikyouseido.mhlw.go.jp/znk-web/juminkanja/S2430/initialize?prefCd=02&kikanCd=0250000819&kikanKbn=nan", "url2": "https://www.welcia-yakkyoku.co.jp/", "内容": "ハッピー調剤薬局八戸青葉店0青森県八戸市青葉３丁目３１－１" }, "geometry": { "type": "Point", "coordinates": [ 141.512256, 40.509769 ] } },
{ "type": "Feature", "properties": { "ID": 250250000820, "正式名称": "ハッピー調剤薬局　青森八重田ＳＣ店", "機関区分": 5, "都道府県コード": 2, "市区町村コード": 201, "所在地": "青森県青森市造道３－２５－１", "緯度": 40.831638, "経度": 140.78944, "url": "https://www.iryou.teikyouseido.mhlw.go.jp/znk-web/juminkanja/S2430/initialize?prefCd=02&kikanCd=0250000820&kikanKbn=nan", "url2": "http://happydrug.co.jp/", "内容": "ハッピー調剤薬局　青森八重田ＳＣ店0青森県青森市造道３－２５－１" }, "geometry": { "type": "Point", "coordinates": [ 140.78944, 40.831638 ] } },
{ "type": "Feature", "properties": { "ID": 250250000822, "正式名称": "テック調剤薬局　橋本店", "機関区分": 5, "都道府県コード": 2, "市区町村コード": 201, "所在地": "青森県青森市橋本三丁目１９番７号", "緯度": 40.824777, "経度": 140.75225, "url": "https://www.iryou.teikyouseido.mhlw.go.jp/znk-web/juminkanja/S2430/initialize?prefCd=02&kikanCd=0250000822&kikanKbn=nan", "url2": "http://www.tech-ph.co.jp/", "内容": "テック調剤薬局　橋本店0青森県青森市橋本三丁目１９番７号" }, "geometry": { "type": "Point", "coordinates": [ 140.75225, 40.824777 ] } },
{ "type": "Feature", "properties": { "ID": 250250000824, "正式名称": "ハッピー調剤薬局青森三内店", "機関区分": 5, "都道府県コード": 2, "市区町村コード": 201, "所在地": "青森県青森市三内字玉作２番地７２", "緯度": 40.810666, "経度": 140.69095, "url": "https://www.iryou.teikyouseido.mhlw.go.jp/znk-web/juminkanja/S2430/initialize?prefCd=02&kikanCd=0250000824&kikanKbn=nan", "url2": "http://happydrug.co.jp/store/sannai.html", "内容": "ハッピー調剤薬局青森三内店0青森県青森市三内字玉作２番地７２" }, "geometry": { "type": "Point", "coordinates": [ 140.69095, 40.810666 ] } },
{ "type": "Feature", "properties": { "ID": 250250000825, "正式名称": "３丁目調剤薬局", "機関区分": 5, "都道府県コード": 2, "市区町村コード": 202, "所在地": "青森県弘前市大町３丁目６番２", "緯度": 40.595714, "経度": 140.479588, "url": "https://www.iryou.teikyouseido.mhlw.go.jp/znk-web/juminkanja/S2430/initialize?prefCd=02&kikanCd=0250000825&kikanKbn=nan", "url2": null, "内容": "３丁目調剤薬局0青森県弘前市大町３丁目６番２" }, "geometry": { "type": "Point", "coordinates": [ 140.479588, 40.595714 ] } },
{ "type": "Feature", "properties": { "ID": 250250000826, "正式名称": "あおいもり薬局", "機関区分": 5, "都道府県コード": 2, "市区町村コード": 412, "所在地": "青森県上北郡おいらせ町住吉４丁目５０番２１１０", "緯度": 40.670082, "経度": 141.365067, "url": "https://www.iryou.teikyouseido.mhlw.go.jp/znk-web/juminkanja/S2430/initialize?prefCd=02&kikanCd=0250000826&kikanKbn=nan", "url2": "http://www.chibiki.co.jp", "内容": "あおいもり薬局0青森県上北郡おいらせ町住吉４丁目５０番２１１０" }, "geometry": { "type": "Point", "coordinates": [ 141.365067, 40.670082 ] } },
{ "type": "Feature", "properties": { "ID": 250250000827, "正式名称": "ちびき薬剤センター", "機関区分": 5, "都道府県コード": 2, "市区町村コード": 408, "所在地": "青森県上北郡東北町板橋山１－３０", "緯度": 40.824368, "経度": 141.132357, "url": "https://www.iryou.teikyouseido.mhlw.go.jp/znk-web/juminkanja/S2430/initialize?prefCd=02&kikanCd=0250000827&kikanKbn=nan", "url2": "http://chibiki.co.jp/", "内容": "ちびき薬剤センター0青森県上北郡東北町板橋山１－３０" }, "geometry": { "type": "Point", "coordinates": [ 141.132357, 40.824368 ] } },
{ "type": "Feature", "properties": { "ID": 250250000828, "正式名称": "ワカバ薬局", "機関区分": 5, "都道府県コード": 2, "市区町村コード": 203, "所在地": "青森県八戸市町組町１４番地６", "緯度": 40.505491, "経度": 141.485759, "url": "https://www.iryou.teikyouseido.mhlw.go.jp/znk-web/juminkanja/S2430/initialize?prefCd=02&kikanCd=0250000828&kikanKbn=nan", "url2": "http://www.wakabadrug.meron-net.jp/", "内容": "ワカバ薬局0青森県八戸市町組町１４番地６" }, "geometry": { "type": "Point", "coordinates": [ 141.485759, 40.505491 ] } },
{ "type": "Feature", "properties": { "ID": 250250000830, "正式名称": "いちい薬局深浦町広戸店", "機関区分": 5, "都道府県コード": 2, "市区町村コード": 323, "所在地": "青森県西津軽郡深浦町広戸字家野上１０４－３", "緯度": 40.660837, "経度": 139.956018, "url": "https://www.iryou.teikyouseido.mhlw.go.jp/znk-web/juminkanja/S2430/initialize?prefCd=02&kikanCd=0250000830&kikanKbn=nan", "url2": "https://ichiidrug.co.jp/shop_hiroto.html", "内容": "いちい薬局深浦町広戸店0青森県西津軽郡深浦町広戸字家野上１０４－３" }, "geometry": { "type": "Point", "coordinates": [ 139.956018, 40.660837 ] } },
{ "type": "Feature", "properties": { "ID": 250250000831, "正式名称": "調剤薬局ツルハドラッグ弘前アルカディア店", "機関区分": 5, "都道府県コード": 2, "市区町村コード": 202, "所在地": "青森県弘前市扇町３丁目１－２", "緯度": 40.584909, "経度": 140.500171, "url": "https://www.iryou.teikyouseido.mhlw.go.jp/znk-web/juminkanja/S2430/initialize?prefCd=02&kikanCd=0250000831&kikanKbn=nan", "url2": "http://www.tsuruha.co.jp", "内容": "調剤薬局ツルハドラッグ弘前アルカディア店0青森県弘前市扇町３丁目１－２" }, "geometry": { "type": "Point", "coordinates": [ 140.500171, 40.584909 ] } },
{ "type": "Feature", "properties": { "ID": 250250000832, "正式名称": "落合薬局", "機関区分": 5, "都道府県コード": 2, "市区町村コード": 206, "所在地": "青森県十和田市穂並町１－１", "緯度": 40.610058, "経度": 141.216999, "url": "https://www.iryou.teikyouseido.mhlw.go.jp/znk-web/juminkanja/S2430/initialize?prefCd=02&kikanCd=0250000832&kikanKbn=nan", "url2": "https://meron-net.shop/ds/ochiai-ph", "内容": "落合薬局0青森県十和田市穂並町１－１" }, "geometry": { "type": "Point", "coordinates": [ 141.216999, 40.610058 ] } },
{ "type": "Feature", "properties": { "ID": 250250000848, "正式名称": "なの花薬局八戸城下店", "機関区分": 5, "都道府県コード": 2, "市区町村コード": 203, "所在地": "青森県八戸市城下四丁目１９番３２号", "緯度": 40.519601, "経度": 141.495285, "url": "https://www.iryou.teikyouseido.mhlw.go.jp/znk-web/juminkanja/S2430/initialize?prefCd=02&kikanCd=0250000848&kikanKbn=nan", "url2": "https://www.nanohana-ph.jp/shop/touhoku/aomori/hachinohe/hachinoheshiroshita.php", "内容": "なの花薬局八戸城下店0青森県八戸市城下四丁目１９番３２号" }, "geometry": { "type": "Point", "coordinates": [ 141.495285, 40.519601 ] } },
{ "type": "Feature", "properties": { "ID": 250250000849, "正式名称": "ハッピー調剤薬局弘前土手町店", "機関区分": 5, "都道府県コード": 2, "市区町村コード": 202, "所在地": "青森県弘前市土手町８９番地１", "緯度": 40.59963, "経度": 140.474977, "url": "https://www.iryou.teikyouseido.mhlw.go.jp/znk-web/juminkanja/S2430/initialize?prefCd=02&kikanCd=0250000849&kikanKbn=nan", "url2": "http://happydrug.co.jp/", "内容": "ハッピー調剤薬局弘前土手町店0青森県弘前市土手町８９番地１" }, "geometry": { "type": "Point", "coordinates": [ 140.474977, 40.59963 ] } },
{ "type": "Feature", "properties": { "ID": 250250000850, "正式名称": "スーパードラッグアサヒ調剤薬局住吉店", "機関区分": 5, "都道府県コード": 2, "市区町村コード": 202, "所在地": "青森県弘前市住吉町８番地１８", "緯度": 40.597491, "経度": 140.473311, "url": "https://www.iryou.teikyouseido.mhlw.go.jp/znk-web/juminkanja/S2430/initialize?prefCd=02&kikanCd=0250000850&kikanKbn=nan", "url2": "https://taiki-p.com/", "内容": "スーパードラッグアサヒ調剤薬局住吉店0青森県弘前市住吉町８番地１８" }, "geometry": { "type": "Point", "coordinates": [ 140.473311, 40.597491 ] } },
{ "type": "Feature", "properties": { "ID": 250250000851, "正式名称": "ハッピー調剤薬局　青森浜館店", "機関区分": 5, "都道府県コード": 2, "市区町村コード": 201, "所在地": "青森県青森市浜館６丁目４－２１", "緯度": 40.806474, "経度": 140.786276, "url": "https://www.iryou.teikyouseido.mhlw.go.jp/znk-web/juminkanja/S2430/initialize?prefCd=02&kikanCd=0250000851&kikanKbn=nan", "url2": null, "内容": "ハッピー調剤薬局　青森浜館店0青森県青森市浜館６丁目４－２１" }, "geometry": { "type": "Point", "coordinates": [ 140.786276, 40.806474 ] } },
{ "type": "Feature", "properties": { "ID": 250250000852, "正式名称": "クオール薬局弘前店", "機関区分": 5, "都道府県コード": 2, "市区町村コード": 202, "所在地": "青森県弘前市五所字野沢３９－２５", "緯度": 40.584824, "経度": 140.396068, "url": "https://www.iryou.teikyouseido.mhlw.go.jp/znk-web/juminkanja/S2430/initialize?prefCd=02&kikanCd=0250000852&kikanKbn=nan", "url2": "https://www.qol-net.co.jp/", "内容": "クオール薬局弘前店0青森県弘前市五所字野沢３９－２５" }, "geometry": { "type": "Point", "coordinates": [ 140.396068, 40.584824 ] } },
{ "type": "Feature", "properties": { "ID": 250250000853, "正式名称": "クオール薬局弘前豊原店", "機関区分": 5, "都道府県コード": 2, "市区町村コード": 202, "所在地": "青森県弘前市豊原一丁目５番２９", "緯度": 40.582431, "経度": 140.479276, "url": "https://www.iryou.teikyouseido.mhlw.go.jp/znk-web/juminkanja/S2430/initialize?prefCd=02&kikanCd=0250000853&kikanKbn=nan", "url2": "http://www.qol-net.co.jp", "内容": "クオール薬局弘前豊原店0青森県弘前市豊原一丁目５番２９" }, "geometry": { "type": "Point", "coordinates": [ 140.479276, 40.582431 ] } },
{ "type": "Feature", "properties": { "ID": 250250000854, "正式名称": "調剤薬局ツルハドラッグ八戸江陽店", "機関区分": 5, "都道府県コード": 2, "市区町村コード": 203, "所在地": "青森県八戸市江陽２丁目１３番４０号", "緯度": 40.523545, "経度": 141.502256, "url": "https://www.iryou.teikyouseido.mhlw.go.jp/znk-web/juminkanja/S2430/initialize?prefCd=02&kikanCd=0250000854&kikanKbn=nan", "url2": null, "内容": "調剤薬局ツルハドラッグ八戸江陽店0青森県八戸市江陽２丁目１３番４０号" }, "geometry": { "type": "Point", "coordinates": [ 141.502256, 40.523545 ] } },
{ "type": "Feature", "properties": { "ID": 250250000855, "正式名称": "漢方八綱堂薬局", "機関区分": 5, "都道府県コード": 2, "市区町村コード": 203, "所在地": "青森県八戸市江陽五丁目９番２８号", "緯度": 40.521684, "経度": 141.511506, "url": "https://www.iryou.teikyouseido.mhlw.go.jp/znk-web/juminkanja/S2430/initialize?prefCd=02&kikanCd=0250000855&kikanKbn=nan", "url2": "http://www.htv-net.ne.jp/~toyabeph/", "内容": "漢方八綱堂薬局0青森県八戸市江陽五丁目９番２８号" }, "geometry": { "type": "Point", "coordinates": [ 141.511506, 40.521684 ] } },
{ "type": "Feature", "properties": { "ID": 250250000856, "正式名称": "サカエ薬局なんぶ", "機関区分": 5, "都道府県コード": 2, "市区町村コード": 445, "所在地": "青森県三戸郡南部町沖田面字千刈３５－２", "緯度": 40.411886, "経度": 141.280725, "url": "https://www.iryou.teikyouseido.mhlw.go.jp/znk-web/juminkanja/S2430/initialize?prefCd=02&kikanCd=0250000856&kikanKbn=nan", "url2": "http://www.machida2.co.jp/", "内容": "サカエ薬局なんぶ0青森県三戸郡南部町沖田面字千刈３５－２" }, "geometry": { "type": "Point", "coordinates": [ 141.280725, 40.411886 ] } },
{ "type": "Feature", "properties": { "ID": 250250000857, "正式名称": "ハッピー調剤薬局　青森新城店", "機関区分": 5, "都道府県コード": 2, "市区町村コード": 201, "所在地": "青森県青森市新城平岡２５８番地２５８", "緯度": 40.825526, "経度": 140.685338, "url": "https://www.iryou.teikyouseido.mhlw.go.jp/znk-web/juminkanja/S2430/initialize?prefCd=02&kikanCd=0250000857&kikanKbn=nan", "url2": "http://happydrug.co.jp/store/shinjou.html", "内容": "ハッピー調剤薬局　青森新城店0青森県青森市新城平岡２５８番地２５８" }, "geometry": { "type": "Point", "coordinates": [ 140.685338, 40.825526 ] } },
{ "type": "Feature", "properties": { "ID": 250250000858, "正式名称": "ハッピー調剤薬局八戸下長店", "機関区分": 5, "都道府県コード": 2, "市区町村コード": 203, "所在地": "青森県八戸市下長三丁目１３－８", "緯度": 40.537876, "経度": 141.473508, "url": "https://www.iryou.teikyouseido.mhlw.go.jp/znk-web/juminkanja/S2430/initialize?prefCd=02&kikanCd=0250000858&kikanKbn=nan", "url2": "http://happydrug.co.jp/", "内容": "ハッピー調剤薬局八戸下長店0青森県八戸市下長三丁目１３－８" }, "geometry": { "type": "Point", "coordinates": [ 141.473508, 40.537876 ] } },
{ "type": "Feature", "properties": { "ID": 250250000859, "正式名称": "ハッピー調剤薬局弘前桔梗野店", "機関区分": 5, "都道府県コード": 2, "市区町村コード": 202, "所在地": "青森県弘前市桔梗野１丁目２番２号", "緯度": 40.592408, "経度": 140.465256, "url": "https://www.iryou.teikyouseido.mhlw.go.jp/znk-web/juminkanja/S2430/initialize?prefCd=02&kikanCd=0250000859&kikanKbn=nan", "url2": "http://happydrug.co.jp/", "内容": "ハッピー調剤薬局弘前桔梗野店0青森県弘前市桔梗野１丁目２番２号" }, "geometry": { "type": "Point", "coordinates": [ 140.465256, 40.592408 ] } },
{ "type": "Feature", "properties": { "ID": 250250000860, "正式名称": "調剤薬局ツルハドラッグむつ小川店", "機関区分": 5, "都道府県コード": 2, "市区町村コード": 208, "所在地": "青森県むつ市小川町一丁目１０４番地１", "緯度": 41.292319, "経度": 141.203385, "url": "https://www.iryou.teikyouseido.mhlw.go.jp/znk-web/juminkanja/S2430/initialize?prefCd=02&kikanCd=0250000860&kikanKbn=nan", "url2": "http://www.tsuruha.co.jp/shop/chouzai/?id=1499", "内容": "調剤薬局ツルハドラッグむつ小川店0青森県むつ市小川町一丁目１０４番地１" }, "geometry": { "type": "Point", "coordinates": [ 141.203385, 41.292319 ] } },
{ "type": "Feature", "properties": { "ID": 250250000861, "正式名称": "ハッピー調剤薬局青森松原店", "機関区分": 5, "都道府県コード": 2, "市区町村コード": 201, "所在地": "青森県青森市松原３丁目１３－２１", "緯度": 40.821416, "経度": 140.761527, "url": "https://www.iryou.teikyouseido.mhlw.go.jp/znk-web/juminkanja/S2430/initialize?prefCd=02&kikanCd=0250000861&kikanKbn=nan", "url2": "http://happydrug.co.jp", "内容": "ハッピー調剤薬局青森松原店0青森県青森市松原３丁目１３－２１" }, "geometry": { "type": "Point", "coordinates": [ 140.761527, 40.821416 ] } },
{ "type": "Feature", "properties": { "ID": 250250000863, "正式名称": "ハッピー調剤薬局弘前城東店", "機関区分": 5, "都道府県コード": 2, "市区町村コード": 202, "所在地": "青森県弘前市田園３－５－１２", "緯度": 40.601936, "経度": 140.508863, "url": "https://www.iryou.teikyouseido.mhlw.go.jp/znk-web/juminkanja/S2430/initialize?prefCd=02&kikanCd=0250000863&kikanKbn=nan", "url2": "https://happydrug.co.jp/", "内容": "ハッピー調剤薬局弘前城東店0青森県弘前市田園３－５－１２" }, "geometry": { "type": "Point", "coordinates": [ 140.508863, 40.601936 ] } },
{ "type": "Feature", "properties": { "ID": 250250000864, "正式名称": "中央薬品株式会社　中央調剤薬局篠田支店", "機関区分": 5, "都道府県コード": 2, "市区町村コード": 201, "所在地": "青森県青森市篠田２丁目１９－２", "緯度": 40.827169, "経度": 140.724892, "url": "https://www.iryou.teikyouseido.mhlw.go.jp/znk-web/juminkanja/S2430/initialize?prefCd=02&kikanCd=0250000864&kikanKbn=nan", "url2": "http://www.chuo-ph.com/", "内容": "中央薬品株式会社　中央調剤薬局篠田支店0青森県青森市篠田２丁目１９－２" }, "geometry": { "type": "Point", "coordinates": [ 140.724892, 40.827169 ] } },
{ "type": "Feature", "properties": { "ID": 250250000865, "正式名称": "ハッピー調剤薬局青森沖館店", "機関区分": 5, "都道府県コード": 2, "市区町村コード": 201, "所在地": "青森県青森市柳川二丁目４番２２号", "緯度": 40.830221, "経度": 140.731473, "url": "https://www.iryou.teikyouseido.mhlw.go.jp/znk-web/juminkanja/S2430/initialize?prefCd=02&kikanCd=0250000865&kikanKbn=nan", "url2": "http://happydrug.co.jp/stores/", "内容": "ハッピー調剤薬局青森沖館店0青森県青森市柳川二丁目４番２２号" }, "geometry": { "type": "Point", "coordinates": [ 140.731473, 40.830221 ] } },
{ "type": "Feature", "properties": { "ID": 250250000867, "正式名称": "中央薬品株式会社　中央調剤薬局　堤支店", "機関区分": 5, "都道府県コード": 2, "市区町村コード": 201, "所在地": "青森県青森市堤町２丁目２４－１４", "緯度": 40.823324, "経度": 140.761411, "url": "https://www.iryou.teikyouseido.mhlw.go.jp/znk-web/juminkanja/S2430/initialize?prefCd=02&kikanCd=0250000867&kikanKbn=nan", "url2": "http://www.chuo-ph.com/", "内容": "中央薬品株式会社　中央調剤薬局　堤支店0青森県青森市堤町２丁目２４－１４" }, "geometry": { "type": "Point", "coordinates": [ 140.761411, 40.823324 ] } },
{ "type": "Feature", "properties": { "ID": 250250000868, "正式名称": "ベイ薬局緑ヶ丘店", "機関区分": 5, "都道府県コード": 2, "市区町村コード": 208, "所在地": "青森県むつ市緑ヶ丘３５番２号", "緯度": 41.299613, "経度": 141.193547, "url": "https://www.iryou.teikyouseido.mhlw.go.jp/znk-web/juminkanja/S2430/initialize?prefCd=02&kikanCd=0250000868&kikanKbn=nan", "url2": null, "内容": "ベイ薬局緑ヶ丘店0青森県むつ市緑ヶ丘３５番２号" }, "geometry": { "type": "Point", "coordinates": [ 141.193547, 41.299613 ] } },
{ "type": "Feature", "properties": { "ID": 250250000869, "正式名称": "ハッピー調剤薬局八戸類家中央店", "機関区分": 5, "都道府県コード": 2, "市区町村コード": 203, "所在地": "青森県八戸市類家４丁目４１番地５号", "緯度": 40.505963, "経度": 141.494231, "url": "https://www.iryou.teikyouseido.mhlw.go.jp/znk-web/juminkanja/S2430/initialize?prefCd=02&kikanCd=0250000869&kikanKbn=nan", "url2": "https://store.welcia.co.jp/welcia/spot/detail?code=4835D&category=04", "内容": "ハッピー調剤薬局八戸類家中央店0青森県八戸市類家４丁目４１番地５号" }, "geometry": { "type": "Point", "coordinates": [ 141.494231, 40.505963 ] } },
{ "type": "Feature", "properties": { "ID": 250250000872, "正式名称": "サカエ薬局堅田", "機関区分": 5, "都道府県コード": 2, "市区町村コード": 202, "所在地": "青森県弘前市宮川３－２－１", "緯度": 40.607546, "経度": 140.493392, "url": "https://www.iryou.teikyouseido.mhlw.go.jp/znk-web/juminkanja/S2430/initialize?prefCd=02&kikanCd=0250000872&kikanKbn=nan", "url2": "http://www.e-classa.net/sakae_katada/index.html", "内容": "サカエ薬局堅田0青森県弘前市宮川３－２－１" }, "geometry": { "type": "Point", "coordinates": [ 140.493392, 40.607546 ] } },
{ "type": "Feature", "properties": { "ID": 250250000873, "正式名称": "なの花薬局津軽新城店", "機関区分": 5, "都道府県コード": 2, "市区町村コード": 201, "所在地": "青森県青森市新城山田４８８番地２", "緯度": 40.825303, "経度": 140.668951, "url": "https://www.iryou.teikyouseido.mhlw.go.jp/znk-web/juminkanja/S2430/initialize?prefCd=02&kikanCd=0250000873&kikanKbn=nan", "url2": "https://www.nanohana-ph.jp/shop/touhoku/aomori/aomori/tsugarushinjo.php", "内容": "なの花薬局津軽新城店0青森県青森市新城山田４８８番地２" }, "geometry": { "type": "Point", "coordinates": [ 140.668951, 40.825303 ] } },
{ "type": "Feature", "properties": { "ID": 250250000874, "正式名称": "なの花薬局　十和田店", "機関区分": 5, "都道府県コード": 2, "市区町村コード": 206, "所在地": "青森県十和田市西十一番町４０番３７号", "緯度": 40.61453, "経度": 141.197223, "url": "https://www.iryou.teikyouseido.mhlw.go.jp/znk-web/juminkanja/S2430/initialize?prefCd=02&kikanCd=0250000874&kikanKbn=nan", "url2": "https://www.nanohana-ph.jp", "内容": "なの花薬局　十和田店0青森県十和田市西十一番町４０番３７号" }, "geometry": { "type": "Point", "coordinates": [ 141.197223, 40.61453 ] } },
{ "type": "Feature", "properties": { "ID": 250250000875, "正式名称": "ハッピー調剤薬局青森久須志店", "機関区分": 5, "都道府県コード": 2, "市区町村コード": 201, "所在地": "青森県青森市久須志３丁目１８－７", "緯度": 40.822194, "経度": 140.729057, "url": "https://www.iryou.teikyouseido.mhlw.go.jp/znk-web/juminkanja/S2430/initialize?prefCd=02&kikanCd=0250000875&kikanKbn=nan", "url2": "http://happydrug.co.jp/storeinfo/kusushi/", "内容": "ハッピー調剤薬局青森久須志店0青森県青森市久須志３丁目１８－７" }, "geometry": { "type": "Point", "coordinates": [ 140.729057, 40.822194 ] } },
{ "type": "Feature", "properties": { "ID": 250250000876, "正式名称": "保険調剤薬局タイキファーマシー西青森店", "機関区分": 5, "都道府県コード": 2, "市区町村コード": 201, "所在地": "青森県青森市石江江渡１１７－２４", "緯度": 40.824135, "経度": 140.69295, "url": "https://www.iryou.teikyouseido.mhlw.go.jp/znk-web/juminkanja/S2430/initialize?prefCd=02&kikanCd=0250000876&kikanKbn=nan", "url2": "https://taiki-p.com/", "内容": "保険調剤薬局タイキファーマシー西青森店0青森県青森市石江江渡１１７－２４" }, "geometry": { "type": "Point", "coordinates": [ 140.69295, 40.824135 ] } },
{ "type": "Feature", "properties": { "ID": 250250000877, "正式名称": "ハート調剤薬局　中央通り店", "機関区分": 5, "都道府県コード": 2, "市区町村コード": 202, "所在地": "青森県弘前市上鞘師町４番地", "緯度": 40.604769, "経度": 140.470616, "url": "https://www.iryou.teikyouseido.mhlw.go.jp/znk-web/juminkanja/S2430/initialize?prefCd=02&kikanCd=0250000877&kikanKbn=nan", "url2": "http://www.mediluck.com/", "内容": "ハート調剤薬局　中央通り店0青森県弘前市上鞘師町４番地" }, "geometry": { "type": "Point", "coordinates": [ 140.470616, 40.604769 ] } },
{ "type": "Feature", "properties": { "ID": 250250000878, "正式名称": "ハート調剤薬局松森町店", "機関区分": 5, "都道府県コード": 2, "市区町村コード": 202, "所在地": "青森県弘前市松森町４８", "緯度": 40.59277, "経度": 140.481449, "url": "https://www.iryou.teikyouseido.mhlw.go.jp/znk-web/juminkanja/S2430/initialize?prefCd=02&kikanCd=0250000878&kikanKbn=nan", "url2": null, "内容": "ハート調剤薬局松森町店0青森県弘前市松森町４８" }, "geometry": { "type": "Point", "coordinates": [ 140.481449, 40.59277 ] } },
{ "type": "Feature", "properties": { "ID": 250250000879, "正式名称": "ハート調剤薬局安原店", "機関区分": 5, "都道府県コード": 2, "市区町村コード": 202, "所在地": "青森県弘前市安原３－７－１０", "緯度": 40.57666, "経度": 140.488311, "url": "https://www.iryou.teikyouseido.mhlw.go.jp/znk-web/juminkanja/S2430/initialize?prefCd=02&kikanCd=0250000879&kikanKbn=nan", "url2": "https://meron-net.shop/ds/heart-ya", "内容": "ハート調剤薬局安原店0青森県弘前市安原３－７－１０" }, "geometry": { "type": "Point", "coordinates": [ 140.488311, 40.57666 ] } },
{ "type": "Feature", "properties": { "ID": 250250000880, "正式名称": "保険調剤薬局ファーマシー弘前店", "機関区分": 5, "都道府県コード": 2, "市区町村コード": 202, "所在地": "青森県弘前市富田３－４－７", "緯度": 40.592381, "経度": 140.473923, "url": "https://www.iryou.teikyouseido.mhlw.go.jp/znk-web/juminkanja/S2430/initialize?prefCd=02&kikanCd=0250000880&kikanKbn=nan", "url2": "https://taiki-p.com/page-shop/area-etc/etc-pharmacy-1/", "内容": "保険調剤薬局ファーマシー弘前店0青森県弘前市富田３－４－７" }, "geometry": { "type": "Point", "coordinates": [ 140.473923, 40.592381 ] } },
{ "type": "Feature", "properties": { "ID": 250250000881, "正式名称": "ワカバ調剤薬局　黒石駅前店", "機関区分": 5, "都道府県コード": 2, "市区町村コード": 204, "所在地": "青森県黒石市一番町１８５", "緯度": 40.648571, "経度": 140.593687, "url": "https://www.iryou.teikyouseido.mhlw.go.jp/znk-web/juminkanja/S2430/initialize?prefCd=02&kikanCd=0250000881&kikanKbn=nan", "url2": "https://www.wakaba-chouzai.com/", "内容": "ワカバ調剤薬局　黒石駅前店0青森県黒石市一番町１８５" }, "geometry": { "type": "Point", "coordinates": [ 140.593687, 40.648571 ] } },
{ "type": "Feature", "properties": { "ID": 250250000882, "正式名称": "ハッピー調剤薬局青森南佃店", "機関区分": 5, "都道府県コード": 2, "市区町村コード": 201, "所在地": "青森県青森市南佃２丁目７番１０号", "緯度": 40.812474, "経度": 140.780692, "url": "https://www.iryou.teikyouseido.mhlw.go.jp/znk-web/juminkanja/S2430/initialize?prefCd=02&kikanCd=0250000882&kikanKbn=nan", "url2": null, "内容": "ハッピー調剤薬局青森南佃店0青森県青森市南佃２丁目７番１０号" }, "geometry": { "type": "Point", "coordinates": [ 140.780692, 40.812474 ] } },
{ "type": "Feature", "properties": { "ID": 250250000884, "正式名称": "保険調剤薬局ファーマシー", "機関区分": 5, "都道府県コード": 2, "市区町村コード": 202, "所在地": "青森県弘前市代官町９１－３", "緯度": 40.602019, "経度": 140.479005, "url": "https://www.iryou.teikyouseido.mhlw.go.jp/znk-web/juminkanja/S2430/initialize?prefCd=02&kikanCd=0250000884&kikanKbn=nan", "url2": null, "内容": "保険調剤薬局ファーマシー0青森県弘前市代官町９１－３" }, "geometry": { "type": "Point", "coordinates": [ 140.479005, 40.602019 ] } },
{ "type": "Feature", "properties": { "ID": 250250000885, "正式名称": "ハッピー調剤薬局青森観光通店", "機関区分": 5, "都道府県コード": 2, "市区町村コード": 201, "所在地": "青森県青森市緑三丁目１１番８号", "緯度": 40.807724, "経度": 140.743667, "url": "https://www.iryou.teikyouseido.mhlw.go.jp/znk-web/juminkanja/S2430/initialize?prefCd=02&kikanCd=0250000885&kikanKbn=nan", "url2": null, "内容": "ハッピー調剤薬局青森観光通店0青森県青森市緑三丁目１１番８号" }, "geometry": { "type": "Point", "coordinates": [ 140.743667, 40.807724 ] } },
{ "type": "Feature", "properties": { "ID": 250250000888, "正式名称": "磯木薬局岩木店", "機関区分": 5, "都道府県コード": 2, "市区町村コード": 202, "所在地": "青森県弘前市真土勝剣林３３４－４", "緯度": 40.603601, "経度": 140.43573, "url": "https://www.iryou.teikyouseido.mhlw.go.jp/znk-web/juminkanja/S2430/initialize?prefCd=02&kikanCd=0250000888&kikanKbn=nan", "url2": null, "内容": "磯木薬局岩木店0青森県弘前市真土勝剣林３３４－４" }, "geometry": { "type": "Point", "coordinates": [ 140.43573, 40.603601 ] } },
{ "type": "Feature", "properties": { "ID": 250250000889, "正式名称": "いちい薬局弘前北横町店", "機関区分": 5, "都道府県コード": 2, "市区町村コード": 202, "所在地": "青森県弘前市北横町５０－２", "緯度": 40.60974, "経度": 140.477922, "url": "https://www.iryou.teikyouseido.mhlw.go.jp/znk-web/juminkanja/S2430/initialize?prefCd=02&kikanCd=0250000889&kikanKbn=nan", "url2": "http://ichiidrug.co.jp/shop_hirosaki.html", "内容": "いちい薬局弘前北横町店0青森県弘前市北横町５０－２" }, "geometry": { "type": "Point", "coordinates": [ 140.477922, 40.60974 ] } },
{ "type": "Feature", "properties": { "ID": 250250000890, "正式名称": "サン調剤薬局　安原店", "機関区分": 5, "都道府県コード": 2, "市区町村コード": 202, "所在地": "青森県弘前市安原２－１－３５", "緯度": 40.57666, "経度": 140.488311, "url": "https://www.iryou.teikyouseido.mhlw.go.jp/znk-web/juminkanja/S2430/initialize?prefCd=02&kikanCd=0250000890&kikanKbn=nan", "url2": "http://sun-ph.com", "内容": "サン調剤薬局　安原店0青森県弘前市安原２－１－３５" }, "geometry": { "type": "Point", "coordinates": [ 140.488311, 40.57666 ] } },
{ "type": "Feature", "properties": { "ID": 250250000891, "正式名称": "フタバ薬局", "機関区分": 5, "都道府県コード": 2, "市区町村コード": 203, "所在地": "青森県八戸市三日町３７番地", "緯度": 40.509741, "経度": 141.490592, "url": "https://www.iryou.teikyouseido.mhlw.go.jp/znk-web/juminkanja/S2430/initialize?prefCd=02&kikanCd=0250000891&kikanKbn=nan", "url2": null, "内容": "フタバ薬局0青森県八戸市三日町３７番地" }, "geometry": { "type": "Point", "coordinates": [ 141.490592, 40.509741 ] } },
{ "type": "Feature", "properties": { "ID": 250250000892, "正式名称": "すずらん調剤薬局　篠田店", "機関区分": 5, "都道府県コード": 2, "市区町村コード": 201, "所在地": "青森県青森市篠田二丁目２０番１９号", "緯度": 40.826915, "経度": 140.724057, "url": "https://www.iryou.teikyouseido.mhlw.go.jp/znk-web/juminkanja/S2430/initialize?prefCd=02&kikanCd=0250000892&kikanKbn=nan", "url2": "https://suzuran-ph.jp/", "内容": "すずらん調剤薬局　篠田店0青森県青森市篠田二丁目２０番１９号" }, "geometry": { "type": "Point", "coordinates": [ 140.724057, 40.826915 ] } },
{ "type": "Feature", "properties": { "ID": 250250000893, "正式名称": "大洋堂薬局", "機関区分": 5, "都道府県コード": 2, "市区町村コード": 203, "所在地": "青森県八戸市吹上３丁目７－２３", "緯度": 40.500936, "経度": 141.496842, "url": "https://www.iryou.teikyouseido.mhlw.go.jp/znk-web/juminkanja/S2430/initialize?prefCd=02&kikanCd=0250000893&kikanKbn=nan", "url2": "https://meron-net.shop/ds/taiyoudou", "内容": "大洋堂薬局0青森県八戸市吹上３丁目７－２３" }, "geometry": { "type": "Point", "coordinates": [ 141.496842, 40.500936 ] } },
{ "type": "Feature", "properties": { "ID": 250250000894, "正式名称": "会営休日夜間薬局", "機関区分": 5, "都道府県コード": 2, "市区町村コード": 203, "所在地": "青森県八戸市田向三丁目６番４４号", "緯度": 40.492993, "経度": 141.510341, "url": "https://www.iryou.teikyouseido.mhlw.go.jp/znk-web/juminkanja/S2430/initialize?prefCd=02&kikanCd=0250000894&kikanKbn=nan", "url2": null, "内容": "会営休日夜間薬局0青森県八戸市田向三丁目６番４４号" }, "geometry": { "type": "Point", "coordinates": [ 141.510341, 40.492993 ] } },
{ "type": "Feature", "properties": { "ID": 250250000895, "正式名称": "いろは薬局　長者店", "機関区分": 5, "都道府県コード": 2, "市区町村コード": 203, "所在地": "青森県八戸市長者３丁目３－１９", "緯度": 40.503741, "経度": 141.490147, "url": "https://www.iryou.teikyouseido.mhlw.go.jp/znk-web/juminkanja/S2430/initialize?prefCd=02&kikanCd=0250000895&kikanKbn=nan", "url2": "https://iroha-pharmacy.com/", "内容": "いろは薬局　長者店0青森県八戸市長者３丁目３－１９" }, "geometry": { "type": "Point", "coordinates": [ 141.490147, 40.503741 ] } },
{ "type": "Feature", "properties": { "ID": 250250000896, "正式名称": "ハッピー調剤薬局青森浪岡店", "機関区分": 5, "都道府県コード": 2, "市区町村コード": 201, "所在地": "青森県青森市浪岡浪岡若松１２４番地１", "緯度": 40.718842, "経度": 140.595768, "url": "https://www.iryou.teikyouseido.mhlw.go.jp/znk-web/juminkanja/S2430/initialize?prefCd=02&kikanCd=0250000896&kikanKbn=nan", "url2": "https://happydrug.co.jp/storeinfo/%e9%9d%92%e6%a3%ae%e6%b5%aa%e5%b2%a1%e5%ba%97/", "内容": "ハッピー調剤薬局青森浪岡店0青森県青森市浪岡浪岡若松１２４番地１" }, "geometry": { "type": "Point", "coordinates": [ 140.595768, 40.718842 ] } },
{ "type": "Feature", "properties": { "ID": 250250000897, "正式名称": "ハッピー調剤薬局十和田西金崎店", "機関区分": 5, "都道府県コード": 2, "市区町村コード": 206, "所在地": "青森県十和田市西二十三番町６０番１９号", "緯度": 40.604169, "経度": 141.194667, "url": "https://www.iryou.teikyouseido.mhlw.go.jp/znk-web/juminkanja/S2430/initialize?prefCd=02&kikanCd=0250000897&kikanKbn=nan", "url2": "https://happydrug.co.jp", "内容": "ハッピー調剤薬局十和田西金崎店0青森県十和田市西二十三番町６０番１９号" }, "geometry": { "type": "Point", "coordinates": [ 141.194667, 40.604169 ] } },
{ "type": "Feature", "properties": { "ID": 250250000898, "正式名称": "ハッピー調剤薬局八戸旭ヶ丘店", "機関区分": 5, "都道府県コード": 2, "市区町村コード": 203, "所在地": "青森県八戸市新井田字小久保尻１６－１２７", "緯度": 40.496382, "経度": 141.527645, "url": "https://www.iryou.teikyouseido.mhlw.go.jp/znk-web/juminkanja/S2430/initialize?prefCd=02&kikanCd=0250000898&kikanKbn=nan", "url2": "https://happydrug.co.jp/", "内容": "ハッピー調剤薬局八戸旭ヶ丘店0青森県八戸市新井田字小久保尻１６－１２７" }, "geometry": { "type": "Point", "coordinates": [ 141.527645, 40.496382 ] } },
{ "type": "Feature", "properties": { "ID": 250250000899, "正式名称": "あけぼの薬局妙見店", "機関区分": 5, "都道府県コード": 2, "市区町村コード": 201, "所在地": "青森県青森市問屋町一丁目１５番１１号", "緯度": 40.788698, "経度": 140.758001, "url": "https://www.iryou.teikyouseido.mhlw.go.jp/znk-web/juminkanja/S2430/initialize?prefCd=02&kikanCd=0250000899&kikanKbn=nan", "url2": "https://www.akebono899.or.jp/", "内容": "あけぼの薬局妙見店0青森県青森市問屋町一丁目１５番１１号" }, "geometry": { "type": "Point", "coordinates": [ 140.758001, 40.788698 ] } },
{ "type": "Feature", "properties": { "ID": 250250000900, "正式名称": "ハッピー調剤薬局三沢岡三沢店", "機関区分": 5, "都道府県コード": 2, "市区町村コード": 207, "所在地": "青森県三沢市下久保１丁目１－３", "緯度": 40.688108, "経度": 141.378454, "url": "https://www.iryou.teikyouseido.mhlw.go.jp/znk-web/juminkanja/S2430/initialize?prefCd=02&kikanCd=0250000900&kikanKbn=nan", "url2": "http://happydrug.co.jp/storeinfo/okamisawa/", "内容": "ハッピー調剤薬局三沢岡三沢店0青森県三沢市下久保１丁目１－３" }, "geometry": { "type": "Point", "coordinates": [ 141.378454, 40.688108 ] } },
{ "type": "Feature", "properties": { "ID": 250250000901, "正式名称": "いちい薬局鰺ケ沢病院店", "機関区分": 5, "都道府県コード": 2, "市区町村コード": 321, "所在地": "青森県西津軽郡鰺ヶ沢町舞戸町蒲生１０６番地１０", "緯度": 40.772246, "経度": 140.22049, "url": "https://www.iryou.teikyouseido.mhlw.go.jp/znk-web/juminkanja/S2430/initialize?prefCd=02&kikanCd=0250000901&kikanKbn=nan", "url2": "http://ichiidrug.co.jp/", "内容": "いちい薬局鰺ケ沢病院店0青森県西津軽郡鰺ヶ沢町舞戸町蒲生１０６番地１０" }, "geometry": { "type": "Point", "coordinates": [ 140.22049, 40.772246 ] } },
{ "type": "Feature", "properties": { "ID": 250250000902, "正式名称": "すずらん調剤薬局　城東中央店", "機関区分": 5, "都道府県コード": 2, "市区町村コード": 202, "所在地": "青森県弘前市城東中央３丁目９－２０", "緯度": 40.601615, "経度": 140.491694, "url": "https://www.iryou.teikyouseido.mhlw.go.jp/znk-web/juminkanja/S2430/initialize?prefCd=02&kikanCd=0250000902&kikanKbn=nan", "url2": "https://suzuran-ph.jp/", "内容": "すずらん調剤薬局　城東中央店0青森県弘前市城東中央３丁目９－２０" }, "geometry": { "type": "Point", "coordinates": [ 140.491694, 40.601615 ] } },
{ "type": "Feature", "properties": { "ID": 250250000903, "正式名称": "ハッピー調剤薬局青森松原南店", "機関区分": 5, "都道府県コード": 2, "市区町村コード": 201, "所在地": "青森県青森市奥野二丁目２０番２号", "緯度": 40.813556, "経度": 140.757139, "url": "https://www.iryou.teikyouseido.mhlw.go.jp/znk-web/juminkanja/S2430/initialize?prefCd=02&kikanCd=0250000903&kikanKbn=nan", "url2": null, "内容": "ハッピー調剤薬局青森松原南店0青森県青森市奥野二丁目２０番２号" }, "geometry": { "type": "Point", "coordinates": [ 140.757139, 40.813556 ] } },
{ "type": "Feature", "properties": { "ID": 250250000904, "正式名称": "大開調剤薬局", "機関区分": 5, "都道府県コード": 2, "市区町村コード": 202, "所在地": "青森県弘前市大開１丁目５－１", "緯度": 40.578354, "経度": 140.44848, "url": "https://www.iryou.teikyouseido.mhlw.go.jp/znk-web/juminkanja/S2430/initialize?prefCd=02&kikanCd=0250000904&kikanKbn=nan", "url2": null, "内容": "大開調剤薬局0青森県弘前市大開１丁目５－１" }, "geometry": { "type": "Point", "coordinates": [ 140.44848, 40.578354 ] } },
{ "type": "Feature", "properties": { "ID": 250250000905, "正式名称": "そうごう薬局　アルカディア店", "機関区分": 5, "都道府県コード": 2, "市区町村コード": 202, "所在地": "青森県弘前市扇町１丁目１番６", "緯度": 40.586604, "経度": 140.50667, "url": "https://www.iryou.teikyouseido.mhlw.go.jp/znk-web/juminkanja/S2430/initialize?prefCd=02&kikanCd=0250000905&kikanKbn=nan", "url2": "https://www.sogo-medical.co.jp/sp/sogopharmacy/shop/view/784", "内容": "そうごう薬局　アルカディア店0青森県弘前市扇町１丁目１番６" }, "geometry": { "type": "Point", "coordinates": [ 140.50667, 40.586604 ] } },
{ "type": "Feature", "properties": { "ID": 250250000906, "正式名称": "そうごう薬局　黒石病院前店", "機関区分": 5, "都道府県コード": 2, "市区町村コード": 204, "所在地": "青森県黒石市北美町１－７４－１", "緯度": 40.653099, "経度": 140.602159, "url": "https://www.iryou.teikyouseido.mhlw.go.jp/znk-web/juminkanja/S2430/initialize?prefCd=02&kikanCd=0250000906&kikanKbn=nan", "url2": "https://shop.sogo-pharmacy.jp/detail/788/", "内容": "そうごう薬局　黒石病院前店0青森県黒石市北美町１－７４－１" }, "geometry": { "type": "Point", "coordinates": [ 140.602159, 40.653099 ] } },
{ "type": "Feature", "properties": { "ID": 250250000907, "正式名称": "そうごう薬局　松原店", "機関区分": 5, "都道府県コード": 2, "市区町村コード": 202, "所在地": "青森県弘前市松原東２－１４－６", "緯度": 40.57691, "経度": 140.479089, "url": "https://www.iryou.teikyouseido.mhlw.go.jp/znk-web/juminkanja/S2430/initialize?prefCd=02&kikanCd=0250000907&kikanKbn=nan", "url2": "https://www.sogo-medical.co.jp/sp/sogopharmacy/shop/view/787", "内容": "そうごう薬局　松原店0青森県弘前市松原東２－１４－６" }, "geometry": { "type": "Point", "coordinates": [ 140.479089, 40.57691 ] } },
{ "type": "Feature", "properties": { "ID": 250250000908, "正式名称": "そうごう薬局　弘前駅前店", "機関区分": 5, "都道府県コード": 2, "市区町村コード": 202, "所在地": "青森県弘前市駅前町１１－２", "緯度": 40.599296, "経度": 140.482866, "url": "https://www.iryou.teikyouseido.mhlw.go.jp/znk-web/juminkanja/S2430/initialize?prefCd=02&kikanCd=0250000908&kikanKbn=nan", "url2": "http://www.sogo-medical.co.jp", "内容": "そうごう薬局　弘前駅前店0青森県弘前市駅前町１１－２" }, "geometry": { "type": "Point", "coordinates": [ 140.482866, 40.599296 ] } },
{ "type": "Feature", "properties": { "ID": 250250000909, "正式名称": "そうごう薬局　桔梗野店", "機関区分": 5, "都道府県コード": 2, "市区町村コード": 202, "所在地": "青森県弘前市桔梗野２－１３－２３", "緯度": 40.591103, "経度": 140.465395, "url": "https://www.iryou.teikyouseido.mhlw.go.jp/znk-web/juminkanja/S2430/initialize?prefCd=02&kikanCd=0250000909&kikanKbn=nan", "url2": null, "内容": "そうごう薬局　桔梗野店0青森県弘前市桔梗野２－１３－２３" }, "geometry": { "type": "Point", "coordinates": [ 140.465395, 40.591103 ] } },
{ "type": "Feature", "properties": { "ID": 250250000910, "正式名称": "すずらん調剤薬局　三岳店", "機関区分": 5, "都道府県コード": 2, "市区町村コード": 202, "所在地": "青森県弘前市三岳町６－３１", "緯度": 40.578687, "経度": 140.47745, "url": "https://www.iryou.teikyouseido.mhlw.go.jp/znk-web/juminkanja/S2430/initialize?prefCd=02&kikanCd=0250000910&kikanKbn=nan", "url2": "https://suzuran-ph.jp/", "内容": "すずらん調剤薬局　三岳店0青森県弘前市三岳町６－３１" }, "geometry": { "type": "Point", "coordinates": [ 140.47745, 40.578687 ] } },
{ "type": "Feature", "properties": { "ID": 250250000911, "正式名称": "テック調剤薬局大野店", "機関区分": 5, "都道府県コード": 2, "市区町村コード": 201, "所在地": "青森県青森市大野字片岡３３－１５", "緯度": 40.802085, "経度": 140.731503, "url": "https://www.iryou.teikyouseido.mhlw.go.jp/znk-web/juminkanja/S2430/initialize?prefCd=02&kikanCd=0250000911&kikanKbn=nan", "url2": "http://tech-ph.co.jp", "内容": "テック調剤薬局大野店0青森県青森市大野字片岡３３－１５" }, "geometry": { "type": "Point", "coordinates": [ 140.731503, 40.802085 ] } },
{ "type": "Feature", "properties": { "ID": 250250000912, "正式名称": "なの花薬局大久保店", "機関区分": 5, "都道府県コード": 2, "市区町村コード": 203, "所在地": "青森県八戸市湊町字下大久保道１５番地９", "緯度": 40.518712, "経度": 141.528282, "url": "https://www.iryou.teikyouseido.mhlw.go.jp/znk-web/juminkanja/S2430/initialize?prefCd=02&kikanCd=0250000912&kikanKbn=nan", "url2": "https://www.nanohana-ph.jp/", "内容": "なの花薬局大久保店0青森県八戸市湊町字下大久保道１５番地９" }, "geometry": { "type": "Point", "coordinates": [ 141.528282, 40.518712 ] } },
{ "type": "Feature", "properties": { "ID": 250250000913, "正式名称": "（紅）こがわ薬局", "機関区分": 5, "都道府県コード": 2, "市区町村コード": 202, "所在地": "青森県弘前市本町５１", "緯度": 40.601241, "経度": 140.467256, "url": "https://www.iryou.teikyouseido.mhlw.go.jp/znk-web/juminkanja/S2430/initialize?prefCd=02&kikanCd=0250000913&kikanKbn=nan", "url2": null, "内容": "（紅）こがわ薬局0青森県弘前市本町５１" }, "geometry": { "type": "Point", "coordinates": [ 140.467256, 40.601241 ] } },
{ "type": "Feature", "properties": { "ID": 250250000914, "正式名称": "おいらせ調剤薬局", "機関区分": 5, "都道府県コード": 2, "市区町村コード": 412, "所在地": "青森県上北郡おいらせ町上明堂９", "緯度": 40.59623, "経度": 141.428287, "url": "https://www.iryou.teikyouseido.mhlw.go.jp/znk-web/juminkanja/S2430/initialize?prefCd=02&kikanCd=0250000914&kikanKbn=nan", "url2": null, "内容": "おいらせ調剤薬局0青森県上北郡おいらせ町上明堂９" }, "geometry": { "type": "Point", "coordinates": [ 141.428287, 40.59623 ] } },
{ "type": "Feature", "properties": { "ID": 250250000915, "正式名称": "イオン薬局下田店", "機関区分": 5, "都道府県コード": 2, "市区町村コード": 412, "所在地": "青森県上北郡おいらせ町中野平４０－１", "緯度": 40.607062, "経度": 141.419815, "url": "https://www.iryou.teikyouseido.mhlw.go.jp/znk-web/juminkanja/S2430/initialize?prefCd=02&kikanCd=0250000915&kikanKbn=nan", "url2": null, "内容": "イオン薬局下田店0青森県上北郡おいらせ町中野平４０－１" }, "geometry": { "type": "Point", "coordinates": [ 141.419815, 40.607062 ] } },
{ "type": "Feature", "properties": { "ID": 250250000916, "正式名称": "イオン薬局青森店", "機関区分": 5, "都道府県コード": 2, "市区町村コード": 201, "所在地": "青森県青森市緑三丁目９番地２", "緯度": 40.80764, "経度": 140.751917, "url": "https://www.iryou.teikyouseido.mhlw.go.jp/znk-web/juminkanja/S2430/initialize?prefCd=02&kikanCd=0250000916&kikanKbn=nan", "url2": null, "内容": "イオン薬局青森店0青森県青森市緑三丁目９番地２" }, "geometry": { "type": "Point", "coordinates": [ 140.751917, 40.80764 ] } },
{ "type": "Feature", "properties": { "ID": 250250000919, "正式名称": "イオン薬局つがる柏店", "機関区分": 5, "都道府県コード": 2, "市区町村コード": 209, "所在地": "青森県つがる市柏稲盛幾世４１", "緯度": 40.806634, "経度": 140.416695, "url": "https://www.iryou.teikyouseido.mhlw.go.jp/znk-web/juminkanja/S2430/initialize?prefCd=02&kikanCd=0250000919&kikanKbn=nan", "url2": null, "内容": "イオン薬局つがる柏店0青森県つがる市柏稲盛幾世４１" }, "geometry": { "type": "Point", "coordinates": [ 140.416695, 40.806634 ] } },
{ "type": "Feature", "properties": { "ID": 250250000920, "正式名称": "馬場町薬局", "機関区分": 5, "都道府県コード": 2, "市区町村コード": 203, "所在地": "青森県八戸市馬場町３番地", "緯度": 40.510601, "経度": 141.487703, "url": "https://www.iryou.teikyouseido.mhlw.go.jp/znk-web/juminkanja/S2430/initialize?prefCd=02&kikanCd=0250000920&kikanKbn=nan", "url2": "https://www.ekiten.jp/shop_44662544/", "内容": "馬場町薬局0青森県八戸市馬場町３番地" }, "geometry": { "type": "Point", "coordinates": [ 141.487703, 40.510601 ] } },
{ "type": "Feature", "properties": { "ID": 250250000921, "正式名称": "ハッピー調剤薬局十和田元町西店", "機関区分": 5, "都道府県コード": 2, "市区町村コード": 206, "所在地": "青森県十和田市元町西４丁目３－３０", "緯度": 40.621835, "経度": 141.20525, "url": "https://www.iryou.teikyouseido.mhlw.go.jp/znk-web/juminkanja/S2430/initialize?prefCd=02&kikanCd=0250000921&kikanKbn=nan", "url2": "https://happydrug.co.jp/", "内容": "ハッピー調剤薬局十和田元町西店0青森県十和田市元町西４丁目３－３０" }, "geometry": { "type": "Point", "coordinates": [ 141.20525, 40.621835 ] } },
{ "type": "Feature", "properties": { "ID": 250250000922, "正式名称": "メガ調剤薬局　富田店", "機関区分": 5, "都道府県コード": 2, "市区町村コード": 202, "所在地": "青森県弘前市富田３丁目７番８", "緯度": 40.591658, "経度": 140.47295, "url": "https://www.iryou.teikyouseido.mhlw.go.jp/znk-web/juminkanja/S2430/initialize?prefCd=02&kikanCd=0250000922&kikanKbn=nan", "url2": "http://www.beny.co.jp/store_info/hirosaki/mega-tomita/", "内容": "メガ調剤薬局　富田店0青森県弘前市富田３丁目７番８" }, "geometry": { "type": "Point", "coordinates": [ 140.47295, 40.591658 ] } },
{ "type": "Feature", "properties": { "ID": 250250000923, "正式名称": "ハッピー調剤薬局青森おいらせ青葉店", "機関区分": 5, "都道府県コード": 2, "市区町村コード": 412, "所在地": "青森県上北郡おいらせ町青葉５－５０－１４８６", "緯度": 40.658944, "経度": 141.369261, "url": "https://www.iryou.teikyouseido.mhlw.go.jp/znk-web/juminkanja/S2430/initialize?prefCd=02&kikanCd=0250000923&kikanKbn=nan", "url2": "http://happydrug.co.jp/", "内容": "ハッピー調剤薬局青森おいらせ青葉店0青森県上北郡おいらせ町青葉５－５０－１４８６" }, "geometry": { "type": "Point", "coordinates": [ 141.369261, 40.658944 ] } },
{ "type": "Feature", "properties": { "ID": 250250000924, "正式名称": "調剤薬局ツルハドラッグ黒石一番町店", "機関区分": 5, "都道府県コード": 2, "市区町村コード": 204, "所在地": "青森県黒石市一番町１８９番地", "緯度": 40.648571, "経度": 140.593687, "url": "https://www.iryou.teikyouseido.mhlw.go.jp/znk-web/juminkanja/S2430/initialize?prefCd=02&kikanCd=0250000924&kikanKbn=nan", "url2": "https://shop.tsuruha-g.com/1824c", "内容": "調剤薬局ツルハドラッグ黒石一番町店0青森県黒石市一番町１８９番地" }, "geometry": { "type": "Point", "coordinates": [ 140.593687, 40.648571 ] } },
{ "type": "Feature", "properties": { "ID": 250250000925, "正式名称": "有限会社津軽メディカル商事松田薬局", "機関区分": 5, "都道府県コード": 2, "市区町村コード": 202, "所在地": "青森県弘前市南瓦ケ町２－５", "緯度": 40.600637, "経度": 140.47508, "url": "https://www.iryou.teikyouseido.mhlw.go.jp/znk-web/juminkanja/S2430/initialize?prefCd=02&kikanCd=0250000925&kikanKbn=nan", "url2": null, "内容": "有限会社津軽メディカル商事松田薬局0青森県弘前市南瓦ケ町２－５" }, "geometry": { "type": "Point", "coordinates": [ 140.47508, 40.600637 ] } },
{ "type": "Feature", "properties": { "ID": 250250000926, "正式名称": "ハッピー調剤薬局八戸類家店", "機関区分": 5, "都道府県コード": 2, "市区町村コード": 203, "所在地": "青森県八戸市南類家３丁目２－１２", "緯度": 40.504102, "経度": 141.503063, "url": "https://www.iryou.teikyouseido.mhlw.go.jp/znk-web/juminkanja/S2430/initialize?prefCd=02&kikanCd=0250000926&kikanKbn=nan", "url2": null, "内容": "ハッピー調剤薬局八戸類家店0青森県八戸市南類家３丁目２－１２" }, "geometry": { "type": "Point", "coordinates": [ 141.503063, 40.504102 ] } },
{ "type": "Feature", "properties": { "ID": 250250000927, "正式名称": "ハッピー調剤薬局　弘前城東中央店", "機関区分": 5, "都道府県コード": 2, "市区町村コード": 202, "所在地": "青森県弘前市城東中央三丁目３－１", "緯度": 40.60038, "経度": 140.488032, "url": "https://www.iryou.teikyouseido.mhlw.go.jp/znk-web/juminkanja/S2430/initialize?prefCd=02&kikanCd=0250000927&kikanKbn=nan", "url2": null, "内容": "ハッピー調剤薬局　弘前城東中央店0青森県弘前市城東中央三丁目３－１" }, "geometry": { "type": "Point", "coordinates": [ 140.488032, 40.60038 ] } },
{ "type": "Feature", "properties": { "ID": 250250000928, "正式名称": "スーパーストア調剤薬局", "機関区分": 5, "都道府県コード": 2, "市区町村コード": 387, "所在地": "青森県北津軽郡中泊町中里紅葉坂１５４", "緯度": 40.96734, "経度": 140.436409, "url": "https://www.iryou.teikyouseido.mhlw.go.jp/znk-web/juminkanja/S2430/initialize?prefCd=02&kikanCd=0250000928&kikanKbn=nan", "url2": "http://www.superstore.co.jp/store-info/nakasato-bell", "内容": "スーパーストア調剤薬局0青森県北津軽郡中泊町中里紅葉坂１５４" }, "geometry": { "type": "Point", "coordinates": [ 140.436409, 40.96734 ] } },
{ "type": "Feature", "properties": { "ID": 250250000929, "正式名称": "ハッピー調剤薬局むつ中央店", "機関区分": 5, "都道府県コード": 2, "市区町村コード": 208, "所在地": "青森県むつ市旭町２－３０", "緯度": 41.285791, "経度": 141.179832, "url": "https://www.iryou.teikyouseido.mhlw.go.jp/znk-web/juminkanja/S2430/initialize?prefCd=02&kikanCd=0250000929&kikanKbn=nan", "url2": "http://happydrug.co.jp/storeinfo/mutsutyuo/", "内容": "ハッピー調剤薬局むつ中央店0青森県むつ市旭町２－３０" }, "geometry": { "type": "Point", "coordinates": [ 141.179832, 41.285791 ] } },
{ "type": "Feature", "properties": { "ID": 250250000930, "正式名称": "たっこ調剤薬局", "機関区分": 5, "都道府県コード": 2, "市区町村コード": 443, "所在地": "青森県三戸郡田子町田子字上野ノ下タ９２番８号", "緯度": 40.344442, "経度": 141.15917, "url": "https://www.iryou.teikyouseido.mhlw.go.jp/znk-web/juminkanja/S2430/initialize?prefCd=02&kikanCd=0250000930&kikanKbn=nan", "url2": null, "内容": "たっこ調剤薬局0青森県三戸郡田子町田子字上野ノ下タ９２番８号" }, "geometry": { "type": "Point", "coordinates": [ 141.15917, 40.344442 ] } },
{ "type": "Feature", "properties": { "ID": 250250000931, "正式名称": "マエダ調剤薬局医療センター前", "機関区分": 5, "都道府県コード": 2, "市区町村コード": 202, "所在地": "青森県弘前市富田３－６－３", "緯度": 40.59143, "経度": 140.473754, "url": "https://www.iryou.teikyouseido.mhlw.go.jp/znk-web/juminkanja/S2430/initialize?prefCd=02&kikanCd=0250000931&kikanKbn=nan", "url2": "https://www.maeda-ph.jp", "内容": "マエダ調剤薬局医療センター前0青森県弘前市富田３－６－３" }, "geometry": { "type": "Point", "coordinates": [ 140.473754, 40.59143 ] } },
{ "type": "Feature", "properties": { "ID": 250250000932, "正式名称": "調剤薬局ツルハドラッグ弘前駅前店", "機関区分": 5, "都道府県コード": 2, "市区町村コード": 202, "所在地": "青森県弘前市駅前２－６－２", "緯度": 40.602685, "経度": 140.483171, "url": "https://www.iryou.teikyouseido.mhlw.go.jp/znk-web/juminkanja/S2430/initialize?prefCd=02&kikanCd=0250000932&kikanKbn=nan", "url2": null, "内容": "調剤薬局ツルハドラッグ弘前駅前店0青森県弘前市駅前２－６－２" }, "geometry": { "type": "Point", "coordinates": [ 140.483171, 40.602685 ] } },
{ "type": "Feature", "properties": { "ID": 250250000933, "正式名称": "すずらん調剤薬局三内店", "機関区分": 5, "都道府県コード": 2, "市区町村コード": 201, "所在地": "青森県青森市三内字玉作５－６　ハッピービル１階", "緯度": 40.81965, "経度": 140.706735, "url": "https://www.iryou.teikyouseido.mhlw.go.jp/znk-web/juminkanja/S2430/initialize?prefCd=02&kikanCd=0250000933&kikanKbn=nan", "url2": "https://suzuran-ph.jp/stores/sannai/", "内容": "すずらん調剤薬局三内店0青森県青森市三内字玉作５－６　ハッピービル１階" }, "geometry": { "type": "Point", "coordinates": [ 140.706735, 40.81965 ] } },
{ "type": "Feature", "properties": { "ID": 250250000934, "正式名称": "いろは薬局", "機関区分": 5, "都道府県コード": 2, "市区町村コード": 208, "所在地": "青森県むつ市横迎町２丁目１番８号", "緯度": 41.293902, "経度": 141.217329, "url": "https://www.iryou.teikyouseido.mhlw.go.jp/znk-web/juminkanja/S2430/initialize?prefCd=02&kikanCd=0250000934&kikanKbn=nan", "url2": "https://irodori-iroha-ph.jp/", "内容": "いろは薬局0青森県むつ市横迎町２丁目１番８号" }, "geometry": { "type": "Point", "coordinates": [ 141.217329, 41.293902 ] } },
{ "type": "Feature", "properties": { "ID": 250250000935, "正式名称": "ハッピー調剤薬局弘前岩木店", "機関区分": 5, "都道府県コード": 2, "市区町村コード": 202, "所在地": "青森県弘前市一町田字村元７１２－１", "緯度": 40.609572, "経度": 140.425981, "url": "https://www.iryou.teikyouseido.mhlw.go.jp/znk-web/juminkanja/S2430/initialize?prefCd=02&kikanCd=0250000935&kikanKbn=nan", "url2": "https://www.welcia-yakkyoku.co.jp/", "内容": "ハッピー調剤薬局弘前岩木店0青森県弘前市一町田字村元７１２－１" }, "geometry": { "type": "Point", "coordinates": [ 140.425981, 40.609572 ] } },
{ "type": "Feature", "properties": { "ID": 250250000936, "正式名称": "調剤薬局ツルハドラッグ八戸田向店", "機関区分": 5, "都道府県コード": 2, "市区町村コード": 203, "所在地": "青森県八戸市田向５丁目２９－１", "緯度": 40.492993, "経度": 141.510341, "url": "https://www.iryou.teikyouseido.mhlw.go.jp/znk-web/juminkanja/S2430/initialize?prefCd=02&kikanCd=0250000936&kikanKbn=nan", "url2": null, "内容": "調剤薬局ツルハドラッグ八戸田向店0青森県八戸市田向５丁目２９－１" }, "geometry": { "type": "Point", "coordinates": [ 141.510341, 40.492993 ] } },
{ "type": "Feature", "properties": { "ID": 250250000937, "正式名称": "サカエ薬局田町", "機関区分": 5, "都道府県コード": 2, "市区町村コード": 205, "所在地": "青森県五所川原市田町４－１", "緯度": 40.802052, "経度": 140.445442, "url": "https://www.iryou.teikyouseido.mhlw.go.jp/znk-web/juminkanja/S2430/initialize?prefCd=02&kikanCd=0250000937&kikanKbn=nan", "url2": "https://machida2.co.jp/sakae/pharmacy/%E3%82%B5%E3%82%AB%E3%82%A8%E8%96%AC%E5%B1%80-%E7%94%B0%E7%94%BA/", "内容": "サカエ薬局田町0青森県五所川原市田町４－１" }, "geometry": { "type": "Point", "coordinates": [ 140.445442, 40.802052 ] } },
{ "type": "Feature", "properties": { "ID": 250250000938, "正式名称": "ハッピー調剤薬局弘前堅田店", "機関区分": 5, "都道府県コード": 2, "市区町村コード": 202, "所在地": "青森県弘前市青山１丁目１１－２", "緯度": 40.619044, "経度": 140.482476, "url": "https://www.iryou.teikyouseido.mhlw.go.jp/znk-web/juminkanja/S2430/initialize?prefCd=02&kikanCd=0250000938&kikanKbn=nan", "url2": null, "内容": "ハッピー調剤薬局弘前堅田店0青森県弘前市青山１丁目１１－２" }, "geometry": { "type": "Point", "coordinates": [ 140.482476, 40.619044 ] } },
{ "type": "Feature", "properties": { "ID": 250250000939, "正式名称": "きらく漢方調剤薬局黒石野添店", "機関区分": 5, "都道府県コード": 2, "市区町村コード": 204, "所在地": "青森県黒石市野添町６４－４", "緯度": 40.651154, "経度": 140.604353, "url": "https://www.iryou.teikyouseido.mhlw.go.jp/znk-web/juminkanja/S2430/initialize?prefCd=02&kikanCd=0250000939&kikanKbn=nan", "url2": null, "内容": "きらく漢方調剤薬局黒石野添店0青森県黒石市野添町６４－４" }, "geometry": { "type": "Point", "coordinates": [ 140.604353, 40.651154 ] } },
{ "type": "Feature", "properties": { "ID": 250250000940, "正式名称": "ハッピー調剤薬局青森油川店", "機関区分": 5, "都道府県コード": 2, "市区町村コード": 201, "所在地": "青森県青森市油川字浪返１０２番地１", "緯度": 40.847219, "経度": 140.700142, "url": "https://www.iryou.teikyouseido.mhlw.go.jp/znk-web/juminkanja/S2430/initialize?prefCd=02&kikanCd=0250000940&kikanKbn=nan", "url2": "https://store.welcia.co.jp/welcia/spot/detail?code=4890D", "内容": "ハッピー調剤薬局青森油川店0青森県青森市油川字浪返１０２番地１" }, "geometry": { "type": "Point", "coordinates": [ 140.700142, 40.847219 ] } },
{ "type": "Feature", "properties": { "ID": 250250000941, "正式名称": "すずらん調剤薬局　かにた店", "機関区分": 5, "都道府県コード": 2, "市区町村コード": 307, "所在地": "青森県東津軽郡外ヶ浜町蟹田１３９番地１", "緯度": 41.044508, "経度": 140.643516, "url": "https://www.iryou.teikyouseido.mhlw.go.jp/znk-web/juminkanja/S2430/initialize?prefCd=02&kikanCd=0250000941&kikanKbn=nan", "url2": "https://suzuran-ph.jp", "内容": "すずらん調剤薬局　かにた店0青森県東津軽郡外ヶ浜町蟹田１３９番地１" }, "geometry": { "type": "Point", "coordinates": [ 140.643516, 41.044508 ] } },
{ "type": "Feature", "properties": { "ID": 250250000943, "正式名称": "すずらん調剤薬局　浜田店", "機関区分": 5, "都道府県コード": 2, "市区町村コード": 201, "所在地": "青森県青森市浜田二丁目１５番地１９", "緯度": 40.798697, "経度": 140.760333, "url": "https://www.iryou.teikyouseido.mhlw.go.jp/znk-web/juminkanja/S2430/initialize?prefCd=02&kikanCd=0250000943&kikanKbn=nan", "url2": "https://suzuran-ph.jp/stores/hamada/", "内容": "すずらん調剤薬局　浜田店0青森県青森市浜田二丁目１５番地１９" }, "geometry": { "type": "Point", "coordinates": [ 140.760333, 40.798697 ] } },
{ "type": "Feature", "properties": { "ID": 250250000945, "正式名称": "すずらん調剤薬局　浪打店", "機関区分": 5, "都道府県コード": 2, "市区町村コード": 201, "所在地": "青森県青森市浪打二丁目４番２号", "緯度": 40.824333, "経度": 140.777526, "url": "https://www.iryou.teikyouseido.mhlw.go.jp/znk-web/juminkanja/S2430/initialize?prefCd=02&kikanCd=0250000945&kikanKbn=nan", "url2": null, "内容": "すずらん調剤薬局　浪打店0青森県青森市浪打二丁目４番２号" }, "geometry": { "type": "Point", "coordinates": [ 140.777526, 40.824333 ] } },
{ "type": "Feature", "properties": { "ID": 250250000946, "正式名称": "ハッピー調剤薬局つがる木造店", "機関区分": 5, "都道府県コード": 2, "市区町村コード": 209, "所在地": "青森県つがる市木造浮巣５１－１", "緯度": 40.811245, "経度": 140.38817, "url": "https://www.iryou.teikyouseido.mhlw.go.jp/znk-web/juminkanja/S2430/initialize?prefCd=02&kikanCd=0250000946&kikanKbn=nan", "url2": null, "内容": "ハッピー調剤薬局つがる木造店0青森県つがる市木造浮巣５１－１" }, "geometry": { "type": "Point", "coordinates": [ 140.38817, 40.811245 ] } },
{ "type": "Feature", "properties": { "ID": 250250000948, "正式名称": "なごみ薬局", "機関区分": 5, "都道府県コード": 2, "市区町村コード": 203, "所在地": "青森県八戸市田向４丁目１７－２６", "緯度": 40.4889172, "経度": 141.5037465, "url": "https://www.iryou.teikyouseido.mhlw.go.jp/znk-web/juminkanja/S2430/initialize?prefCd=02&kikanCd=0250000948&kikanKbn=nan", "url2": null, "内容": "なごみ薬局0青森県八戸市田向４丁目１７－２６" }, "geometry": { "type": "Point", "coordinates": [ 141.5037465, 40.4889172 ] } },
{ "type": "Feature", "properties": { "ID": 250250000949, "正式名称": "ハッピー調剤薬局八戸湊高台中央店", "機関区分": 5, "都道府県コード": 2, "市区町村コード": 203, "所在地": "青森県八戸市湊高台４－１８－１３", "緯度": 40.507048, "経度": 141.53395, "url": "https://www.iryou.teikyouseido.mhlw.go.jp/znk-web/juminkanja/S2430/initialize?prefCd=02&kikanCd=0250000949&kikanKbn=nan", "url2": "https://store.welcia.co.jp/welcia/spot/detail?code=4868D", "内容": "ハッピー調剤薬局八戸湊高台中央店0青森県八戸市湊高台４－１８－１３" }, "geometry": { "type": "Point", "coordinates": [ 141.53395, 40.507048 ] } },
{ "type": "Feature", "properties": { "ID": 250250000950, "正式名称": "やすらぎ薬局", "機関区分": 5, "都道府県コード": 2, "市区町村コード": 203, "所在地": "青森県八戸市白銀町左新井田道２番１７", "緯度": 40.520268, "経度": 141.547559, "url": "https://www.iryou.teikyouseido.mhlw.go.jp/znk-web/juminkanja/S2430/initialize?prefCd=02&kikanCd=0250000950&kikanKbn=nan", "url2": null, "内容": "やすらぎ薬局0青森県八戸市白銀町左新井田道２番１７" }, "geometry": { "type": "Point", "coordinates": [ 141.547559, 40.520268 ] } },
{ "type": "Feature", "properties": { "ID": 250250000951, "正式名称": "ひまわり薬局堤町店", "機関区分": 5, "都道府県コード": 2, "市区町村コード": 201, "所在地": "青森県青森市堤町二丁目１５番１２号", "緯度": 40.824888, "経度": 140.758304, "url": "https://www.iryou.teikyouseido.mhlw.go.jp/znk-web/juminkanja/S2430/initialize?prefCd=02&kikanCd=0250000951&kikanKbn=nan", "url2": "https://www.mik-group.co.jp/", "内容": "ひまわり薬局堤町店0青森県青森市堤町二丁目１５番１２号" }, "geometry": { "type": "Point", "coordinates": [ 140.758304, 40.824888 ] } },
{ "type": "Feature", "properties": { "ID": 250250000952, "正式名称": "平成堂薬局", "機関区分": 5, "都道府県コード": 2, "市区町村コード": 201, "所在地": "青森県青森市浪館前田四丁目３５番１５号", "緯度": 40.809295, "経度": 140.725001, "url": "https://www.iryou.teikyouseido.mhlw.go.jp/znk-web/juminkanja/S2430/initialize?prefCd=02&kikanCd=0250000952&kikanKbn=nan", "url2": "https://heiseidou.net", "内容": "平成堂薬局0青森県青森市浪館前田四丁目３５番１５号" }, "geometry": { "type": "Point", "coordinates": [ 140.725001, 40.809295 ] } },
{ "type": "Feature", "properties": { "ID": 250250000954, "正式名称": "あずまし薬局早稲田ドライブスルー店", "機関区分": 5, "都道府県コード": 2, "市区町村コード": 202, "所在地": "青森県弘前市早稲田二丁目７番地４", "緯度": 40.603907, "経度": 140.511926, "url": "https://www.iryou.teikyouseido.mhlw.go.jp/znk-web/juminkanja/S2430/initialize?prefCd=02&kikanCd=0250000954&kikanKbn=nan", "url2": "https://www.healthlabo21.co.jp", "内容": "あずまし薬局早稲田ドライブスルー店0青森県弘前市早稲田二丁目７番地４" }, "geometry": { "type": "Point", "coordinates": [ 140.511926, 40.603907 ] } },
{ "type": "Feature", "properties": { "ID": 250250000955, "正式名称": "調剤薬局ツルハドラッグ弘前外崎店", "機関区分": 5, "都道府県コード": 2, "市区町村コード": 202, "所在地": "青森県弘前市外崎３丁目５－１", "緯度": 40.598103, "経度": 140.493476, "url": "https://www.iryou.teikyouseido.mhlw.go.jp/znk-web/juminkanja/S2430/initialize?prefCd=02&kikanCd=0250000955&kikanKbn=nan", "url2": "https://www.tsuruha.co.jp/shop/?cm=v&id=1259", "内容": "調剤薬局ツルハドラッグ弘前外崎店0青森県弘前市外崎３丁目５－１" }, "geometry": { "type": "Point", "coordinates": [ 140.493476, 40.598103 ] } },
{ "type": "Feature", "properties": { "ID": 250250000956, "正式名称": "ニコニコ薬局二ツ屋店", "機関区分": 5, "都道府県コード": 2, "市区町村コード": 203, "所在地": "青森県八戸市沢里字二ツ屋１－２１３", "緯度": 40.49591, "経度": 141.4706, "url": "https://www.iryou.teikyouseido.mhlw.go.jp/znk-web/juminkanja/S2430/initialize?prefCd=02&kikanCd=0250000956&kikanKbn=nan", "url2": "https://subaru1001.co.jp/", "内容": "ニコニコ薬局二ツ屋店0青森県八戸市沢里字二ツ屋１－２１３" }, "geometry": { "type": "Point", "coordinates": [ 141.4706, 40.49591 ] } },
{ "type": "Feature", "properties": { "ID": 250250000957, "正式名称": "きたぞの薬局", "機関区分": 5, "都道府県コード": 2, "市区町村コード": 206, "所在地": "青森県十和田市西二十一番町１４番２０号", "緯度": 40.614168, "経度": 141.191973, "url": "https://www.iryou.teikyouseido.mhlw.go.jp/znk-web/juminkanja/S2430/initialize?prefCd=02&kikanCd=0250000957&kikanKbn=nan", "url2": null, "内容": "きたぞの薬局0青森県十和田市西二十一番町１４番２０号" }, "geometry": { "type": "Point", "coordinates": [ 141.191973, 40.614168 ] } },
{ "type": "Feature", "properties": { "ID": 250250000960, "正式名称": "調剤薬局ツルハドラッグ十和田中央店", "機関区分": 5, "都道府県コード": 2, "市区町村コード": 206, "所在地": "青森県十和田市稲生町１３番３９号　ツルハドラック十和田中央店", "緯度": 40.616057, "経度": 141.211332, "url": "https://www.iryou.teikyouseido.mhlw.go.jp/znk-web/juminkanja/S2430/initialize?prefCd=02&kikanCd=0250000960&kikanKbn=nan", "url2": "https://www.tsuruha-hd.com", "内容": "調剤薬局ツルハドラッグ十和田中央店0青森県十和田市稲生町１３番３９号　ツルハドラック十和田中央店" }, "geometry": { "type": "Point", "coordinates": [ 141.211332, 40.616057 ] } },
{ "type": "Feature", "properties": { "ID": 250250000961, "正式名称": "りんどう薬局", "機関区分": 5, "都道府県コード": 2, "市区町村コード": 203, "所在地": "青森県八戸市吹上三丁目５番２号", "緯度": 40.503399, "経度": 141.496253, "url": "https://www.iryou.teikyouseido.mhlw.go.jp/znk-web/juminkanja/S2430/initialize?prefCd=02&kikanCd=0250000961&kikanKbn=nan", "url2": null, "内容": "りんどう薬局0青森県八戸市吹上三丁目５番２号" }, "geometry": { "type": "Point", "coordinates": [ 141.496253, 40.503399 ] } },
{ "type": "Feature", "properties": { "ID": 250250000963, "正式名称": "テルス薬局弘前東", "機関区分": 5, "都道府県コード": 2, "市区町村コード": 202, "所在地": "青森県弘前市境関字西田２８－１", "緯度": 40.6129339, "経度": 140.4970608, "url": "https://www.iryou.teikyouseido.mhlw.go.jp/znk-web/juminkanja/S2430/initialize?prefCd=02&kikanCd=0250000963&kikanKbn=nan", "url2": "http://machida2.co.jp/sakae/phamacy/", "内容": "テルス薬局弘前東0青森県弘前市境関字西田２８－１" }, "geometry": { "type": "Point", "coordinates": [ 140.497060800000014, 40.6129339 ] } },
{ "type": "Feature", "properties": { "ID": 250250000964, "正式名称": "いちい薬局長根店", "機関区分": 5, "都道府県コード": 2, "市区町村コード": 203, "所在地": "青森県八戸市長根一丁目１７番２２号", "緯度": 40.5127583, "経度": 141.4784571, "url": "https://www.iryou.teikyouseido.mhlw.go.jp/znk-web/juminkanja/S2430/initialize?prefCd=02&kikanCd=0250000964&kikanKbn=nan", "url2": null, "内容": "いちい薬局長根店0青森県八戸市長根一丁目１７番２２号" }, "geometry": { "type": "Point", "coordinates": [ 141.478457100000014, 40.5127583 ] } },
{ "type": "Feature", "properties": { "ID": 250250000965, "正式名称": "ハッピー調剤薬局弘前浜の町店", "機関区分": 5, "都道府県コード": 2, "市区町村コード": 202, "所在地": "青森県弘前市浜の町西１丁目５番２１", "緯度": 40.6172641, "経度": 140.4581696, "url": "https://www.iryou.teikyouseido.mhlw.go.jp/znk-web/juminkanja/S2430/initialize?prefCd=02&kikanCd=0250000965&kikanKbn=nan", "url2": "https://happydrug.co.jp/", "内容": "ハッピー調剤薬局弘前浜の町店0青森県弘前市浜の町西１丁目５番２１" }, "geometry": { "type": "Point", "coordinates": [ 140.4581696, 40.6172641 ] } },
{ "type": "Feature", "properties": { "ID": 250250000966, "正式名称": "ハッピー調剤薬局青森藤崎店", "機関区分": 5, "都道府県コード": 2, "市区町村コード": 361, "所在地": "青森県南津軽郡藤崎町葛野新岡元１０９", "緯度": 40.65944, "経度": 140.499004, "url": "https://www.iryou.teikyouseido.mhlw.go.jp/znk-web/juminkanja/S2430/initialize?prefCd=02&kikanCd=0250000966&kikanKbn=nan", "url2": "https://www.kusurinomadoguchi.com/aomori/s1000125579", "内容": "ハッピー調剤薬局青森藤崎店0青森県南津軽郡藤崎町葛野新岡元１０９" }, "geometry": { "type": "Point", "coordinates": [ 140.499004, 40.65944 ] } },
{ "type": "Feature", "properties": { "ID": 250250000967, "正式名称": "マエダ調剤薬局あおぞら店", "機関区分": 5, "都道府県コード": 2, "市区町村コード": 202, "所在地": "青森県弘前市中野１－９－１１", "緯度": 40.5827708, "経度": 140.4712956, "url": "https://www.iryou.teikyouseido.mhlw.go.jp/znk-web/juminkanja/S2430/initialize?prefCd=02&kikanCd=0250000967&kikanKbn=nan", "url2": "http://www.maeda-ph.jp/", "内容": "マエダ調剤薬局あおぞら店0青森県弘前市中野１－９－１１" }, "geometry": { "type": "Point", "coordinates": [ 140.4712956, 40.5827708 ] } },
{ "type": "Feature", "properties": { "ID": 250250000968, "正式名称": "アサヒ調剤薬局", "機関区分": 5, "都道府県コード": 2, "市区町村コード": 303, "所在地": "青森県東津軽郡今別町浜名字中宇田１－２０", "緯度": 41.181632, "経度": 140.469502, "url": "https://www.iryou.teikyouseido.mhlw.go.jp/znk-web/juminkanja/S2430/initialize?prefCd=02&kikanCd=0250000968&kikanKbn=nan", "url2": null, "内容": "アサヒ調剤薬局0青森県東津軽郡今別町浜名字中宇田１－２０" }, "geometry": { "type": "Point", "coordinates": [ 140.469502, 41.181632 ] } },
{ "type": "Feature", "properties": { "ID": 250250000969, "正式名称": "Ｍ＇ｓいしかわ薬局", "機関区分": 5, "都道府県コード": 2, "市区町村コード": 202, "所在地": "青森県弘前市石川字石川１０３－５", "緯度": 40.552687, "経度": 140.543621, "url": "https://www.iryou.teikyouseido.mhlw.go.jp/znk-web/juminkanja/S2430/initialize?prefCd=02&kikanCd=0250000969&kikanKbn=nan", "url2": "http://ms-pharmacy.co.jp/", "内容": "Ｍ＇ｓいしかわ薬局0青森県弘前市石川字石川１０３－５" }, "geometry": { "type": "Point", "coordinates": [ 140.543621, 40.552687 ] } },
{ "type": "Feature", "properties": { "ID": 250250000970, "正式名称": "ハッピー調剤薬局青森幸畑店", "機関区分": 5, "都道府県コード": 2, "市区町村コード": 201, "所在地": "青森県青森市幸畑５丁目１ー３", "緯度": 40.780966, "経度": 140.781834, "url": "https://www.iryou.teikyouseido.mhlw.go.jp/znk-web/juminkanja/S2430/initialize?prefCd=02&kikanCd=0250000970&kikanKbn=nan", "url2": "https://happydrug.co.jp/", "内容": "ハッピー調剤薬局青森幸畑店0青森県青森市幸畑５丁目１ー３" }, "geometry": { "type": "Point", "coordinates": [ 140.781834, 40.780966 ] } },
{ "type": "Feature", "properties": { "ID": 250250000971, "正式名称": "マエダ調剤薬局　黒石店", "機関区分": 5, "都道府県コード": 2, "市区町村コード": 204, "所在地": "青森県黒石市前町４０－５", "緯度": 40.641903, "経度": 140.595818, "url": "https://www.iryou.teikyouseido.mhlw.go.jp/znk-web/juminkanja/S2430/initialize?prefCd=02&kikanCd=0250000971&kikanKbn=nan", "url2": "https://www.maeda-ph.jp", "内容": "マエダ調剤薬局　黒石店0青森県黒石市前町４０－５" }, "geometry": { "type": "Point", "coordinates": [ 140.595818, 40.641903 ] } },
{ "type": "Feature", "properties": { "ID": 250250010001, "正式名称": "ハッピー調剤薬局青森旭町通店", "機関区分": 5, "都道府県コード": 2, "市区町村コード": 201, "所在地": "青森県青森市金沢３丁目２７番２２号", "緯度": 40.8102, "経度": 140.73653, "url": "https://www.iryou.teikyouseido.mhlw.go.jp/znk-web/juminkanja/S2430/initialize?prefCd=02&kikanCd=0250010001&kikanKbn=nan", "url2": "https://happydrug.co.jp/", "内容": "ハッピー調剤薬局青森旭町通店0青森県青森市金沢３丁目２７番２２号" }, "geometry": { "type": "Point", "coordinates": [ 140.73653, 40.8102 ] } },
{ "type": "Feature", "properties": { "ID": 250250010002, "正式名称": "東メディカル調剤薬局", "機関区分": 5, "都道府県コード": 2, "市区町村コード": 203, "所在地": "青森県八戸市湊高台６丁目６－２１", "緯度": 40.5104594, "経度": 141.5400505, "url": "https://www.iryou.teikyouseido.mhlw.go.jp/znk-web/juminkanja/S2430/initialize?prefCd=02&kikanCd=0250010002&kikanKbn=nan", "url2": null, "内容": "東メディカル調剤薬局0青森県八戸市湊高台６丁目６－２１" }, "geometry": { "type": "Point", "coordinates": [ 141.5400505, 40.5104594 ] } },
{ "type": "Feature", "properties": { "ID": 250250010003, "正式名称": "ひまわり調剤薬局", "機関区分": 5, "都道府県コード": 2, "市区町村コード": 206, "所在地": "青森県十和田市西十一番町２２－１５", "緯度": 40.614644, "経度": 141.203988, "url": "https://www.iryou.teikyouseido.mhlw.go.jp/znk-web/juminkanja/S2430/initialize?prefCd=02&kikanCd=0250010003&kikanKbn=nan", "url2": null, "内容": "ひまわり調剤薬局0青森県十和田市西十一番町２２－１５" }, "geometry": { "type": "Point", "coordinates": [ 141.203988, 40.614644 ] } },
{ "type": "Feature", "properties": { "ID": 250250010004, "正式名称": "稲生薬局", "機関区分": 5, "都道府県コード": 2, "市区町村コード": 206, "所在地": "青森県十和田市稲生町１９－５", "緯度": 40.6125128, "経度": 141.214935, "url": "https://www.iryou.teikyouseido.mhlw.go.jp/znk-web/juminkanja/S2430/initialize?prefCd=02&kikanCd=0250010004&kikanKbn=nan", "url2": null, "内容": "稲生薬局0青森県十和田市稲生町１９－５" }, "geometry": { "type": "Point", "coordinates": [ 141.214935, 40.6125128 ] } },
{ "type": "Feature", "properties": { "ID": 250250010006, "正式名称": "うきす調剤薬局", "機関区分": 5, "都道府県コード": 2, "市区町村コード": 209, "所在地": "青森県つがる市木造浮巣４５番地２", "緯度": 40.813098, "経度": 140.391117, "url": "https://www.iryou.teikyouseido.mhlw.go.jp/znk-web/juminkanja/S2430/initialize?prefCd=02&kikanCd=0250010006&kikanKbn=nan", "url2": null, "内容": "うきす調剤薬局0青森県つがる市木造浮巣４５番地２" }, "geometry": { "type": "Point", "coordinates": [ 140.391117, 40.813098 ] } },
{ "type": "Feature", "properties": { "ID": 250250010007, "正式名称": "テック調剤薬局高田店", "機関区分": 5, "都道府県コード": 2, "市区町村コード": 201, "所在地": "青森県青森市大字高田字川瀬３１６番地４", "緯度": 40.768242, "経度": 140.723059, "url": "https://www.iryou.teikyouseido.mhlw.go.jp/znk-web/juminkanja/S2430/initialize?prefCd=02&kikanCd=0250010007&kikanKbn=nan", "url2": "https://tech-ph.co.jp/", "内容": "テック調剤薬局高田店0青森県青森市大字高田字川瀬３１６番地４" }, "geometry": { "type": "Point", "coordinates": [ 140.723059, 40.768242 ] } },
{ "type": "Feature", "properties": { "ID": 250250010008, "正式名称": "クリオス調剤薬局", "機関区分": 5, "都道府県コード": 2, "市区町村コード": 201, "所在地": "青森県青森市南佃１－２－５", "緯度": 40.8126514, "経度": 140.7779257, "url": "https://www.iryou.teikyouseido.mhlw.go.jp/znk-web/juminkanja/S2430/initialize?prefCd=02&kikanCd=0250010008&kikanKbn=nan", "url2": null, "内容": "クリオス調剤薬局0青森県青森市南佃１－２－５" }, "geometry": { "type": "Point", "coordinates": [ 140.7779257, 40.8126514 ] } },
{ "type": "Feature", "properties": { "ID": 250250010009, "正式名称": "ハッピー調剤薬局平川尾上店", "機関区分": 5, "都道府県コード": 2, "市区町村コード": 210, "所在地": "青森県平川市尾上栄松４８－１", "緯度": 40.616413, "経度": 140.580412, "url": "https://www.iryou.teikyouseido.mhlw.go.jp/znk-web/juminkanja/S2430/initialize?prefCd=02&kikanCd=0250010009&kikanKbn=nan", "url2": "https://happydrug.co.jp/", "内容": "ハッピー調剤薬局平川尾上店0青森県平川市尾上栄松４８－１" }, "geometry": { "type": "Point", "coordinates": [ 140.580412, 40.616413 ] } },
{ "type": "Feature", "properties": { "ID": 250250010010, "正式名称": "調剤薬局ツルハドラッグ八戸小中野店", "機関区分": 5, "都道府県コード": 2, "市区町村コード": 203, "所在地": "青森県八戸市小中野４－５－１８", "緯度": 40.519093, "経度": 141.512807, "url": "https://www.iryou.teikyouseido.mhlw.go.jp/znk-web/juminkanja/S2430/initialize?prefCd=02&kikanCd=0250010010&kikanKbn=nan", "url2": "https://shop.tsuruha-g.com/0944", "内容": "調剤薬局ツルハドラッグ八戸小中野店0青森県八戸市小中野４－５－１８" }, "geometry": { "type": "Point", "coordinates": [ 141.512807, 40.519093 ] } },
{ "type": "Feature", "properties": { "ID": 250250010011, "正式名称": "なの花薬局　けやき通り店", "機関区分": 5, "都道府県コード": 2, "市区町村コード": 203, "所在地": "青森県八戸市東白山台一丁目１番３８号", "緯度": 40.4880891, "経度": 141.4676061, "url": "https://www.iryou.teikyouseido.mhlw.go.jp/znk-web/juminkanja/S2430/initialize?prefCd=02&kikanCd=0250010011&kikanKbn=nan", "url2": null, "内容": "なの花薬局　けやき通り店0青森県八戸市東白山台一丁目１番３８号" }, "geometry": { "type": "Point", "coordinates": [ 141.467606100000012, 40.4880891 ] } },
{ "type": "Feature", "properties": { "ID": 250250010012, "正式名称": "ハッピー調剤薬局八戸売市店", "機関区分": 5, "都道府県コード": 2, "市区町村コード": 203, "所在地": "青森県八戸市根城９－５－３", "緯度": 40.508523, "経度": 141.469182, "url": "https://www.iryou.teikyouseido.mhlw.go.jp/znk-web/juminkanja/S2430/initialize?prefCd=02&kikanCd=0250010012&kikanKbn=nan", "url2": null, "内容": "ハッピー調剤薬局八戸売市店0青森県八戸市根城９－５－３" }, "geometry": { "type": "Point", "coordinates": [ 141.469182, 40.508523 ] } },
{ "type": "Feature", "properties": { "ID": 250250010014, "正式名称": "日本調剤　むつ薬局", "機関区分": 5, "都道府県コード": 2, "市区町村コード": 208, "所在地": "青森県むつ市小川町１丁目３番１１号", "緯度": 41.2924228, "経度": 141.2005402, "url": "https://www.iryou.teikyouseido.mhlw.go.jp/znk-web/juminkanja/S2430/initialize?prefCd=02&kikanCd=0250010014&kikanKbn=nan", "url2": "https://www.nicho.co.jp/tenpo/mutsu/", "内容": "日本調剤　むつ薬局0青森県むつ市小川町１丁目３番１１号" }, "geometry": { "type": "Point", "coordinates": [ 141.2005402, 41.2924228 ] } },
{ "type": "Feature", "properties": { "ID": 250250010015, "正式名称": "いずみ薬局", "機関区分": 5, "都道府県コード": 2, "市区町村コード": 203, "所在地": "青森県八戸市大字大工町８番地", "緯度": 40.507066, "経度": 141.492154, "url": "https://www.iryou.teikyouseido.mhlw.go.jp/znk-web/juminkanja/S2430/initialize?prefCd=02&kikanCd=0250010015&kikanKbn=nan", "url2": null, "内容": "いずみ薬局0青森県八戸市大字大工町８番地" }, "geometry": { "type": "Point", "coordinates": [ 141.492154, 40.507066 ] } },
{ "type": "Feature", "properties": { "ID": 250250010016, "正式名称": "サン調剤薬局小柳店", "機関区分": 5, "都道府県コード": 2, "市区町村コード": 201, "所在地": "青森県青森市小柳二丁目２番２８号", "緯度": 40.822124, "経度": 140.791964, "url": "https://www.iryou.teikyouseido.mhlw.go.jp/znk-web/juminkanja/S2430/initialize?prefCd=02&kikanCd=0250010016&kikanKbn=nan", "url2": "https://sun-ph.com/", "内容": "サン調剤薬局小柳店0青森県青森市小柳二丁目２番２８号" }, "geometry": { "type": "Point", "coordinates": [ 140.791964, 40.822124 ] } },
{ "type": "Feature", "properties": { "ID": 250250010017, "正式名称": "なの花薬局三条店", "機関区分": 5, "都道府県コード": 2, "市区町村コード": 203, "所在地": "青森県八戸市尻内町字直田４１番地１", "緯度": 40.516488, "経度": 141.430326, "url": "https://www.iryou.teikyouseido.mhlw.go.jp/znk-web/juminkanja/S2430/initialize?prefCd=02&kikanCd=0250010017&kikanKbn=nan", "url2": "https://www.nanohana-ph.jp/shop/touhoku/aomori/hachinohe/sanjo.php", "内容": "なの花薬局三条店0青森県八戸市尻内町字直田４１番地１" }, "geometry": { "type": "Point", "coordinates": [ 141.430326, 40.516488 ] } },
{ "type": "Feature", "properties": { "ID": 250250010018, "正式名称": "イオン薬局八戸沼館店", "機関区分": 5, "都道府県コード": 2, "市区町村コード": 203, "所在地": "青森県八戸市沼館４丁目７番１１１号", "緯度": 40.52813, "経度": 141.497436, "url": "https://www.iryou.teikyouseido.mhlw.go.jp/znk-web/juminkanja/S2430/initialize?prefCd=02&kikanCd=0250010018&kikanKbn=nan", "url2": null, "内容": "イオン薬局八戸沼館店0青森県八戸市沼館４丁目７番１１１号" }, "geometry": { "type": "Point", "coordinates": [ 141.497436, 40.52813 ] } },
{ "type": "Feature", "properties": { "ID": 250250010019, "正式名称": "メガ調剤薬局　黒石店", "機関区分": 5, "都道府県コード": 2, "市区町村コード": 204, "所在地": "青森県黒石市ちとせ３丁目２番地", "緯度": 40.637217, "経度": 140.599168, "url": "https://www.iryou.teikyouseido.mhlw.go.jp/znk-web/juminkanja/S2430/initialize?prefCd=02&kikanCd=0250010019&kikanKbn=nan", "url2": "https://www.beny.co.jp", "内容": "メガ調剤薬局　黒石店0青森県黒石市ちとせ３丁目２番地" }, "geometry": { "type": "Point", "coordinates": [ 140.599168, 40.637217 ] } },
{ "type": "Feature", "properties": { "ID": 250250010020, "正式名称": "ファイン調剤薬局　茂森新町店", "機関区分": 5, "都道府県コード": 2, "市区町村コード": 202, "所在地": "青森県弘前市茂森新町１丁目６番地５４", "緯度": 40.595756, "経度": 140.4559131, "url": "https://www.iryou.teikyouseido.mhlw.go.jp/znk-web/juminkanja/S2430/initialize?prefCd=02&kikanCd=0250010020&kikanKbn=nan", "url2": null, "内容": "ファイン調剤薬局　茂森新町店0青森県弘前市茂森新町１丁目６番地５４" }, "geometry": { "type": "Point", "coordinates": [ 140.4559131, 40.595756 ] } },
{ "type": "Feature", "properties": { "ID": 250250010021, "正式名称": "すずらん調剤薬局　西滝店", "機関区分": 5, "都道府県コード": 2, "市区町村コード": 201, "所在地": "青森県青森市篠田三丁目１３番２４号", "緯度": 40.82683, "経度": 140.720375, "url": "https://www.iryou.teikyouseido.mhlw.go.jp/znk-web/juminkanja/S2430/initialize?prefCd=02&kikanCd=0250010021&kikanKbn=nan", "url2": "https://suzuran-ph.jp/", "内容": "すずらん調剤薬局　西滝店0青森県青森市篠田三丁目１３番２４号" }, "geometry": { "type": "Point", "coordinates": [ 140.720375, 40.82683 ] } },
{ "type": "Feature", "properties": { "ID": 250250010022, "正式名称": "調剤薬局ツルハドラッグ青森新田店", "機関区分": 5, "都道府県コード": 2, "市区町村コード": 201, "所在地": "青森県青森市新田２丁目２－１６", "緯度": 40.840614, "経度": 140.715718, "url": "https://www.iryou.teikyouseido.mhlw.go.jp/znk-web/juminkanja/S2430/initialize?prefCd=02&kikanCd=0250010022&kikanKbn=nan", "url2": "https://shop.tsuruha-g.com/3391", "内容": "調剤薬局ツルハドラッグ青森新田店0青森県青森市新田２丁目２－１６" }, "geometry": { "type": "Point", "coordinates": [ 140.715718, 40.840614 ] } },
{ "type": "Feature", "properties": { "ID": 250250010023, "正式名称": "サンケア薬局城下店", "機関区分": 5, "都道府県コード": 2, "市区町村コード": 203, "所在地": "青森県八戸市城下四丁目９番６号", "緯度": 40.521645, "経度": 141.491626, "url": "https://www.iryou.teikyouseido.mhlw.go.jp/znk-web/juminkanja/S2430/initialize?prefCd=02&kikanCd=0250010023&kikanKbn=nan", "url2": "https://sun-ph.com/shop_aomori/store33/", "内容": "サンケア薬局城下店0青森県八戸市城下四丁目９番６号" }, "geometry": { "type": "Point", "coordinates": [ 141.491626, 40.521645 ] } },
{ "type": "Feature", "properties": { "ID": 250250010024, "正式名称": "つがる薬局店", "機関区分": 5, "都道府県コード": 2, "市区町村コード": 205, "所在地": "青森県五所川原市川端町３－４", "緯度": 40.807765, "経度": 140.441806, "url": "https://www.iryou.teikyouseido.mhlw.go.jp/znk-web/juminkanja/S2430/initialize?prefCd=02&kikanCd=0250010024&kikanKbn=nan", "url2": null, "内容": "つがる薬局店0青森県五所川原市川端町３－４" }, "geometry": { "type": "Point", "coordinates": [ 140.441806, 40.807765 ] } },
{ "type": "Feature", "properties": { "ID": 250250010025, "正式名称": "ハッピー調剤薬局弘前和徳店", "機関区分": 5, "都道府県コード": 2, "市区町村コード": 202, "所在地": "青森県弘前市和徳町１６５", "緯度": 40.607608, "経度": 140.482692, "url": "https://www.iryou.teikyouseido.mhlw.go.jp/znk-web/juminkanja/S2430/initialize?prefCd=02&kikanCd=0250010025&kikanKbn=nan", "url2": "https://store.welcia.co.jp/welcia/spot/detail?code=4925D&category=04", "内容": "ハッピー調剤薬局弘前和徳店0青森県弘前市和徳町１６５" }, "geometry": { "type": "Point", "coordinates": [ 140.482692, 40.607608 ] } },
{ "type": "Feature", "properties": { "ID": 250250010026, "正式名称": "ハッピー調剤薬局青森やえだ店", "機関区分": 5, "都道府県コード": 2, "市区町村コード": 201, "所在地": "青森県青森市東造道３丁目１５番１号", "緯度": 40.8269607, "経度": 140.7984763, "url": "https://www.iryou.teikyouseido.mhlw.go.jp/znk-web/juminkanja/S2430/initialize?prefCd=02&kikanCd=0250010026&kikanKbn=nan", "url2": null, "内容": "ハッピー調剤薬局青森やえだ店0青森県青森市東造道３丁目１５番１号" }, "geometry": { "type": "Point", "coordinates": [ 140.7984763, 40.8269607 ] } },
{ "type": "Feature", "properties": { "ID": 250250010027, "正式名称": "ＡＢＣ薬局　ＳＨＩＲＯＳＨＩＴＡ", "機関区分": 5, "都道府県コード": 2, "市区町村コード": 202, "所在地": "青森県弘前市駒越町６－１", "緯度": 40.607249, "経度": 140.454928, "url": "https://www.iryou.teikyouseido.mhlw.go.jp/znk-web/juminkanja/S2430/initialize?prefCd=02&kikanCd=0250010027&kikanKbn=nan", "url2": null, "内容": "ＡＢＣ薬局　ＳＨＩＲＯＳＨＩＴＡ0青森県弘前市駒越町６－１" }, "geometry": { "type": "Point", "coordinates": [ 140.454928, 40.607249 ] } },
{ "type": "Feature", "properties": { "ID": 250250010028, "正式名称": "ライム薬局", "機関区分": 5, "都道府県コード": 2, "市区町村コード": 208, "所在地": "青森県むつ市小川町１－１８－９", "緯度": 41.2967187, "経度": 141.2022176, "url": "https://www.iryou.teikyouseido.mhlw.go.jp/znk-web/juminkanja/S2430/initialize?prefCd=02&kikanCd=0250010028&kikanKbn=nan", "url2": null, "内容": "ライム薬局0青森県むつ市小川町１－１８－９" }, "geometry": { "type": "Point", "coordinates": [ 141.202217600000012, 41.2967187 ] } },
{ "type": "Feature", "properties": { "ID": 250250010029, "正式名称": "エイル薬局　　田向店", "機関区分": 5, "都道府県コード": 2, "市区町村コード": 203, "所在地": "青森県八戸市田向三丁目２番１８号", "緯度": 40.4947409, "経度": 141.5143984, "url": "https://www.iryou.teikyouseido.mhlw.go.jp/znk-web/juminkanja/S2430/initialize?prefCd=02&kikanCd=0250010029&kikanKbn=nan", "url2": null, "内容": "エイル薬局　　田向店0青森県八戸市田向三丁目２番１８号" }, "geometry": { "type": "Point", "coordinates": [ 141.5143984, 40.4947409 ] } },
{ "type": "Feature", "properties": { "ID": 250250010030, "正式名称": "青い森薬局", "機関区分": 5, "都道府県コード": 2, "市区町村コード": 201, "所在地": "青森県青森市岡造道２丁目４－３３", "緯度": 40.825327, "経度": 140.787488, "url": "https://www.iryou.teikyouseido.mhlw.go.jp/znk-web/juminkanja/S2430/initialize?prefCd=02&kikanCd=0250010030&kikanKbn=nan", "url2": null, "内容": "青い森薬局0青森県青森市岡造道２丁目４－３３" }, "geometry": { "type": "Point", "coordinates": [ 140.787488, 40.825327 ] } },
{ "type": "Feature", "properties": { "ID": 250250010031, "正式名称": "アップル調剤薬局青柳", "機関区分": 5, "都道府県コード": 2, "市区町村コード": 201, "所在地": "青森県青森市青柳二丁目５－３３", "緯度": 40.82659, "経度": 140.756738, "url": "https://www.iryou.teikyouseido.mhlw.go.jp/znk-web/juminkanja/S2430/initialize?prefCd=02&kikanCd=0250010031&kikanKbn=nan", "url2": "https://apple-chemist.com/", "内容": "アップル調剤薬局青柳0青森県青森市青柳二丁目５－３３" }, "geometry": { "type": "Point", "coordinates": [ 140.756738, 40.82659 ] } },
{ "type": "Feature", "properties": { "ID": 250250010032, "正式名称": "薬局ＡＩＮＡ", "機関区分": 5, "都道府県コード": 2, "市区町村コード": 405, "所在地": "青森県上北郡六戸町小松ケ丘２－７７－６６５", "緯度": 40.657788, "経度": 141.33926, "url": "https://www.iryou.teikyouseido.mhlw.go.jp/znk-web/juminkanja/S2430/initialize?prefCd=02&kikanCd=0250010032&kikanKbn=nan", "url2": null, "内容": "薬局ＡＩＮＡ0青森県上北郡六戸町小松ケ丘２－７７－６６５" }, "geometry": { "type": "Point", "coordinates": [ 141.33926, 40.657788 ] } },
{ "type": "Feature", "properties": { "ID": 250250010035, "正式名称": "ハッピー調剤薬局青森中央店", "機関区分": 5, "都道府県コード": 2, "市区町村コード": 201, "所在地": "青森県青森市東大野２丁目８番地４", "緯度": 40.79906, "経度": 140.744826, "url": "https://www.iryou.teikyouseido.mhlw.go.jp/znk-web/juminkanja/S2430/initialize?prefCd=02&kikanCd=0250010035&kikanKbn=nan", "url2": null, "内容": "ハッピー調剤薬局青森中央店0青森県青森市東大野２丁目８番地４" }, "geometry": { "type": "Point", "coordinates": [ 140.744826, 40.79906 ] } },
{ "type": "Feature", "properties": { "ID": 250250010037, "正式名称": "サカエ薬局西北", "機関区分": 5, "都道府県コード": 2, "市区町村コード": 205, "所在地": "青森県五所川原市大町５０３－４", "緯度": 40.81063, "経度": 140.44527, "url": "https://www.iryou.teikyouseido.mhlw.go.jp/znk-web/juminkanja/S2430/initialize?prefCd=02&kikanCd=0250010037&kikanKbn=nan", "url2": "https://machida2.co.jp/sakae/pharmacy/%e3%82%b5%e3%82%ab%e3%82%a8%e8%96%ac%e5%b1%80-%e8%a5%bf%e5%8c%97/", "内容": "サカエ薬局西北0青森県五所川原市大町５０３－４" }, "geometry": { "type": "Point", "coordinates": [ 140.44527, 40.81063 ] } }
]
}
