{
"type": "FeatureCollection",
"name": "geo_2_2",
"crs": { "type": "name", "properties": { "name": "urn:ogc:def:crs:OGC:1.3:CRS84" } },
"features": [
{ "type": "Feature", "properties": { "ID": 220220000006, "正式名称": "たざわクリニック", "機関区分": 2, "都道府県コード": 2, "市区町村コード": 301, "所在地": "青森県東津軽郡平内町小湊下槻１７－１", "緯度": 40.92527, "経度": 140.964144, "url": "https://www.iryou.teikyouseido.mhlw.go.jp/znk-web/juminkanja/S2430/initialize?prefCd=02&kikanCd=0220000006&kikanKbn=2", "url2": null, "内容": "たざわクリニック【2:診療所】【診療科目:内科_皮膚科_泌尿器科】青森県東津軽郡平内町小湊下槻１７－１" }, "geometry": { "type": "Point", "coordinates": [ 140.964144, 40.92527 ] } },
{ "type": "Feature", "properties": { "ID": 220220000007, "正式名称": "ひきち内科クリニック", "機関区分": 2, "都道府県コード": 2, "市区町村コード": 301, "所在地": "青森県東津軽郡平内町小湊愛宕９５－２", "緯度": 40.92277, "経度": 140.952395, "url": "https://www.iryou.teikyouseido.mhlw.go.jp/znk-web/juminkanja/S2430/initialize?prefCd=02&kikanCd=0220000007&kikanKbn=2", "url2": "http://hiki1004.byoinnavi.jp/pc/", "内容": "ひきち内科クリニック【2:診療所】【診療科目:内科_呼吸器内科_循環器内科_消化器内科_神経内科_脳神経外科_小児科】青森県東津軽郡平内町小湊愛宕９５－２" }, "geometry": { "type": "Point", "coordinates": [ 140.952395, 40.92277 ] } },
{ "type": "Feature", "properties": { "ID": 220220000008, "正式名称": "まさいく整形外科", "機関区分": 2, "都道府県コード": 2, "市区町村コード": 301, "所在地": "青森県東津軽郡平内町小湊字愛宕２０－１", "緯度": 40.923187, "経度": 140.95284, "url": "https://www.iryou.teikyouseido.mhlw.go.jp/znk-web/juminkanja/S2430/initialize?prefCd=02&kikanCd=0220000008&kikanKbn=2", "url2": null, "内容": "まさいく整形外科【2:診療所】【診療科目:整形外科_リウマチ科_リハビリテーション科】青森県東津軽郡平内町小湊字愛宕２０－１" }, "geometry": { "type": "Point", "coordinates": [ 140.95284, 40.923187 ] } },
{ "type": "Feature", "properties": { "ID": 220220000010, "正式名称": "医療法人　かにたクリニック", "機関区分": 2, "都道府県コード": 2, "市区町村コード": 307, "所在地": "青森県東津軽郡外ヶ浜町蟹田５－２", "緯度": 41.03853, "経度": 140.644721, "url": "https://www.iryou.teikyouseido.mhlw.go.jp/znk-web/juminkanja/S2430/initialize?prefCd=02&kikanCd=0220000010&kikanKbn=2", "url2": null, "内容": "医療法人　かにたクリニック【2:診療所】【診療科目:内科_外科_整形外科】青森県東津軽郡外ヶ浜町蟹田５－２" }, "geometry": { "type": "Point", "coordinates": [ 140.644721, 41.03853 ] } },
{ "type": "Feature", "properties": { "ID": 220220000011, "正式名称": "外ヶ浜町国民健康保険外ヶ浜中央病院附属三厩診療所", "機関区分": 2, "都道府県コード": 2, "市区町村コード": 307, "所在地": "青森県東津軽郡外ヶ浜町三厩新町６", "緯度": 41.194593, "経度": 140.435453, "url": "https://www.iryou.teikyouseido.mhlw.go.jp/znk-web/juminkanja/S2430/initialize?prefCd=02&kikanCd=0220000011&kikanKbn=2", "url2": "https://www.town.sotogahama.lg.jp/kurashi/byouin/minmaya.html", "内容": "外ヶ浜町国民健康保険外ヶ浜中央病院附属三厩診療所【2:診療所】【診療科目:内科_外科_整形外科】青森県東津軽郡外ヶ浜町三厩新町６" }, "geometry": { "type": "Point", "coordinates": [ 140.435453, 41.194593 ] } },
{ "type": "Feature", "properties": { "ID": 220220000012, "正式名称": "田澤内科", "機関区分": 2, "都道府県コード": 2, "市区町村コード": 307, "所在地": "青森県東津軽郡外ヶ浜町蟹田１４３", "緯度": 41.044669, "経度": 140.643388, "url": "https://www.iryou.teikyouseido.mhlw.go.jp/znk-web/juminkanja/S2430/initialize?prefCd=02&kikanCd=0220000012&kikanKbn=2", "url2": null, "内容": "田澤内科【2:診療所】【診療科目:内科_呼吸器内科_小児科】青森県東津軽郡外ヶ浜町蟹田１４３" }, "geometry": { "type": "Point", "coordinates": [ 140.643388, 41.044669 ] } },
{ "type": "Feature", "properties": { "ID": 220220000015, "正式名称": "蓬田診療所", "機関区分": 2, "都道府県コード": 2, "市区町村コード": 304, "所在地": "青森県東津軽郡蓬田村郷沢浜田１４０－５", "緯度": 40.985481, "経度": 140.654473, "url": "https://www.iryou.teikyouseido.mhlw.go.jp/znk-web/juminkanja/S2430/initialize?prefCd=02&kikanCd=0220000015&kikanKbn=2", "url2": null, "内容": "蓬田診療所【2:診療所】【診療科目:内科】青森県東津軽郡蓬田村郷沢浜田１４０－５" }, "geometry": { "type": "Point", "coordinates": [ 140.654473, 40.985481 ] } },
{ "type": "Feature", "properties": { "ID": 220220000016, "正式名称": "今別町国民健康保険今別診療所", "機関区分": 2, "都道府県コード": 2, "市区町村コード": 303, "所在地": "青森県東津軽郡今別町今別今別６４", "緯度": 41.182873, "経度": 140.482145, "url": "https://www.iryou.teikyouseido.mhlw.go.jp/znk-web/juminkanja/S2430/initialize?prefCd=02&kikanCd=0220000016&kikanKbn=2", "url2": null, "内容": "今別町国民健康保険今別診療所【2:診療所】【診療科目:内科_外科_小児科】青森県東津軽郡今別町今別今別６４" }, "geometry": { "type": "Point", "coordinates": [ 140.482145, 41.182873 ] } },
{ "type": "Feature", "properties": { "ID": 220220000017, "正式名称": "津軽今別医院", "機関区分": 2, "都道府県コード": 2, "市区町村コード": 303, "所在地": "青森県東津軽郡今別町浜名中宇田１－１", "緯度": 41.181457, "経度": 140.469618, "url": "https://www.iryou.teikyouseido.mhlw.go.jp/znk-web/juminkanja/S2430/initialize?prefCd=02&kikanCd=0220000017&kikanKbn=2", "url2": null, "内容": "津軽今別医院【2:診療所】【診療科目:内科_小児科_リハビリテーション科】青森県東津軽郡今別町浜名中宇田１－１" }, "geometry": { "type": "Point", "coordinates": [ 140.469618, 41.181457 ] } },
{ "type": "Feature", "properties": { "ID": 220220000019, "正式名称": "青い海公園クリニック", "機関区分": 2, "都道府県コード": 2, "市区町村コード": 201, "所在地": "青森県青森市安方１丁目１０３番２号", "緯度": 40.829971, "経度": 140.738834, "url": "https://www.iryou.teikyouseido.mhlw.go.jp/znk-web/juminkanja/S2430/initialize?prefCd=02&kikanCd=0220000019&kikanKbn=2", "url2": "http://www.amc-headquarters-med.or.jp", "内容": "青い海公園クリニック【2:診療所】【診療科目:内科_腎臓内科_神経内科】青森県青森市安方１丁目１０３番２号" }, "geometry": { "type": "Point", "coordinates": [ 140.738834, 40.829971 ] } },
{ "type": "Feature", "properties": { "ID": 220220000020, "正式名称": "青葉こころのクリニック", "機関区分": 2, "都道府県コード": 2, "市区町村コード": 201, "所在地": "青森県青森市青葉１丁目２－２８", "緯度": 40.805502, "経度": 140.744112, "url": "https://www.iryou.teikyouseido.mhlw.go.jp/znk-web/juminkanja/S2430/initialize?prefCd=02&kikanCd=0220000020&kikanKbn=2", "url2": "https://www.aoba-kokorono-clinic.com", "内容": "青葉こころのクリニック【2:診療所】【診療科目:内科_精神科_心療内科】青森県青森市青葉１丁目２－２８" }, "geometry": { "type": "Point", "coordinates": [ 140.744112, 40.805502 ] } },
{ "type": "Feature", "properties": { "ID": 220220000022, "正式名称": "青森クリニック", "機関区分": 2, "都道府県コード": 2, "市区町村コード": 201, "所在地": "青森県青森市篠田１丁目９－１１", "緯度": 40.82611, "経度": 140.729057, "url": "https://www.iryou.teikyouseido.mhlw.go.jp/znk-web/juminkanja/S2430/initialize?prefCd=02&kikanCd=0220000022&kikanKbn=2", "url2": "http://a-clinic.jp/", "内容": "青森クリニック【2:診療所】【診療科目:内科】青森県青森市篠田１丁目９－１１" }, "geometry": { "type": "Point", "coordinates": [ 140.729057, 40.82611 ] } },
{ "type": "Feature", "properties": { "ID": 220220000023, "正式名称": "公益財団法人　青森県総合健診センター診療所", "機関区分": 2, "都道府県コード": 2, "市区町村コード": 201, "所在地": "青森県青森市佃２－１９－１２", "緯度": 40.822501, "経度": 140.780109, "url": "https://www.iryou.teikyouseido.mhlw.go.jp/znk-web/juminkanja/S2430/initialize?prefCd=02&kikanCd=0220000023&kikanKbn=2", "url2": "http://www.aomori-souken.or.jp", "内容": "公益財団法人　青森県総合健診センター診療所【2:診療所】【診療科目:内科】青森県青森市佃２－１９－１２" }, "geometry": { "type": "Point", "coordinates": [ 140.780109, 40.822501 ] } },
{ "type": "Feature", "properties": { "ID": 220220000025, "正式名称": "青森県赤十字血液センター日赤県支部採血出張所", "機関区分": 2, "都道府県コード": 2, "市区町村コード": 201, "所在地": "青森県青森市長島１丁目３番１号", "緯度": 40.824527, "経度": 140.743167, "url": "https://www.iryou.teikyouseido.mhlw.go.jp/znk-web/juminkanja/S2430/initialize?prefCd=02&kikanCd=0220000025&kikanKbn=2", "url2": "http://www.aomori.bc.jrc.or.jp/", "内容": "青森県赤十字血液センター日赤県支部採血出張所【2:診療所】【診療科目:血液・腫瘍内科】青森県青森市長島１丁目３番１号" }, "geometry": { "type": "Point", "coordinates": [ 140.743167, 40.824527 ] } },
{ "type": "Feature", "properties": { "ID": 220220000028, "正式名称": "青森県立精神保健福祉センター", "機関区分": 2, "都道府県コード": 2, "市区町村コード": 201, "所在地": "青森県青森市三内字沢部３５３－９２", "緯度": 40.810083, "経度": 140.680201, "url": "https://www.iryou.teikyouseido.mhlw.go.jp/znk-web/juminkanja/S2430/initialize?prefCd=02&kikanCd=0220000028&kikanKbn=2", "url2": "https://www.pref.aomori.lg.jp/soshiki/kenko/seifuku/akusesu.html", "内容": "青森県立精神保健福祉センター【2:診療所】【診療科目:内科_精神科_神経科】青森県青森市三内字沢部３５３－９２" }, "geometry": { "type": "Point", "coordinates": [ 140.680201, 40.810083 ] } },
{ "type": "Feature", "properties": { "ID": 220220000029, "正式名称": "青森市急病センター", "機関区分": 2, "都道府県コード": 2, "市区町村コード": 201, "所在地": "青森県青森市中央１－２２－５", "緯度": 40.822, "経度": 140.746694, "url": "https://www.iryou.teikyouseido.mhlw.go.jp/znk-web/juminkanja/S2430/initialize?prefCd=02&kikanCd=0220000029&kikanKbn=2", "url2": "http://www.city.aomori.aomori.jp/", "内容": "青森市急病センター【2:診療所】【診療科目:内科_外科_小児科】青森県青森市中央１－２２－５" }, "geometry": { "type": "Point", "coordinates": [ 140.746694, 40.822 ] } },
{ "type": "Feature", "properties": { "ID": 220220000032, "正式名称": "青森整形外科クリニック", "機関区分": 2, "都道府県コード": 2, "市区町村コード": 201, "所在地": "青森県青森市浪館泉川１９－２", "緯度": 40.808084, "経度": 140.724336, "url": "https://www.iryou.teikyouseido.mhlw.go.jp/znk-web/juminkanja/S2430/initialize?prefCd=02&kikanCd=0220000032&kikanKbn=2", "url2": "http://www.mc-aoc.com/", "内容": "青森整形外科クリニック【2:診療所】【診療科目:整形外科_リハビリテーション科_放射線科】青森県青森市浪館泉川１９－２" }, "geometry": { "type": "Point", "coordinates": [ 140.724336, 40.808084 ] } },
{ "type": "Feature", "properties": { "ID": 220220000034, "正式名称": "青森東方クリニック", "機関区分": 2, "都道府県コード": 2, "市区町村コード": 201, "所在地": "青森県青森市緑三丁目９番２号　サンロード青森４階", "緯度": 40.807807, "経度": 140.753501, "url": "https://www.iryou.teikyouseido.mhlw.go.jp/znk-web/juminkanja/S2430/initialize?prefCd=02&kikanCd=0220000034&kikanKbn=2", "url2": "https://www.sunroad.or.jp/toho-clinic/", "内容": "青森東方クリニック【2:診療所】【診療科目:内科_眼科_眼科系その他】青森県青森市緑三丁目９番２号　サンロード青森４階" }, "geometry": { "type": "Point", "coordinates": [ 140.753501, 40.807807 ] } },
{ "type": "Feature", "properties": { "ID": 220220000035, "正式名称": "あきやま胃腸科内科クリニック", "機関区分": 2, "都道府県コード": 2, "市区町村コード": 201, "所在地": "青森県青森市松森２－１０－２１", "緯度": 40.814028, "経度": 140.775637, "url": "https://www.iryou.teikyouseido.mhlw.go.jp/znk-web/juminkanja/S2430/initialize?prefCd=02&kikanCd=0220000035&kikanKbn=2", "url2": null, "内容": "あきやま胃腸科内科クリニック【2:診療所】【診療科目:内科_呼吸器内科_循環器内科_消化器内科_胃腸内科_小児科】青森県青森市松森２－１０－２１" }, "geometry": { "type": "Point", "coordinates": [ 140.775637, 40.814028 ] } },
{ "type": "Feature", "properties": { "ID": 220220000041, "正式名称": "石木医院", "機関区分": 2, "都道府県コード": 2, "市区町村コード": 201, "所在地": "青森県青森市浅虫蛍谷６５－３７", "緯度": 40.889606, "経度": 140.863266, "url": "https://www.iryou.teikyouseido.mhlw.go.jp/znk-web/juminkanja/S2430/initialize?prefCd=02&kikanCd=0220000041&kikanKbn=2", "url2": null, "内容": "石木医院【2:診療所】【診療科目:内科_循環器内科_胃腸内科_小児科】青森県青森市浅虫蛍谷６５－３７" }, "geometry": { "type": "Point", "coordinates": [ 140.863266, 40.889606 ] } },
{ "type": "Feature", "properties": { "ID": 220220000042, "正式名称": "医療法人　いしだ医院", "機関区分": 2, "都道府県コード": 2, "市区町村コード": 201, "所在地": "青森県青森市花園二丁目４３番２６号", "緯度": 40.822806, "経度": 140.774359, "url": "https://www.iryou.teikyouseido.mhlw.go.jp/znk-web/juminkanja/S2430/initialize?prefCd=02&kikanCd=0220000042&kikanKbn=2", "url2": "http://ishidaiin.com", "内容": "医療法人　いしだ医院【2:診療所】【診療科目:内科_呼吸器内科_循環器内科_消化器内科_小児科_皮膚科】青森県青森市花園二丁目４３番２６号" }, "geometry": { "type": "Point", "coordinates": [ 140.774359, 40.822806 ] } },
{ "type": "Feature", "properties": { "ID": 220220000044, "正式名称": "青森眼科クリニック", "機関区分": 2, "都道府県コード": 2, "市区町村コード": 201, "所在地": "青森県青森市東造道１－４－３", "緯度": 40.832694, "経度": 140.791246, "url": "https://www.iryou.teikyouseido.mhlw.go.jp/znk-web/juminkanja/S2430/initialize?prefCd=02&kikanCd=0220000044&kikanKbn=2", "url2": "http://aomoriclinic.jp", "内容": "青森眼科クリニック【2:診療所】【診療科目:眼科】青森県青森市東造道１－４－３" }, "geometry": { "type": "Point", "coordinates": [ 140.791246, 40.832694 ] } },
{ "type": "Feature", "properties": { "ID": 220220000046, "正式名称": "井上整形外科", "機関区分": 2, "都道府県コード": 2, "市区町村コード": 201, "所在地": "青森県青森市石江江渡３７－７", "緯度": 40.825137, "経度": 140.691727, "url": "https://www.iryou.teikyouseido.mhlw.go.jp/znk-web/juminkanja/S2430/initialize?prefCd=02&kikanCd=0220000046&kikanKbn=2", "url2": null, "内容": "井上整形外科【2:診療所】【診療科目:整形外科】青森県青森市石江江渡３７－７" }, "geometry": { "type": "Point", "coordinates": [ 140.691727, 40.825137 ] } },
{ "type": "Feature", "properties": { "ID": 220220000050, "正式名称": "ＡＭＣクリニック", "機関区分": 2, "都道府県コード": 2, "市区町村コード": 201, "所在地": "青森県青森市新町２－２－２２", "緯度": 40.825916, "経度": 140.739945, "url": "https://www.iryou.teikyouseido.mhlw.go.jp/znk-web/juminkanja/S2430/initialize?prefCd=02&kikanCd=0220000050&kikanKbn=2", "url2": "http://www.amc-headquarters-med.or.jp", "内容": "ＡＭＣクリニック【2:診療所】【診療科目:皮膚科_泌尿器科】青森県青森市新町２－２－２２" }, "geometry": { "type": "Point", "coordinates": [ 140.739945, 40.825916 ] } },
{ "type": "Feature", "properties": { "ID": 220220000052, "正式名称": "えびな脳神経クリニック", "機関区分": 2, "都道府県コード": 2, "市区町村コード": 201, "所在地": "青森県青森市緑２丁目１番地３", "緯度": 40.809195, "経度": 140.746306, "url": "https://www.iryou.teikyouseido.mhlw.go.jp/znk-web/juminkanja/S2430/initialize?prefCd=02&kikanCd=0220000052&kikanKbn=2", "url2": "http://www5e.biglobe.ne.jp/~ebinansc", "内容": "えびな脳神経クリニック【2:診療所】【診療科目:脳神経外科_リハビリテーション科_放射線科】青森県青森市緑２丁目１番地３" }, "geometry": { "type": "Point", "coordinates": [ 140.746306, 40.809195 ] } },
{ "type": "Feature", "properties": { "ID": 220220000056, "正式名称": "大竹整形外科", "機関区分": 2, "都道府県コード": 2, "市区町村コード": 201, "所在地": "青森県青森市浪岡福田２－１３－８", "緯度": 40.720896, "経度": 140.588407, "url": "https://www.iryou.teikyouseido.mhlw.go.jp/znk-web/juminkanja/S2430/initialize?prefCd=02&kikanCd=0220000056&kikanKbn=2", "url2": "http://www.otake-ortho.com/", "内容": "大竹整形外科【2:診療所】【診療科目:整形外科_リハビリテーション科】青森県青森市浪岡福田２－１３－８" }, "geometry": { "type": "Point", "coordinates": [ 140.588407, 40.720896 ] } },
{ "type": "Feature", "properties": { "ID": 220220000059, "正式名称": "おだぎりメンタルクリニック", "機関区分": 2, "都道府県コード": 2, "市区町村コード": 201, "所在地": "青森県青森市堤町２－１５－１３", "緯度": 40.823194, "経度": 140.757915, "url": "https://www.iryou.teikyouseido.mhlw.go.jp/znk-web/juminkanja/S2430/initialize?prefCd=02&kikanCd=0220000059&kikanKbn=2", "url2": null, "内容": "おだぎりメンタルクリニック【2:診療所】【診療科目:内科_精神科_神経科_心療内科】青森県青森市堤町２－１５－１３" }, "geometry": { "type": "Point", "coordinates": [ 140.757915, 40.823194 ] } },
{ "type": "Feature", "properties": { "ID": 220220000061, "正式名称": "かきざき胃腸科内科クリニック", "機関区分": 2, "都道府県コード": 2, "市区町村コード": 201, "所在地": "青森県青森市三内沢部１４５－５", "緯度": 40.819777, "経度": 140.707059, "url": "https://www.iryou.teikyouseido.mhlw.go.jp/znk-web/juminkanja/S2430/initialize?prefCd=02&kikanCd=0220000061&kikanKbn=2", "url2": null, "内容": "かきざき胃腸科内科クリニック【2:診療所】【診療科目:内科_胃腸内科】青森県青森市三内沢部１４５－５" }, "geometry": { "type": "Point", "coordinates": [ 140.707059, 40.819777 ] } },
{ "type": "Feature", "properties": { "ID": 220220000062, "正式名称": "片桐内科医院", "機関区分": 2, "都道府県コード": 2, "市区町村コード": 201, "所在地": "青森県青森市浪打１－１２－１８", "緯度": 40.824611, "経度": 140.777803, "url": "https://www.iryou.teikyouseido.mhlw.go.jp/znk-web/juminkanja/S2430/initialize?prefCd=02&kikanCd=0220000062&kikanKbn=2", "url2": null, "内容": "片桐内科医院【2:診療所】【診療科目:内科_呼吸器内科_循環器内科_消化器内科_胃腸内科】青森県青森市浪打１－１２－１８" }, "geometry": { "type": "Point", "coordinates": [ 140.777803, 40.824611 ] } },
{ "type": "Feature", "properties": { "ID": 220220000067, "正式名称": "川口内科", "機関区分": 2, "都道府県コード": 2, "市区町村コード": 201, "所在地": "青森県青森市東大野１丁目８番地４", "緯度": 40.8007, "経度": 140.742734, "url": "https://www.iryou.teikyouseido.mhlw.go.jp/znk-web/juminkanja/S2430/initialize?prefCd=02&kikanCd=0220000067&kikanKbn=2", "url2": "http://www.kawaguchi-naika.net/", "内容": "川口内科【2:診療所】【診療科目:内科_消化器内科】青森県青森市東大野１丁目８番地４" }, "geometry": { "type": "Point", "coordinates": [ 140.742734, 40.8007 ] } },
{ "type": "Feature", "properties": { "ID": 220220000070, "正式名称": "菊田クリニック", "機関区分": 2, "都道府県コード": 2, "市区町村コード": 201, "所在地": "青森県青森市新町二丁目８－２８", "緯度": 40.825166, "経度": 140.743834, "url": "https://www.iryou.teikyouseido.mhlw.go.jp/znk-web/juminkanja/S2430/initialize?prefCd=02&kikanCd=0220000070&kikanKbn=2", "url2": null, "内容": "菊田クリニック【2:診療所】【診療科目:内科_外科】青森県青森市新町二丁目８－２８" }, "geometry": { "type": "Point", "coordinates": [ 140.743834, 40.825166 ] } },
{ "type": "Feature", "properties": { "ID": 220220000072, "正式名称": "岸谷整形外科クリニック", "機関区分": 2, "都道府県コード": 2, "市区町村コード": 201, "所在地": "青森県青森市金沢一丁目５－７", "緯度": 40.814556, "経度": 140.735502, "url": "https://www.iryou.teikyouseido.mhlw.go.jp/znk-web/juminkanja/S2430/initialize?prefCd=02&kikanCd=0220000072&kikanKbn=2", "url2": "https://kishiya-orthopedics.jp", "内容": "岸谷整形外科クリニック【2:診療所】【診療科目:整形外科_リハビリテーション科】青森県青森市金沢一丁目５－７" }, "geometry": { "type": "Point", "coordinates": [ 140.735502, 40.814556 ] } },
{ "type": "Feature", "properties": { "ID": 220220000073, "正式名称": "北川ひ尿器科クリニック", "機関区分": 2, "都道府県コード": 2, "市区町村コード": 201, "所在地": "青森県青森市花園２丁目４３－１８", "緯度": 40.823001, "経度": 140.775664, "url": "https://www.iryou.teikyouseido.mhlw.go.jp/znk-web/juminkanja/S2430/initialize?prefCd=02&kikanCd=0220000073&kikanKbn=2", "url2": null, "内容": "北川ひ尿器科クリニック【2:診療所】【診療科目:泌尿器科】青森県青森市花園２丁目４３－１８" }, "geometry": { "type": "Point", "coordinates": [ 140.775664, 40.823001 ] } },
{ "type": "Feature", "properties": { "ID": 220220000074, "正式名称": "医療法人　北翔会　北畠外科胃腸科医院", "機関区分": 2, "都道府県コード": 2, "市区町村コード": 201, "所在地": "青森県青森市堤町２－１３－６", "緯度": 40.823555, "経度": 140.75761, "url": "https://www.iryou.teikyouseido.mhlw.go.jp/znk-web/juminkanja/S2430/initialize?prefCd=02&kikanCd=0220000074&kikanKbn=2", "url2": null, "内容": "医療法人　北翔会　北畠外科胃腸科医院【2:診療所】【診療科目:緩和ケア内科_外科_消化器外科_肛門外科】青森県青森市堤町２－１３－６" }, "geometry": { "type": "Point", "coordinates": [ 140.75761, 40.823555 ] } },
{ "type": "Feature", "properties": { "ID": 220220000079, "正式名称": "木村　隆内科呼吸器科医院", "機関区分": 2, "都道府県コード": 2, "市区町村コード": 201, "所在地": "青森県青森市久須志４丁目３－２８", "緯度": 40.816277, "経度": 140.725502, "url": "https://www.iryou.teikyouseido.mhlw.go.jp/znk-web/juminkanja/S2430/initialize?prefCd=02&kikanCd=0220000079&kikanKbn=2", "url2": null, "内容": "木村　隆内科呼吸器科医院【2:診療所】【診療科目:内科_呼吸器内科_アレルギー科】青森県青森市久須志４丁目３－２８" }, "geometry": { "type": "Point", "coordinates": [ 140.725502, 40.816277 ] } },
{ "type": "Feature", "properties": { "ID": 220220000082, "正式名称": "木村文祥内科クリニック", "機関区分": 2, "都道府県コード": 2, "市区町村コード": 201, "所在地": "青森県青森市三内沢部４３９－５", "緯度": 40.822443, "経度": 140.70417, "url": "https://www.iryou.teikyouseido.mhlw.go.jp/znk-web/juminkanja/S2430/initialize?prefCd=02&kikanCd=0220000082&kikanKbn=2", "url2": "https://www.kimurabunsyou-naika.com/", "内容": "木村文祥内科クリニック【2:診療所】【診療科目:内科_脳神経内科_循環器内科_小児科】青森県青森市三内沢部４３９－５" }, "geometry": { "type": "Point", "coordinates": [ 140.70417, 40.822443 ] } },
{ "type": "Feature", "properties": { "ID": 220220000083, "正式名称": "青森保健生活協同組合協立クリニック", "機関区分": 2, "都道府県コード": 2, "市区町村コード": 201, "所在地": "青森県青森市東大野２丁目２－２", "緯度": 40.800168, "経度": 140.742752, "url": "https://www.iryou.teikyouseido.mhlw.go.jp/znk-web/juminkanja/S2430/initialize?prefCd=02&kikanCd=0220000083&kikanKbn=2", "url2": "http://www.aomori-h-coop.com/kyoritsu/", "内容": "青森保健生活協同組合協立クリニック【2:診療所】【診療科目:内科_呼吸器内科_循環器内科_消化器内科_神経内科_整形外科_泌尿器科_精神科_心療内科_リハビリテーション科】青森県青森市東大野２丁目２－２" }, "geometry": { "type": "Point", "coordinates": [ 140.742752, 40.800168 ] } },
{ "type": "Feature", "properties": { "ID": 220220000084, "正式名称": "工藤こども医院", "機関区分": 2, "都道府県コード": 2, "市区町村コード": 201, "所在地": "青森県青森市長島２丁目８－６", "緯度": 40.822083, "経度": 140.741334, "url": "https://www.iryou.teikyouseido.mhlw.go.jp/znk-web/juminkanja/S2430/initialize?prefCd=02&kikanCd=0220000084&kikanKbn=2", "url2": "https://kudokodomo.webnode.jp/", "内容": "工藤こども医院【2:診療所】【診療科目:小児科】青森県青森市長島２丁目８－６" }, "geometry": { "type": "Point", "coordinates": [ 140.741334, 40.822083 ] } },
{ "type": "Feature", "properties": { "ID": 220220000088, "正式名称": "クリニックこころの森", "機関区分": 2, "都道府県コード": 2, "市区町村コード": 201, "所在地": "青森県青森市東大野一丁目２１－１０", "緯度": 40.802918, "経度": 140.745529, "url": "https://www.iryou.teikyouseido.mhlw.go.jp/znk-web/juminkanja/S2430/initialize?prefCd=02&kikanCd=0220000088&kikanKbn=2", "url2": "http://www.cocoro-mori.com/", "内容": "クリニックこころの森【2:診療所】【診療科目:内科_精神科_神経科_心療内科】青森県青森市東大野一丁目２１－１０" }, "geometry": { "type": "Point", "coordinates": [ 140.745529, 40.802918 ] } },
{ "type": "Feature", "properties": { "ID": 220220000091, "正式名称": "剛整形外科クリニック", "機関区分": 2, "都道府県コード": 2, "市区町村コード": 201, "所在地": "青森県青森市花園２丁目２２－３", "緯度": 40.825722, "経度": 140.774831, "url": "https://www.iryou.teikyouseido.mhlw.go.jp/znk-web/juminkanja/S2430/initialize?prefCd=02&kikanCd=0220000091&kikanKbn=2", "url2": "http://notouch.jp", "内容": "剛整形外科クリニック【2:診療所】【診療科目:整形外科_リウマチ科】青森県青森市花園２丁目２２－３" }, "geometry": { "type": "Point", "coordinates": [ 140.774831, 40.825722 ] } },
{ "type": "Feature", "properties": { "ID": 220220000092, "正式名称": "厚生労働省第二共済組合　青森病院診療部", "機関区分": 2, "都道府県コード": 2, "市区町村コード": 201, "所在地": "青森県青森市浪岡女鹿沢平野１５５ー１", "緯度": 40.70026, "経度": 140.577409, "url": "https://www.iryou.teikyouseido.mhlw.go.jp/znk-web/juminkanja/S2430/initialize?prefCd=02&kikanCd=0220000092&kikanKbn=2", "url2": "http://www.aoi-mori.net/~aomori/index01.html", "内容": "厚生労働省第二共済組合　青森病院診療部【2:診療所】【診療科目:内科_呼吸器内科_神経内科_外科_脳神経外科_整形外科_小児科_皮膚科_精神科_歯科口腔外科_リハビリテーション科】青森県青森市浪岡女鹿沢平野１５５ー１" }, "geometry": { "type": "Point", "coordinates": [ 140.577409, 40.70026 ] } },
{ "type": "Feature", "properties": { "ID": 220220000093, "正式名称": "厚生労働省第二共済組合　国立療養所松丘保養園所属所診療部", "機関区分": 2, "都道府県コード": 2, "市区町村コード": 201, "所在地": "青森県青森市石江平山１９国立療養所松丘保養園内", "緯度": 40.822082, "経度": 140.684534, "url": "https://www.iryou.teikyouseido.mhlw.go.jp/znk-web/juminkanja/S2430/initialize?prefCd=02&kikanCd=0220000093&kikanKbn=2", "url2": null, "内容": "厚生労働省第二共済組合　国立療養所松丘保養園所属所診療部【2:診療所】【診療科目:内科】青森県青森市石江平山１９国立療養所松丘保養園内" }, "geometry": { "type": "Point", "coordinates": [ 140.684534, 40.822082 ] } },
{ "type": "Feature", "properties": { "ID": 220220000094, "正式名称": "高内科小児科医院", "機関区分": 2, "都道府県コード": 2, "市区町村コード": 201, "所在地": "青森県青森市蛍沢３丁目１２－１５", "緯度": 40.798627, "経度": 140.802499, "url": "https://www.iryou.teikyouseido.mhlw.go.jp/znk-web/juminkanja/S2430/initialize?prefCd=02&kikanCd=0220000094&kikanKbn=2", "url2": "kohnaika-syounika.com", "内容": "高内科小児科医院【2:診療所】【診療科目:内科_呼吸器内科_循環器内科_消化器内科_小児科】青森県青森市蛍沢３丁目１２－１５" }, "geometry": { "type": "Point", "coordinates": [ 140.802499, 40.798627 ] } },
{ "type": "Feature", "properties": { "ID": 220220000098, "正式名称": "こたにこどもクリニック", "機関区分": 2, "都道府県コード": 2, "市区町村コード": 201, "所在地": "青森県青森市浜館三丁目４－７", "緯度": 40.809307, "経度": 140.78747, "url": "https://www.iryou.teikyouseido.mhlw.go.jp/znk-web/juminkanja/S2430/initialize?prefCd=02&kikanCd=0220000098&kikanKbn=2", "url2": null, "内容": "こたにこどもクリニック【2:診療所】【診療科目:小児科】青森県青森市浜館三丁目４－７" }, "geometry": { "type": "Point", "coordinates": [ 140.78747, 40.809307 ] } },
{ "type": "Feature", "properties": { "ID": 220220000099, "正式名称": "小堀眼科", "機関区分": 2, "都道府県コード": 2, "市区町村コード": 201, "所在地": "青森県青森市中佃二丁目７番３４号", "緯度": 40.815334, "経度": 140.780803, "url": "https://www.iryou.teikyouseido.mhlw.go.jp/znk-web/juminkanja/S2430/initialize?prefCd=02&kikanCd=0220000099&kikanKbn=2", "url2": null, "内容": "小堀眼科【2:診療所】【診療科目:眼科】青森県青森市中佃二丁目７番３４号" }, "geometry": { "type": "Point", "coordinates": [ 140.780803, 40.815334 ] } },
{ "type": "Feature", "properties": { "ID": 220220000100, "正式名称": "駒井胃腸科内科", "機関区分": 2, "都道府県コード": 2, "市区町村コード": 201, "所在地": "青森県青森市浜館４丁目１４－４", "緯度": 40.810668, "経度": 140.791052, "url": "https://www.iryou.teikyouseido.mhlw.go.jp/znk-web/juminkanja/S2430/initialize?prefCd=02&kikanCd=0220000100&kikanKbn=2", "url2": "komaiichoukanaika.jp", "内容": "駒井胃腸科内科【2:診療所】【診療科目:内科_呼吸器内科_循環器内科_胃腸内科_小児科_放射線科】青森県青森市浜館４丁目１４－４" }, "geometry": { "type": "Point", "coordinates": [ 140.791052, 40.810668 ] } },
{ "type": "Feature", "properties": { "ID": 220220000101, "正式名称": "青森ひかり眼科", "機関区分": 2, "都道府県コード": 2, "市区町村コード": 201, "所在地": "青森県青森市千刈２－１－３５", "緯度": 40.826026, "経度": 140.722446, "url": "https://www.iryou.teikyouseido.mhlw.go.jp/znk-web/juminkanja/S2430/initialize?prefCd=02&kikanCd=0220000101&kikanKbn=2", "url2": null, "内容": "青森ひかり眼科【2:診療所】【診療科目:眼科】青森県青森市千刈２－１－３５" }, "geometry": { "type": "Point", "coordinates": [ 140.722446, 40.826026 ] } },
{ "type": "Feature", "properties": { "ID": 220220000103, "正式名称": "近藤内科胃腸科", "機関区分": 2, "都道府県コード": 2, "市区町村コード": 201, "所在地": "青森県青森市筒井三丁目１４番３２号", "緯度": 40.804752, "経度": 140.77161, "url": "https://www.iryou.teikyouseido.mhlw.go.jp/znk-web/juminkanja/S2430/initialize?prefCd=02&kikanCd=0220000103&kikanKbn=2", "url2": "https://www.kondou-naika.com/access", "内容": "近藤内科胃腸科【2:診療所】【診療科目:内科_呼吸器内科_循環器内科_消化器内科_胃腸内科】青森県青森市筒井三丁目１４番３２号" }, "geometry": { "type": "Point", "coordinates": [ 140.77161, 40.804752 ] } },
{ "type": "Feature", "properties": { "ID": 220220000106, "正式名称": "さいとう小児科", "機関区分": 2, "都道府県コード": 2, "市区町村コード": 201, "所在地": "青森県青森市八重田二丁目１３－８", "緯度": 40.835194, "経度": 140.796218, "url": "https://www.iryou.teikyouseido.mhlw.go.jp/znk-web/juminkanja/S2430/initialize?prefCd=02&kikanCd=0220000106&kikanKbn=2", "url2": null, "内容": "さいとう小児科【2:診療所】【診療科目:小児科】青森県青森市八重田二丁目１３－８" }, "geometry": { "type": "Point", "coordinates": [ 140.796218, 40.835194 ] } },
{ "type": "Feature", "properties": { "ID": 220220000107, "正式名称": "斉藤内科県庁前クリニック", "機関区分": 2, "都道府県コード": 2, "市区町村コード": 201, "所在地": "青森県青森市長島２丁目３番４号", "緯度": 40.823027, "経度": 140.740501, "url": "https://www.iryou.teikyouseido.mhlw.go.jp/znk-web/juminkanja/S2430/initialize?prefCd=02&kikanCd=0220000107&kikanKbn=2", "url2": "http://saito-clinic.ddo.jp", "内容": "斉藤内科県庁前クリニック【2:診療所】【診療科目:呼吸器内科_循環器内科_消化器内科】青森県青森市長島２丁目３番４号" }, "geometry": { "type": "Point", "coordinates": [ 140.740501, 40.823027 ] } },
{ "type": "Feature", "properties": { "ID": 220220000108, "正式名称": "さくらだ整形外科クリニック", "機関区分": 2, "都道府県コード": 2, "市区町村コード": 201, "所在地": "青森県青森市平新田森越２３番地４", "緯度": 40.831194, "経度": 140.814605, "url": "https://www.iryou.teikyouseido.mhlw.go.jp/znk-web/juminkanja/S2430/initialize?prefCd=02&kikanCd=0220000108&kikanKbn=2", "url2": null, "内容": "さくらだ整形外科クリニック【2:診療所】【診療科目:整形外科_リウマチ科_リハビリテーション科】青森県青森市平新田森越２３番地４" }, "geometry": { "type": "Point", "coordinates": [ 140.814605, 40.831194 ] } },
{ "type": "Feature", "properties": { "ID": 220220000110, "正式名称": "佐々木胃腸科内科", "機関区分": 2, "都道府県コード": 2, "市区町村コード": 201, "所在地": "青森県青森市岡造道２ー２－２５", "緯度": 40.827885, "経度": 140.785344, "url": "https://www.iryou.teikyouseido.mhlw.go.jp/znk-web/juminkanja/S2430/initialize?prefCd=02&kikanCd=0220000110&kikanKbn=2", "url2": "https://www.sasaki-ichoclinic-aomori.jp/", "内容": "佐々木胃腸科内科【2:診療所】【診療科目:内科_消化器内科_胃腸内科_内視鏡内科】青森県青森市岡造道２ー２－２５" }, "geometry": { "type": "Point", "coordinates": [ 140.785344, 40.827885 ] } },
{ "type": "Feature", "properties": { "ID": 220220000111, "正式名称": "ささき耳鼻咽喉科クリニック", "機関区分": 2, "都道府県コード": 2, "市区町村コード": 201, "所在地": "青森県青森市浪館泉川２２－７", "緯度": 40.808612, "経度": 140.725225, "url": "https://www.iryou.teikyouseido.mhlw.go.jp/znk-web/juminkanja/S2430/initialize?prefCd=02&kikanCd=0220000111&kikanKbn=2", "url2": null, "内容": "ささき耳鼻咽喉科クリニック【2:診療所】【診療科目:頭頸部・耳鼻いんこう科】青森県青森市浪館泉川２２－７" }, "geometry": { "type": "Point", "coordinates": [ 140.725225, 40.808612 ] } },
{ "type": "Feature", "properties": { "ID": 220220000113, "正式名称": "佐藤整形外科・リウマチ科クリニック", "機関区分": 2, "都道府県コード": 2, "市区町村コード": 201, "所在地": "青森県青森市奥野一丁目５－８", "緯度": 40.814056, "経度": 140.75525, "url": "https://www.iryou.teikyouseido.mhlw.go.jp/znk-web/juminkanja/S2430/initialize?prefCd=02&kikanCd=0220000113&kikanKbn=2", "url2": null, "内容": "佐藤整形外科・リウマチ科クリニック【2:診療所】【診療科目:整形外科_リウマチ科_リハビリテーション科】青森県青森市奥野一丁目５－８" }, "geometry": { "type": "Point", "coordinates": [ 140.75525, 40.814056 ] } },
{ "type": "Feature", "properties": { "ID": 220220000114, "正式名称": "佐藤内科クリニック", "機関区分": 2, "都道府県コード": 2, "市区町村コード": 201, "所在地": "青森県青森市はまなす一丁目１７ー２１", "緯度": 40.822001, "経度": 140.797496, "url": "https://www.iryou.teikyouseido.mhlw.go.jp/znk-web/juminkanja/S2430/initialize?prefCd=02&kikanCd=0220000114&kikanKbn=2", "url2": null, "内容": "佐藤内科クリニック【2:診療所】【診療科目:内科_呼吸器内科_循環器内科_消化器内科_小児科_皮膚科】青森県青森市はまなす一丁目１７ー２１" }, "geometry": { "type": "Point", "coordinates": [ 140.797496, 40.822001 ] } },
{ "type": "Feature", "properties": { "ID": 220220000115, "正式名称": "さわだクリニック", "機関区分": 2, "都道府県コード": 2, "市区町村コード": 201, "所在地": "青森県青森市石江岡部７６－２６", "緯度": 40.825693, "経度": 140.708892, "url": "https://www.iryou.teikyouseido.mhlw.go.jp/znk-web/juminkanja/S2430/initialize?prefCd=02&kikanCd=0220000115&kikanKbn=2", "url2": null, "内容": "さわだクリニック【2:診療所】【診療科目:内科_泌尿器科】青森県青森市石江岡部７６－２６" }, "geometry": { "type": "Point", "coordinates": [ 140.708892, 40.825693 ] } },
{ "type": "Feature", "properties": { "ID": 220220000117, "正式名称": "三戸内科胃腸科", "機関区分": 2, "都道府県コード": 2, "市区町村コード": 201, "所在地": "青森県青森市浪館前田４－１０－１", "緯度": 40.809834, "経度": 140.717975, "url": "https://www.iryou.teikyouseido.mhlw.go.jp/znk-web/juminkanja/S2430/initialize?prefCd=02&kikanCd=0220000117&kikanKbn=2", "url2": null, "内容": "三戸内科胃腸科【2:診療所】【診療科目:内科_呼吸器内科_循環器内科_消化器内科_胃腸内科_小児科】青森県青森市浪館前田４－１０－１" }, "geometry": { "type": "Point", "coordinates": [ 140.717975, 40.809834 ] } },
{ "type": "Feature", "properties": { "ID": 220220000118, "正式名称": "三戸眼科", "機関区分": 2, "都道府県コード": 2, "市区町村コード": 201, "所在地": "青森県青森市浪館志田２４番地　三戸眼科", "緯度": 40.809751, "経度": 140.720697, "url": "https://www.iryou.teikyouseido.mhlw.go.jp/znk-web/juminkanja/S2430/initialize?prefCd=02&kikanCd=0220000118&kikanKbn=2", "url2": "https://www.gankasannohe.com/", "内容": "三戸眼科【2:診療所】【診療科目:眼科】青森県青森市浪館志田２４番地　三戸眼科" }, "geometry": { "type": "Point", "coordinates": [ 140.720697, 40.809751 ] } },
{ "type": "Feature", "properties": { "ID": 220220000120, "正式名称": "嶋中内科循環器科", "機関区分": 2, "都道府県コード": 2, "市区町村コード": 201, "所在地": "青森県青森市青柳二丁目９－３８", "緯度": 40.825944, "経度": 140.757665, "url": "https://www.iryou.teikyouseido.mhlw.go.jp/znk-web/juminkanja/S2430/initialize?prefCd=02&kikanCd=0220000120&kikanKbn=2", "url2": "http://www3.ocn.ne.jp/~simanaka/index.html", "内容": "嶋中内科循環器科【2:診療所】【診療科目:内科_呼吸器内科_循環器内科_小児科】青森県青森市青柳二丁目９－３８" }, "geometry": { "type": "Point", "coordinates": [ 140.757665, 40.825944 ] } },
{ "type": "Feature", "properties": { "ID": 220220000121, "正式名称": "下山泌尿器科医院", "機関区分": 2, "都道府県コード": 2, "市区町村コード": 201, "所在地": "青森県青森市造道３丁目２番２８号", "緯度": 40.82875, "経度": 140.784302, "url": "https://www.iryou.teikyouseido.mhlw.go.jp/znk-web/juminkanja/S2430/initialize?prefCd=02&kikanCd=0220000121&kikanKbn=2", "url2": null, "内容": "下山泌尿器科医院【2:診療所】【診療科目:内科_皮膚科_泌尿器科】青森県青森市造道３丁目２番２８号" }, "geometry": { "type": "Point", "coordinates": [ 140.784302, 40.82875 ] } },
{ "type": "Feature", "properties": { "ID": 220220000125, "正式名称": "白取医院", "機関区分": 2, "都道府県コード": 2, "市区町村コード": 201, "所在地": "青森県青森市高田川瀬２９４番地９", "緯度": 40.768116, "経度": 140.722171, "url": "https://www.iryou.teikyouseido.mhlw.go.jp/znk-web/juminkanja/S2430/initialize?prefCd=02&kikanCd=0220000125&kikanKbn=2", "url2": null, "内容": "白取医院【2:診療所】【診療科目:内科】青森県青森市高田川瀬２９４番地９" }, "geometry": { "type": "Point", "coordinates": [ 140.722171, 40.768116 ] } },
{ "type": "Feature", "properties": { "ID": 220220000127, "正式名称": "じん耳鼻咽喉科医院", "機関区分": 2, "都道府県コード": 2, "市区町村コード": 201, "所在地": "青森県青森市里見２－９－１", "緯度": 40.817083, "経度": 140.713642, "url": "https://www.iryou.teikyouseido.mhlw.go.jp/znk-web/juminkanja/S2430/initialize?prefCd=02&kikanCd=0220000127&kikanKbn=2", "url2": null, "内容": "じん耳鼻咽喉科医院【2:診療所】【診療科目:耳鼻いんこう科】青森県青森市里見２－９－１" }, "geometry": { "type": "Point", "coordinates": [ 140.713642, 40.817083 ] } },
{ "type": "Feature", "properties": { "ID": 220220000128, "正式名称": "新城胃腸科内科", "機関区分": 2, "都道府県コード": 2, "市区町村コード": 201, "所在地": "青森県青森市新城平岡１７５－２３", "緯度": 40.828248, "経度": 140.674561, "url": "https://www.iryou.teikyouseido.mhlw.go.jp/znk-web/juminkanja/S2430/initialize?prefCd=02&kikanCd=0220000128&kikanKbn=2", "url2": null, "内容": "新城胃腸科内科【2:診療所】【診療科目:内科_呼吸器内科_循環器内科_胃腸内科_小児科】青森県青森市新城平岡１７５－２３" }, "geometry": { "type": "Point", "coordinates": [ 140.674561, 40.828248 ] } },
{ "type": "Feature", "properties": { "ID": 220220000134, "正式名称": "諏訪沢クリニック", "機関区分": 2, "都道府県コード": 2, "市区町村コード": 201, "所在地": "青森県青森市諏訪沢丸山６６番地１", "緯度": 40.821057, "経度": 140.832382, "url": "https://www.iryou.teikyouseido.mhlw.go.jp/znk-web/juminkanja/S2430/initialize?prefCd=02&kikanCd=0220000134&kikanKbn=2", "url2": null, "内容": "諏訪沢クリニック【2:診療所】【診療科目:内科_外科】青森県青森市諏訪沢丸山６６番地１" }, "geometry": { "type": "Point", "coordinates": [ 140.832382, 40.821057 ] } },
{ "type": "Feature", "properties": { "ID": 220220000136, "正式名称": "西部整形外科医院", "機関区分": 2, "都道府県コード": 2, "市区町村コード": 201, "所在地": "青森県青森市里見２丁目１２－４１", "緯度": 40.814972, "経度": 140.712809, "url": "https://www.iryou.teikyouseido.mhlw.go.jp/znk-web/juminkanja/S2430/initialize?prefCd=02&kikanCd=0220000136&kikanKbn=2", "url2": "https://sbsk-clinic.jp/", "内容": "西部整形外科医院【2:診療所】【診療科目:整形外科_皮膚科_リウマチ科_リハビリテーション科】青森県青森市里見２丁目１２－４１" }, "geometry": { "type": "Point", "coordinates": [ 140.712809, 40.814972 ] } },
{ "type": "Feature", "properties": { "ID": 220220000141, "正式名称": "関谷外科クリニック", "機関区分": 2, "都道府県コード": 2, "市区町村コード": 201, "所在地": "青森県青森市横内字亀井２６１－９", "緯度": 40.771006, "経度": 140.767806, "url": "https://www.iryou.teikyouseido.mhlw.go.jp/znk-web/juminkanja/S2430/initialize?prefCd=02&kikanCd=0220000141&kikanKbn=2", "url2": null, "内容": "関谷外科クリニック【2:診療所】【診療科目:外科】青森県青森市横内字亀井２６１－９" }, "geometry": { "type": "Point", "coordinates": [ 140.767806, 40.771006 ] } },
{ "type": "Feature", "properties": { "ID": 220220000143, "正式名称": "医療法人エレファン　象こどもクリニック", "機関区分": 2, "都道府県コード": 2, "市区町村コード": 201, "所在地": "青森県青森市沖館一丁目１２－１３", "緯度": 40.835053, "経度": 140.725113, "url": "https://www.iryou.teikyouseido.mhlw.go.jp/znk-web/juminkanja/S2430/initialize?prefCd=02&kikanCd=0220000143&kikanKbn=2", "url2": null, "内容": "医療法人エレファン　象こどもクリニック【2:診療所】【診療科目:小児科】青森県青森市沖館一丁目１２－１３" }, "geometry": { "type": "Point", "coordinates": [ 140.725113, 40.835053 ] } },
{ "type": "Feature", "properties": { "ID": 220220000145, "正式名称": "たかぎ皮膚科クリニック", "機関区分": 2, "都道府県コード": 2, "市区町村コード": 201, "所在地": "青森県青森市西滝３－２７－１６", "緯度": 40.818055, "経度": 140.715447, "url": "https://www.iryou.teikyouseido.mhlw.go.jp/znk-web/juminkanja/S2430/initialize?prefCd=02&kikanCd=0220000145&kikanKbn=2", "url2": null, "内容": "たかぎ皮膚科クリニック【2:診療所】【診療科目:皮膚科】青森県青森市西滝３－２７－１６" }, "geometry": { "type": "Point", "coordinates": [ 140.715447, 40.818055 ] } },
{ "type": "Feature", "properties": { "ID": 220220000146, "正式名称": "高橋眼科", "機関区分": 2, "都道府県コード": 2, "市区町村コード": 201, "所在地": "青森県青森市堤町２丁目１番２６号", "緯度": 40.823361, "経度": 140.755028, "url": "https://www.iryou.teikyouseido.mhlw.go.jp/znk-web/juminkanja/S2430/initialize?prefCd=02&kikanCd=0220000146&kikanKbn=2", "url2": "http://takahashiganka.007.sh/", "内容": "高橋眼科【2:診療所】【診療科目:眼科】青森県青森市堤町２丁目１番２６号" }, "geometry": { "type": "Point", "coordinates": [ 140.755028, 40.823361 ] } },
{ "type": "Feature", "properties": { "ID": 220220000147, "正式名称": "高屋医院", "機関区分": 2, "都道府県コード": 2, "市区町村コード": 201, "所在地": "青森県青森市長島３－５－８", "緯度": 40.820555, "経度": 140.73964, "url": "https://www.iryou.teikyouseido.mhlw.go.jp/znk-web/juminkanja/S2430/initialize?prefCd=02&kikanCd=0220000147&kikanKbn=2", "url2": null, "内容": "高屋医院【2:診療所】【診療科目:内科_胃腸内科】青森県青森市長島３－５－８" }, "geometry": { "type": "Point", "coordinates": [ 140.73964, 40.820555 ] } },
{ "type": "Feature", "properties": { "ID": 220220000150, "正式名称": "武山循環器科内科", "機関区分": 2, "都道府県コード": 2, "市区町村コード": 201, "所在地": "青森県青森市勝田２丁目９番１３号", "緯度": 40.817139, "経度": 140.756611, "url": "https://www.iryou.teikyouseido.mhlw.go.jp/znk-web/juminkanja/S2430/initialize?prefCd=02&kikanCd=0220000150&kikanKbn=2", "url2": null, "内容": "武山循環器科内科【2:診療所】【診療科目:内科_呼吸器内科_循環器内科_消化器内科】青森県青森市勝田２丁目９番１３号" }, "geometry": { "type": "Point", "coordinates": [ 140.756611, 40.817139 ] } },
{ "type": "Feature", "properties": { "ID": 220220000152, "正式名称": "エフ．クリニック", "機関区分": 2, "都道府県コード": 2, "市区町村コード": 201, "所在地": "青森県青森市浜田３丁目３－７", "緯度": 40.799086, "経度": 140.75039, "url": "https://www.iryou.teikyouseido.mhlw.go.jp/znk-web/juminkanja/S2430/initialize?prefCd=02&kikanCd=0220000152&kikanKbn=2", "url2": "https://www.efclinic.com", "内容": "エフ．クリニック【2:診療所】【診療科目:産婦人科_産婦人科（生殖医療）】青森県青森市浜田３丁目３－７" }, "geometry": { "type": "Point", "coordinates": [ 140.75039, 40.799086 ] } },
{ "type": "Feature", "properties": { "ID": 220220000153, "正式名称": "田中産婦人科クリニック", "機関区分": 2, "都道府県コード": 2, "市区町村コード": 201, "所在地": "青森県青森市花園１丁目７－１３", "緯度": 40.823833, "経度": 140.766388, "url": "https://www.iryou.teikyouseido.mhlw.go.jp/znk-web/juminkanja/S2430/initialize?prefCd=02&kikanCd=0220000153&kikanKbn=2", "url2": null, "内容": "田中産婦人科クリニック【2:診療所】【診療科目:女性内科_産婦人科_産科_婦人科】青森県青森市花園１丁目７－１３" }, "geometry": { "type": "Point", "coordinates": [ 140.766388, 40.823833 ] } },
{ "type": "Feature", "properties": { "ID": 220220000156, "正式名称": "田辺和彦胃腸科内科医院", "機関区分": 2, "都道府県コード": 2, "市区町村コード": 201, "所在地": "青森県青森市勝田１－１５－１０", "緯度": 40.814862, "経度": 140.755, "url": "https://www.iryou.teikyouseido.mhlw.go.jp/znk-web/juminkanja/S2430/initialize?prefCd=02&kikanCd=0220000156&kikanKbn=2", "url2": null, "内容": "田辺和彦胃腸科内科医院【2:診療所】【診療科目:内科_糖尿病・内分泌内科_呼吸器内科_循環器内科_消化器内科_内視鏡内科_小児科】青森県青森市勝田１－１５－１０" }, "geometry": { "type": "Point", "coordinates": [ 140.755, 40.814862 ] } },
{ "type": "Feature", "properties": { "ID": 220220000157, "正式名称": "たにた耳鼻咽喉科クリニック", "機関区分": 2, "都道府県コード": 2, "市区町村コード": 201, "所在地": "青森県青森市古川１－２１－１８　ＮＡＲＡＹＡビル　２Ｆ", "緯度": 40.824305, "経度": 140.738112, "url": "https://www.iryou.teikyouseido.mhlw.go.jp/znk-web/juminkanja/S2430/initialize?prefCd=02&kikanCd=0220000157&kikanKbn=2", "url2": null, "内容": "たにた耳鼻咽喉科クリニック【2:診療所】【診療科目:耳鼻いんこう科_アレルギー科】青森県青森市古川１－２１－１８　ＮＡＲＡＹＡビル　２Ｆ" }, "geometry": { "type": "Point", "coordinates": [ 140.738112, 40.824305 ] } },
{ "type": "Feature", "properties": { "ID": 220220000158, "正式名称": "田原小児科医院", "機関区分": 2, "都道府県コード": 2, "市区町村コード": 201, "所在地": "青森県青森市浪岡浪岡細田１０３－１", "緯度": 40.711064, "経度": 140.584269, "url": "https://www.iryou.teikyouseido.mhlw.go.jp/znk-web/juminkanja/S2430/initialize?prefCd=02&kikanCd=0220000158&kikanKbn=2", "url2": "smoky66.byoinnavi.jp", "内容": "田原小児科医院【2:診療所】【診療科目:内科_小児科_アレルギー科】青森県青森市浪岡浪岡細田１０３－１" }, "geometry": { "type": "Point", "coordinates": [ 140.584269, 40.711064 ] } },
{ "type": "Feature", "properties": { "ID": 220220000161, "正式名称": "千歳産婦人科医院", "機関区分": 2, "都道府県コード": 2, "市区町村コード": 201, "所在地": "青森県青森市長島３－１２－６", "緯度": 40.819777, "経度": 140.741917, "url": "https://www.iryou.teikyouseido.mhlw.go.jp/znk-web/juminkanja/S2430/initialize?prefCd=02&kikanCd=0220000161&kikanKbn=2", "url2": null, "内容": "千歳産婦人科医院【2:診療所】【診療科目:産婦人科】青森県青森市長島３－１２－６" }, "geometry": { "type": "Point", "coordinates": [ 140.741917, 40.819777 ] } },
{ "type": "Feature", "properties": { "ID": 220220000162, "正式名称": "中部クリニック", "機関区分": 2, "都道府県コード": 2, "市区町村コード": 201, "所在地": "青森県青森市中央三丁目１０－２", "緯度": 40.818056, "経度": 140.746084, "url": "https://www.iryou.teikyouseido.mhlw.go.jp/znk-web/juminkanja/S2430/initialize?prefCd=02&kikanCd=0220000162&kikanKbn=2", "url2": "http://aomori-h-coop.com/", "内容": "中部クリニック【2:診療所】【診療科目:内科_循環器内科_胃腸内科_外科_放射線科】青森県青森市中央三丁目１０－２" }, "geometry": { "type": "Point", "coordinates": [ 140.746084, 40.818056 ] } },
{ "type": "Feature", "properties": { "ID": 220220000164, "正式名称": "千代谷皮膚科", "機関区分": 2, "都道府県コード": 2, "市区町村コード": 201, "所在地": "青森県青森市小柳６丁目４－２２", "緯度": 40.817723, "経度": 140.788747, "url": "https://www.iryou.teikyouseido.mhlw.go.jp/znk-web/juminkanja/S2430/initialize?prefCd=02&kikanCd=0220000164&kikanKbn=2", "url2": null, "内容": "千代谷皮膚科【2:診療所】【診療科目:小児皮膚科_皮膚科】青森県青森市小柳６丁目４－２２" }, "geometry": { "type": "Point", "coordinates": [ 140.788747, 40.817723 ] } },
{ "type": "Feature", "properties": { "ID": 220220000165, "正式名称": "津軽保健生活協同組合津軽医院", "機関区分": 2, "都道府県コード": 2, "市区町村コード": 201, "所在地": "青森県青森市浪岡浪岡浅井２０５", "緯度": 40.713481, "経度": 140.59349, "url": "https://www.iryou.teikyouseido.mhlw.go.jp/znk-web/juminkanja/S2430/initialize?prefCd=02&kikanCd=0220000165&kikanKbn=2", "url2": null, "内容": "津軽保健生活協同組合津軽医院【2:診療所】【診療科目:内科_呼吸器内科_循環器内科_消化器内科】青森県青森市浪岡浪岡浅井２０５" }, "geometry": { "type": "Point", "coordinates": [ 140.59349, 40.713481 ] } },
{ "type": "Feature", "properties": { "ID": 220220000167, "正式名称": "筒井小児科クリニック", "機関区分": 2, "都道府県コード": 2, "市区町村コード": 201, "所在地": "青森県青森市筒井八ッ橋３１－１０５", "緯度": 40.796947, "経度": 140.772804, "url": "https://www.iryou.teikyouseido.mhlw.go.jp/znk-web/juminkanja/S2430/initialize?prefCd=02&kikanCd=0220000167&kikanKbn=2", "url2": null, "内容": "筒井小児科クリニック【2:診療所】【診療科目:小児科】青森県青森市筒井八ッ橋３１－１０５" }, "geometry": { "type": "Point", "coordinates": [ 140.772804, 40.796947 ] } },
{ "type": "Feature", "properties": { "ID": 220220000173, "正式名称": "東京美容外科　青森院", "機関区分": 2, "都道府県コード": 2, "市区町村コード": 201, "所在地": "青森県青森市本町１－１－３５　ウィローズクラブ１階及び２階", "緯度": 40.824034, "経度": 140.745723, "url": "https://www.iryou.teikyouseido.mhlw.go.jp/znk-web/juminkanja/S2430/initialize?prefCd=02&kikanCd=0220000173&kikanKbn=2", "url2": "https://www.tkc110.jp/aomori/", "内容": "東京美容外科　青森院【2:診療所】【診療科目:形成外科_美容外科_皮膚科】青森県青森市本町１－１－３５　ウィローズクラブ１階及び２階" }, "geometry": { "type": "Point", "coordinates": [ 140.745723, 40.824034 ] } },
{ "type": "Feature", "properties": { "ID": 220220000174, "正式名称": "とよあきクリニック", "機関区分": 2, "都道府県コード": 2, "市区町村コード": 201, "所在地": "青森県青森市浜田２丁目１５－５", "緯度": 40.800225, "経度": 140.752723, "url": "https://www.iryou.teikyouseido.mhlw.go.jp/znk-web/juminkanja/S2430/initialize?prefCd=02&kikanCd=0220000174&kikanKbn=2", "url2": "http://toyoakiclinic.com", "内容": "とよあきクリニック【2:診療所】【診療科目:内科_消化器内科_外科_肛門外科_整形外科】青森県青森市浜田２丁目１５－５" }, "geometry": { "type": "Point", "coordinates": [ 140.752723, 40.800225 ] } },
{ "type": "Feature", "properties": { "ID": 220220000175, "正式名称": "医療法人　内科おひさまクリニック", "機関区分": 2, "都道府県コード": 2, "市区町村コード": 201, "所在地": "青森県青森市橋本１－９－２６", "緯度": 40.8245, "経度": 140.753778, "url": "https://www.iryou.teikyouseido.mhlw.go.jp/znk-web/juminkanja/S2430/initialize?prefCd=02&kikanCd=0220000175&kikanKbn=2", "url2": null, "内容": "医療法人　内科おひさまクリニック【2:診療所】【診療科目:内科】青森県青森市橋本１－９－２６" }, "geometry": { "type": "Point", "coordinates": [ 140.753778, 40.8245 ] } },
{ "type": "Feature", "properties": { "ID": 220220000176, "正式名称": "木村健一糖尿病・内分泌クリニック", "機関区分": 2, "都道府県コード": 2, "市区町村コード": 201, "所在地": "青森県青森市茶屋町１３番９号", "緯度": 40.82582, "経度": 140.764343, "url": "https://www.iryou.teikyouseido.mhlw.go.jp/znk-web/juminkanja/S2430/initialize?prefCd=02&kikanCd=0220000176&kikanKbn=2", "url2": "http://kimurakenichi-clinic.com", "内容": "木村健一糖尿病・内分泌クリニック【2:診療所】【診療科目:内科_糖尿病内科_代謝・内分泌内科_リウマチ科】青森県青森市茶屋町１３番９号" }, "geometry": { "type": "Point", "coordinates": [ 140.764343, 40.82582 ] } },
{ "type": "Feature", "properties": { "ID": 220220000177, "正式名称": "永井耳鼻咽喉科クリニック", "機関区分": 2, "都道府県コード": 2, "市区町村コード": 201, "所在地": "青森県青森市小柳６－１９－１５", "緯度": 40.818501, "経度": 140.790802, "url": "https://www.iryou.teikyouseido.mhlw.go.jp/znk-web/juminkanja/S2430/initialize?prefCd=02&kikanCd=0220000177&kikanKbn=2", "url2": null, "内容": "永井耳鼻咽喉科クリニック【2:診療所】【診療科目:耳鼻いんこう科】青森県青森市小柳６－１９－１５" }, "geometry": { "type": "Point", "coordinates": [ 140.790802, 40.818501 ] } },
{ "type": "Feature", "properties": { "ID": 220220000178, "正式名称": "長島皮フ科クリニック", "機関区分": 2, "都道府県コード": 2, "市区町村コード": 201, "所在地": "青森県青森市金沢四丁目１６－２７", "緯度": 40.808778, "経度": 140.731724, "url": "https://www.iryou.teikyouseido.mhlw.go.jp/znk-web/juminkanja/S2430/initialize?prefCd=02&kikanCd=0220000178&kikanKbn=2", "url2": "http://www.nagashima-clinic.com/", "内容": "長島皮フ科クリニック【2:診療所】【診療科目:皮膚科】青森県青森市金沢四丁目１６－２７" }, "geometry": { "type": "Point", "coordinates": [ 140.731724, 40.808778 ] } },
{ "type": "Feature", "properties": { "ID": 220220000183, "正式名称": "中村豊医院", "機関区分": 2, "都道府県コード": 2, "市区町村コード": 201, "所在地": "青森県青森市西滝一丁目１６－３１", "緯度": 40.824665, "経度": 140.716058, "url": "https://www.iryou.teikyouseido.mhlw.go.jp/znk-web/juminkanja/S2430/initialize?prefCd=02&kikanCd=0220000183&kikanKbn=2", "url2": null, "内容": "中村豊医院【2:診療所】【診療科目:内科_消化器内科_胃腸内科_外科_肛門外科_整形外科】青森県青森市西滝一丁目１６－３１" }, "geometry": { "type": "Point", "coordinates": [ 140.716058, 40.824665 ] } },
{ "type": "Feature", "properties": { "ID": 220220000188, "正式名称": "成田祥耕クリニック", "機関区分": 2, "都道府県コード": 2, "市区町村コード": 201, "所在地": "青森県青森市中佃１－１－３０", "緯度": 40.816528, "経度": 140.775331, "url": "https://www.iryou.teikyouseido.mhlw.go.jp/znk-web/juminkanja/S2430/initialize?prefCd=02&kikanCd=0220000188&kikanKbn=2", "url2": null, "内容": "成田祥耕クリニック【2:診療所】【診療科目:内科_消化器内科_肝臓内科_神経内科】青森県青森市中佃１－１－３０" }, "geometry": { "type": "Point", "coordinates": [ 140.775331, 40.816528 ] } },
{ "type": "Feature", "properties": { "ID": 220220000190, "正式名称": "虹ヶ丘内科クリニック", "機関区分": 2, "都道府県コード": 2, "市区町村コード": 201, "所在地": "青森県青森市虹ケ丘１－３－１３", "緯度": 40.814307, "経度": 140.79508, "url": "https://www.iryou.teikyouseido.mhlw.go.jp/znk-web/juminkanja/S2430/initialize?prefCd=02&kikanCd=0220000190&kikanKbn=2", "url2": "https://nijigaoka-naika.p-kit.com", "内容": "虹ヶ丘内科クリニック【2:診療所】【診療科目:内科_血液内科_循環器内科_消化器内科】青森県青森市虹ケ丘１－３－１３" }, "geometry": { "type": "Point", "coordinates": [ 140.79508, 40.814307 ] } },
{ "type": "Feature", "properties": { "ID": 220220000193, "正式名称": "医療法人　柏葉会　脳神経外科・内科　藤本クリニック", "機関区分": 2, "都道府県コード": 2, "市区町村コード": 201, "所在地": "青森県青森市大野片岡３４－３", "緯度": 40.807918, "経度": 140.740641, "url": "https://www.iryou.teikyouseido.mhlw.go.jp/znk-web/juminkanja/S2430/initialize?prefCd=02&kikanCd=0220000193&kikanKbn=2", "url2": "https://hakuyoukai.biz/", "内容": "医療法人　柏葉会　脳神経外科・内科　藤本クリニック【2:診療所】【診療科目:内科_脳神経外科】青森県青森市大野片岡３４－３" }, "geometry": { "type": "Point", "coordinates": [ 140.740641, 40.807918 ] } },
{ "type": "Feature", "properties": { "ID": 220220000197, "正式名称": "ひがし整形外科リハビリテーションクリニック", "機関区分": 2, "都道府県コード": 2, "市区町村コード": 201, "所在地": "青森県青森市浜館３－３－２７", "緯度": 40.808752, "経度": 140.786026, "url": "https://www.iryou.teikyouseido.mhlw.go.jp/znk-web/juminkanja/S2430/initialize?prefCd=02&kikanCd=0220000197&kikanKbn=2", "url2": "http://mc-hoc.com/", "内容": "ひがし整形外科リハビリテーションクリニック【2:診療所】【診療科目:整形外科_リハビリテーション科_放射線科】青森県青森市浜館３－３－２７" }, "geometry": { "type": "Point", "coordinates": [ 140.786026, 40.808752 ] } },
{ "type": "Feature", "properties": { "ID": 220220000199, "正式名称": "ひでかず胃腸科内科", "機関区分": 2, "都道府県コード": 2, "市区町村コード": 201, "所在地": "青森県青森市大野前田７５－８９", "緯度": 40.801446, "経度": 140.736641, "url": "https://www.iryou.teikyouseido.mhlw.go.jp/znk-web/juminkanja/S2430/initialize?prefCd=02&kikanCd=0220000199&kikanKbn=2", "url2": null, "内容": "ひでかず胃腸科内科【2:診療所】【診療科目:内科_呼吸器内科_循環器内科_胃腸内科_小児科】青森県青森市大野前田７５－８９" }, "geometry": { "type": "Point", "coordinates": [ 140.736641, 40.801446 ] } },
{ "type": "Feature", "properties": { "ID": 220220000202, "正式名称": "ファミリークリニック", "機関区分": 2, "都道府県コード": 2, "市区町村コード": 201, "所在地": "青森県青森市幸畑松元２０－５", "緯度": 40.78842, "経度": 140.784749, "url": "https://www.iryou.teikyouseido.mhlw.go.jp/znk-web/juminkanja/S2430/initialize?prefCd=02&kikanCd=0220000202&kikanKbn=2", "url2": null, "内容": "ファミリークリニック【2:診療所】【診療科目:内科_小児科】青森県青森市幸畑松元２０－５" }, "geometry": { "type": "Point", "coordinates": [ 140.784749, 40.78842 ] } },
{ "type": "Feature", "properties": { "ID": 220220000203, "正式名称": "福井ひ尿器科クリニック", "機関区分": 2, "都道府県コード": 2, "市区町村コード": 201, "所在地": "青森県青森市篠田１丁目１０－１９", "緯度": 40.827054, "経度": 140.730085, "url": "https://www.iryou.teikyouseido.mhlw.go.jp/znk-web/juminkanja/S2430/initialize?prefCd=02&kikanCd=0220000203&kikanKbn=2", "url2": null, "内容": "福井ひ尿器科クリニック【2:診療所】【診療科目:内科_皮膚科_泌尿器科】青森県青森市篠田１丁目１０－１９" }, "geometry": { "type": "Point", "coordinates": [ 140.730085, 40.827054 ] } },
{ "type": "Feature", "properties": { "ID": 220220000206, "正式名称": "ふくし耳鼻科", "機関区分": 2, "都道府県コード": 2, "市区町村コード": 201, "所在地": "青森県青森市松原３－１２－１５", "緯度": 40.818028, "経度": 140.763332, "url": "https://www.iryou.teikyouseido.mhlw.go.jp/znk-web/juminkanja/S2430/initialize?prefCd=02&kikanCd=0220000206&kikanKbn=2", "url2": null, "内容": "ふくし耳鼻科【2:診療所】【診療科目:耳鼻いんこう科】青森県青森市松原３－１２－１５" }, "geometry": { "type": "Point", "coordinates": [ 140.763332, 40.818028 ] } },
{ "type": "Feature", "properties": { "ID": 220220000207, "正式名称": "福士内科胃腸科医院", "機関区分": 2, "都道府県コード": 2, "市区町村コード": 201, "所在地": "青森県青森市緑一丁目１９－５", "緯度": 40.809362, "経度": 140.745084, "url": "https://www.iryou.teikyouseido.mhlw.go.jp/znk-web/juminkanja/S2430/initialize?prefCd=02&kikanCd=0220000207&kikanKbn=2", "url2": null, "内容": "福士内科胃腸科医院【2:診療所】【診療科目:内科_呼吸器内科_循環器内科_胃腸内科】青森県青森市緑一丁目１９－５" }, "geometry": { "type": "Point", "coordinates": [ 140.745084, 40.809362 ] } },
{ "type": "Feature", "properties": { "ID": 220220000208, "正式名称": "福士泌尿器科医院", "機関区分": 2, "都道府県コード": 2, "市区町村コード": 201, "所在地": "青森県青森市金沢３－３１－１０", "緯度": 40.808501, "経度": 140.736807, "url": "https://www.iryou.teikyouseido.mhlw.go.jp/znk-web/juminkanja/S2430/initialize?prefCd=02&kikanCd=0220000208&kikanKbn=2", "url2": null, "内容": "福士泌尿器科医院【2:診療所】【診療科目:内科_皮膚科_泌尿器科】青森県青森市金沢３－３１－１０" }, "geometry": { "type": "Point", "coordinates": [ 140.736807, 40.808501 ] } },
{ "type": "Feature", "properties": { "ID": 220220000211, "正式名称": "ふじた耳鼻咽喉科クリニック", "機関区分": 2, "都道府県コード": 2, "市区町村コード": 201, "所在地": "青森県青森市羽白沢田４９－１", "緯度": 40.85444, "経度": 140.689782, "url": "https://www.iryou.teikyouseido.mhlw.go.jp/znk-web/juminkanja/S2430/initialize?prefCd=02&kikanCd=0220000211&kikanKbn=2", "url2": null, "内容": "ふじた耳鼻咽喉科クリニック【2:診療所】【診療科目:耳鼻いんこう科】青森県青森市羽白沢田４９－１" }, "geometry": { "type": "Point", "coordinates": [ 140.689782, 40.85444 ] } },
{ "type": "Feature", "properties": { "ID": 220220000215, "正式名称": "附属　あおもり健康管理センター　診療所", "機関区分": 2, "都道府県コード": 2, "市区町村コード": 201, "所在地": "青森県青森市松原３－９－３９", "緯度": 40.817417, "経度": 140.761777, "url": "https://www.iryou.teikyouseido.mhlw.go.jp/znk-web/juminkanja/S2430/initialize?prefCd=02&kikanCd=0220000215&kikanKbn=2", "url2": null, "内容": "附属　あおもり健康管理センター　診療所【2:診療所】【診療科目:内科】青森県青森市松原３－９－３９" }, "geometry": { "type": "Point", "coordinates": [ 140.761777, 40.817417 ] } },
{ "type": "Feature", "properties": { "ID": 220220000221, "正式名称": "まちだ内科クリニック", "機関区分": 2, "都道府県コード": 2, "市区町村コード": 201, "所在地": "青森県青森市羽白沢田３９－４", "緯度": 40.855162, "経度": 140.690754, "url": "https://www.iryou.teikyouseido.mhlw.go.jp/znk-web/juminkanja/S2430/initialize?prefCd=02&kikanCd=0220000221&kikanKbn=2", "url2": null, "内容": "まちだ内科クリニック【2:診療所】【診療科目:内科_胃腸内科_肛門外科_小児科_眼科_皮膚科】青森県青森市羽白沢田３９－４" }, "geometry": { "type": "Point", "coordinates": [ 140.690754, 40.855162 ] } },
{ "type": "Feature", "properties": { "ID": 220220000226, "正式名称": "三上眼科医院", "機関区分": 2, "都道府県コード": 2, "市区町村コード": 201, "所在地": "青森県青森市新町２－６－２７", "緯度": 40.826333, "経度": 140.742001, "url": "https://www.iryou.teikyouseido.mhlw.go.jp/znk-web/juminkanja/S2430/initialize?prefCd=02&kikanCd=0220000226&kikanKbn=2", "url2": null, "内容": "三上眼科医院【2:診療所】【診療科目:眼科】青森県青森市新町２－６－２７" }, "geometry": { "type": "Point", "coordinates": [ 140.742001, 40.826333 ] } },
{ "type": "Feature", "properties": { "ID": 220220000227, "正式名称": "三上心療内科・内科医院", "機関区分": 2, "都道府県コード": 2, "市区町村コード": 201, "所在地": "青森県青森市平新田池上３６－２", "緯度": 40.832166, "経度": 140.820272, "url": "https://www.iryou.teikyouseido.mhlw.go.jp/znk-web/juminkanja/S2430/initialize?prefCd=02&kikanCd=0220000227&kikanKbn=2", "url2": null, "内容": "三上心療内科・内科医院【2:診療所】【診療科目:内科_精神科_心療内科】青森県青森市平新田池上３６－２" }, "geometry": { "type": "Point", "coordinates": [ 140.820272, 40.832166 ] } },
{ "type": "Feature", "properties": { "ID": 220220000228, "正式名称": "三上皮膚科桜川医院", "機関区分": 2, "都道府県コード": 2, "市区町村コード": 201, "所在地": "青森県青森市桜川４－２２－１４", "緯度": 40.815667, "経度": 140.77111, "url": "https://www.iryou.teikyouseido.mhlw.go.jp/znk-web/juminkanja/S2430/initialize?prefCd=02&kikanCd=0220000228&kikanKbn=2", "url2": null, "内容": "三上皮膚科桜川医院【2:診療所】【診療科目:皮膚科】青森県青森市桜川４－２２－１４" }, "geometry": { "type": "Point", "coordinates": [ 140.77111, 40.815667 ] } },
{ "type": "Feature", "properties": { "ID": 220220000229, "正式名称": "三上皮膚科緑医院", "機関区分": 2, "都道府県コード": 2, "市区町村コード": 201, "所在地": "青森県青森市緑一丁目１９－６", "緯度": 40.809417, "経度": 140.745529, "url": "https://www.iryou.teikyouseido.mhlw.go.jp/znk-web/juminkanja/S2430/initialize?prefCd=02&kikanCd=0220000229&kikanKbn=2", "url2": null, "内容": "三上皮膚科緑医院【2:診療所】【診療科目:皮膚科】青森県青森市緑一丁目１９－６" }, "geometry": { "type": "Point", "coordinates": [ 140.745529, 40.809417 ] } },
{ "type": "Feature", "properties": { "ID": 220220000231, "正式名称": "三川内科医院", "機関区分": 2, "都道府県コード": 2, "市区町村コード": 201, "所在地": "青森県青森市八重田２－１－６", "緯度": 40.834194, "経度": 140.79419, "url": "https://www.iryou.teikyouseido.mhlw.go.jp/znk-web/juminkanja/S2430/initialize?prefCd=02&kikanCd=0220000231&kikanKbn=2", "url2": "https://www.mikawanaika.com", "内容": "三川内科医院【2:診療所】【診療科目:内科_消化器内科】青森県青森市八重田２－１－６" }, "geometry": { "type": "Point", "coordinates": [ 140.79419, 40.834194 ] } },
{ "type": "Feature", "properties": { "ID": 220220000232, "正式名称": "ミッドライフ　クリニック　ＡＭＣ", "機関区分": 2, "都道府県コード": 2, "市区町村コード": 201, "所在地": "青森県青森市新町１－２－５", "緯度": 40.827683, "経度": 140.735373, "url": "https://www.iryou.teikyouseido.mhlw.go.jp/znk-web/juminkanja/S2430/initialize?prefCd=02&kikanCd=0220000232&kikanKbn=2", "url2": "http://www.amc-headquarters-med.or.jp", "内容": "ミッドライフ　クリニック　ＡＭＣ【2:診療所】【診療科目:内科_腎臓内科_神経内科】青森県青森市新町１－２－５" }, "geometry": { "type": "Point", "coordinates": [ 140.735373, 40.827683 ] } },
{ "type": "Feature", "properties": { "ID": 220220000235, "正式名称": "村岡整形外科クリニック", "機関区分": 2, "都道府県コード": 2, "市区町村コード": 201, "所在地": "青森県青森市沖館三丁目１０－１１", "緯度": 40.838386, "経度": 140.720057, "url": "https://www.iryou.teikyouseido.mhlw.go.jp/znk-web/juminkanja/S2430/initialize?prefCd=02&kikanCd=0220000235&kikanKbn=2", "url2": null, "内容": "村岡整形外科クリニック【2:診療所】【診療科目:整形外科_リウマチ科_リハビリテーション科】青森県青森市沖館三丁目１０－１１" }, "geometry": { "type": "Point", "coordinates": [ 140.720057, 40.838386 ] } },
{ "type": "Feature", "properties": { "ID": 220220000236, "正式名称": "村上内科胃腸科医院", "機関区分": 2, "都道府県コード": 2, "市区町村コード": 201, "所在地": "青森県青森市栄町２－２－１", "緯度": 40.825472, "経度": 140.769164, "url": "https://www.iryou.teikyouseido.mhlw.go.jp/znk-web/juminkanja/S2430/initialize?prefCd=02&kikanCd=0220000236&kikanKbn=2", "url2": "http://www.murakami-naika.org", "内容": "村上内科胃腸科医院【2:診療所】【診療科目:内科_胃腸内科】青森県青森市栄町２－２－１" }, "geometry": { "type": "Point", "coordinates": [ 140.769164, 40.825472 ] } },
{ "type": "Feature", "properties": { "ID": 220220000238, "正式名称": "村林内科クリニック", "機関区分": 2, "都道府県コード": 2, "市区町村コード": 201, "所在地": "青森県青森市沖館４丁目８－１７", "緯度": 40.837303, "経度": 140.720557, "url": "https://www.iryou.teikyouseido.mhlw.go.jp/znk-web/juminkanja/S2430/initialize?prefCd=02&kikanCd=0220000238&kikanKbn=2", "url2": null, "内容": "村林内科クリニック【2:診療所】【診療科目:内科_小児科】青森県青森市沖館４丁目８－１７" }, "geometry": { "type": "Point", "coordinates": [ 140.720557, 40.837303 ] } },
{ "type": "Feature", "properties": { "ID": 220220000240, "正式名称": "森総合クリニック松原", "機関区分": 2, "都道府県コード": 2, "市区町村コード": 201, "所在地": "青森県青森市奥野２－２０－２", "緯度": 40.813556, "経度": 140.757139, "url": "https://www.iryou.teikyouseido.mhlw.go.jp/znk-web/juminkanja/S2430/initialize?prefCd=02&kikanCd=0220000240&kikanKbn=2", "url2": null, "内容": "森総合クリニック松原【2:診療所】【診療科目:内科_整形外科_小児科】青森県青森市奥野２－２０－２" }, "geometry": { "type": "Point", "coordinates": [ 140.757139, 40.813556 ] } },
{ "type": "Feature", "properties": { "ID": 220220000243, "正式名称": "医療法人マルモ．盛ハート・クリニック", "機関区分": 2, "都道府県コード": 2, "市区町村コード": 201, "所在地": "青森県青森市奥野一丁目１－９", "緯度": 40.814028, "経度": 140.755166, "url": "https://www.iryou.teikyouseido.mhlw.go.jp/znk-web/juminkanja/S2430/initialize?prefCd=02&kikanCd=0220000243&kikanKbn=2", "url2": null, "内容": "医療法人マルモ．盛ハート・クリニック【2:診療所】【診療科目:内科_呼吸器内科_循環器内科】青森県青森市奥野一丁目１－９" }, "geometry": { "type": "Point", "coordinates": [ 140.755166, 40.814028 ] } },
{ "type": "Feature", "properties": { "ID": 220220000244, "正式名称": "森山内科クリニック", "機関区分": 2, "都道府県コード": 2, "市区町村コード": 201, "所在地": "青森県青森市筒井八ツ橋１３８２－１２", "緯度": 40.797364, "経度": 140.766944, "url": "https://www.iryou.teikyouseido.mhlw.go.jp/znk-web/juminkanja/S2430/initialize?prefCd=02&kikanCd=0220000244&kikanKbn=2", "url2": null, "内容": "森山内科クリニック【2:診療所】【診療科目:内科_消化器内科_胃腸内科】青森県青森市筒井八ツ橋１３８２－１２" }, "geometry": { "type": "Point", "coordinates": [ 140.766944, 40.797364 ] } },
{ "type": "Feature", "properties": { "ID": 220220000245, "正式名称": "八重田医院", "機関区分": 2, "都道府県コード": 2, "市区町村コード": 201, "所在地": "青森県青森市はまなす２－６－１１", "緯度": 40.825639, "経度": 140.79819, "url": "https://www.iryou.teikyouseido.mhlw.go.jp/znk-web/juminkanja/S2430/initialize?prefCd=02&kikanCd=0220000245&kikanKbn=2", "url2": null, "内容": "八重田医院【2:診療所】【診療科目:呼吸器内科_気管食道外科_耳鼻いんこう科】青森県青森市はまなす２－６－１１" }, "geometry": { "type": "Point", "coordinates": [ 140.79819, 40.825639 ] } },
{ "type": "Feature", "properties": { "ID": 220220000249, "正式名称": "やまがみ眼科", "機関区分": 2, "都道府県コード": 2, "市区町村コード": 201, "所在地": "青森県青森市長島２－１－１４　青森クリニックビル３Ｆ", "緯度": 40.823361, "経度": 140.739529, "url": "https://www.iryou.teikyouseido.mhlw.go.jp/znk-web/juminkanja/S2430/initialize?prefCd=02&kikanCd=0220000249&kikanKbn=2", "url2": "http://nttbj.itp.ne.jp/0177759220/index", "内容": "やまがみ眼科【2:診療所】【診療科目:眼科】青森県青森市長島２－１－１４　青森クリニックビル３Ｆ" }, "geometry": { "type": "Point", "coordinates": [ 140.739529, 40.823361 ] } },
{ "type": "Feature", "properties": { "ID": 220220000253, "正式名称": "特別養護老人ホーム　ゆうゆう荘　医務室", "機関区分": 2, "都道府県コード": 2, "市区町村コード": 201, "所在地": "青森県青森市浪岡樽沢村元３３０－７", "緯度": 40.713091, "経度": 140.558354, "url": "https://www.iryou.teikyouseido.mhlw.go.jp/znk-web/juminkanja/S2430/initialize?prefCd=02&kikanCd=0220000253&kikanKbn=2", "url2": null, "内容": "特別養護老人ホーム　ゆうゆう荘　医務室【2:診療所】【診療科目:内科】青森県青森市浪岡樽沢村元３３０－７" }, "geometry": { "type": "Point", "coordinates": [ 140.558354, 40.713091 ] } },
{ "type": "Feature", "properties": { "ID": 220220000255, "正式名称": "横内耳鼻咽喉科医院", "機関区分": 2, "都道府県コード": 2, "市区町村コード": 201, "所在地": "青森県青森市中央１－１２－３", "緯度": 40.821416, "経度": 140.746251, "url": "https://www.iryou.teikyouseido.mhlw.go.jp/znk-web/juminkanja/S2430/initialize?prefCd=02&kikanCd=0220000255&kikanKbn=2", "url2": null, "内容": "横内耳鼻咽喉科医院【2:診療所】【診療科目:耳鼻いんこう科】青森県青森市中央１－１２－３" }, "geometry": { "type": "Point", "coordinates": [ 140.746251, 40.821416 ] } },
{ "type": "Feature", "properties": { "ID": 220220000256, "正式名称": "よこの循環器呼吸器内科医院", "機関区分": 2, "都道府県コード": 2, "市区町村コード": 201, "所在地": "青森県青森市石江江渡９７－１２", "緯度": 40.825193, "経度": 140.702087, "url": "https://www.iryou.teikyouseido.mhlw.go.jp/znk-web/juminkanja/S2430/initialize?prefCd=02&kikanCd=0220000256&kikanKbn=2", "url2": "https://www.yokono-cardioresp.com/", "内容": "よこの循環器呼吸器内科医院【2:診療所】【診療科目:内科_呼吸器内科_循環器内科_小児科】青森県青森市石江江渡９７－１２" }, "geometry": { "type": "Point", "coordinates": [ 140.702087, 40.825193 ] } },
{ "type": "Feature", "properties": { "ID": 220220000257, "正式名称": "陸上自衛隊青森駐屯地医務室", "機関区分": 2, "都道府県コード": 2, "市区町村コード": 201, "所在地": "青森県青森市浪館近野４５", "緯度": 40.810973, "経度": 140.708587, "url": "https://www.iryou.teikyouseido.mhlw.go.jp/znk-web/juminkanja/S2430/initialize?prefCd=02&kikanCd=0220000257&kikanKbn=2", "url2": null, "内容": "陸上自衛隊青森駐屯地医務室【2:診療所】【診療科目:内科】青森県青森市浪館近野４５" }, "geometry": { "type": "Point", "coordinates": [ 140.708587, 40.810973 ] } },
{ "type": "Feature", "properties": { "ID": 220220000259, "正式名称": "医療法人　レディスクリニックセントセシリア", "機関区分": 2, "都道府県コード": 2, "市区町村コード": 201, "所在地": "青森県青森市筒井八ッ橋９５－１２", "緯度": 40.797419, "経度": 140.764889, "url": "https://www.iryou.teikyouseido.mhlw.go.jp/znk-web/juminkanja/S2430/initialize?prefCd=02&kikanCd=0220000259&kikanKbn=2", "url2": "http://homepage.mac.com/st.cecilia/", "内容": "医療法人　レディスクリニックセントセシリア【2:診療所】【診療科目:産科_婦人科_産婦人科（生殖医療）】青森県青森市筒井八ッ橋９５－１２" }, "geometry": { "type": "Point", "coordinates": [ 140.764889, 40.797419 ] } },
{ "type": "Feature", "properties": { "ID": 220220000262, "正式名称": "医療法人　和田クリニック内科・胃腸科", "機関区分": 2, "都道府県コード": 2, "市区町村コード": 201, "所在地": "青森県青森市橋本二丁目１４－６", "緯度": 40.822388, "経度": 140.753778, "url": "https://www.iryou.teikyouseido.mhlw.go.jp/znk-web/juminkanja/S2430/initialize?prefCd=02&kikanCd=0220000262&kikanKbn=2", "url2": "http://www.aomori-wadacli.jp/", "内容": "医療法人　和田クリニック内科・胃腸科【2:診療所】【診療科目:内科_呼吸器内科_循環器内科_胃腸内科】青森県青森市橋本二丁目１４－６" }, "geometry": { "type": "Point", "coordinates": [ 140.753778, 40.822388 ] } },
{ "type": "Feature", "properties": { "ID": 220220000263, "正式名称": "わたなべ内科クリニック", "機関区分": 2, "都道府県コード": 2, "市区町村コード": 201, "所在地": "青森県青森市奥野３－１２－１７", "緯度": 40.811029, "経度": 140.762833, "url": "https://www.iryou.teikyouseido.mhlw.go.jp/znk-web/juminkanja/S2430/initialize?prefCd=02&kikanCd=0220000263&kikanKbn=2", "url2": null, "内容": "わたなべ内科クリニック【2:診療所】【診療科目:内科_呼吸器内科_循環器内科_胃腸内科_小児科】青森県青森市奥野３－１２－１７" }, "geometry": { "type": "Point", "coordinates": [ 140.762833, 40.811029 ] } },
{ "type": "Feature", "properties": { "ID": 220220000272, "正式名称": "相原内科医院", "機関区分": 2, "都道府県コード": 2, "市区町村コード": 202, "所在地": "青森県弘前市青山３－８－２", "緯度": 40.62235, "経度": 140.480393, "url": "https://www.iryou.teikyouseido.mhlw.go.jp/znk-web/juminkanja/S2430/initialize?prefCd=02&kikanCd=0220000272&kikanKbn=2", "url2": "http://aihara-hp.la.coocan.jp/clinic2.html", "内容": "相原内科医院【2:診療所】【診療科目:内科_血液内科_糖尿病内科_代謝内科_糖尿病・代謝内科_呼吸器内科_循環器内科_心臓内科_消化器内科_胃腸内科_アレルギー疾患内科_小児科_リハビリテーション科】青森県弘前市青山３－８－２" }, "geometry": { "type": "Point", "coordinates": [ 140.480393, 40.62235 ] } },
{ "type": "Feature", "properties": { "ID": 220220000273, "正式名称": "あおもりＰＥＴ画像診断センター", "機関区分": 2, "都道府県コード": 2, "市区町村コード": 202, "所在地": "青森県弘前市品川町３１－３", "緯度": 40.596547, "経度": 140.475588, "url": "https://www.iryou.teikyouseido.mhlw.go.jp/znk-web/juminkanja/S2430/initialize?prefCd=02&kikanCd=0220000273&kikanKbn=2", "url2": "http://www.aomoripet.jp/index.html", "内容": "あおもりＰＥＴ画像診断センター【2:診療所】【診療科目:放射線科】青森県弘前市品川町３１－３" }, "geometry": { "type": "Point", "coordinates": [ 140.475588, 40.596547 ] } },
{ "type": "Feature", "properties": { "ID": 220220000276, "正式名称": "医療法人　あきた耳鼻咽喉科クリニック", "機関区分": 2, "都道府県コード": 2, "市区町村コード": 202, "所在地": "青森県弘前市南城西２－５－１２", "緯度": 40.601657, "経度": 140.453479, "url": "https://www.iryou.teikyouseido.mhlw.go.jp/znk-web/juminkanja/S2430/initialize?prefCd=02&kikanCd=0220000276&kikanKbn=2", "url2": "http://www.akita-ent.net/", "内容": "医療法人　あきた耳鼻咽喉科クリニック【2:診療所】【診療科目:小児耳鼻いんこう科_耳鼻いんこう科_頭頸部・耳鼻いんこう科_アレルギー科】青森県弘前市南城西２－５－１２" }, "geometry": { "type": "Point", "coordinates": [ 140.453479, 40.601657 ] } },
{ "type": "Feature", "properties": { "ID": 220220000281, "正式名称": "医療法人　聖誠会　　石澤内科胃腸科", "機関区分": 2, "都道府県コード": 2, "市区町村コード": 202, "所在地": "青森県弘前市新町１５１", "緯度": 40.607212, "経度": 140.455257, "url": "https://www.iryou.teikyouseido.mhlw.go.jp/znk-web/juminkanja/S2430/initialize?prefCd=02&kikanCd=0220000281&kikanKbn=2", "url2": "http://www.myclinic.ne.jp/ishizawa", "内容": "医療法人　聖誠会　　石澤内科胃腸科【2:診療所】【診療科目:内科_呼吸器内科_循環器内科_消化器内科_小児科_皮膚科_精神科_心療内科】青森県弘前市新町１５１" }, "geometry": { "type": "Point", "coordinates": [ 140.455257, 40.607212 ] } },
{ "type": "Feature", "properties": { "ID": 220220000284, "正式名称": "医療法人　一美会　一戸眼科医院", "機関区分": 2, "都道府県コード": 2, "市区町村コード": 202, "所在地": "青森県弘前市富田２－９－６", "緯度": 40.593603, "経度": 140.474562, "url": "https://www.iryou.teikyouseido.mhlw.go.jp/znk-web/juminkanja/S2430/initialize?prefCd=02&kikanCd=0220000284&kikanKbn=2", "url2": "http://www.ichinohe-gankaiin.com/", "内容": "医療法人　一美会　一戸眼科医院【2:診療所】【診療科目:眼科】青森県弘前市富田２－９－６" }, "geometry": { "type": "Point", "coordinates": [ 140.474562, 40.593603 ] } },
{ "type": "Feature", "properties": { "ID": 220220000285, "正式名称": "一條耳鼻咽喉科クリニック", "機関区分": 2, "都道府県コード": 2, "市区町村コード": 202, "所在地": "青森県弘前市駅前３－２－１　シーナシーナ弘前６階", "緯度": 40.599296, "経度": 140.480783, "url": "https://www.iryou.teikyouseido.mhlw.go.jp/znk-web/juminkanja/S2430/initialize?prefCd=02&kikanCd=0220000285&kikanKbn=2", "url2": "http://homepage1.nifty.com/ichijoent/", "内容": "一條耳鼻咽喉科クリニック【2:診療所】【診療科目:耳鼻いんこう科_アレルギー科】青森県弘前市駅前３－２－１　シーナシーナ弘前６階" }, "geometry": { "type": "Point", "coordinates": [ 140.480783, 40.599296 ] } },
{ "type": "Feature", "properties": { "ID": 220220000286, "正式名称": "医療法人　市川整形外科クリニック", "機関区分": 2, "都道府県コード": 2, "市区町村コード": 202, "所在地": "青森県弘前市南城西２丁目１２番地３", "緯度": 40.601602, "経度": 140.456424, "url": "https://www.iryou.teikyouseido.mhlw.go.jp/znk-web/juminkanja/S2430/initialize?prefCd=02&kikanCd=0220000286&kikanKbn=2", "url2": null, "内容": "医療法人　市川整形外科クリニック【2:診療所】【診療科目:整形外科_リハビリテーション科】青森県弘前市南城西２丁目１２番地３" }, "geometry": { "type": "Point", "coordinates": [ 140.456424, 40.601602 ] } },
{ "type": "Feature", "properties": { "ID": 220220000288, "正式名称": "五日市内科医院", "機関区分": 2, "都道府県コード": 2, "市区町村コード": 202, "所在地": "青森県弘前市植田町８", "緯度": 40.603657, "経度": 140.479699, "url": "https://www.iryou.teikyouseido.mhlw.go.jp/znk-web/juminkanja/S2430/initialize?prefCd=02&kikanCd=0220000288&kikanKbn=2", "url2": "https://itsukaichinaika.jimdofree.com", "内容": "五日市内科医院【2:診療所】【診療科目:内科_糖尿病内科】青森県弘前市植田町８" }, "geometry": { "type": "Point", "coordinates": [ 140.479699, 40.603657 ] } },
{ "type": "Feature", "properties": { "ID": 220220000289, "正式名称": "医療法人　福星会　伊藤眼科", "機関区分": 2, "都道府県コード": 2, "市区町村コード": 202, "所在地": "青森県弘前市南大町２－６－３", "緯度": 40.592297, "経度": 140.482311, "url": "https://www.iryou.teikyouseido.mhlw.go.jp/znk-web/juminkanja/S2430/initialize?prefCd=02&kikanCd=0220000289&kikanKbn=2", "url2": null, "内容": "医療法人　福星会　伊藤眼科【2:診療所】【診療科目:眼科】青森県弘前市南大町２－６－３" }, "geometry": { "type": "Point", "coordinates": [ 140.482311, 40.592297 ] } },
{ "type": "Feature", "properties": { "ID": 220220000291, "正式名称": "いとう胃腸科内科クリニック", "機関区分": 2, "都道府県コード": 2, "市区町村コード": 202, "所在地": "青森県弘前市早稲田２丁目８－７", "緯度": 40.60388, "経度": 140.509613, "url": "https://www.iryou.teikyouseido.mhlw.go.jp/znk-web/juminkanja/S2430/initialize?prefCd=02&kikanCd=0220000291&kikanKbn=2", "url2": null, "内容": "いとう胃腸科内科クリニック【2:診療所】【診療科目:内科_胃腸内科】青森県弘前市早稲田２丁目８－７" }, "geometry": { "type": "Point", "coordinates": [ 140.509613, 40.60388 ] } },
{ "type": "Feature", "properties": { "ID": 220220000292, "正式名称": "今村クリニック", "機関区分": 2, "都道府県コード": 2, "市区町村コード": 202, "所在地": "青森県弘前市松原西２－１－１", "緯度": 40.571772, "経度": 140.479423, "url": "https://www.iryou.teikyouseido.mhlw.go.jp/znk-web/juminkanja/S2430/initialize?prefCd=02&kikanCd=0220000292&kikanKbn=2", "url2": null, "内容": "今村クリニック【2:診療所】【診療科目:内科_呼吸器内科_循環器内科_消化器内科_小児科_皮膚科】青森県弘前市松原西２－１－１" }, "geometry": { "type": "Point", "coordinates": [ 140.479423, 40.571772 ] } },
{ "type": "Feature", "properties": { "ID": 220220000294, "正式名称": "いわね内科胃腸科医院", "機関区分": 2, "都道府県コード": 2, "市区町村コード": 202, "所在地": "青森県弘前市浜の町西２丁目１－５", "緯度": 40.617544, "経度": 140.458756, "url": "https://www.iryou.teikyouseido.mhlw.go.jp/znk-web/juminkanja/S2430/initialize?prefCd=02&kikanCd=0220000294&kikanKbn=2", "url2": "https://www.iwanenaika.com", "内容": "いわね内科胃腸科医院【2:診療所】【診療科目:内科_呼吸器内科_循環器内科_消化器内科_小児科】青森県弘前市浜の町西２丁目１－５" }, "geometry": { "type": "Point", "coordinates": [ 140.458756, 40.617544 ] } },
{ "type": "Feature", "properties": { "ID": 220220000295, "正式名称": "岩船アイクリニック", "機関区分": 2, "都道府県コード": 2, "市区町村コード": 202, "所在地": "青森県弘前市土手町１１７－１", "緯度": 40.599352, "経度": 140.475199, "url": "https://www.iryou.teikyouseido.mhlw.go.jp/znk-web/juminkanja/S2430/initialize?prefCd=02&kikanCd=0220000295&kikanKbn=2", "url2": null, "内容": "岩船アイクリニック【2:診療所】【診療科目:眼科】青森県弘前市土手町１１７－１" }, "geometry": { "type": "Point", "coordinates": [ 140.475199, 40.599352 ] } },
{ "type": "Feature", "properties": { "ID": 220220000299, "正式名称": "近江整形外科", "機関区分": 2, "都道府県コード": 2, "市区町村コード": 202, "所在地": "青森県弘前市山下町４－１", "緯度": 40.602269, "経度": 140.475005, "url": "https://www.iryou.teikyouseido.mhlw.go.jp/znk-web/juminkanja/S2430/initialize?prefCd=02&kikanCd=0220000299&kikanKbn=2", "url2": "https://www.omi-seikei.com/", "内容": "近江整形外科【2:診療所】【診療科目:整形外科_リハビリテーション科_放射線科】青森県弘前市山下町４－１" }, "geometry": { "type": "Point", "coordinates": [ 140.475005, 40.602269 ] } },
{ "type": "Feature", "properties": { "ID": 220220000300, "正式名称": "大津医院", "機関区分": 2, "都道府県コード": 2, "市区町村コード": 202, "所在地": "青森県弘前市山王町２－５", "緯度": 40.609268, "経度": 140.474338, "url": "https://www.iryou.teikyouseido.mhlw.go.jp/znk-web/juminkanja/S2430/initialize?prefCd=02&kikanCd=0220000300&kikanKbn=2", "url2": null, "内容": "大津医院【2:診療所】【診療科目:内科_胃腸内科_外科_肛門外科_皮膚科】青森県弘前市山王町２－５" }, "geometry": { "type": "Point", "coordinates": [ 140.474338, 40.609268 ] } },
{ "type": "Feature", "properties": { "ID": 220220000301, "正式名称": "おおはしクリニック", "機関区分": 2, "都道府県コード": 2, "市区町村コード": 202, "所在地": "青森県弘前市青山２丁目１－３", "緯度": 40.621794, "経度": 140.481115, "url": "https://www.iryou.teikyouseido.mhlw.go.jp/znk-web/juminkanja/S2430/initialize?prefCd=02&kikanCd=0220000301&kikanKbn=2", "url2": null, "内容": "おおはしクリニック【2:診療所】【診療科目:内科_皮膚科_泌尿器科】青森県弘前市青山２丁目１－３" }, "geometry": { "type": "Point", "coordinates": [ 140.481115, 40.621794 ] } },
{ "type": "Feature", "properties": { "ID": 220220000303, "正式名称": "おおた眼科", "機関区分": 2, "都道府県コード": 2, "市区町村コード": 202, "所在地": "青森県弘前市駅前町１３番地１　　扶岳ビル２Ｆ", "緯度": 40.598574, "経度": 140.482061, "url": "https://www.iryou.teikyouseido.mhlw.go.jp/znk-web/juminkanja/S2430/initialize?prefCd=02&kikanCd=0220000303&kikanKbn=2", "url2": null, "内容": "おおた眼科【2:診療所】【診療科目:眼科】青森県弘前市駅前町１３番地１　　扶岳ビル２Ｆ" }, "geometry": { "type": "Point", "coordinates": [ 140.482061, 40.598574 ] } },
{ "type": "Feature", "properties": { "ID": 220220000304, "正式名称": "大町内科クリニック", "機関区分": 2, "都道府県コード": 2, "市区町村コード": 202, "所在地": "青森県弘前市大町１－１４－３", "緯度": 40.595631, "経度": 140.483699, "url": "https://www.iryou.teikyouseido.mhlw.go.jp/znk-web/juminkanja/S2430/initialize?prefCd=02&kikanCd=0220000304&kikanKbn=2", "url2": null, "内容": "大町内科クリニック【2:診療所】【診療科目:内科_胃腸内科】青森県弘前市大町１－１４－３" }, "geometry": { "type": "Point", "coordinates": [ 140.483699, 40.595631 ] } },
{ "type": "Feature", "properties": { "ID": 220220000305, "正式名称": "大開ファミリークリニック", "機関区分": 2, "都道府県コード": 2, "市区町村コード": 202, "所在地": "青森県弘前市大開１丁目３－３", "緯度": 40.577448, "経度": 140.448955, "url": "https://www.iryou.teikyouseido.mhlw.go.jp/znk-web/juminkanja/S2430/initialize?prefCd=02&kikanCd=0220000305&kikanKbn=2", "url2": null, "内容": "大開ファミリークリニック【2:診療所】【診療科目:内科_呼吸器内科_循環器内科_アレルギー科】青森県弘前市大開１丁目３－３" }, "geometry": { "type": "Point", "coordinates": [ 140.448955, 40.577448 ] } },
{ "type": "Feature", "properties": { "ID": 220220000307, "正式名称": "小笠原クリニック", "機関区分": 2, "都道府県コード": 2, "市区町村コード": 202, "所在地": "青森県弘前市門外４－４－３９", "緯度": 40.578133, "経度": 140.49981, "url": "https://www.iryou.teikyouseido.mhlw.go.jp/znk-web/juminkanja/S2430/initialize?prefCd=02&kikanCd=0220000307&kikanKbn=2", "url2": null, "内容": "小笠原クリニック【2:診療所】【診療科目:内科_消化器内科_外科_整形外科_皮膚科_泌尿器科】青森県弘前市門外４－４－３９" }, "geometry": { "type": "Point", "coordinates": [ 140.49981, 40.578133 ] } },
{ "type": "Feature", "properties": { "ID": 220220000310, "正式名称": "皮フ科クリニック小原", "機関区分": 2, "都道府県コード": 2, "市区町村コード": 202, "所在地": "青森県弘前市駅前町８－１　大町タウンビル４Ｆ", "緯度": 40.597742, "経度": 140.482477, "url": "https://www.iryou.teikyouseido.mhlw.go.jp/znk-web/juminkanja/S2430/initialize?prefCd=02&kikanCd=0220000310&kikanKbn=2", "url2": "http://www.d-clinic-obara.com", "内容": "皮フ科クリニック小原【2:診療所】【診療科目:皮膚科】青森県弘前市駅前町８－１　大町タウンビル４Ｆ" }, "geometry": { "type": "Point", "coordinates": [ 140.482477, 40.597742 ] } },
{ "type": "Feature", "properties": { "ID": 220220000311, "正式名称": "かきざき小児科アレルギー科クリニック", "機関区分": 2, "都道府県コード": 2, "市区町村コード": 202, "所在地": "青森県弘前市神田２－６－７", "緯度": 40.617905, "経度": 140.484782, "url": "https://www.iryou.teikyouseido.mhlw.go.jp/znk-web/juminkanja/S2430/initialize?prefCd=02&kikanCd=0220000311&kikanKbn=2", "url2": "https//kccyk2020.amebaownd.com", "内容": "かきざき小児科アレルギー科クリニック【2:診療所】【診療科目:内科_小児科_皮膚科_アレルギー科】青森県弘前市神田２－６－７" }, "geometry": { "type": "Point", "coordinates": [ 140.484782, 40.617905 ] } },
{ "type": "Feature", "properties": { "ID": 220220000315, "正式名称": "加藤眼科クリニック", "機関区分": 2, "都道府県コード": 2, "市区町村コード": 202, "所在地": "青森県弘前市田町５丁目６－７", "緯度": 40.614518, "経度": 140.483143, "url": "https://www.iryou.teikyouseido.mhlw.go.jp/znk-web/juminkanja/S2430/initialize?prefCd=02&kikanCd=0220000315&kikanKbn=2", "url2": null, "内容": "加藤眼科クリニック【2:診療所】【診療科目:眼科】青森県弘前市田町５丁目６－７" }, "geometry": { "type": "Point", "coordinates": [ 140.483143, 40.614518 ] } },
{ "type": "Feature", "properties": { "ID": 220220000316, "正式名称": "金子内科クリニック", "機関区分": 2, "都道府県コード": 2, "市区町村コード": 202, "所在地": "青森県弘前市徳田町１０番地４", "緯度": 40.603519, "経度": 140.474727, "url": "https://www.iryou.teikyouseido.mhlw.go.jp/znk-web/juminkanja/S2430/initialize?prefCd=02&kikanCd=0220000316&kikanKbn=2", "url2": null, "内容": "金子内科クリニック【2:診療所】【診療科目:内科】青森県弘前市徳田町１０番地４" }, "geometry": { "type": "Point", "coordinates": [ 140.474727, 40.603519 ] } },
{ "type": "Feature", "properties": { "ID": 220220000318, "正式名称": "医療法人愛桜会　にじいろこどもクリニック", "機関区分": 2, "都道府県コード": 2, "市区町村コード": 202, "所在地": "青森県弘前市松原東二丁目１４番地２", "緯度": 40.574827, "経度": 140.481756, "url": "https://www.iryou.teikyouseido.mhlw.go.jp/znk-web/juminkanja/S2430/initialize?prefCd=02&kikanCd=0220000318&kikanKbn=2", "url2": "https://niziiro-kodomo.com/", "内容": "医療法人愛桜会　にじいろこどもクリニック【2:診療所】【診療科目:内科_小児科】青森県弘前市松原東二丁目１４番地２" }, "geometry": { "type": "Point", "coordinates": [ 140.481756, 40.574827 ] } },
{ "type": "Feature", "properties": { "ID": 220220000319, "正式名称": "桔梗野こどもおとなクリニック", "機関区分": 2, "都道府県コード": 2, "市区町村コード": 202, "所在地": "青森県弘前市桔梗野二丁目１３－５", "緯度": 40.593214, "経度": 140.461563, "url": "https://www.iryou.teikyouseido.mhlw.go.jp/znk-web/juminkanja/S2430/initialize?prefCd=02&kikanCd=0220000319&kikanKbn=2", "url2": null, "内容": "桔梗野こどもおとなクリニック【2:診療所】【診療科目:内科_呼吸器内科_循環器内科_消化器内科_小児科】青森県弘前市桔梗野二丁目１３－５" }, "geometry": { "type": "Point", "coordinates": [ 140.461563, 40.593214 ] } },
{ "type": "Feature", "properties": { "ID": 220220000320, "正式名称": "菊池医院", "機関区分": 2, "都道府県コード": 2, "市区町村コード": 202, "所在地": "青森県弘前市富田町８－１", "緯度": 40.588799, "経度": 140.563415, "url": "https://www.iryou.teikyouseido.mhlw.go.jp/znk-web/juminkanja/S2430/initialize?prefCd=02&kikanCd=0220000320&kikanKbn=2", "url2": null, "内容": "菊池医院【2:診療所】【診療科目:内科_消化器内科_胃腸内科_外科_整形外科_皮膚科】青森県弘前市富田町８－１" }, "geometry": { "type": "Point", "coordinates": [ 140.563415, 40.588799 ] } },
{ "type": "Feature", "properties": { "ID": 220220000322, "正式名称": "医療法人至心会　木村脳神経クリニック", "機関区分": 2, "都道府県コード": 2, "市区町村コード": 202, "所在地": "青森県弘前市代官町９６－１", "緯度": 40.603796, "経度": 140.480033, "url": "https://www.iryou.teikyouseido.mhlw.go.jp/znk-web/juminkanja/S2430/initialize?prefCd=02&kikanCd=0220000322&kikanKbn=2", "url2": null, "内容": "医療法人至心会　木村脳神経クリニック【2:診療所】【診療科目:内科_脳神経外科】青森県弘前市代官町９６－１" }, "geometry": { "type": "Point", "coordinates": [ 140.480033, 40.603796 ] } },
{ "type": "Feature", "properties": { "ID": 220220000325, "正式名称": "くどう内科　消化器・肝臓クリニック", "機関区分": 2, "都道府県コード": 2, "市区町村コード": 202, "所在地": "青森県弘前市石川石川９７", "緯度": 40.552302, "経度": 140.543141, "url": "https://www.iryou.teikyouseido.mhlw.go.jp/znk-web/juminkanja/S2430/initialize?prefCd=02&kikanCd=0220000325&kikanKbn=2", "url2": "http://onkoukai.or.jp/", "内容": "くどう内科　消化器・肝臓クリニック【2:診療所】【診療科目:内科_消化器内科_肝臓内科】青森県弘前市石川石川９７" }, "geometry": { "type": "Point", "coordinates": [ 140.543141, 40.552302 ] } },
{ "type": "Feature", "properties": { "ID": 220220000331, "正式名称": "医療法人社団クロース・トゥ・ユー　ＥＳＴクリニック", "機関区分": 2, "都道府県コード": 2, "市区町村コード": 202, "所在地": "青森県弘前市福村新館添２０－１", "緯度": 40.60488, "経度": 140.517251, "url": "https://www.iryou.teikyouseido.mhlw.go.jp/znk-web/juminkanja/S2430/initialize?prefCd=02&kikanCd=0220000331&kikanKbn=2", "url2": "http://www.wstclinic.com", "内容": "医療法人社団クロース・トゥ・ユー　ＥＳＴクリニック【2:診療所】【診療科目:内科_腎臓内科_人工透析内科_外科_整形外科_眼科_リハビリテーション科_放射線科_臨床検査科】青森県弘前市福村新館添２０－１" }, "geometry": { "type": "Point", "coordinates": [ 140.517251, 40.60488 ] } },
{ "type": "Feature", "properties": { "ID": 220220000332, "正式名称": "医療法人社団クロース・トゥ・ユー　ＥＳＴクリニック２", "機関区分": 2, "都道府県コード": 2, "市区町村コード": 202, "所在地": "青森県弘前市福村新館添２０－５", "緯度": 40.610519, "経度": 140.517557, "url": "https://www.iryou.teikyouseido.mhlw.go.jp/znk-web/juminkanja/S2430/initialize?prefCd=02&kikanCd=0220000332&kikanKbn=2", "url2": "http://www.wstclinic.com", "内容": "医療法人社団クロース・トゥ・ユー　ＥＳＴクリニック２【2:診療所】【診療科目:皮膚科】青森県弘前市福村新館添２０－５" }, "geometry": { "type": "Point", "coordinates": [ 140.517557, 40.610519 ] } },
{ "type": "Feature", "properties": { "ID": 220220000333, "正式名称": "津軽保健生活協同組合　　健生クリニック", "機関区分": 2, "都道府県コード": 2, "市区町村コード": 202, "所在地": "青森県弘前市扇町２丁目２－１２", "緯度": 40.587548, "経度": 140.504864, "url": "https://www.iryou.teikyouseido.mhlw.go.jp/znk-web/juminkanja/S2430/initialize?prefCd=02&kikanCd=0220000333&kikanKbn=2", "url2": "http://www.kensei-hp.jp", "内容": "津軽保健生活協同組合　　健生クリニック【2:診療所】【診療科目:内科_呼吸器内科_循環器内科_消化器内科_神経内科_心臓血管外科_泌尿器科_精神科】青森県弘前市扇町２丁目２－１２" }, "geometry": { "type": "Point", "coordinates": [ 140.504864, 40.587548 ] } },
{ "type": "Feature", "properties": { "ID": 220220000339, "正式名称": "小林ひ尿器科", "機関区分": 2, "都道府県コード": 2, "市区町村コード": 202, "所在地": "青森県弘前市富野町１２", "緯度": 40.586604, "経度": 140.475034, "url": "https://www.iryou.teikyouseido.mhlw.go.jp/znk-web/juminkanja/S2430/initialize?prefCd=02&kikanCd=0220000339&kikanKbn=2", "url2": null, "内容": "小林ひ尿器科【2:診療所】【診療科目:内科_泌尿器科】青森県弘前市富野町１２" }, "geometry": { "type": "Point", "coordinates": [ 140.475034, 40.586604 ] } },
{ "type": "Feature", "properties": { "ID": 220220000346, "正式名称": "いくこ耳鼻科クリニック", "機関区分": 2, "都道府県コード": 2, "市区町村コード": 202, "所在地": "青森県弘前市南瓦ケ町２－６", "緯度": 40.60088, "経度": 140.474977, "url": "https://www.iryou.teikyouseido.mhlw.go.jp/znk-web/juminkanja/S2430/initialize?prefCd=02&kikanCd=0220000346&kikanKbn=2", "url2": "http://ikukoent.com/", "内容": "いくこ耳鼻科クリニック【2:診療所】【診療科目:耳鼻いんこう科】青森県弘前市南瓦ケ町２－６" }, "geometry": { "type": "Point", "coordinates": [ 140.474977, 40.60088 ] } },
{ "type": "Feature", "properties": { "ID": 220220000352, "正式名称": "さとう耳鼻咽喉科医院", "機関区分": 2, "都道府県コード": 2, "市区町村コード": 202, "所在地": "青森県弘前市田園４－７－７", "緯度": 40.604407, "経度": 140.507224, "url": "https://www.iryou.teikyouseido.mhlw.go.jp/znk-web/juminkanja/S2430/initialize?prefCd=02&kikanCd=0220000352&kikanKbn=2", "url2": "http://sato0929.byoinnavi.jp", "内容": "さとう耳鼻咽喉科医院【2:診療所】【診療科目:耳鼻いんこう科】青森県弘前市田園４－７－７" }, "geometry": { "type": "Point", "coordinates": [ 140.507224, 40.604407 ] } },
{ "type": "Feature", "properties": { "ID": 220220000353, "正式名称": "さわだ整形外科", "機関区分": 2, "都道府県コード": 2, "市区町村コード": 202, "所在地": "青森県弘前市大開３－２－１", "緯度": 40.579826, "経度": 140.449175, "url": "https://www.iryou.teikyouseido.mhlw.go.jp/znk-web/juminkanja/S2430/initialize?prefCd=02&kikanCd=0220000353&kikanKbn=2", "url2": "http://www.sawada-seikei.jp/index.html", "内容": "さわだ整形外科【2:診療所】【診療科目:整形外科_リウマチ科_リハビリテーション科】青森県弘前市大開３－２－１" }, "geometry": { "type": "Point", "coordinates": [ 140.449175, 40.579826 ] } },
{ "type": "Feature", "properties": { "ID": 220220000355, "正式名称": "消化器内科　中畑クリニック", "機関区分": 2, "都道府県コード": 2, "市区町村コード": 202, "所在地": "青森県弘前市泉野１－５－３", "緯度": 40.57566, "経度": 140.490922, "url": "https://www.iryou.teikyouseido.mhlw.go.jp/znk-web/juminkanja/S2430/initialize?prefCd=02&kikanCd=0220000355&kikanKbn=2", "url2": "http://www.ngec.jp", "内容": "消化器内科　中畑クリニック【2:診療所】【診療科目:内科_血液・腫瘍内科_糖尿病・代謝内科_呼吸器内科_循環器内科_消化器内科_心療内科_リウマチ科】青森県弘前市泉野１－５－３" }, "geometry": { "type": "Point", "coordinates": [ 140.490922, 40.57566 ] } },
{ "type": "Feature", "properties": { "ID": 220220000356, "正式名称": "城西しおたに内科小児科", "機関区分": 2, "都道府県コード": 2, "市区町村コード": 202, "所在地": "青森県弘前市南城西１－３－１５", "緯度": 40.602185, "経度": 140.453757, "url": "https://www.iryou.teikyouseido.mhlw.go.jp/znk-web/juminkanja/S2430/initialize?prefCd=02&kikanCd=0220000356&kikanKbn=2", "url2": null, "内容": "城西しおたに内科小児科【2:診療所】【診療科目:内科_消化器内科_胃腸内科_小児科】青森県弘前市南城西１－３－１５" }, "geometry": { "type": "Point", "coordinates": [ 140.453757, 40.602185 ] } },
{ "type": "Feature", "properties": { "ID": 220220000357, "正式名称": "下田クリニック", "機関区分": 2, "都道府県コード": 2, "市区町村コード": 202, "所在地": "青森県弘前市城東中央４丁目１－３", "緯度": 40.599991, "経度": 140.495726, "url": "https://www.iryou.teikyouseido.mhlw.go.jp/znk-web/juminkanja/S2430/initialize?prefCd=02&kikanCd=0220000357&kikanKbn=2", "url2": null, "内容": "下田クリニック【2:診療所】【診療科目:内科_循環器内科_精神科_心療内科_リハビリテーション科】青森県弘前市城東中央４丁目１－３" }, "geometry": { "type": "Point", "coordinates": [ 140.495726, 40.599991 ] } },
{ "type": "Feature", "properties": { "ID": 220220000358, "正式名称": "医療法人　博愛会　城東クリニック", "機関区分": 2, "都道府県コード": 2, "市区町村コード": 202, "所在地": "青森県弘前市城東中央３丁目４－１０", "緯度": 40.600602, "経度": 140.494393, "url": "https://www.iryou.teikyouseido.mhlw.go.jp/znk-web/juminkanja/S2430/initialize?prefCd=02&kikanCd=0220000358&kikanKbn=2", "url2": "http://jyoto-cl.com/", "内容": "医療法人　博愛会　城東クリニック【2:診療所】【診療科目:内科_整形外科】青森県弘前市城東中央３丁目４－１０" }, "geometry": { "type": "Point", "coordinates": [ 140.494393, 40.600602 ] } },
{ "type": "Feature", "properties": { "ID": 220220000359, "正式名称": "城東こどもクリニック", "機関区分": 2, "都道府県コード": 2, "市区町村コード": 202, "所在地": "青森県弘前市城東北４丁目４－２０", "緯度": 40.608852, "経度": 140.497086, "url": "https://www.iryou.teikyouseido.mhlw.go.jp/znk-web/juminkanja/S2430/initialize?prefCd=02&kikanCd=0220000359&kikanKbn=2", "url2": "http://j-kodomo.com", "内容": "城東こどもクリニック【2:診療所】【診療科目:小児科】青森県弘前市城東北４丁目４－２０" }, "geometry": { "type": "Point", "coordinates": [ 140.497086, 40.608852 ] } },
{ "type": "Feature", "properties": { "ID": 220220000360, "正式名称": "しらとりレディスクリニック", "機関区分": 2, "都道府県コード": 2, "市区町村コード": 202, "所在地": "青森県弘前市豊原２－１－２", "緯度": 40.581437, "経度": 140.475923, "url": "https://www.iryou.teikyouseido.mhlw.go.jp/znk-web/juminkanja/S2430/initialize?prefCd=02&kikanCd=0220000360&kikanKbn=2", "url2": "http://shiratori-ladies.jp", "内容": "しらとりレディスクリニック【2:診療所】【診療科目:内科_産婦人科】青森県弘前市豊原２－１－２" }, "geometry": { "type": "Point", "coordinates": [ 140.475923, 40.581437 ] } },
{ "type": "Feature", "properties": { "ID": 220220000366, "正式名称": "レディスクリニックすごう", "機関区分": 2, "都道府県コード": 2, "市区町村コード": 202, "所在地": "青森県弘前市外崎五丁目７－４", "緯度": 40.595575, "経度": 140.494726, "url": "https://www.iryou.teikyouseido.mhlw.go.jp/znk-web/juminkanja/S2430/initialize?prefCd=02&kikanCd=0220000366&kikanKbn=2", "url2": null, "内容": "レディスクリニックすごう【2:診療所】【診療科目:産科_婦人科】青森県弘前市外崎五丁目７－４" }, "geometry": { "type": "Point", "coordinates": [ 140.494726, 40.595575 ] } },
{ "type": "Feature", "properties": { "ID": 220220000369, "正式名称": "関医院　中津軽診療所", "機関区分": 2, "都道府県コード": 2, "市区町村コード": 202, "所在地": "青森県弘前市賀田１丁目１４番地２", "緯度": 40.616988, "経度": 140.418342, "url": "https://www.iryou.teikyouseido.mhlw.go.jp/znk-web/juminkanja/S2430/initialize?prefCd=02&kikanCd=0220000369&kikanKbn=2", "url2": null, "内容": "関医院　中津軽診療所【2:診療所】【診療科目:内科_循環器内科_整形外科】青森県弘前市賀田１丁目１４番地２" }, "geometry": { "type": "Point", "coordinates": [ 140.418342, 40.616988 ] } },
{ "type": "Feature", "properties": { "ID": 220220000370, "正式名称": "相馬信内科クリニック", "機関区分": 2, "都道府県コード": 2, "市区町村コード": 202, "所在地": "青森県弘前市城南３丁目１３－２５", "緯度": 40.577409, "経度": 140.46884, "url": "https://www.iryou.teikyouseido.mhlw.go.jp/znk-web/juminkanja/S2430/initialize?prefCd=02&kikanCd=0220000370&kikanKbn=2", "url2": null, "内容": "相馬信内科クリニック【2:診療所】【診療科目:内科_呼吸器内科_循環器内科_胃腸内科_小児科】青森県弘前市城南３丁目１３－２５" }, "geometry": { "type": "Point", "coordinates": [ 140.46884, 40.577409 ] } },
{ "type": "Feature", "properties": { "ID": 220220000372, "正式名称": "医療法人副島胃腸科内科", "機関区分": 2, "都道府県コード": 2, "市区町村コード": 202, "所在地": "青森県弘前市稔町８－１", "緯度": 40.585493, "経度": 140.469256, "url": "https://www.iryou.teikyouseido.mhlw.go.jp/znk-web/juminkanja/S2430/initialize?prefCd=02&kikanCd=0220000372&kikanKbn=2", "url2": "https://www.soejimagic.com", "内容": "医療法人副島胃腸科内科【2:診療所】【診療科目:内科_呼吸器内科_循環器内科_消化器内科_胃腸内科_小児科】青森県弘前市稔町８－１" }, "geometry": { "type": "Point", "coordinates": [ 140.469256, 40.585493 ] } },
{ "type": "Feature", "properties": { "ID": 220220000382, "正式名称": "医療法人　千葉胃腸科内科医院", "機関区分": 2, "都道府県コード": 2, "市区町村コード": 202, "所在地": "青森県弘前市石渡３－１３－２", "緯度": 40.628682, "経度": 140.457172, "url": "https://www.iryou.teikyouseido.mhlw.go.jp/znk-web/juminkanja/S2430/initialize?prefCd=02&kikanCd=0220000382&kikanKbn=2", "url2": null, "内容": "医療法人　千葉胃腸科内科医院【2:診療所】【診療科目:内科_呼吸器内科_循環器内科_消化器内科_胃腸内科_小児科】青森県弘前市石渡３－１３－２" }, "geometry": { "type": "Point", "coordinates": [ 140.457172, 40.628682 ] } },
{ "type": "Feature", "properties": { "ID": 220220000387, "正式名称": "（医）成心会なりた内科クリニック", "機関区分": 2, "都道府県コード": 2, "市区町村コード": 202, "所在地": "青森県弘前市安原二丁目１番地１３", "緯度": 40.575438, "経度": 140.486116, "url": "https://www.iryou.teikyouseido.mhlw.go.jp/znk-web/juminkanja/S2430/initialize?prefCd=02&kikanCd=0220000387&kikanKbn=2", "url2": null, "内容": "（医）成心会なりた内科クリニック【2:診療所】【診療科目:内科_呼吸器内科_循環器内科_胃腸内科_小児科】青森県弘前市安原二丁目１番地１３" }, "geometry": { "type": "Point", "coordinates": [ 140.486116, 40.575438 ] } },
{ "type": "Feature", "properties": { "ID": 220220000388, "正式名称": "ナルミ医院", "機関区分": 2, "都道府県コード": 2, "市区町村コード": 202, "所在地": "青森県弘前市南川端町１３", "緯度": 40.59788, "経度": 140.471145, "url": "https://www.iryou.teikyouseido.mhlw.go.jp/znk-web/juminkanja/S2430/initialize?prefCd=02&kikanCd=0220000388&kikanKbn=2", "url2": "http://www.ne.jp/asahi/narumi/clinic/", "内容": "ナルミ医院【2:診療所】【診療科目:内科_呼吸器内科_アレルギー科】青森県弘前市南川端町１３" }, "geometry": { "type": "Point", "coordinates": [ 140.471145, 40.59788 ] } },
{ "type": "Feature", "properties": { "ID": 220220000389, "正式名称": "にしかわ整形外科・手の外科クリニック", "機関区分": 2, "都道府県コード": 2, "市区町村コード": 202, "所在地": "青森県弘前市早稲田二丁目２－１２", "緯度": 40.602825, "経度": 140.51328, "url": "https://www.iryou.teikyouseido.mhlw.go.jp/znk-web/juminkanja/S2430/initialize?prefCd=02&kikanCd=0220000389&kikanKbn=2", "url2": "http://nishikawa-Seikeitegeka.amebaownd.com", "内容": "にしかわ整形外科・手の外科クリニック【2:診療所】【診療科目:整形外科_リハビリテーション科】青森県弘前市早稲田二丁目２－１２" }, "geometry": { "type": "Point", "coordinates": [ 140.51328, 40.602825 ] } },
{ "type": "Feature", "properties": { "ID": 220220000393, "正式名称": "はせがわ内科クリニック", "機関区分": 2, "都道府県コード": 2, "市区町村コード": 202, "所在地": "青森県弘前市賀田１－３－２", "緯度": 40.615572, "経度": 140.420787, "url": "https://www.iryou.teikyouseido.mhlw.go.jp/znk-web/juminkanja/S2430/initialize?prefCd=02&kikanCd=0220000393&kikanKbn=2", "url2": null, "内容": "はせがわ内科クリニック【2:診療所】【診療科目:内科_呼吸器内科_循環器内科_消化器内科_アレルギー科】青森県弘前市賀田１－３－２" }, "geometry": { "type": "Point", "coordinates": [ 140.420787, 40.615572 ] } },
{ "type": "Feature", "properties": { "ID": 220220000395, "正式名称": "畑山医院", "機関区分": 2, "都道府県コード": 2, "市区町村コード": 202, "所在地": "青森県弘前市石川春仕内９７－１", "緯度": 40.551081, "経度": 140.548557, "url": "https://www.iryou.teikyouseido.mhlw.go.jp/znk-web/juminkanja/S2430/initialize?prefCd=02&kikanCd=0220000395&kikanKbn=2", "url2": null, "内容": "畑山医院【2:診療所】【診療科目:内科_呼吸器内科_循環器内科】青森県弘前市石川春仕内９７－１" }, "geometry": { "type": "Point", "coordinates": [ 140.548557, 40.551081 ] } },
{ "type": "Feature", "properties": { "ID": 220220000396, "正式名称": "早川内科肛門科", "機関区分": 2, "都道府県コード": 2, "市区町村コード": 202, "所在地": "青森県弘前市安原３－７－５", "緯度": 40.573577, "経度": 140.487811, "url": "https://www.iryou.teikyouseido.mhlw.go.jp/znk-web/juminkanja/S2430/initialize?prefCd=02&kikanCd=0220000396&kikanKbn=2", "url2": "http://www.hayakawa-clinic.com/", "内容": "早川内科肛門科【2:診療所】【診療科目:内科_胃腸内科_肛門外科_整形外科_皮膚科】青森県弘前市安原３－７－５" }, "geometry": { "type": "Point", "coordinates": [ 140.487811, 40.573577 ] } },
{ "type": "Feature", "properties": { "ID": 220220000399, "正式名称": "医療法人　成友会　弘前駅前整形外科クリニック", "機関区分": 2, "都道府県コード": 2, "市区町村コード": 202, "所在地": "青森県弘前市駅前町１４－１　弘前駅前整形外科クリニック", "緯度": 40.598685, "経度": 140.482561, "url": "https://www.iryou.teikyouseido.mhlw.go.jp/znk-web/juminkanja/S2430/initialize?prefCd=02&kikanCd=0220000399&kikanKbn=2", "url2": "http://www.hirosaki-ekimae.com/", "内容": "医療法人　成友会　弘前駅前整形外科クリニック【2:診療所】【診療科目:整形外科_リハビリテーション科】青森県弘前市駅前町１４－１　弘前駅前整形外科クリニック" }, "geometry": { "type": "Point", "coordinates": [ 140.482561, 40.598685 ] } },
{ "type": "Feature", "properties": { "ID": 220220000404, "正式名称": "（医）　施仁会　ゆざわ産婦人科クリニック", "機関区分": 2, "都道府県コード": 2, "市区町村コード": 202, "所在地": "青森県弘前市品川町４８", "緯度": 40.596186, "経度": 140.476505, "url": "https://www.iryou.teikyouseido.mhlw.go.jp/znk-web/juminkanja/S2430/initialize?prefCd=02&kikanCd=0220000404&kikanKbn=2", "url2": "https://yuzawa-cl.or.jp/", "内容": "（医）　施仁会　ゆざわ産婦人科クリニック【2:診療所】【診療科目:産婦人科】青森県弘前市品川町４８" }, "geometry": { "type": "Point", "coordinates": [ 140.476505, 40.596186 ] } },
{ "type": "Feature", "properties": { "ID": 220220000406, "正式名称": "弘前市急患診療所", "機関区分": 2, "都道府県コード": 2, "市区町村コード": 202, "所在地": "青森県弘前市野田２－７－１", "緯度": 40.609962, "経度": 140.480643, "url": "https://www.iryou.teikyouseido.mhlw.go.jp/znk-web/juminkanja/S2430/initialize?prefCd=02&kikanCd=0220000406&kikanKbn=2", "url2": "http://www.hirosaki.aomori.med.or.jp/", "内容": "弘前市急患診療所【2:診療所】【診療科目:内科_外科_小児科】青森県弘前市野田２－７－１" }, "geometry": { "type": "Point", "coordinates": [ 140.480643, 40.609962 ] } },
{ "type": "Feature", "properties": { "ID": 220220000408, "正式名称": "医療法人樹会福原循環器内科クリニック", "機関区分": 2, "都道府県コード": 2, "市区町村コード": 202, "所在地": "青森県弘前市上鞘師町１７－３", "緯度": 40.604963, "経度": 140.471227, "url": "https://www.iryou.teikyouseido.mhlw.go.jp/znk-web/juminkanja/S2430/initialize?prefCd=02&kikanCd=0220000408&kikanKbn=2", "url2": null, "内容": "医療法人樹会福原循環器内科クリニック【2:診療所】【診療科目:内科_循環器内科】青森県弘前市上鞘師町１７－３" }, "geometry": { "type": "Point", "coordinates": [ 140.471227, 40.604963 ] } },
{ "type": "Feature", "properties": { "ID": 220220000410, "正式名称": "福島耳鼻咽喉科", "機関区分": 2, "都道府県コード": 2, "市区町村コード": 202, "所在地": "青森県弘前市百石町４１番地", "緯度": 40.605074, "経度": 140.472561, "url": "https://www.iryou.teikyouseido.mhlw.go.jp/znk-web/juminkanja/S2430/initialize?prefCd=02&kikanCd=0220000410&kikanKbn=2", "url2": "http://www.fukushimaent.com", "内容": "福島耳鼻咽喉科【2:診療所】【診療科目:耳鼻いんこう科_アレルギー科】青森県弘前市百石町４１番地" }, "geometry": { "type": "Point", "coordinates": [ 140.472561, 40.605074 ] } },
{ "type": "Feature", "properties": { "ID": 220220000411, "正式名称": "藤盛医院", "機関区分": 2, "都道府県コード": 2, "市区町村コード": 202, "所在地": "青森県弘前市品川町２７－１", "緯度": 40.596685, "経度": 140.475227, "url": "https://www.iryou.teikyouseido.mhlw.go.jp/znk-web/juminkanja/S2430/initialize?prefCd=02&kikanCd=0220000411&kikanKbn=2", "url2": "http://www.fujiobgy.com", "内容": "藤盛医院【2:診療所】【診療科目:内科_小児科_産婦人科_婦人科】青森県弘前市品川町２７－１" }, "geometry": { "type": "Point", "coordinates": [ 140.475227, 40.596685 ] } },
{ "type": "Feature", "properties": { "ID": 220220000412, "正式名称": "婦人科さかもとともみクリニック", "機関区分": 2, "都道府県コード": 2, "市区町村コード": 202, "所在地": "青森県弘前市早稲田３丁目２０－６", "緯度": 40.598075, "経度": 140.510446, "url": "https://www.iryou.teikyouseido.mhlw.go.jp/znk-web/juminkanja/S2430/initialize?prefCd=02&kikanCd=0220000412&kikanKbn=2", "url2": "http://www.sakamoto-t-clinic.jp", "内容": "婦人科さかもとともみクリニック【2:診療所】【診療科目:産婦人科_婦人科_産婦人科（生殖医療）】青森県弘前市早稲田３丁目２０－６" }, "geometry": { "type": "Point", "coordinates": [ 140.510446, 40.598075 ] } },
{ "type": "Feature", "properties": { "ID": 220220000416, "正式名称": "松木皮膚科医院", "機関区分": 2, "都道府県コード": 2, "市区町村コード": 202, "所在地": "青森県弘前市松森町５３番地３", "緯度": 40.593658, "経度": 140.480394, "url": "https://www.iryou.teikyouseido.mhlw.go.jp/znk-web/juminkanja/S2430/initialize?prefCd=02&kikanCd=0220000416&kikanKbn=2", "url2": null, "内容": "松木皮膚科医院【2:診療所】【診療科目:皮膚科】青森県弘前市松森町５３番地３" }, "geometry": { "type": "Point", "coordinates": [ 140.480394, 40.593658 ] } },
{ "type": "Feature", "properties": { "ID": 220220000417, "正式名称": "松本眼科", "機関区分": 2, "都道府県コード": 2, "市区町村コード": 202, "所在地": "青森県弘前市三岳町２－３", "緯度": 40.579243, "経度": 140.475978, "url": "https://www.iryou.teikyouseido.mhlw.go.jp/znk-web/juminkanja/S2430/initialize?prefCd=02&kikanCd=0220000417&kikanKbn=2", "url2": null, "内容": "松本眼科【2:診療所】【診療科目:眼科】青森県弘前市三岳町２－３" }, "geometry": { "type": "Point", "coordinates": [ 140.475978, 40.579243 ] } },
{ "type": "Feature", "properties": { "ID": 220220000418, "正式名称": "満天クリニック", "機関区分": 2, "都道府県コード": 2, "市区町村コード": 202, "所在地": "青森県弘前市笹森町３７－２７", "緯度": 40.607656, "経度": 140.472727, "url": "https://www.iryou.teikyouseido.mhlw.go.jp/znk-web/juminkanja/S2430/initialize?prefCd=02&kikanCd=0220000418&kikanKbn=2", "url2": "https://mate-clinic-hirosaki.jimdofree.com", "内容": "満天クリニック【2:診療所】【診療科目:内科_糖尿病・内分泌内科_精神科_心療内科】青森県弘前市笹森町３７－２７" }, "geometry": { "type": "Point", "coordinates": [ 140.472727, 40.607656 ] } },
{ "type": "Feature", "properties": { "ID": 220220000421, "正式名称": "三上内科医院", "機関区分": 2, "都道府県コード": 2, "市区町村コード": 202, "所在地": "青森県弘前市北横町５７", "緯度": 40.608462, "経度": 140.478005, "url": "https://www.iryou.teikyouseido.mhlw.go.jp/znk-web/juminkanja/S2430/initialize?prefCd=02&kikanCd=0220000421&kikanKbn=2", "url2": null, "内容": "三上内科医院【2:診療所】【診療科目:内科_呼吸器内科_循環器内科_胃腸内科】青森県弘前市北横町５７" }, "geometry": { "type": "Point", "coordinates": [ 140.478005, 40.608462 ] } },
{ "type": "Feature", "properties": { "ID": 220220000422, "正式名称": "みくにや内科循環器科", "機関区分": 2, "都道府県コード": 2, "市区町村コード": 202, "所在地": "青森県弘前市笹森町２", "緯度": 40.60749, "経度": 140.472033, "url": "https://www.iryou.teikyouseido.mhlw.go.jp/znk-web/juminkanja/S2430/initialize?prefCd=02&kikanCd=0220000422&kikanKbn=2", "url2": null, "内容": "みくにや内科循環器科【2:診療所】【診療科目:内科_呼吸器内科_循環器内科_小児科_放射線科】青森県弘前市笹森町２" }, "geometry": { "type": "Point", "coordinates": [ 140.472033, 40.60749 ] } },
{ "type": "Feature", "properties": { "ID": 220220000423, "正式名称": "宮園耳鼻科クリニック", "機関区分": 2, "都道府県コード": 2, "市区町村コード": 202, "所在地": "青森県弘前市宮園５丁目３４－３", "緯度": 40.621044, "経度": 140.476754, "url": "https://www.iryou.teikyouseido.mhlw.go.jp/znk-web/juminkanja/S2430/initialize?prefCd=02&kikanCd=0220000423&kikanKbn=2", "url2": null, "内容": "宮園耳鼻科クリニック【2:診療所】【診療科目:耳鼻いんこう科】青森県弘前市宮園５丁目３４－３" }, "geometry": { "type": "Point", "coordinates": [ 140.476754, 40.621044 ] } },
{ "type": "Feature", "properties": { "ID": 220220000424, "正式名称": "むらなか小児科内科", "機関区分": 2, "都道府県コード": 2, "市区町村コード": 202, "所在地": "青森県弘前市早稲田２丁目７－２", "緯度": 40.603935, "経度": 140.511835, "url": "https://www.iryou.teikyouseido.mhlw.go.jp/znk-web/juminkanja/S2430/initialize?prefCd=02&kikanCd=0220000424&kikanKbn=2", "url2": "http://muranaka-clinic.com", "内容": "むらなか小児科内科【2:診療所】【診療科目:内科_神経内科_小児科】青森県弘前市早稲田２丁目７－２" }, "geometry": { "type": "Point", "coordinates": [ 140.511835, 40.603935 ] } },
{ "type": "Feature", "properties": { "ID": 220220000425, "正式名称": "恵こどもクリニック", "機関区分": 2, "都道府県コード": 2, "市区町村コード": 202, "所在地": "青森県弘前市宮川１丁目２－２", "緯度": 40.611268, "経度": 140.482337, "url": "https://www.iryou.teikyouseido.mhlw.go.jp/znk-web/juminkanja/S2430/initialize?prefCd=02&kikanCd=0220000425&kikanKbn=2", "url2": "http://www.megumi-kodomo.com", "内容": "恵こどもクリニック【2:診療所】【診療科目:内科_小児科_アレルギー科】青森県弘前市宮川１丁目２－２" }, "geometry": { "type": "Point", "coordinates": [ 140.482337, 40.611268 ] } },
{ "type": "Feature", "properties": { "ID": 220220000427, "正式名称": "やぎはし腎・泌尿器科医院", "機関区分": 2, "都道府県コード": 2, "市区町村コード": 202, "所在地": "青森県弘前市笹森町３９－１", "緯度": 40.607101, "経度": 140.474199, "url": "https://www.iryou.teikyouseido.mhlw.go.jp/znk-web/juminkanja/S2430/initialize?prefCd=02&kikanCd=0220000427&kikanKbn=2", "url2": "http://www.hirosaki.aomori.med.or.jp/kakaritsuke/p-hinyokika/n34_yagihashi_j_h_iin.htm", "内容": "やぎはし腎・泌尿器科医院【2:診療所】【診療科目:内科_外科_泌尿器科】青森県弘前市笹森町３９－１" }, "geometry": { "type": "Point", "coordinates": [ 140.474199, 40.607101 ] } },
{ "type": "Feature", "properties": { "ID": 220220000430, "正式名称": "山内整形外科", "機関区分": 2, "都道府県コード": 2, "市区町村コード": 202, "所在地": "青森県弘前市城東４－６－１７", "緯度": 40.594603, "経度": 140.492698, "url": "https://www.iryou.teikyouseido.mhlw.go.jp/znk-web/juminkanja/S2430/initialize?prefCd=02&kikanCd=0220000430&kikanKbn=2", "url2": "https://yamauchi-ortho.com/", "内容": "山内整形外科【2:診療所】【診療科目:整形外科_リハビリテーション科】青森県弘前市城東４－６－１７" }, "geometry": { "type": "Point", "coordinates": [ 140.492698, 40.594603 ] } },
{ "type": "Feature", "properties": { "ID": 220220000433, "正式名称": "よこやま整形外科", "機関区分": 2, "都道府県コード": 2, "市区町村コード": 202, "所在地": "青森県弘前市藤野２丁目６－９", "緯度": 40.62821, "経度": 140.46831, "url": "https://www.iryou.teikyouseido.mhlw.go.jp/znk-web/juminkanja/S2430/initialize?prefCd=02&kikanCd=0220000433&kikanKbn=2", "url2": null, "内容": "よこやま整形外科【2:診療所】【診療科目:整形外科_リハビリテーション科】青森県弘前市藤野２丁目６－９" }, "geometry": { "type": "Point", "coordinates": [ 140.46831, 40.62821 ] } },
{ "type": "Feature", "properties": { "ID": 220220000435, "正式名称": "医療法人　吉田耳鼻咽喉科医院　よしだ耳鼻科・小児科", "機関区分": 2, "都道府県コード": 2, "市区町村コード": 202, "所在地": "青森県弘前市中野２丁目１－１５", "緯度": 40.582659, "経度": 140.474312, "url": "https://www.iryou.teikyouseido.mhlw.go.jp/znk-web/juminkanja/S2430/initialize?prefCd=02&kikanCd=0220000435&kikanKbn=2", "url2": null, "内容": "医療法人　吉田耳鼻咽喉科医院　よしだ耳鼻科・小児科【2:診療所】【診療科目:小児科_耳鼻いんこう科_アレルギー科】青森県弘前市中野２丁目１－１５" }, "geometry": { "type": "Point", "coordinates": [ 140.474312, 40.582659 ] } },
{ "type": "Feature", "properties": { "ID": 220220000437, "正式名称": "代官町クリニック吉田眼科", "機関区分": 2, "都道府県コード": 2, "市区町村コード": 202, "所在地": "青森県弘前市代官町１０８", "緯度": 40.600582, "経度": 140.4783, "url": "https://www.iryou.teikyouseido.mhlw.go.jp/znk-web/juminkanja/S2430/initialize?prefCd=02&kikanCd=0220000437&kikanKbn=2", "url2": null, "内容": "代官町クリニック吉田眼科【2:診療所】【診療科目:眼科】青森県弘前市代官町１０８" }, "geometry": { "type": "Point", "coordinates": [ 140.4783, 40.600582 ] } },
{ "type": "Feature", "properties": { "ID": 220220000438, "正式名称": "医療法人　吉祥会　　吉田クリニック", "機関区分": 2, "都道府県コード": 2, "市区町村コード": 202, "所在地": "青森県弘前市百石町４９－１", "緯度": 40.605324, "経度": 140.473561, "url": "https://www.iryou.teikyouseido.mhlw.go.jp/znk-web/juminkanja/S2430/initialize?prefCd=02&kikanCd=0220000438&kikanKbn=2", "url2": null, "内容": "医療法人　吉祥会　　吉田クリニック【2:診療所】【診療科目:内科_胃腸内科_外科_肛門外科_皮膚科_アレルギー科】青森県弘前市百石町４９－１" }, "geometry": { "type": "Point", "coordinates": [ 140.473561, 40.605324 ] } },
{ "type": "Feature", "properties": { "ID": 220220000440, "正式名称": "一般社団法人　弘前市医師会　健診センター", "機関区分": 2, "都道府県コード": 2, "市区町村コード": 202, "所在地": "青森県弘前市野田２丁目７番地１", "緯度": 40.608684, "経度": 140.481476, "url": "https://www.iryou.teikyouseido.mhlw.go.jp/znk-web/juminkanja/S2430/initialize?prefCd=02&kikanCd=0220000440&kikanKbn=2", "url2": "http://www.hirosaki.aomori.med.or.jp/kenshin/", "内容": "一般社団法人　弘前市医師会　健診センター【2:診療所】【診療科目:内科】青森県弘前市野田２丁目７番地１" }, "geometry": { "type": "Point", "coordinates": [ 140.481476, 40.608684 ] } },
{ "type": "Feature", "properties": { "ID": 220220000441, "正式名称": "青森県赤十字血液センター　弘前出張所", "機関区分": 2, "都道府県コード": 2, "市区町村コード": 202, "所在地": "青森県弘前市駅前町８番地１　大町タウンビル２Ｆ　大町タウンビル２階", "緯度": 40.597658, "経度": 140.482561, "url": "https://www.iryou.teikyouseido.mhlw.go.jp/znk-web/juminkanja/S2430/initialize?prefCd=02&kikanCd=0220000441&kikanKbn=2", "url2": "https://www.bs.jrc.or.jp/th/aomori/index.html", "内容": "青森県赤十字血液センター　弘前出張所【2:診療所】【診療科目:血液・腫瘍内科】青森県弘前市駅前町８番地１　大町タウンビル２Ｆ　大町タウンビル２階" }, "geometry": { "type": "Point", "coordinates": [ 140.482561, 40.597658 ] } },
{ "type": "Feature", "properties": { "ID": 220220000450, "正式名称": "特別養護老人ホーム　福寿園", "機関区分": 2, "都道府県コード": 2, "市区町村コード": 202, "所在地": "青森県弘前市福村新舘添５０－８", "緯度": 40.606546, "経度": 140.516418, "url": "https://www.iryou.teikyouseido.mhlw.go.jp/znk-web/juminkanja/S2430/initialize?prefCd=02&kikanCd=0220000450&kikanKbn=2", "url2": null, "内容": "特別養護老人ホーム　福寿園【2:診療所】【診療科目:内科_放射線科】青森県弘前市福村新舘添５０－８" }, "geometry": { "type": "Point", "coordinates": [ 140.516418, 40.606546 ] } },
{ "type": "Feature", "properties": { "ID": 220220000464, "正式名称": "かきさか医院", "機関区分": 2, "都道府県コード": 2, "市区町村コード": 204, "所在地": "青森県黒石市寿町１６", "緯度": 40.649182, "経度": 140.600521, "url": "https://www.iryou.teikyouseido.mhlw.go.jp/znk-web/juminkanja/S2430/initialize?prefCd=02&kikanCd=0220000464&kikanKbn=2", "url2": null, "内容": "かきさか医院【2:診療所】【診療科目:内科_外科_皮膚科】青森県黒石市寿町１６" }, "geometry": { "type": "Point", "coordinates": [ 140.600521, 40.649182 ] } },
{ "type": "Feature", "properties": { "ID": 220220000465, "正式名称": "医療法人　兼平医院", "機関区分": 2, "都道府県コード": 2, "市区町村コード": 204, "所在地": "青森県黒石市市ノ町１８", "緯度": 40.641822, "経度": 140.594215, "url": "https://www.iryou.teikyouseido.mhlw.go.jp/znk-web/juminkanja/S2430/initialize?prefCd=02&kikanCd=0220000465&kikanKbn=2", "url2": null, "内容": "医療法人　兼平医院【2:診療所】【診療科目:内科_放射線科】青森県黒石市市ノ町１８" }, "geometry": { "type": "Point", "coordinates": [ 140.594215, 40.641822 ] } },
{ "type": "Feature", "properties": { "ID": 220220000470, "正式名称": "津軽保健生活協同組合　健生黒石診療所", "機関区分": 2, "都道府県コード": 2, "市区町村コード": 204, "所在地": "青森県黒石市ちとせ３－６", "緯度": 40.636711, "経度": 140.599743, "url": "https://www.iryou.teikyouseido.mhlw.go.jp/znk-web/juminkanja/S2430/initialize?prefCd=02&kikanCd=0220000470&kikanKbn=2", "url2": null, "内容": "津軽保健生活協同組合　健生黒石診療所【2:診療所】【診療科目:内科_呼吸器内科_循環器内科_消化器内科_胃腸内科_神経内科_小児科】青森県黒石市ちとせ３－６" }, "geometry": { "type": "Point", "coordinates": [ 140.599743, 40.636711 ] } },
{ "type": "Feature", "properties": { "ID": 220220000475, "正式名称": "たかはし内科循環器科クリニック", "機関区分": 2, "都道府県コード": 2, "市区町村コード": 204, "所在地": "青森県黒石市ぐみの木１－６７－１", "緯度": 40.648238, "経度": 140.596465, "url": "https://www.iryou.teikyouseido.mhlw.go.jp/znk-web/juminkanja/S2430/initialize?prefCd=02&kikanCd=0220000475&kikanKbn=2", "url2": null, "内容": "たかはし内科循環器科クリニック【2:診療所】【診療科目:内科_循環器内科】青森県黒石市ぐみの木１－６７－１" }, "geometry": { "type": "Point", "coordinates": [ 140.596465, 40.648238 ] } },
{ "type": "Feature", "properties": { "ID": 220220000476, "正式名称": "田村眼科", "機関区分": 2, "都道府県コード": 2, "市区町村コード": 204, "所在地": "青森県黒石市一番町１８３", "緯度": 40.648627, "経度": 140.593521, "url": "https://www.iryou.teikyouseido.mhlw.go.jp/znk-web/juminkanja/S2430/initialize?prefCd=02&kikanCd=0220000476&kikanKbn=2", "url2": "http://www.tamura.gr.jp", "内容": "田村眼科【2:診療所】【診療科目:眼科】青森県黒石市一番町１８３" }, "geometry": { "type": "Point", "coordinates": [ 140.593521, 40.648627 ] } },
{ "type": "Feature", "properties": { "ID": 220220000477, "正式名称": "はなぞの小児科クリニック", "機関区分": 2, "都道府県コード": 2, "市区町村コード": 204, "所在地": "青森県黒石市花園町６２－１", "緯度": 40.649627, "経度": 140.602631, "url": "https://www.iryou.teikyouseido.mhlw.go.jp/znk-web/juminkanja/S2430/initialize?prefCd=02&kikanCd=0220000477&kikanKbn=2", "url2": null, "内容": "はなぞの小児科クリニック【2:診療所】【診療科目:内科_小児科_皮膚科】青森県黒石市花園町６２－１" }, "geometry": { "type": "Point", "coordinates": [ 140.602631, 40.649627 ] } },
{ "type": "Feature", "properties": { "ID": 220220000480, "正式名称": "山谷胃腸科内科", "機関区分": 2, "都道府県コード": 2, "市区町村コード": 204, "所在地": "青森県黒石市温湯上川原７－１０", "緯度": 40.60666, "経度": 140.669795, "url": "https://www.iryou.teikyouseido.mhlw.go.jp/znk-web/juminkanja/S2430/initialize?prefCd=02&kikanCd=0220000480&kikanKbn=2", "url2": null, "内容": "山谷胃腸科内科【2:診療所】【診療科目:内科_呼吸器内科_循環器内科_胃腸内科_小児科】青森県黒石市温湯上川原７－１０" }, "geometry": { "type": "Point", "coordinates": [ 140.669795, 40.60666 ] } },
{ "type": "Feature", "properties": { "ID": 220220000487, "正式名称": "いとう外科内科クリニック", "機関区分": 2, "都道府県コード": 2, "市区町村コード": 210, "所在地": "青森県平川市尾上栄松１３２－６", "緯度": 40.618046, "経度": 140.580718, "url": "https://www.iryou.teikyouseido.mhlw.go.jp/znk-web/juminkanja/S2430/initialize?prefCd=02&kikanCd=0220000487&kikanKbn=2", "url2": "http://www.itogekanaika.dr-clinic.jp", "内容": "いとう外科内科クリニック【2:診療所】【診療科目:内科_外科】青森県平川市尾上栄松１３２－６" }, "geometry": { "type": "Point", "coordinates": [ 140.580718, 40.618046 ] } },
{ "type": "Feature", "properties": { "ID": 220220000497, "正式名称": "平川市国民健康保険　葛川診療所", "機関区分": 2, "都道府県コード": 2, "市区町村コード": 210, "所在地": "青森県平川市葛川田の沢口５番地１", "緯度": 40.526253, "経度": 140.721932, "url": "https://www.iryou.teikyouseido.mhlw.go.jp/znk-web/juminkanja/S2430/initialize?prefCd=02&kikanCd=0220000497&kikanKbn=2", "url2": null, "内容": "平川市国民健康保険　葛川診療所【2:診療所】【診療科目:内科】青森県平川市葛川田の沢口５番地１" }, "geometry": { "type": "Point", "coordinates": [ 140.721932, 40.526253 ] } },
{ "type": "Feature", "properties": { "ID": 220220000503, "正式名称": "せきばクリニック", "機関区分": 2, "都道府県コード": 2, "市区町村コード": 361, "所在地": "青森県南津軽郡藤崎町藤崎武元５－５", "緯度": 40.652541, "経度": 140.494418, "url": "https://www.iryou.teikyouseido.mhlw.go.jp/znk-web/juminkanja/S2430/initialize?prefCd=02&kikanCd=0220000503&kikanKbn=2", "url2": null, "内容": "せきばクリニック【2:診療所】【診療科目:内科_小児科】青森県南津軽郡藤崎町藤崎武元５－５" }, "geometry": { "type": "Point", "coordinates": [ 140.494418, 40.652541 ] } },
{ "type": "Feature", "properties": { "ID": 220220000504, "正式名称": "樽沢医院", "機関区分": 2, "都道府県コード": 2, "市区町村コード": 361, "所在地": "青森県南津軽郡藤崎町葛野前田６１－１３", "緯度": 40.657485, "経度": 140.499529, "url": "https://www.iryou.teikyouseido.mhlw.go.jp/znk-web/juminkanja/S2430/initialize?prefCd=02&kikanCd=0220000504&kikanKbn=2", "url2": null, "内容": "樽沢医院【2:診療所】【診療科目:内科_小児科_放射線科】青森県南津軽郡藤崎町葛野前田６１－１３" }, "geometry": { "type": "Point", "coordinates": [ 140.499529, 40.657485 ] } },
{ "type": "Feature", "properties": { "ID": 220220000507, "正式名称": "医療法人　博仁会　福井診療所", "機関区分": 2, "都道府県コード": 2, "市区町村コード": 361, "所在地": "青森県南津軽郡藤崎町藤崎村元７７－１", "緯度": 40.653375, "経度": 140.492001, "url": "https://www.iryou.teikyouseido.mhlw.go.jp/znk-web/juminkanja/S2430/initialize?prefCd=02&kikanCd=0220000507&kikanKbn=2", "url2": null, "内容": "医療法人　博仁会　福井診療所【2:診療所】【診療科目:内科_形成外科_皮膚科】青森県南津軽郡藤崎町藤崎村元７７－１" }, "geometry": { "type": "Point", "coordinates": [ 140.492001, 40.653375 ] } },
{ "type": "Feature", "properties": { "ID": 220220000513, "正式名称": "おおわに内科クリニック", "機関区分": 2, "都道府県コード": 2, "市区町村コード": 362, "所在地": "青森県南津軽郡大鰐町大鰐大鰐１０５－６", "緯度": 40.520584, "経度": 140.572557, "url": "https://www.iryou.teikyouseido.mhlw.go.jp/znk-web/juminkanja/S2430/initialize?prefCd=02&kikanCd=0220000513&kikanKbn=2", "url2": null, "内容": "おおわに内科クリニック【2:診療所】【診療科目:内科_糖尿病・代謝内科_呼吸器内科_循環器内科_消化器内科_胃腸内科_皮膚科】青森県南津軽郡大鰐町大鰐大鰐１０５－６" }, "geometry": { "type": "Point", "coordinates": [ 140.572557, 40.520584 ] } },
{ "type": "Feature", "properties": { "ID": 220220000520, "正式名称": "津軽三育医院", "機関区分": 2, "都道府県コード": 2, "市区町村コード": 367, "所在地": "青森県南津軽郡田舎館村川部上西田１３０番地１２", "緯度": 40.647098, "経度": 140.517472, "url": "https://www.iryou.teikyouseido.mhlw.go.jp/znk-web/juminkanja/S2430/initialize?prefCd=02&kikanCd=0220000520&kikanKbn=2", "url2": "http://www.myclinic.ne.jp/3iku_clinic/pc/", "内容": "津軽三育医院【2:診療所】【診療科目:内科_外科_整形外科_小児科_婦人科_皮膚科_放射線科】青森県南津軽郡田舎館村川部上西田１３０番地１２" }, "geometry": { "type": "Point", "coordinates": [ 140.517472, 40.647098 ] } },
{ "type": "Feature", "properties": { "ID": 220220000522, "正式名称": "田中外科内科医院", "機関区分": 2, "都道府県コード": 2, "市区町村コード": 381, "所在地": "青森県北津軽郡板柳町板柳土井２００", "緯度": 40.698119, "経度": 140.455058, "url": "https://www.iryou.teikyouseido.mhlw.go.jp/znk-web/juminkanja/S2430/initialize?prefCd=02&kikanCd=0220000522&kikanKbn=2", "url2": "http://www.citydo.com/sp/0172-73-2525", "内容": "田中外科内科医院【2:診療所】【診療科目:内科_循環器内科_胃腸内科_外科_肛門外科_皮膚科_リハビリテーション科】青森県北津軽郡板柳町板柳土井２００" }, "geometry": { "type": "Point", "coordinates": [ 140.455058, 40.698119 ] } },
{ "type": "Feature", "properties": { "ID": 220220000523, "正式名称": "野宮医院", "機関区分": 2, "都道府県コード": 2, "市区町村コード": 381, "所在地": "青森県北津軽郡板柳町板柳土井３０２", "緯度": 40.696755, "経度": 140.45648, "url": "https://www.iryou.teikyouseido.mhlw.go.jp/znk-web/juminkanja/S2430/initialize?prefCd=02&kikanCd=0220000523&kikanKbn=2", "url2": null, "内容": "野宮医院【2:診療所】【診療科目:内科_消化器内科_小児科】青森県北津軽郡板柳町板柳土井３０２" }, "geometry": { "type": "Point", "coordinates": [ 140.45648, 40.696755 ] } },
{ "type": "Feature", "properties": { "ID": 220220000524, "正式名称": "まちだ内科眼科クリニックいたやなぎ", "機関区分": 2, "都道府県コード": 2, "市区町村コード": 381, "所在地": "青森県北津軽郡板柳町福野田実田４４－１", "緯度": 40.697091, "経度": 140.46003, "url": "https://www.iryou.teikyouseido.mhlw.go.jp/znk-web/juminkanja/S2430/initialize?prefCd=02&kikanCd=0220000524&kikanKbn=2", "url2": null, "内容": "まちだ内科眼科クリニックいたやなぎ【2:診療所】【診療科目:内科_眼科】青森県北津軽郡板柳町福野田実田４４－１" }, "geometry": { "type": "Point", "coordinates": [ 140.46003, 40.697091 ] } },
{ "type": "Feature", "properties": { "ID": 220220000525, "正式名称": "渡部胃腸科内科", "機関区分": 2, "都道府県コード": 2, "市区町村コード": 381, "所在地": "青森県北津軽郡板柳町福野田実田７２番地１３", "緯度": 40.698285, "経度": 140.459891, "url": "https://www.iryou.teikyouseido.mhlw.go.jp/znk-web/juminkanja/S2430/initialize?prefCd=02&kikanCd=0220000525&kikanKbn=2", "url2": "http://www.watanobe-ichokanaika.com/", "内容": "渡部胃腸科内科【2:診療所】【診療科目:内科_呼吸器内科_循環器内科_消化器内科_胃腸内科_小児科】青森県北津軽郡板柳町福野田実田７２番地１３" }, "geometry": { "type": "Point", "coordinates": [ 140.459891, 40.698285 ] } },
{ "type": "Feature", "properties": { "ID": 220220000531, "正式名称": "青い森腎クリニック", "機関区分": 2, "都道府県コード": 2, "市区町村コード": 203, "所在地": "青森県八戸市長苗代上碇田４９－１", "緯度": 40.513961, "経度": 141.436735, "url": "https://www.iryou.teikyouseido.mhlw.go.jp/znk-web/juminkanja/S2430/initialize?prefCd=02&kikanCd=0220000531&kikanKbn=2", "url2": null, "内容": "青い森腎クリニック【2:診療所】【診療科目:内科_泌尿器科】青森県八戸市長苗代上碇田４９－１" }, "geometry": { "type": "Point", "coordinates": [ 141.436735, 40.513961 ] } },
{ "type": "Feature", "properties": { "ID": 220220000535, "正式名称": "医療法人浅水眼科　馬場町眼科クリニック", "機関区分": 2, "都道府県コード": 2, "市区町村コード": 203, "所在地": "青森県八戸市馬場町２番地", "緯度": 40.510879, "経度": 141.487342, "url": "https://www.iryou.teikyouseido.mhlw.go.jp/znk-web/juminkanja/S2430/initialize?prefCd=02&kikanCd=0220000535&kikanKbn=2", "url2": "http://www.babacho-ganka-clinic.com", "内容": "医療法人浅水眼科　馬場町眼科クリニック【2:診療所】【診療科目:眼科】青森県八戸市馬場町２番地" }, "geometry": { "type": "Point", "coordinates": [ 141.487342, 40.510879 ] } },
{ "type": "Feature", "properties": { "ID": 220220000536, "正式名称": "安達内科クリニック", "機関区分": 2, "都道府県コード": 2, "市区町村コード": 203, "所在地": "青森県八戸市馬場町１－７", "緯度": 40.510379, "経度": 141.486869, "url": "https://www.iryou.teikyouseido.mhlw.go.jp/znk-web/juminkanja/S2430/initialize?prefCd=02&kikanCd=0220000536&kikanKbn=2", "url2": null, "内容": "安達内科クリニック【2:診療所】【診療科目:内科_呼吸器内科_循環器内科_胃腸内科】青森県八戸市馬場町１－７" }, "geometry": { "type": "Point", "coordinates": [ 141.486869, 40.510379 ] } },
{ "type": "Feature", "properties": { "ID": 220220000537, "正式名称": "ＡＢＥビルクリニック", "機関区分": 2, "都道府県コード": 2, "市区町村コード": 203, "所在地": "青森県八戸市本徒士町１０－２", "緯度": 40.508602, "経度": 141.487036, "url": "https://www.iryou.teikyouseido.mhlw.go.jp/znk-web/juminkanja/S2430/initialize?prefCd=02&kikanCd=0220000537&kikanKbn=2", "url2": null, "内容": "ＡＢＥビルクリニック【2:診療所】【診療科目:内科_糖尿病・内分泌内科_消化器内科】青森県八戸市本徒士町１０－２" }, "geometry": { "type": "Point", "coordinates": [ 141.487036, 40.508602 ] } },
{ "type": "Feature", "properties": { "ID": 220220000539, "正式名称": "あらい整形外科リハビリテーションクリニック", "機関区分": 2, "都道府県コード": 2, "市区町村コード": 203, "所在地": "青森県八戸市柏崎５－５－１７", "緯度": 40.517684, "経度": 141.504563, "url": "https://www.iryou.teikyouseido.mhlw.go.jp/znk-web/juminkanja/S2430/initialize?prefCd=02&kikanCd=0220000539&kikanKbn=2", "url2": null, "内容": "あらい整形外科リハビリテーションクリニック【2:診療所】【診療科目:整形外科_リハビリテーション科】青森県八戸市柏崎５－５－１７" }, "geometry": { "type": "Point", "coordinates": [ 141.504563, 40.517684 ] } },
{ "type": "Feature", "properties": { "ID": 220220000542, "正式名称": "医療法人一松堂医院　はるクリニック", "機関区分": 2, "都道府県コード": 2, "市区町村コード": 203, "所在地": "青森県八戸市朔日町３７", "緯度": 40.510019, "経度": 141.493453, "url": "https://www.iryou.teikyouseido.mhlw.go.jp/znk-web/juminkanja/S2430/initialize?prefCd=02&kikanCd=0220000542&kikanKbn=2", "url2": "http://isshoudou.net", "内容": "医療法人一松堂医院　はるクリニック【2:診療所】【診療科目:内科】青森県八戸市朔日町３７" }, "geometry": { "type": "Point", "coordinates": [ 141.493453, 40.510019 ] } },
{ "type": "Feature", "properties": { "ID": 220220000543, "正式名称": "薄場皮膚科医院", "機関区分": 2, "都道府県コード": 2, "市区町村コード": 203, "所在地": "青森県八戸市柏崎二丁目６－３", "緯度": 40.512268, "経度": 141.497535, "url": "https://www.iryou.teikyouseido.mhlw.go.jp/znk-web/juminkanja/S2430/initialize?prefCd=02&kikanCd=0220000543&kikanKbn=2", "url2": null, "内容": "薄場皮膚科医院【2:診療所】【診療科目:皮膚科】青森県八戸市柏崎二丁目６－３" }, "geometry": { "type": "Point", "coordinates": [ 141.497535, 40.512268 ] } },
{ "type": "Feature", "properties": { "ID": 220220000547, "正式名称": "大里脳神経リハビリテーションクリニック", "機関区分": 2, "都道府県コード": 2, "市区町村コード": 203, "所在地": "青森県八戸市新井田西３丁目１５－１５", "緯度": 40.496825, "経度": 141.517451, "url": "https://www.iryou.teikyouseido.mhlw.go.jp/znk-web/juminkanja/S2430/initialize?prefCd=02&kikanCd=0220000547&kikanKbn=2", "url2": "http://www6.ocn.ne.jp/~ohsato/", "内容": "大里脳神経リハビリテーションクリニック【2:診療所】【診療科目:内科_神経内科_脳神経外科_リハビリテーション科】青森県八戸市新井田西３丁目１５－１５" }, "geometry": { "type": "Point", "coordinates": [ 141.517451, 40.496825 ] } },
{ "type": "Feature", "properties": { "ID": 220220000548, "正式名称": "大島眼科", "機関区分": 2, "都道府県コード": 2, "市区町村コード": 203, "所在地": "青森県八戸市根城四丁目２０番１号", "緯度": 40.507435, "経度": 141.476509, "url": "https://www.iryou.teikyouseido.mhlw.go.jp/znk-web/juminkanja/S2430/initialize?prefCd=02&kikanCd=0220000548&kikanKbn=2", "url2": null, "内容": "大島眼科【2:診療所】【診療科目:眼科】青森県八戸市根城四丁目２０番１号" }, "geometry": { "type": "Point", "coordinates": [ 141.476509, 40.507435 ] } },
{ "type": "Feature", "properties": { "ID": 220220000550, "正式名称": "荻生内科医院", "機関区分": 2, "都道府県コード": 2, "市区町村コード": 203, "所在地": "青森県八戸市売市２－１１－１２", "緯度": 40.508407, "経度": 141.473233, "url": "https://www.iryou.teikyouseido.mhlw.go.jp/znk-web/juminkanja/S2430/initialize?prefCd=02&kikanCd=0220000550&kikanKbn=2", "url2": null, "内容": "荻生内科医院【2:診療所】【診療科目:内科_呼吸器内科_循環器内科_胃腸内科】青森県八戸市売市２－１１－１２" }, "geometry": { "type": "Point", "coordinates": [ 141.473233, 40.508407 ] } },
{ "type": "Feature", "properties": { "ID": 220220000551, "正式名称": "医療法人おくでら整形外科クリニック", "機関区分": 2, "都道府県コード": 2, "市区町村コード": 203, "所在地": "青森県八戸市一番町一丁目３－２４", "緯度": 40.50999, "経度": 141.433819, "url": "https://www.iryou.teikyouseido.mhlw.go.jp/znk-web/juminkanja/S2430/initialize?prefCd=02&kikanCd=0220000551&kikanKbn=2", "url2": null, "内容": "医療法人おくでら整形外科クリニック【2:診療所】【診療科目:整形外科_リハビリテーション科】青森県八戸市一番町一丁目３－２４" }, "geometry": { "type": "Point", "coordinates": [ 141.433819, 40.50999 ] } },
{ "type": "Feature", "properties": { "ID": 220220000555, "正式名称": "春日井内科消化器内科クリニック", "機関区分": 2, "都道府県コード": 2, "市区町村コード": 203, "所在地": "青森県八戸市小中野四丁目５番１６号", "緯度": 40.519629, "経度": 141.512395, "url": "https://www.iryou.teikyouseido.mhlw.go.jp/znk-web/juminkanja/S2430/initialize?prefCd=02&kikanCd=0220000555&kikanKbn=2", "url2": "kasugai-cl.jp", "内容": "春日井内科消化器内科クリニック【2:診療所】【診療科目:内科_消化器内科】青森県八戸市小中野四丁目５番１６号" }, "geometry": { "type": "Point", "coordinates": [ 141.512395, 40.519629 ] } },
{ "type": "Feature", "properties": { "ID": 220220000558, "正式名称": "かねた耳鼻科医院", "機関区分": 2, "都道府県コード": 2, "市区町村コード": 203, "所在地": "青森県八戸市本鍛冶町１－５", "緯度": 40.506297, "経度": 141.486037, "url": "https://www.iryou.teikyouseido.mhlw.go.jp/znk-web/juminkanja/S2430/initialize?prefCd=02&kikanCd=0220000558&kikanKbn=2", "url2": null, "内容": "かねた耳鼻科医院【2:診療所】【診療科目:耳鼻いんこう科】青森県八戸市本鍛冶町１－５" }, "geometry": { "type": "Point", "coordinates": [ 141.486037, 40.506297 ] } },
{ "type": "Feature", "properties": { "ID": 220220000562, "正式名称": "川守田外科胃腸科", "機関区分": 2, "都道府県コード": 2, "市区町村コード": 445, "所在地": "青森県三戸郡南部町剣吉堰合１３－２", "緯度": 40.447606, "経度": 141.346468, "url": "https://www.iryou.teikyouseido.mhlw.go.jp/znk-web/juminkanja/S2430/initialize?prefCd=02&kikanCd=0220000562&kikanKbn=2", "url2": null, "内容": "川守田外科胃腸科【2:診療所】【診療科目:内科_胃腸内科_外科_小児科_皮膚科】青森県三戸郡南部町剣吉堰合１３－２" }, "geometry": { "type": "Point", "coordinates": [ 141.346468, 40.447606 ] } },
{ "type": "Feature", "properties": { "ID": 220220000563, "正式名称": "ちょうじゃの森内科クリニック", "機関区分": 2, "都道府県コード": 2, "市区町村コード": 203, "所在地": "青森県八戸市糠塚下道７－３２", "緯度": 40.505769, "経度": 141.487981, "url": "https://www.iryou.teikyouseido.mhlw.go.jp/znk-web/juminkanja/S2430/initialize?prefCd=02&kikanCd=0220000563&kikanKbn=2", "url2": "http://www.choujanomori-naika.com/", "内容": "ちょうじゃの森内科クリニック【2:診療所】【診療科目:内科_循環器内科_消化器内科】青森県八戸市糠塚下道７－３２" }, "geometry": { "type": "Point", "coordinates": [ 141.487981, 40.505769 ] } },
{ "type": "Feature", "properties": { "ID": 220220000565, "正式名称": "きく皮膚科", "機関区分": 2, "都道府県コード": 2, "市区町村コード": 203, "所在地": "青森県八戸市日計一丁目２番５１号", "緯度": 40.54007, "経度": 141.476064, "url": "https://www.iryou.teikyouseido.mhlw.go.jp/znk-web/juminkanja/S2430/initialize?prefCd=02&kikanCd=0220000565&kikanKbn=2", "url2": "https://www.hachinohe.jp/byouinch/8city_hospital/802/", "内容": "きく皮膚科【2:診療所】【診療科目:皮膚科】青森県八戸市日計一丁目２番５１号" }, "geometry": { "type": "Point", "coordinates": [ 141.476064, 40.54007 ] } },
{ "type": "Feature", "properties": { "ID": 220220000566, "正式名称": "医療法人　北村皮膚科", "機関区分": 2, "都道府県コード": 2, "市区町村コード": 203, "所在地": "青森県八戸市根城１丁目１４－１５", "緯度": 40.506685, "経度": 141.48037, "url": "https://www.iryou.teikyouseido.mhlw.go.jp/znk-web/juminkanja/S2430/initialize?prefCd=02&kikanCd=0220000566&kikanKbn=2", "url2": "https://www.kitamurahifuka-cl.com/", "内容": "医療法人　北村皮膚科【2:診療所】【診療科目:皮膚科_美容皮膚科_小児皮膚科_アレルギー科】青森県八戸市根城１丁目１４－１５" }, "geometry": { "type": "Point", "coordinates": [ 141.48037, 40.506685 ] } },
{ "type": "Feature", "properties": { "ID": 220220000567, "正式名称": "北村耳鼻咽喉科", "機関区分": 2, "都道府県コード": 2, "市区町村コード": 203, "所在地": "青森県八戸市小中野３－１－３０", "緯度": 40.517129, "経度": 141.509895, "url": "https://www.iryou.teikyouseido.mhlw.go.jp/znk-web/juminkanja/S2430/initialize?prefCd=02&kikanCd=0220000567&kikanKbn=2", "url2": null, "内容": "北村耳鼻咽喉科【2:診療所】【診療科目:耳鼻いんこう科】青森県八戸市小中野３－１－３０" }, "geometry": { "type": "Point", "coordinates": [ 141.509895, 40.517129 ] } },
{ "type": "Feature", "properties": { "ID": 220220000568, "正式名称": "きどクリニック", "機関区分": 2, "都道府県コード": 2, "市区町村コード": 203, "所在地": "青森県八戸市田向５丁目２２－１", "緯度": 40.521073, "経度": 141.545281, "url": "https://www.iryou.teikyouseido.mhlw.go.jp/znk-web/juminkanja/S2430/initialize?prefCd=02&kikanCd=0220000568&kikanKbn=2", "url2": null, "内容": "きどクリニック【2:診療所】【診療科目:内科_泌尿器科】青森県八戸市田向５丁目２２－１" }, "geometry": { "type": "Point", "coordinates": [ 141.545281, 40.521073 ] } },
{ "type": "Feature", "properties": { "ID": 220220000569, "正式名称": "きむらクリニック", "機関区分": 2, "都道府県コード": 2, "市区町村コード": 203, "所在地": "青森県八戸市是川４丁目２番地３", "緯度": 40.468245, "経度": 141.499315, "url": "https://www.iryou.teikyouseido.mhlw.go.jp/znk-web/juminkanja/S2430/initialize?prefCd=02&kikanCd=0220000569&kikanKbn=2", "url2": null, "内容": "きむらクリニック【2:診療所】【診療科目:内科_外科_皮膚科_リハビリテーション科】青森県八戸市是川４丁目２番地３" }, "geometry": { "type": "Point", "coordinates": [ 141.499315, 40.468245 ] } },
{ "type": "Feature", "properties": { "ID": 220220000570, "正式名称": "きよかわ内科胃・大腸クリニック", "機関区分": 2, "都道府県コード": 2, "市区町村コード": 203, "所在地": "青森県八戸市柏崎四丁目１５－４１", "緯度": 40.514184, "経度": 141.500285, "url": "https://www.iryou.teikyouseido.mhlw.go.jp/znk-web/juminkanja/S2430/initialize?prefCd=02&kikanCd=0220000570&kikanKbn=2", "url2": "https://www.kiyokawa-clinic.com/", "内容": "きよかわ内科胃・大腸クリニック【2:診療所】【診療科目:内科_消化器内科_胃腸内科】青森県八戸市柏崎四丁目１５－４１" }, "geometry": { "type": "Point", "coordinates": [ 141.500285, 40.514184 ] } },
{ "type": "Feature", "properties": { "ID": 220220000572, "正式名称": "くば小児科クリニック", "機関区分": 2, "都道府県コード": 2, "市区町村コード": 203, "所在地": "青森県八戸市湊高台１－１２－２６", "緯度": 40.505798, "経度": 141.535339, "url": "https://www.iryou.teikyouseido.mhlw.go.jp/znk-web/juminkanja/S2430/initialize?prefCd=02&kikanCd=0220000572&kikanKbn=2", "url2": "http://www.kuba.gr.jp/", "内容": "くば小児科クリニック【2:診療所】【診療科目:小児科】青森県八戸市湊高台１－１２－２６" }, "geometry": { "type": "Point", "coordinates": [ 141.535339, 40.505798 ] } },
{ "type": "Feature", "properties": { "ID": 220220000573, "正式名称": "熊谷眼科・形成外科医院", "機関区分": 2, "都道府県コード": 2, "市区町村コード": 203, "所在地": "青森県八戸市小中野４－１－５３", "緯度": 40.519768, "経度": 141.508284, "url": "https://www.iryou.teikyouseido.mhlw.go.jp/znk-web/juminkanja/S2430/initialize?prefCd=02&kikanCd=0220000573&kikanKbn=2", "url2": null, "内容": "熊谷眼科・形成外科医院【2:診療所】【診療科目:形成外科_眼科】青森県八戸市小中野４－１－５３" }, "geometry": { "type": "Point", "coordinates": [ 141.508284, 40.519768 ] } },
{ "type": "Feature", "properties": { "ID": 220220000574, "正式名称": "倉本クリニック　産科・婦人科", "機関区分": 2, "都道府県コード": 2, "市区町村コード": 203, "所在地": "青森県八戸市廿六日町３　八青パーキングビル１Ｆ", "緯度": 40.507685, "経度": 141.488481, "url": "https://www.iryou.teikyouseido.mhlw.go.jp/znk-web/juminkanja/S2430/initialize?prefCd=02&kikanCd=0220000574&kikanKbn=2", "url2": null, "内容": "倉本クリニック　産科・婦人科【2:診療所】【診療科目:産婦人科】青森県八戸市廿六日町３　八青パーキングビル１Ｆ" }, "geometry": { "type": "Point", "coordinates": [ 141.488481, 40.507685 ] } },
{ "type": "Feature", "properties": { "ID": 220220000575, "正式名称": "柏崎メディカルクリニック", "機関区分": 2, "都道府県コード": 2, "市区町村コード": 203, "所在地": "青森県八戸市柏崎３丁目７－１８", "緯度": 40.512323, "経度": 141.503674, "url": "https://www.iryou.teikyouseido.mhlw.go.jp/znk-web/juminkanja/S2430/initialize?prefCd=02&kikanCd=0220000575&kikanKbn=2", "url2": "https://www.k-medical.jp/", "内容": "柏崎メディカルクリニック【2:診療所】【診療科目:内科_消化器内科_胃腸内科_肝臓内科_外科_乳腺外科_肛門外科_婦人科】青森県八戸市柏崎３丁目７－１８" }, "geometry": { "type": "Point", "coordinates": [ 141.503674, 40.512323 ] } },
{ "type": "Feature", "properties": { "ID": 220220000579, "正式名称": "こおり耳鼻科クリニック", "機関区分": 2, "都道府県コード": 2, "市区町村コード": 412, "所在地": "青森県上北郡おいらせ町緑ケ丘１－５０－２０８０", "緯度": 40.665805, "経度": 141.366428, "url": "https://www.iryou.teikyouseido.mhlw.go.jp/znk-web/juminkanja/S2430/initialize?prefCd=02&kikanCd=0220000579&kikanKbn=2", "url2": null, "内容": "こおり耳鼻科クリニック【2:診療所】【診療科目:耳鼻いんこう科】青森県上北郡おいらせ町緑ケ丘１－５０－２０８０" }, "geometry": { "type": "Point", "coordinates": [ 141.366428, 40.665805 ] } },
{ "type": "Feature", "properties": { "ID": 220220000583, "正式名称": "五戸町健診センター", "機関区分": 2, "都道府県コード": 2, "市区町村コード": 442, "所在地": "青森県三戸郡五戸町沢向１８－２", "緯度": 40.521764, "経度": 141.306551, "url": "https://www.iryou.teikyouseido.mhlw.go.jp/znk-web/juminkanja/S2430/initialize?prefCd=02&kikanCd=0220000583&kikanKbn=2", "url2": "http://www.town.gonohe.aomori.jp", "内容": "五戸町健診センター【2:診療所】【診療科目:内科_外科_整形外科_小児科_婦人科_眼科】青森県三戸郡五戸町沢向１８－２" }, "geometry": { "type": "Point", "coordinates": [ 141.306551, 40.521764 ] } },
{ "type": "Feature", "properties": { "ID": 220220000586, "正式名称": "こんの医院", "機関区分": 2, "都道府県コード": 2, "市区町村コード": 412, "所在地": "青森県上北郡おいらせ町中野平４０－１　イオンモール下田内", "緯度": 40.602146, "経度": 141.417816, "url": "https://www.iryou.teikyouseido.mhlw.go.jp/znk-web/juminkanja/S2430/initialize?prefCd=02&kikanCd=0220000586&kikanKbn=2", "url2": null, "内容": "こんの医院【2:診療所】【診療科目:内科】青森県上北郡おいらせ町中野平４０－１　イオンモール下田内" }, "geometry": { "type": "Point", "coordinates": [ 141.417816, 40.602146 ] } },
{ "type": "Feature", "properties": { "ID": 220220000588, "正式名称": "境皮膚科医院", "機関区分": 2, "都道府県コード": 2, "市区町村コード": 203, "所在地": "青森県八戸市売市２丁目３－９", "緯度": 40.508073, "経度": 141.475454, "url": "https://www.iryou.teikyouseido.mhlw.go.jp/znk-web/juminkanja/S2430/initialize?prefCd=02&kikanCd=0220000588&kikanKbn=2", "url2": null, "内容": "境皮膚科医院【2:診療所】【診療科目:皮膚科】青森県八戸市売市２丁目３－９" }, "geometry": { "type": "Point", "coordinates": [ 141.475454, 40.508073 ] } },
{ "type": "Feature", "properties": { "ID": 220220000591, "正式名称": "ささクリニック", "機関区分": 2, "都道府県コード": 2, "市区町村コード": 203, "所在地": "青森県八戸市田向１丁目６－７", "緯度": 40.496659, "経度": 141.508813, "url": "https://www.iryou.teikyouseido.mhlw.go.jp/znk-web/juminkanja/S2430/initialize?prefCd=02&kikanCd=0220000591&kikanKbn=2", "url2": "http://sasaclinic.com", "内容": "ささクリニック【2:診療所】【診療科目:内科_精神科_心療内科】青森県八戸市田向１丁目６－７" }, "geometry": { "type": "Point", "coordinates": [ 141.508813, 40.496659 ] } },
{ "type": "Feature", "properties": { "ID": 220220000592, "正式名称": "医療法人　さしなみ小児クリニック", "機関区分": 2, "都道府県コード": 2, "市区町村コード": 203, "所在地": "青森県八戸市南類家３－２－１８", "緯度": 40.502048, "経度": 141.509035, "url": "https://www.iryou.teikyouseido.mhlw.go.jp/znk-web/juminkanja/S2430/initialize?prefCd=02&kikanCd=0220000592&kikanKbn=2", "url2": null, "内容": "医療法人　さしなみ小児クリニック【2:診療所】【診療科目:小児科】青森県八戸市南類家３－２－１８" }, "geometry": { "type": "Point", "coordinates": [ 141.509035, 40.502048 ] } },
{ "type": "Feature", "properties": { "ID": 220220000594, "正式名称": "三条クリニック", "機関区分": 2, "都道府県コード": 2, "市区町村コード": 203, "所在地": "青森県八戸市尻内町直田８１", "緯度": 40.516989, "経度": 141.425652, "url": "https://www.iryou.teikyouseido.mhlw.go.jp/znk-web/juminkanja/S2430/initialize?prefCd=02&kikanCd=0220000594&kikanKbn=2", "url2": null, "内容": "三条クリニック【2:診療所】【診療科目:内科_消化器内科】青森県八戸市尻内町直田８１" }, "geometry": { "type": "Point", "coordinates": [ 141.425652, 40.516989 ] } },
{ "type": "Feature", "properties": { "ID": 220220000597, "正式名称": "嶋田医院", "機関区分": 2, "都道府県コード": 2, "市区町村コード": 203, "所在地": "青森県八戸市鮫町持越沢２５－１", "緯度": 40.531183, "経度": 141.556502, "url": "https://www.iryou.teikyouseido.mhlw.go.jp/znk-web/juminkanja/S2430/initialize?prefCd=02&kikanCd=0220000597&kikanKbn=2", "url2": null, "内容": "嶋田医院【2:診療所】【診療科目:内科】青森県八戸市鮫町持越沢２５－１" }, "geometry": { "type": "Point", "coordinates": [ 141.556502, 40.531183 ] } },
{ "type": "Feature", "properties": { "ID": 220220000600, "正式名称": "下長内科クリニック", "機関区分": 2, "都道府県コード": 2, "市区町村コード": 203, "所在地": "青森県八戸市下長３－２１－１９", "緯度": 40.538543, "経度": 141.472897, "url": "https://www.iryou.teikyouseido.mhlw.go.jp/znk-web/juminkanja/S2430/initialize?prefCd=02&kikanCd=0220000600&kikanKbn=2", "url2": null, "内容": "下長内科クリニック【2:診療所】【診療科目:内科_消化器内科_神経内科_漢方内科_皮膚科】青森県八戸市下長３－２１－１９" }, "geometry": { "type": "Point", "coordinates": [ 141.472897, 40.538543 ] } },
{ "type": "Feature", "properties": { "ID": 220220000602, "正式名称": "新郷村国民健康保険診療所", "機関区分": 2, "都道府県コード": 2, "市区町村コード": 450, "所在地": "青森県三戸郡新郷村戸来字中野平１７－１", "緯度": 40.448573, "経度": 141.064991, "url": "https://www.iryou.teikyouseido.mhlw.go.jp/znk-web/juminkanja/S2430/initialize?prefCd=02&kikanCd=0220000602&kikanKbn=2", "url2": null, "内容": "新郷村国民健康保険診療所【2:診療所】【診療科目:内科_循環器内科】青森県三戸郡新郷村戸来字中野平１７－１" }, "geometry": { "type": "Point", "coordinates": [ 141.064991, 40.448573 ] } },
{ "type": "Feature", "properties": { "ID": 220220000604, "正式名称": "洲崎耳鼻咽喉科医院", "機関区分": 2, "都道府県コード": 2, "市区町村コード": 203, "所在地": "青森県八戸市内丸３－２－８", "緯度": 40.513073, "経度": 141.491175, "url": "https://www.iryou.teikyouseido.mhlw.go.jp/znk-web/juminkanja/S2430/initialize?prefCd=02&kikanCd=0220000604&kikanKbn=2", "url2": null, "内容": "洲崎耳鼻咽喉科医院【2:診療所】【診療科目:耳鼻いんこう科_頭頸部・耳鼻いんこう科】青森県八戸市内丸３－２－８" }, "geometry": { "type": "Point", "coordinates": [ 141.491175, 40.513073 ] } },
{ "type": "Feature", "properties": { "ID": 220220000605, "正式名称": "鈴木内科医院", "機関区分": 2, "都道府県コード": 2, "市区町村コード": 203, "所在地": "青森県八戸市尻内町八百刈２６－３", "緯度": 40.508462, "経度": 141.437707, "url": "https://www.iryou.teikyouseido.mhlw.go.jp/znk-web/juminkanja/S2430/initialize?prefCd=02&kikanCd=0220000605&kikanKbn=2", "url2": null, "内容": "鈴木内科医院【2:診療所】【診療科目:内科_消化器内科】青森県八戸市尻内町八百刈２６－３" }, "geometry": { "type": "Point", "coordinates": [ 141.437707, 40.508462 ] } },
{ "type": "Feature", "properties": { "ID": 220220000607, "正式名称": "すわクリニック", "機関区分": 2, "都道府県コード": 2, "市区町村コード": 203, "所在地": "青森県八戸市諏訪１－１－９", "緯度": 40.516018, "経度": 141.51659, "url": "https://www.iryou.teikyouseido.mhlw.go.jp/znk-web/juminkanja/S2430/initialize?prefCd=02&kikanCd=0220000607&kikanKbn=2", "url2": "http://suwa-clinic.jp/", "内容": "すわクリニック【2:診療所】【診療科目:小児科_婦人科】青森県八戸市諏訪１－１－９" }, "geometry": { "type": "Point", "coordinates": [ 141.51659, 40.516018 ] } },
{ "type": "Feature", "properties": { "ID": 220220000608, "正式名称": "医療法人高人会　関口内科クリニック", "機関区分": 2, "都道府県コード": 2, "市区町村コード": 203, "所在地": "青森県八戸市大久保西ノ平２５－７２", "緯度": 40.499021, "経度": 141.556253, "url": "https://www.iryou.teikyouseido.mhlw.go.jp/znk-web/juminkanja/S2430/initialize?prefCd=02&kikanCd=0220000608&kikanKbn=2", "url2": null, "内容": "医療法人高人会　関口内科クリニック【2:診療所】【診療科目:内科_腎臓内科_人工透析内科】青森県八戸市大久保西ノ平２５－７２" }, "geometry": { "type": "Point", "coordinates": [ 141.556253, 40.499021 ] } },
{ "type": "Feature", "properties": { "ID": 220220000611, "正式名称": "医療法人高橋こどもクリニック", "機関区分": 2, "都道府県コード": 2, "市区町村コード": 203, "所在地": "青森県八戸市売市３－１－３１", "緯度": 40.510796, "経度": 141.473093, "url": "https://www.iryou.teikyouseido.mhlw.go.jp/znk-web/juminkanja/S2430/initialize?prefCd=02&kikanCd=0220000611&kikanKbn=2", "url2": null, "内容": "医療法人高橋こどもクリニック【2:診療所】【診療科目:小児科_アレルギー科】青森県八戸市売市３－１－３１" }, "geometry": { "type": "Point", "coordinates": [ 141.473093, 40.510796 ] } },
{ "type": "Feature", "properties": { "ID": 220220000612, "正式名称": "医療法人延寿堂高橋医院", "機関区分": 2, "都道府県コード": 2, "市区町村コード": 203, "所在地": "青森県八戸市番町４０", "緯度": 40.50999, "経度": 141.488953, "url": "https://www.iryou.teikyouseido.mhlw.go.jp/znk-web/juminkanja/S2430/initialize?prefCd=02&kikanCd=0220000612&kikanKbn=2", "url2": "https://enjudo-takahashi-iin.com", "内容": "医療法人延寿堂高橋医院【2:診療所】【診療科目:内科_糖尿病内科_代謝内科_内分泌内科_脂質代謝内科_糖尿病・内分泌内科_糖尿病・代謝内科_消化器内科_胃腸内科_漢方内科_外科_気管食道外科_乳腺外科_乳腺・内分泌外科_肛門外科】青森県八戸市番町４０" }, "geometry": { "type": "Point", "coordinates": [ 141.488953, 40.50999 ] } },
{ "type": "Feature", "properties": { "ID": 220220000613, "正式名称": "高木クリニック", "機関区分": 2, "都道府県コード": 2, "市区町村コード": 203, "所在地": "青森県八戸市下長１－６－６", "緯度": 40.527182, "経度": 141.469259, "url": "https://www.iryou.teikyouseido.mhlw.go.jp/znk-web/juminkanja/S2430/initialize?prefCd=02&kikanCd=0220000613&kikanKbn=2", "url2": null, "内容": "高木クリニック【2:診療所】【診療科目:内科_糖尿病・代謝内科_胃腸内科_耳鼻いんこう科】青森県八戸市下長１－６－６" }, "geometry": { "type": "Point", "coordinates": [ 141.469259, 40.527182 ] } },
{ "type": "Feature", "properties": { "ID": 220220000618, "正式名称": "滝澤整形外科クリニック", "機関区分": 2, "都道府県コード": 2, "市区町村コード": 203, "所在地": "青森県八戸市根城１－２８－１", "緯度": 40.505713, "経度": 141.479982, "url": "https://www.iryou.teikyouseido.mhlw.go.jp/znk-web/juminkanja/S2430/initialize?prefCd=02&kikanCd=0220000618&kikanKbn=2", "url2": null, "内容": "滝澤整形外科クリニック【2:診療所】【診療科目:整形外科】青森県八戸市根城１－２８－１" }, "geometry": { "type": "Point", "coordinates": [ 141.479982, 40.505713 ] } },
{ "type": "Feature", "properties": { "ID": 220220000620, "正式名称": "田子町国民健康保険町立田子診療所", "機関区分": 2, "都道府県コード": 2, "市区町村コード": 443, "所在地": "青森県三戸郡田子町田子前田２－１７", "緯度": 40.340947, "経度": 141.154961, "url": "https://www.iryou.teikyouseido.mhlw.go.jp/znk-web/juminkanja/S2430/initialize?prefCd=02&kikanCd=0220000620&kikanKbn=2", "url2": null, "内容": "田子町国民健康保険町立田子診療所【2:診療所】【診療科目:内科_外科_整形外科_小児科_皮膚科_泌尿器科】青森県三戸郡田子町田子前田２－１７" }, "geometry": { "type": "Point", "coordinates": [ 141.154961, 40.340947 ] } },
{ "type": "Feature", "properties": { "ID": 220220000621, "正式名称": "田島医院", "機関区分": 2, "都道府県コード": 2, "市区町村コード": 441, "所在地": "青森県三戸郡三戸町二日町６", "緯度": 40.378112, "経度": 141.257256, "url": "https://www.iryou.teikyouseido.mhlw.go.jp/znk-web/juminkanja/S2430/initialize?prefCd=02&kikanCd=0220000621&kikanKbn=2", "url2": null, "内容": "田島医院【2:診療所】【診療科目:内科】青森県三戸郡三戸町二日町６" }, "geometry": { "type": "Point", "coordinates": [ 141.257256, 40.378112 ] } },
{ "type": "Feature", "properties": { "ID": 220220000622, "正式名称": "田中医院", "機関区分": 2, "都道府県コード": 2, "市区町村コード": 442, "所在地": "青森県三戸郡五戸町鍜冶屋窪上ミ３３－２", "緯度": 40.526875, "経度": 141.31055, "url": "https://www.iryou.teikyouseido.mhlw.go.jp/znk-web/juminkanja/S2430/initialize?prefCd=02&kikanCd=0220000622&kikanKbn=2", "url2": "http://www.tanaka-iin.or.jp", "内容": "田中医院【2:診療所】【診療科目:内科_呼吸器内科_循環器内科_消化器内科_神経内科】青森県三戸郡五戸町鍜冶屋窪上ミ３３－２" }, "geometry": { "type": "Point", "coordinates": [ 141.31055, 40.526875 ] } },
{ "type": "Feature", "properties": { "ID": 220220000623, "正式名称": "田名部整形外科", "機関区分": 2, "都道府県コード": 2, "市区町村コード": 203, "所在地": "青森県八戸市石堂１丁目５－２５", "緯度": 40.528099, "経度": 141.479675, "url": "https://www.iryou.teikyouseido.mhlw.go.jp/znk-web/juminkanja/S2430/initialize?prefCd=02&kikanCd=0220000623&kikanKbn=2", "url2": "http://peraichi.com/landing-pages/view/tanabuseikei", "内容": "田名部整形外科【2:診療所】【診療科目:整形外科_リウマチ科_リハビリテーション科】青森県八戸市石堂１丁目５－２５" }, "geometry": { "type": "Point", "coordinates": [ 141.479675, 40.528099 ] } },
{ "type": "Feature", "properties": { "ID": 220220000625, "正式名称": "玉井皮膚科医院", "機関区分": 2, "都道府県コード": 2, "市区町村コード": 203, "所在地": "青森県八戸市柏崎６－３０－７", "緯度": 40.516184, "経度": 141.505617, "url": "https://www.iryou.teikyouseido.mhlw.go.jp/znk-web/juminkanja/S2430/initialize?prefCd=02&kikanCd=0220000625&kikanKbn=2", "url2": "https://tamai-hifuka.com/", "内容": "玉井皮膚科医院【2:診療所】【診療科目:皮膚科】青森県八戸市柏崎６－３０－７" }, "geometry": { "type": "Point", "coordinates": [ 141.505617, 40.516184 ] } },
{ "type": "Feature", "properties": { "ID": 220220000634, "正式名称": "特別養護老人ホーム　百石荘　医務室", "機関区分": 2, "都道府県コード": 2, "市区町村コード": 412, "所在地": "青森県上北郡おいらせ町沼端３７０－１", "緯度": 40.611896, "経度": 141.446063, "url": "https://www.iryou.teikyouseido.mhlw.go.jp/znk-web/juminkanja/S2430/initialize?prefCd=02&kikanCd=0220000634&kikanKbn=2", "url2": null, "内容": "特別養護老人ホーム　百石荘　医務室【2:診療所】【診療科目:内科】青森県上北郡おいらせ町沼端３７０－１" }, "geometry": { "type": "Point", "coordinates": [ 141.446063, 40.611896 ] } },
{ "type": "Feature", "properties": { "ID": 220220000635, "正式名称": "特別養護老人ホームえんぶり物語高齢者クリニック", "機関区分": 2, "都道府県コード": 2, "市区町村コード": 203, "所在地": "青森県八戸市河原木見立山６－２０９", "緯度": 40.54032, "経度": 141.46337, "url": "https://www.iryou.teikyouseido.mhlw.go.jp/znk-web/juminkanja/S2430/initialize?prefCd=02&kikanCd=0220000635&kikanKbn=2", "url2": "http://www.rehabili-park.com/sisetu/enburi.html", "内容": "特別養護老人ホームえんぶり物語高齢者クリニック【2:診療所】【診療科目:内科】青森県八戸市河原木見立山６－２０９" }, "geometry": { "type": "Point", "coordinates": [ 141.46337, 40.54032 ] } },
{ "type": "Feature", "properties": { "ID": 220220000637, "正式名称": "特別養護老人ホーム　クローバーズ・ピア", "機関区分": 2, "都道府県コード": 2, "市区町村コード": 203, "所在地": "青森県八戸市南郷市野沢山陣屋３６－５０", "緯度": 40.404001, "経度": 141.437684, "url": "https://www.iryou.teikyouseido.mhlw.go.jp/znk-web/juminkanja/S2430/initialize?prefCd=02&kikanCd=0220000637&kikanKbn=2", "url2": null, "内容": "特別養護老人ホーム　クローバーズ・ピア【2:診療所】【診療科目:内科_歯科】青森県八戸市南郷市野沢山陣屋３６－５０" }, "geometry": { "type": "Point", "coordinates": [ 141.437684, 40.404001 ] } },
{ "type": "Feature", "properties": { "ID": 220220000646, "正式名称": "特別養護老人ホーム　福寿草　医務室", "機関区分": 2, "都道府県コード": 2, "市区町村コード": 203, "所在地": "青森県八戸市妙西平６－１９", "緯度": 40.489383, "経度": 141.544671, "url": "https://www.iryou.teikyouseido.mhlw.go.jp/znk-web/juminkanja/S2430/initialize?prefCd=02&kikanCd=0220000646&kikanKbn=2", "url2": "http://fukujuso.or.jp", "内容": "特別養護老人ホーム　福寿草　医務室【2:診療所】【診療科目:内科】青森県八戸市妙西平６－１９" }, "geometry": { "type": "Point", "coordinates": [ 141.544671, 40.489383 ] } },
{ "type": "Feature", "properties": { "ID": 220220000649, "正式名称": "医療法人苫米地レディースクリニック", "機関区分": 2, "都道府県コード": 2, "市区町村コード": 203, "所在地": "青森県八戸市沢里下沢内３６－１", "緯度": 40.493798, "経度": 141.474816, "url": "https://www.iryou.teikyouseido.mhlw.go.jp/znk-web/juminkanja/S2430/initialize?prefCd=02&kikanCd=0220000649&kikanKbn=2", "url2": "http://www.tomabechi-ladys.jp/", "内容": "医療法人苫米地レディースクリニック【2:診療所】【診療科目:産婦人科_産科_婦人科】青森県八戸市沢里下沢内３６－１" }, "geometry": { "type": "Point", "coordinates": [ 141.474816, 40.493798 ] } },
{ "type": "Feature", "properties": { "ID": 220220000652, "正式名称": "中野眼科", "機関区分": 2, "都道府県コード": 2, "市区町村コード": 203, "所在地": "青森県八戸市新井田西３－１９－２", "緯度": 40.494104, "経度": 141.516952, "url": "https://www.iryou.teikyouseido.mhlw.go.jp/znk-web/juminkanja/S2430/initialize?prefCd=02&kikanCd=0220000652&kikanKbn=2", "url2": "https://nakanoganka.com/", "内容": "中野眼科【2:診療所】【診療科目:眼科】青森県八戸市新井田西３－１９－２" }, "geometry": { "type": "Point", "coordinates": [ 141.516952, 40.494104 ] } },
{ "type": "Feature", "properties": { "ID": 220220000655, "正式名称": "なかざわスポーツクリニック", "機関区分": 2, "都道府県コード": 2, "市区町村コード": 203, "所在地": "青森県八戸市新井田館下１", "緯度": 40.492104, "経度": 141.520312, "url": "https://www.iryou.teikyouseido.mhlw.go.jp/znk-web/juminkanja/S2430/initialize?prefCd=02&kikanCd=0220000655&kikanKbn=2", "url2": "https://www.nakazawa-clinic.com", "内容": "なかざわスポーツクリニック【2:診療所】【診療科目:整形外科_リウマチ科_リハビリテーション科】青森県八戸市新井田館下１" }, "geometry": { "type": "Point", "coordinates": [ 141.520312, 40.492104 ] } },
{ "type": "Feature", "properties": { "ID": 220220000656, "正式名称": "医療法人　中山こどもクリニック", "機関区分": 2, "都道府県コード": 2, "市区町村コード": 203, "所在地": "青森県八戸市江陽一丁目１８－５", "緯度": 40.520768, "経度": 141.503534, "url": "https://www.iryou.teikyouseido.mhlw.go.jp/znk-web/juminkanja/S2430/initialize?prefCd=02&kikanCd=0220000656&kikanKbn=2", "url2": "http://nakayamakids.com/", "内容": "医療法人　中山こどもクリニック【2:診療所】【診療科目:循環器内科_小児科_アレルギー科】青森県八戸市江陽一丁目１８－５" }, "geometry": { "type": "Point", "coordinates": [ 141.503534, 40.520768 ] } },
{ "type": "Feature", "properties": { "ID": 220220000659, "正式名称": "ナンブクリニック", "機関区分": 2, "都道府県コード": 2, "市区町村コード": 445, "所在地": "青森県三戸郡南部町沖田面千刈４７－１", "緯度": 40.411191, "経度": 141.279308, "url": "https://www.iryou.teikyouseido.mhlw.go.jp/znk-web/juminkanja/S2430/initialize?prefCd=02&kikanCd=0220000659&kikanKbn=2", "url2": "https://www.nanbu-clin.jp/", "内容": "ナンブクリニック【2:診療所】【診療科目:眼科】青森県三戸郡南部町沖田面千刈４７－１" }, "geometry": { "type": "Point", "coordinates": [ 141.279308, 40.411191 ] } },
{ "type": "Feature", "properties": { "ID": 220220000660, "正式名称": "南六クリニック", "機関区分": 2, "都道府県コード": 2, "市区町村コード": 203, "所在地": "青森県八戸市南郷大字島守字阿庄内１５－６", "緯度": 40.376866, "経度": 141.517123, "url": "https://www.iryou.teikyouseido.mhlw.go.jp/znk-web/juminkanja/S2430/initialize?prefCd=02&kikanCd=0220000660&kikanKbn=2", "url2": null, "内容": "南六クリニック【2:診療所】【診療科目:内科_整形外科】青森県八戸市南郷大字島守字阿庄内１５－６" }, "geometry": { "type": "Point", "coordinates": [ 141.517123, 40.376866 ] } },
{ "type": "Feature", "properties": { "ID": 220220000662, "正式名称": "西村耳鼻咽喉科医院", "機関区分": 2, "都道府県コード": 2, "市区町村コード": 203, "所在地": "青森県八戸市南類家２－１７－２８", "緯度": 40.502075, "経度": 141.505007, "url": "https://www.iryou.teikyouseido.mhlw.go.jp/znk-web/juminkanja/S2430/initialize?prefCd=02&kikanCd=0220000662&kikanKbn=2", "url2": "http://nishimura-ent.main.jp/", "内容": "西村耳鼻咽喉科医院【2:診療所】【診療科目:耳鼻いんこう科_アレルギー科】青森県八戸市南類家２－１７－２８" }, "geometry": { "type": "Point", "coordinates": [ 141.505007, 40.502075 ] } },
{ "type": "Feature", "properties": { "ID": 220220000664, "正式名称": "西村産婦人科クリニック", "機関区分": 2, "都道府県コード": 2, "市区町村コード": 203, "所在地": "青森県八戸市小中野４－８－１８", "緯度": 40.520934, "経度": 141.511312, "url": "https://www.iryou.teikyouseido.mhlw.go.jp/znk-web/juminkanja/S2430/initialize?prefCd=02&kikanCd=0220000664&kikanKbn=2", "url2": "https://www.dr-nishimura.com/", "内容": "西村産婦人科クリニック【2:診療所】【診療科目:産婦人科】青森県八戸市小中野４－８－１８" }, "geometry": { "type": "Point", "coordinates": [ 141.511312, 40.520934 ] } },
{ "type": "Feature", "properties": { "ID": 220220000666, "正式名称": "野々口整形外科", "機関区分": 2, "都道府県コード": 2, "市区町村コード": 203, "所在地": "青森県八戸市内丸三丁目５－１４", "緯度": 40.514212, "経度": 141.490064, "url": "https://www.iryou.teikyouseido.mhlw.go.jp/znk-web/juminkanja/S2430/initialize?prefCd=02&kikanCd=0220000666&kikanKbn=2", "url2": null, "内容": "野々口整形外科【2:診療所】【診療科目:外科_整形外科】青森県八戸市内丸三丁目５－１４" }, "geometry": { "type": "Point", "coordinates": [ 141.490064, 40.514212 ] } },
{ "type": "Feature", "properties": { "ID": 220220000667, "正式名称": "はかまだ耳鼻咽喉科医院", "機関区分": 2, "都道府県コード": 2, "市区町村コード": 203, "所在地": "青森県八戸市日計一丁目２番４６号", "緯度": 40.540181, "経度": 141.475453, "url": "https://www.iryou.teikyouseido.mhlw.go.jp/znk-web/juminkanja/S2430/initialize?prefCd=02&kikanCd=0220000667&kikanKbn=2", "url2": null, "内容": "はかまだ耳鼻咽喉科医院【2:診療所】【診療科目:耳鼻いんこう科】青森県八戸市日計一丁目２番４６号" }, "geometry": { "type": "Point", "coordinates": [ 141.475453, 40.540181 ] } },
{ "type": "Feature", "properties": { "ID": 220220000668, "正式名称": "はしもと小児科", "機関区分": 2, "都道府県コード": 2, "市区町村コード": 203, "所在地": "青森県八戸市新井田西三丁目１６番１５号", "緯度": 40.495686, "経度": 141.517173, "url": "https://www.iryou.teikyouseido.mhlw.go.jp/znk-web/juminkanja/S2430/initialize?prefCd=02&kikanCd=0220000668&kikanKbn=2", "url2": "https://www.hashimoto-p.com", "内容": "はしもと小児科【2:診療所】【診療科目:小児科】青森県八戸市新井田西三丁目１６番１５号" }, "geometry": { "type": "Point", "coordinates": [ 141.517173, 40.495686 ] } },
{ "type": "Feature", "properties": { "ID": 220220000669, "正式名称": "橋本耳鼻科クリニック", "機関区分": 2, "都道府県コード": 2, "市区町村コード": 203, "所在地": "青森県八戸市湊高台５丁目２０－１８", "緯度": 40.507778, "経度": 141.536652, "url": "https://www.iryou.teikyouseido.mhlw.go.jp/znk-web/juminkanja/S2430/initialize?prefCd=02&kikanCd=0220000669&kikanKbn=2", "url2": null, "内容": "橋本耳鼻科クリニック【2:診療所】【診療科目:耳鼻いんこう科】青森県八戸市湊高台５丁目２０－１８" }, "geometry": { "type": "Point", "coordinates": [ 141.536652, 40.507778 ] } },
{ "type": "Feature", "properties": { "ID": 220220000670, "正式名称": "長谷川内科医胃腸科医院", "機関区分": 2, "都道府県コード": 2, "市区町村コード": 203, "所在地": "青森県八戸市上徒士町２番地１", "緯度": 40.505824, "経度": 141.484732, "url": "https://www.iryou.teikyouseido.mhlw.go.jp/znk-web/juminkanja/S2430/initialize?prefCd=02&kikanCd=0220000670&kikanKbn=2", "url2": "https://hasegawanaika-clinic.com/", "内容": "長谷川内科医胃腸科医院【2:診療所】【診療科目:内科_呼吸器内科_循環器内科_消化器内科_胃腸内科】青森県八戸市上徒士町２番地１" }, "geometry": { "type": "Point", "coordinates": [ 141.484732, 40.505824 ] } },
{ "type": "Feature", "properties": { "ID": 220220000671, "正式名称": "はちのへ９９クリニック", "機関区分": 2, "都道府県コード": 2, "市区町村コード": 203, "所在地": "青森県八戸市南類家５丁目１－８", "緯度": 40.499575, "経度": 141.509868, "url": "https://www.iryou.teikyouseido.mhlw.go.jp/znk-web/juminkanja/S2430/initialize?prefCd=02&kikanCd=0220000671&kikanKbn=2", "url2": "http://hachinohe99clinic.jp/", "内容": "はちのへ９９クリニック【2:診療所】【診療科目:内科_消化器内科_血液透析内科_外科_消化器外科_肛門外科_麻酔科】青森県八戸市南類家５丁目１－８" }, "geometry": { "type": "Point", "coordinates": [ 141.509868, 40.499575 ] } },
{ "type": "Feature", "properties": { "ID": 220220000672, "正式名称": "八戸整形外科", "機関区分": 2, "都道府県コード": 2, "市区町村コード": 203, "所在地": "青森県八戸市日計１丁目２－４２", "緯度": 40.543043, "経度": 141.475731, "url": "https://www.iryou.teikyouseido.mhlw.go.jp/znk-web/juminkanja/S2430/initialize?prefCd=02&kikanCd=0220000672&kikanKbn=2", "url2": "https://www.hachinohe-seikei.jp/", "内容": "八戸整形外科【2:診療所】【診療科目:整形外科_リウマチ科_リハビリテーション科】青森県八戸市日計１丁目２－４２" }, "geometry": { "type": "Point", "coordinates": [ 141.475731, 40.543043 ] } },
{ "type": "Feature", "properties": { "ID": 220220000674, "正式名称": "八戸クリニック皮膚科", "機関区分": 2, "都道府県コード": 2, "市区町村コード": 203, "所在地": "青森県八戸市柏崎１－８－３２", "緯度": 40.512629, "経度": 141.495203, "url": "https://www.iryou.teikyouseido.mhlw.go.jp/znk-web/juminkanja/S2430/initialize?prefCd=02&kikanCd=0220000674&kikanKbn=2", "url2": null, "内容": "八戸クリニック皮膚科【2:診療所】【診療科目:皮膚科】青森県八戸市柏崎１－８－３２" }, "geometry": { "type": "Point", "coordinates": [ 141.495203, 40.512629 ] } },
{ "type": "Feature", "properties": { "ID": 220220000678, "正式名称": "八戸医療生活協同組合　八戸生協診療所", "機関区分": 2, "都道府県コード": 2, "市区町村コード": 203, "所在地": "青森県八戸市南類家一丁目１７－２", "緯度": 40.503602, "経度": 141.503313, "url": "https://www.iryou.teikyouseido.mhlw.go.jp/znk-web/juminkanja/S2430/initialize?prefCd=02&kikanCd=0220000678&kikanKbn=2", "url2": "http://www.hachinohe-iryou.jp/", "内容": "八戸医療生活協同組合　八戸生協診療所【2:診療所】【診療科目:内科】青森県八戸市南類家一丁目１７－２" }, "geometry": { "type": "Point", "coordinates": [ 141.503313, 40.503602 ] } },
{ "type": "Feature", "properties": { "ID": 220220000680, "正式名称": "医療法人　泰人会　八戸新井田クリニック", "機関区分": 2, "都道府県コード": 2, "市区町村コード": 203, "所在地": "青森県八戸市新井田西二丁目１－２５", "緯度": 40.500575, "経度": 141.51859, "url": "https://www.iryou.teikyouseido.mhlw.go.jp/znk-web/juminkanja/S2430/initialize?prefCd=02&kikanCd=0220000680&kikanKbn=2", "url2": null, "内容": "医療法人　泰人会　八戸新井田クリニック【2:診療所】【診療科目:内科_皮膚科_泌尿器科】青森県八戸市新井田西二丁目１－２５" }, "geometry": { "type": "Point", "coordinates": [ 141.51859, 40.500575 ] } },
{ "type": "Feature", "properties": { "ID": 220220000683, "正式名称": "八戸クリニック内科", "機関区分": 2, "都道府県コード": 2, "市区町村コード": 203, "所在地": "青森県八戸市柏崎１丁目８－３２", "緯度": 40.512629, "経度": 141.495203, "url": "https://www.iryou.teikyouseido.mhlw.go.jp/znk-web/juminkanja/S2430/initialize?prefCd=02&kikanCd=0220000683&kikanKbn=2", "url2": null, "内容": "八戸クリニック内科【2:診療所】【診療科目:内科_呼吸器内科_循環器内科_胃腸内科】青森県八戸市柏崎１丁目８－３２" }, "geometry": { "type": "Point", "coordinates": [ 141.495203, 40.512629 ] } },
{ "type": "Feature", "properties": { "ID": 220220000684, "正式名称": "八戸クリニック", "機関区分": 2, "都道府県コード": 2, "市区町村コード": 203, "所在地": "青森県八戸市柏崎１丁目８－３２　八戸クリニックビル", "緯度": 40.512629, "経度": 141.495203, "url": "https://www.iryou.teikyouseido.mhlw.go.jp/znk-web/juminkanja/S2430/initialize?prefCd=02&kikanCd=0220000684&kikanKbn=2", "url2": "http://www.hachinohe-clinic.com/", "内容": "八戸クリニック【2:診療所】【診療科目:産婦人科】青森県八戸市柏崎１丁目８－３２　八戸クリニックビル" }, "geometry": { "type": "Point", "coordinates": [ 141.495203, 40.512629 ] } },
{ "type": "Feature", "properties": { "ID": 220220000685, "正式名称": "八戸市休日夜間急病診療所", "機関区分": 2, "都道府県コード": 2, "市区町村コード": 203, "所在地": "青森県八戸市田向３丁目６－１", "緯度": 40.492993, "経度": 141.510341, "url": "https://www.iryou.teikyouseido.mhlw.go.jp/znk-web/juminkanja/S2430/initialize?prefCd=02&kikanCd=0220000685&kikanKbn=2", "url2": "https://www.city.hachinohe.aomori.jp/soshikikarasagasu/hokensomuka/kyuukyuuiryou/1487.html", "内容": "八戸市休日夜間急病診療所【2:診療所】【診療科目:内科_外科_小児科_眼科】青森県八戸市田向３丁目６－１" }, "geometry": { "type": "Point", "coordinates": [ 141.510341, 40.492993 ] } },
{ "type": "Feature", "properties": { "ID": 220220000686, "正式名称": "八戸泌尿器科医院", "機関区分": 2, "都道府県コード": 2, "市区町村コード": 203, "所在地": "青森県八戸市城下一丁目１０－５", "緯度": 40.518323, "経度": 141.490119, "url": "https://www.iryou.teikyouseido.mhlw.go.jp/znk-web/juminkanja/S2430/initialize?prefCd=02&kikanCd=0220000686&kikanKbn=2", "url2": "https://www.hachihi.jp/", "内容": "八戸泌尿器科医院【2:診療所】【診療科目:内科_外科_皮膚泌尿器科_泌尿器科】青森県八戸市城下一丁目１０－５" }, "geometry": { "type": "Point", "coordinates": [ 141.490119, 40.518323 ] } },
{ "type": "Feature", "properties": { "ID": 220220000688, "正式名称": "はちのへハートセンタークリニック", "機関区分": 2, "都道府県コード": 2, "市区町村コード": 203, "所在地": "青森県八戸市田向２丁目１番地２号", "緯度": 40.495853, "経度": 141.509202, "url": "https://www.iryou.teikyouseido.mhlw.go.jp/znk-web/juminkanja/S2430/initialize?prefCd=02&kikanCd=0220000688&kikanKbn=2", "url2": "http://www.hachinohe-heart.com/", "内容": "はちのへハートセンタークリニック【2:診療所】【診療科目:内科_循環器内科】青森県八戸市田向２丁目１番地２号" }, "geometry": { "type": "Point", "coordinates": [ 141.509202, 40.495853 ] } },
{ "type": "Feature", "properties": { "ID": 220220000689, "正式名称": "八戸マナクリニック", "機関区分": 2, "都道府県コード": 2, "市区町村コード": 203, "所在地": "青森県八戸市番町９－５　協栄八戸番町ビル２階", "緯度": 40.51124, "経度": 141.490481, "url": "https://www.iryou.teikyouseido.mhlw.go.jp/znk-web/juminkanja/S2430/initialize?prefCd=02&kikanCd=0220000689&kikanKbn=2", "url2": "https://hachinohe-manna-clinic.com", "内容": "八戸マナクリニック【2:診療所】【診療科目:精神科_心療内科】青森県八戸市番町９－５　協栄八戸番町ビル２階" }, "geometry": { "type": "Point", "coordinates": [ 141.490481, 40.51124 ] } },
{ "type": "Feature", "properties": { "ID": 220220000691, "正式名称": "江陽アイクリニック", "機関区分": 2, "都道府県コード": 2, "市区町村コード": 203, "所在地": "青森県八戸市江陽２丁目１４－１　ラピア２階", "緯度": 40.521739, "経度": 141.502784, "url": "https://www.iryou.teikyouseido.mhlw.go.jp/znk-web/juminkanja/S2430/initialize?prefCd=02&kikanCd=0220000691&kikanKbn=2", "url2": "https://koyo-eyeclinic.jp/", "内容": "江陽アイクリニック【2:診療所】【診療科目:眼科】青森県八戸市江陽２丁目１４－１　ラピア２階" }, "geometry": { "type": "Point", "coordinates": [ 141.502784, 40.521739 ] } },
{ "type": "Feature", "properties": { "ID": 220220000693, "正式名称": "吹上眼科", "機関区分": 2, "都道府県コード": 2, "市区町村コード": 203, "所在地": "青森県八戸市吹上２丁目１０－５", "緯度": 40.501186, "経度": 141.499314, "url": "https://www.iryou.teikyouseido.mhlw.go.jp/znk-web/juminkanja/S2430/initialize?prefCd=02&kikanCd=0220000693&kikanKbn=2", "url2": "http://www.citydo.com/sp/0178-72-3372", "内容": "吹上眼科【2:診療所】【診療科目:眼科】青森県八戸市吹上２丁目１０－５" }, "geometry": { "type": "Point", "coordinates": [ 141.499314, 40.501186 ] } },
{ "type": "Feature", "properties": { "ID": 220220000695, "正式名称": "福井整形外科リハビリテーションクリニック", "機関区分": 2, "都道府県コード": 2, "市区町村コード": 203, "所在地": "青森県八戸市本徒士町８－３", "緯度": 40.508963, "経度": 141.486564, "url": "https://www.iryou.teikyouseido.mhlw.go.jp/znk-web/juminkanja/S2430/initialize?prefCd=02&kikanCd=0220000695&kikanKbn=2", "url2": null, "内容": "福井整形外科リハビリテーションクリニック【2:診療所】【診療科目:整形外科_リハビリテーション科】青森県八戸市本徒士町８－３" }, "geometry": { "type": "Point", "coordinates": [ 141.486564, 40.508963 ] } },
{ "type": "Feature", "properties": { "ID": 220220000697, "正式名称": "船越内科医院", "機関区分": 2, "都道府県コード": 2, "市区町村コード": 203, "所在地": "青森県八戸市白銀町大沢頭１９－１", "緯度": 40.519796, "経度": 141.539088, "url": "https://www.iryou.teikyouseido.mhlw.go.jp/znk-web/juminkanja/S2430/initialize?prefCd=02&kikanCd=0220000697&kikanKbn=2", "url2": null, "内容": "船越内科医院【2:診療所】【診療科目:内科_循環器内科】青森県八戸市白銀町大沢頭１９－１" }, "geometry": { "type": "Point", "coordinates": [ 141.539088, 40.519796 ] } },
{ "type": "Feature", "properties": { "ID": 220220000701, "正式名称": "本田整形外科クリニック", "機関区分": 2, "都道府県コード": 2, "市区町村コード": 203, "所在地": "青森県八戸市小中野２丁目９－４", "緯度": 40.514323, "経度": 141.51034, "url": "https://www.iryou.teikyouseido.mhlw.go.jp/znk-web/juminkanja/S2430/initialize?prefCd=02&kikanCd=0220000701&kikanKbn=2", "url2": "http://www.orth.or.jp/", "内容": "本田整形外科クリニック【2:診療所】【診療科目:整形外科_リウマチ科_リハビリテーション科】青森県八戸市小中野２丁目９－４" }, "geometry": { "type": "Point", "coordinates": [ 141.51034, 40.514323 ] } },
{ "type": "Feature", "properties": { "ID": 220220000702, "正式名称": "松橋眼科クリニック", "機関区分": 2, "都道府県コード": 2, "市区町村コード": 203, "所在地": "青森県八戸市売市２－１２－３２", "緯度": 40.510157, "経度": 141.473176, "url": "https://www.iryou.teikyouseido.mhlw.go.jp/znk-web/juminkanja/S2430/initialize?prefCd=02&kikanCd=0220000702&kikanKbn=2", "url2": "http://www.matsuhashi-ganka.com", "内容": "松橋眼科クリニック【2:診療所】【診療科目:眼科】青森県八戸市売市２－１２－３２" }, "geometry": { "type": "Point", "coordinates": [ 141.473176, 40.510157 ] } },
{ "type": "Feature", "properties": { "ID": 220220000703, "正式名称": "医療法人　松医会　松尾整形外科リハビリテーションクリニック", "機関区分": 2, "都道府県コード": 2, "市区町村コード": 442, "所在地": "青森県三戸郡五戸町観音堂１８－６", "緯度": 40.518069, "経度": 141.297163, "url": "https://www.iryou.teikyouseido.mhlw.go.jp/znk-web/juminkanja/S2430/initialize?prefCd=02&kikanCd=0220000703&kikanKbn=2", "url2": "https://matsuo-orthopedics.com/", "内容": "医療法人　松医会　松尾整形外科リハビリテーションクリニック【2:診療所】【診療科目:整形外科_リハビリテーション科】青森県三戸郡五戸町観音堂１８－６" }, "geometry": { "type": "Point", "coordinates": [ 141.297163, 40.518069 ] } },
{ "type": "Feature", "properties": { "ID": 220220000706, "正式名称": "みうらクリニック", "機関区分": 2, "都道府県コード": 2, "市区町村コード": 446, "所在地": "青森県三戸郡階上町蒼前西三丁目９番３１７７", "緯度": 40.475635, "経度": 141.572587, "url": "https://www.iryou.teikyouseido.mhlw.go.jp/znk-web/juminkanja/S2430/initialize?prefCd=02&kikanCd=0220000706&kikanKbn=2", "url2": null, "内容": "みうらクリニック【2:診療所】【診療科目:内科_外科_小児科】青森県三戸郡階上町蒼前西三丁目９番３１７７" }, "geometry": { "type": "Point", "coordinates": [ 141.572587, 40.475635 ] } },
{ "type": "Feature", "properties": { "ID": 220220000707, "正式名称": "みかわ神経科内科", "機関区分": 2, "都道府県コード": 2, "市区町村コード": 203, "所在地": "青森県八戸市沼館１丁目６－１８", "緯度": 40.525878, "経度": 141.492396, "url": "https://www.iryou.teikyouseido.mhlw.go.jp/znk-web/juminkanja/S2430/initialize?prefCd=02&kikanCd=0220000707&kikanKbn=2", "url2": null, "内容": "みかわ神経科内科【2:診療所】【診療科目:内科_精神科_心療内科】青森県八戸市沼館１丁目６－１８" }, "geometry": { "type": "Point", "coordinates": [ 141.492396, 40.525878 ] } },
{ "type": "Feature", "properties": { "ID": 220220000709, "正式名称": "岬台医院", "機関区分": 2, "都道府県コード": 2, "市区町村コード": 203, "所在地": "青森県八戸市岬台２－６－５", "緯度": 40.517963, "経度": 141.565779, "url": "https://www.iryou.teikyouseido.mhlw.go.jp/znk-web/juminkanja/S2430/initialize?prefCd=02&kikanCd=0220000709&kikanKbn=2", "url2": null, "内容": "岬台医院【2:診療所】【診療科目:内科_消化器内科】青森県八戸市岬台２－６－５" }, "geometry": { "type": "Point", "coordinates": [ 141.565779, 40.517963 ] } },
{ "type": "Feature", "properties": { "ID": 220220000711, "正式名称": "南類家整形外科クリニック", "機関区分": 2, "都道府県コード": 2, "市区町村コード": 203, "所在地": "青森県八戸市南類家４丁目２－３０", "緯度": 40.498798, "経度": 141.511368, "url": "https://www.iryou.teikyouseido.mhlw.go.jp/znk-web/juminkanja/S2430/initialize?prefCd=02&kikanCd=0220000711&kikanKbn=2", "url2": null, "内容": "南類家整形外科クリニック【2:診療所】【診療科目:整形外科_リウマチ科_リハビリテーション科】青森県八戸市南類家４丁目２－３０" }, "geometry": { "type": "Point", "coordinates": [ 141.511368, 40.498798 ] } },
{ "type": "Feature", "properties": { "ID": 220220000713, "正式名称": "向井田胃腸科内科医院", "機関区分": 2, "都道府県コード": 2, "市区町村コード": 203, "所在地": "青森県八戸市白銀一丁目１０－５", "緯度": 40.522518, "経度": 141.540253, "url": "https://www.iryou.teikyouseido.mhlw.go.jp/znk-web/juminkanja/S2430/initialize?prefCd=02&kikanCd=0220000713&kikanKbn=2", "url2": null, "内容": "向井田胃腸科内科医院【2:診療所】【診療科目:内科】青森県八戸市白銀一丁目１０－５" }, "geometry": { "type": "Point", "coordinates": [ 141.540253, 40.522518 ] } },
{ "type": "Feature", "properties": { "ID": 220220000714, "正式名称": "村井内科クリニック", "機関区分": 2, "都道府県コード": 2, "市区町村コード": 203, "所在地": "青森県八戸市吹上３－５－３", "緯度": 40.503297, "経度": 141.496258, "url": "https://www.iryou.teikyouseido.mhlw.go.jp/znk-web/juminkanja/S2430/initialize?prefCd=02&kikanCd=0220000714&kikanKbn=2", "url2": null, "内容": "村井内科クリニック【2:診療所】【診療科目:内科_リウマチ科】青森県八戸市吹上３－５－３" }, "geometry": { "type": "Point", "coordinates": [ 141.496258, 40.503297 ] } },
{ "type": "Feature", "properties": { "ID": 220220000715, "正式名称": "村上耳鼻咽喉科医院", "機関区分": 2, "都道府県コード": 2, "市区町村コード": 203, "所在地": "青森県八戸市本徒士町１０－８", "緯度": 40.508741, "経度": 141.486508, "url": "https://www.iryou.teikyouseido.mhlw.go.jp/znk-web/juminkanja/S2430/initialize?prefCd=02&kikanCd=0220000715&kikanKbn=2", "url2": null, "内容": "村上耳鼻咽喉科医院【2:診療所】【診療科目:耳鼻いんこう科_気管食道・耳鼻いんこう科】青森県八戸市本徒士町１０－８" }, "geometry": { "type": "Point", "coordinates": [ 141.486508, 40.508741 ] } },
{ "type": "Feature", "properties": { "ID": 220220000717, "正式名称": "村田内科", "機関区分": 2, "都道府県コード": 2, "市区町村コード": 203, "所在地": "青森県八戸市新井田西２－７－８", "緯度": 40.502186, "経度": 141.518423, "url": "https://www.iryou.teikyouseido.mhlw.go.jp/znk-web/juminkanja/S2430/initialize?prefCd=02&kikanCd=0220000717&kikanKbn=2", "url2": null, "内容": "村田内科【2:診療所】【診療科目:内科_循環器内科】青森県八戸市新井田西２－７－８" }, "geometry": { "type": "Point", "coordinates": [ 141.518423, 40.502186 ] } },
{ "type": "Feature", "properties": { "ID": 220220000719, "正式名称": "医療法人　むらかみ脳神経クリニック", "機関区分": 2, "都道府県コード": 2, "市区町村コード": 203, "所在地": "青森県八戸市長根一丁目１７－２０", "緯度": 40.511722, "経度": 141.479594, "url": "https://www.iryou.teikyouseido.mhlw.go.jp/znk-web/juminkanja/S2430/initialize?prefCd=02&kikanCd=0220000719&kikanKbn=2", "url2": "https://murakami-noushinkei.clinic/", "内容": "医療法人　むらかみ脳神経クリニック【2:診療所】【診療科目:神経内科_脳神経外科】青森県八戸市長根一丁目１７－２０" }, "geometry": { "type": "Point", "coordinates": [ 141.479594, 40.511722 ] } },
{ "type": "Feature", "properties": { "ID": 220220000722, "正式名称": "山口胃腸クリニック", "機関区分": 2, "都道府県コード": 2, "市区町村コード": 203, "所在地": "青森県八戸市湊高台２－１１－６", "緯度": 40.505381, "経度": 141.537615, "url": "https://www.iryou.teikyouseido.mhlw.go.jp/znk-web/juminkanja/S2430/initialize?prefCd=02&kikanCd=0220000722&kikanKbn=2", "url2": null, "内容": "山口胃腸クリニック【2:診療所】【診療科目:内科_消化器内科_胃腸内科】青森県八戸市湊高台２－１１－６" }, "geometry": { "type": "Point", "coordinates": [ 141.537615, 40.505381 ] } },
{ "type": "Feature", "properties": { "ID": 220220000723, "正式名称": "山田整形外科クリニック", "機関区分": 2, "都道府県コード": 2, "市区町村コード": 203, "所在地": "青森県八戸市白銀町浜崖７－２９", "緯度": 40.52099, "経度": 141.536449, "url": "https://www.iryou.teikyouseido.mhlw.go.jp/znk-web/juminkanja/S2430/initialize?prefCd=02&kikanCd=0220000723&kikanKbn=2", "url2": null, "内容": "山田整形外科クリニック【2:診療所】【診療科目:整形外科】青森県八戸市白銀町浜崖７－２９" }, "geometry": { "type": "Point", "coordinates": [ 141.536449, 40.52099 ] } },
{ "type": "Feature", "properties": { "ID": 220220000725, "正式名称": "山崎内科医院", "機関区分": 2, "都道府県コード": 2, "市区町村コード": 203, "所在地": "青森県八戸市下長５－７－１１", "緯度": 40.52018, "経度": 141.296969, "url": "https://www.iryou.teikyouseido.mhlw.go.jp/znk-web/juminkanja/S2430/initialize?prefCd=02&kikanCd=0220000725&kikanKbn=2", "url2": null, "内容": "山崎内科医院【2:診療所】【診療科目:内科_小児科】青森県八戸市下長５－７－１１" }, "geometry": { "type": "Point", "coordinates": [ 141.296969, 40.52018 ] } },
{ "type": "Feature", "properties": { "ID": 220220000726, "正式名称": "山道内科医院", "機関区分": 2, "都道府県コード": 2, "市区町村コード": 203, "所在地": "青森県八戸市小中野８－１２－２３", "緯度": 40.523351, "経度": 141.520144, "url": "https://www.iryou.teikyouseido.mhlw.go.jp/znk-web/juminkanja/S2430/initialize?prefCd=02&kikanCd=0220000726&kikanKbn=2", "url2": null, "内容": "山道内科医院【2:診療所】【診療科目:内科_呼吸器内科_循環器内科_胃腸内科】青森県八戸市小中野８－１２－２３" }, "geometry": { "type": "Point", "coordinates": [ 141.520144, 40.523351 ] } },
{ "type": "Feature", "properties": { "ID": 220220000733, "正式名称": "類家内科クリニック", "機関区分": 2, "都道府県コード": 2, "市区町村コード": 203, "所在地": "青森県八戸市類家１－８－４２", "緯度": 40.510463, "経度": 141.500563, "url": "https://www.iryou.teikyouseido.mhlw.go.jp/znk-web/juminkanja/S2430/initialize?prefCd=02&kikanCd=0220000733&kikanKbn=2", "url2": null, "内容": "類家内科クリニック【2:診療所】【診療科目:内科_呼吸器内科_循環器内科_消化器内科】青森県八戸市類家１－８－４２" }, "geometry": { "type": "Point", "coordinates": [ 141.500563, 40.510463 ] } },
{ "type": "Feature", "properties": { "ID": 220220000734, "正式名称": "ろくごう整形外科リハビリテーションクリニック", "機関区分": 2, "都道府県コード": 2, "市区町村コード": 203, "所在地": "青森県八戸市小中野１－４－５２", "緯度": 40.516962, "経度": 141.506562, "url": "https://www.iryou.teikyouseido.mhlw.go.jp/znk-web/juminkanja/S2430/initialize?prefCd=02&kikanCd=0220000734&kikanKbn=2", "url2": null, "内容": "ろくごう整形外科リハビリテーションクリニック【2:診療所】【診療科目:整形外科_リウマチ科_リハビリテーション科】青森県八戸市小中野１－４－５２" }, "geometry": { "type": "Point", "coordinates": [ 141.506562, 40.516962 ] } },
{ "type": "Feature", "properties": { "ID": 220220000737, "正式名称": "安齋レディスクリニック", "機関区分": 2, "都道府県コード": 2, "市区町村コード": 205, "所在地": "青森県五所川原市一ツ谷５３６－１８", "緯度": 40.812301, "経度": 140.45308, "url": "https://www.iryou.teikyouseido.mhlw.go.jp/znk-web/juminkanja/S2430/initialize?prefCd=02&kikanCd=0220000737&kikanKbn=2", "url2": null, "内容": "安齋レディスクリニック【2:診療所】【診療科目:産婦人科】青森県五所川原市一ツ谷５３６－１８" }, "geometry": { "type": "Point", "coordinates": [ 140.45308, 40.812301 ] } },
{ "type": "Feature", "properties": { "ID": 220220000738, "正式名称": "いたい皮ふ科", "機関区分": 2, "都道府県コード": 2, "市区町村コード": 205, "所在地": "青森県五所川原市中央四丁目６７番地", "緯度": 40.798386, "経度": 140.45172, "url": "https://www.iryou.teikyouseido.mhlw.go.jp/znk-web/juminkanja/S2430/initialize?prefCd=02&kikanCd=0220000738&kikanKbn=2", "url2": "http://www.itaihifuka.com", "内容": "いたい皮ふ科【2:診療所】【診療科目:皮膚科】青森県五所川原市中央四丁目６７番地" }, "geometry": { "type": "Point", "coordinates": [ 140.45172, 40.798386 ] } },
{ "type": "Feature", "properties": { "ID": 220220000739, "正式名称": "いちのへ耳鼻科", "機関区分": 2, "都道府県コード": 2, "市区町村コード": 205, "所在地": "青森県五所川原市中央四丁目６９番地", "緯度": 40.798386, "経度": 140.451415, "url": "https://www.iryou.teikyouseido.mhlw.go.jp/znk-web/juminkanja/S2430/initialize?prefCd=02&kikanCd=0220000739&kikanKbn=2", "url2": "http://junban.com/ichinohe/", "内容": "いちのへ耳鼻科【2:診療所】【診療科目:耳鼻いんこう科】青森県五所川原市中央四丁目６９番地" }, "geometry": { "type": "Point", "coordinates": [ 140.451415, 40.798386 ] } },
{ "type": "Feature", "properties": { "ID": 220220000744, "正式名称": "かねひらクリニック", "機関区分": 2, "都道府県コード": 2, "市区町村コード": 205, "所在地": "青森県五所川原市旭町５５－２", "緯度": 40.810551, "経度": 140.447109, "url": "https://www.iryou.teikyouseido.mhlw.go.jp/znk-web/juminkanja/S2430/initialize?prefCd=02&kikanCd=0220000744&kikanKbn=2", "url2": null, "内容": "かねひらクリニック【2:診療所】【診療科目:内科_呼吸器内科_循環器内科_胃腸内科_小児科】青森県五所川原市旭町５５－２" }, "geometry": { "type": "Point", "coordinates": [ 140.447109, 40.810551 ] } },
{ "type": "Feature", "properties": { "ID": 220220000745, "正式名称": "川崎胃腸科内科医院", "機関区分": 2, "都道府県コード": 2, "市区町村コード": 205, "所在地": "青森県五所川原市敷島町５６", "緯度": 40.813357, "経度": 140.447498, "url": "https://www.iryou.teikyouseido.mhlw.go.jp/znk-web/juminkanja/S2430/initialize?prefCd=02&kikanCd=0220000745&kikanKbn=2", "url2": null, "内容": "川崎胃腸科内科医院【2:診療所】【診療科目:内科_胃腸内科_小児科_放射線科】青森県五所川原市敷島町５６" }, "geometry": { "type": "Point", "coordinates": [ 140.447498, 40.813357 ] } },
{ "type": "Feature", "properties": { "ID": 220220000747, "正式名称": "きむら皮ふ科", "機関区分": 2, "都道府県コード": 2, "市区町村コード": 205, "所在地": "青森県五所川原市中央五丁目１４番地", "緯度": 40.794331, "経度": 140.449248, "url": "https://www.iryou.teikyouseido.mhlw.go.jp/znk-web/juminkanja/S2430/initialize?prefCd=02&kikanCd=0220000747&kikanKbn=2", "url2": "http://www.gosho-jk-derma.jp", "内容": "きむら皮ふ科【2:診療所】【診療科目:皮膚科】青森県五所川原市中央五丁目１４番地" }, "geometry": { "type": "Point", "coordinates": [ 140.449248, 40.794331 ] } },
{ "type": "Feature", "properties": { "ID": 220220000748, "正式名称": "櫛引クリニック", "機関区分": 2, "都道府県コード": 2, "市区町村コード": 205, "所在地": "青森県五所川原市鎌谷町５１６－１０", "緯度": 40.80558, "経度": 140.451165, "url": "https://www.iryou.teikyouseido.mhlw.go.jp/znk-web/juminkanja/S2430/initialize?prefCd=02&kikanCd=0220000748&kikanKbn=2", "url2": null, "内容": "櫛引クリニック【2:診療所】【診療科目:内科_消化器内科_外科_肛門外科_リハビリテーション科】青森県五所川原市鎌谷町５１６－１０" }, "geometry": { "type": "Point", "coordinates": [ 140.451165, 40.80558 ] } },
{ "type": "Feature", "properties": { "ID": 220220000749, "正式名称": "楠美泌尿器科クリニック", "機関区分": 2, "都道府県コード": 2, "市区町村コード": 205, "所在地": "青森県五所川原市鎌谷町１６４－３", "緯度": 40.804913, "経度": 140.446415, "url": "https://www.iryou.teikyouseido.mhlw.go.jp/znk-web/juminkanja/S2430/initialize?prefCd=02&kikanCd=0220000749&kikanKbn=2", "url2": "http://www.kusumi-clinic.com/", "内容": "楠美泌尿器科クリニック【2:診療所】【診療科目:内科_皮膚科_泌尿器科】青森県五所川原市鎌谷町１６４－３" }, "geometry": { "type": "Point", "coordinates": [ 140.446415, 40.804913 ] } },
{ "type": "Feature", "properties": { "ID": 220220000750, "正式名称": "津軽保健生活協同組合健生五所川原診療所", "機関区分": 2, "都道府県コード": 2, "市区町村コード": 205, "所在地": "青森県五所川原市一ツ谷５０８の７", "緯度": 40.810162, "経度": 140.452219, "url": "https://www.iryou.teikyouseido.mhlw.go.jp/znk-web/juminkanja/S2430/initialize?prefCd=02&kikanCd=0220000750&kikanKbn=2", "url2": "https://www.tsugaru-health.coop/clinics_gosyogawara.html", "内容": "津軽保健生活協同組合健生五所川原診療所【2:診療所】【診療科目:内科_呼吸器内科_循環器内科_胃腸内科】青森県五所川原市一ツ谷５０８の７" }, "geometry": { "type": "Point", "coordinates": [ 140.452219, 40.810162 ] } },
{ "type": "Feature", "properties": { "ID": 220220000753, "正式名称": "佐藤内科小児科医院", "機関区分": 2, "都道府県コード": 2, "市区町村コード": 205, "所在地": "青森県五所川原市弥生町４番地２", "緯度": 40.806385, "経度": 140.446165, "url": "https://www.iryou.teikyouseido.mhlw.go.jp/znk-web/juminkanja/S2430/initialize?prefCd=02&kikanCd=0220000753&kikanKbn=2", "url2": null, "内容": "佐藤内科小児科医院【2:診療所】【診療科目:内科_呼吸器内科_循環器内科_小児科_放射線科】青森県五所川原市弥生町４番地２" }, "geometry": { "type": "Point", "coordinates": [ 140.446165, 40.806385 ] } },
{ "type": "Feature", "properties": { "ID": 220220000756, "正式名称": "医療法人　鈴木耳鼻咽喉科医院", "機関区分": 2, "都道府県コード": 2, "市区町村コード": 205, "所在地": "青森県五所川原市弥生町２１", "緯度": 40.805997, "経度": 140.446831, "url": "https://www.iryou.teikyouseido.mhlw.go.jp/znk-web/juminkanja/S2430/initialize?prefCd=02&kikanCd=0220000756&kikanKbn=2", "url2": null, "内容": "医療法人　鈴木耳鼻咽喉科医院【2:診療所】【診療科目:耳鼻いんこう科】青森県五所川原市弥生町２１" }, "geometry": { "type": "Point", "coordinates": [ 140.446831, 40.805997 ] } },
{ "type": "Feature", "properties": { "ID": 220220000762, "正式名称": "てらだクリニック", "機関区分": 2, "都道府県コード": 2, "市区町村コード": 205, "所在地": "青森県五所川原市稲実米崎１２２－１７", "緯度": 40.787332, "経度": 140.46633, "url": "https://www.iryou.teikyouseido.mhlw.go.jp/znk-web/juminkanja/S2430/initialize?prefCd=02&kikanCd=0220000762&kikanKbn=2", "url2": "https://sites.google.com/view/tclinic1200", "内容": "てらだクリニック【2:診療所】【診療科目:内科】青森県五所川原市稲実米崎１２２－１７" }, "geometry": { "type": "Point", "coordinates": [ 140.46633, 40.787332 ] } },
{ "type": "Feature", "properties": { "ID": 220220000763, "正式名称": "医療法人　華峰会　冨田胃腸科内科医院", "機関区分": 2, "都道府県コード": 2, "市区町村コード": 205, "所在地": "青森県五所川原市みどり町４丁目１２８番地", "緯度": 40.783304, "経度": 140.458692, "url": "https://www.iryou.teikyouseido.mhlw.go.jp/znk-web/juminkanja/S2430/initialize?prefCd=02&kikanCd=0220000763&kikanKbn=2", "url2": "http://www.tomita-ichouka.com/index.html", "内容": "医療法人　華峰会　冨田胃腸科内科医院【2:診療所】【診療科目:内科_消化器内科】青森県五所川原市みどり町４丁目１２８番地" }, "geometry": { "type": "Point", "coordinates": [ 140.458692, 40.783304 ] } },
{ "type": "Feature", "properties": { "ID": 220220000764, "正式名称": "医療法人　守生会　中村整形外科医院", "機関区分": 2, "都道府県コード": 2, "市区町村コード": 205, "所在地": "青森県五所川原市一ツ谷５０８番地１２", "緯度": 40.809718, "経度": 140.452191, "url": "https://www.iryou.teikyouseido.mhlw.go.jp/znk-web/juminkanja/S2430/initialize?prefCd=02&kikanCd=0220000764&kikanKbn=2", "url2": "http://www.shuseikai.com/", "内容": "医療法人　守生会　中村整形外科医院【2:診療所】【診療科目:外科_整形外科_リウマチ科_リハビリテーション科】青森県五所川原市一ツ谷５０８番地１２" }, "geometry": { "type": "Point", "coordinates": [ 140.452191, 40.809718 ] } },
{ "type": "Feature", "properties": { "ID": 220220000765, "正式名称": "（医）和洽会　中井整形外科医院", "機関区分": 2, "都道府県コード": 2, "市区町村コード": 205, "所在地": "青森県五所川原市田町１１０－２", "緯度": 40.802052, "経度": 140.445442, "url": "https://www.iryou.teikyouseido.mhlw.go.jp/znk-web/juminkanja/S2430/initialize?prefCd=02&kikanCd=0220000765&kikanKbn=2", "url2": null, "内容": "（医）和洽会　中井整形外科医院【2:診療所】【診療科目:整形外科_リハビリテーション科】青森県五所川原市田町１１０－２" }, "geometry": { "type": "Point", "coordinates": [ 140.445442, 40.802052 ] } },
{ "type": "Feature", "properties": { "ID": 220220000766, "正式名称": "中村内科医院", "機関区分": 2, "都道府県コード": 2, "市区町村コード": 205, "所在地": "青森県五所川原市錦町１－１３４", "緯度": 40.811384, "経度": 140.440054, "url": "https://www.iryou.teikyouseido.mhlw.go.jp/znk-web/juminkanja/S2430/initialize?prefCd=02&kikanCd=0220000766&kikanKbn=2", "url2": null, "内容": "中村内科医院【2:診療所】【診療科目:内科】青森県五所川原市錦町１－１３４" }, "geometry": { "type": "Point", "coordinates": [ 140.440054, 40.811384 ] } },
{ "type": "Feature", "properties": { "ID": 220220000768, "正式名称": "復明堂眼科医院", "機関区分": 2, "都道府県コード": 2, "市区町村コード": 205, "所在地": "青森県五所川原市旭町６５", "緯度": 40.810162, "経度": 140.446192, "url": "https://www.iryou.teikyouseido.mhlw.go.jp/znk-web/juminkanja/S2430/initialize?prefCd=02&kikanCd=0220000768&kikanKbn=2", "url2": "http://fukumeido.byoinnavi.jp/sp/", "内容": "復明堂眼科医院【2:診療所】【診療科目:眼科】青森県五所川原市旭町６５" }, "geometry": { "type": "Point", "coordinates": [ 140.446192, 40.810162 ] } },
{ "type": "Feature", "properties": { "ID": 220220000772, "正式名称": "山本耳鼻咽喉科", "機関区分": 2, "都道府県コード": 2, "市区町村コード": 205, "所在地": "青森県五所川原市一ツ谷５１６－２", "緯度": 40.811718, "経度": 140.447748, "url": "https://www.iryou.teikyouseido.mhlw.go.jp/znk-web/juminkanja/S2430/initialize?prefCd=02&kikanCd=0220000772&kikanKbn=2", "url2": null, "内容": "山本耳鼻咽喉科【2:診療所】【診療科目:耳鼻いんこう科】青森県五所川原市一ツ谷５１６－２" }, "geometry": { "type": "Point", "coordinates": [ 140.447748, 40.811718 ] } },
{ "type": "Feature", "properties": { "ID": 220220000774, "正式名称": "医療法人幸生会　とやもり内科小児科クリニック", "機関区分": 2, "都道府県コード": 2, "市区町村コード": 205, "所在地": "青森県五所川原市金木町沢部４６８－１　　金木タウンセンターノア", "緯度": 40.907402, "経度": 140.454521, "url": "https://www.iryou.teikyouseido.mhlw.go.jp/znk-web/juminkanja/S2430/initialize?prefCd=02&kikanCd=0220000774&kikanKbn=2", "url2": null, "内容": "医療法人幸生会　とやもり内科小児科クリニック【2:診療所】【診療科目:内科_呼吸器内科_循環器内科_消化器内科_小児科_アレルギー科】青森県五所川原市金木町沢部４６８－１　　金木タウンセンターノア" }, "geometry": { "type": "Point", "coordinates": [ 140.454521, 40.907402 ] } },
{ "type": "Feature", "properties": { "ID": 220220000775, "正式名称": "五所川原市国民健康保険市浦医科診療所", "機関区分": 2, "都道府県コード": 2, "市区町村コード": 205, "所在地": "青森県五所川原市相内２７３", "緯度": 41.054856, "経度": 140.346856, "url": "https://www.iryou.teikyouseido.mhlw.go.jp/znk-web/juminkanja/S2430/initialize?prefCd=02&kikanCd=0220000775&kikanKbn=2", "url2": null, "内容": "五所川原市国民健康保険市浦医科診療所【2:診療所】【診療科目:内科_外科】青森県五所川原市相内２７３" }, "geometry": { "type": "Point", "coordinates": [ 140.346856, 41.054856 ] } },
{ "type": "Feature", "properties": { "ID": 220220000783, "正式名称": "みやしげ内科クリニック", "機関区分": 2, "都道府県コード": 2, "市区町村コード": 209, "所在地": "青森県つがる市木造浮巣４５－１", "緯度": 40.811272, "経度": 140.38817, "url": "https://www.iryou.teikyouseido.mhlw.go.jp/znk-web/juminkanja/S2430/initialize?prefCd=02&kikanCd=0220000783&kikanKbn=2", "url2": null, "内容": "みやしげ内科クリニック【2:診療所】【診療科目:内科_循環器内科_胃腸内科_小児科】青森県つがる市木造浮巣４５－１" }, "geometry": { "type": "Point", "coordinates": [ 140.38817, 40.811272 ] } },
{ "type": "Feature", "properties": { "ID": 220220000784, "正式名称": "山内クリニック", "機関区分": 2, "都道府県コード": 2, "市区町村コード": 209, "所在地": "青森県つがる市木造末広４５－２４", "緯度": 40.813633, "経度": 140.38392, "url": "https://www.iryou.teikyouseido.mhlw.go.jp/znk-web/juminkanja/S2430/initialize?prefCd=02&kikanCd=0220000784&kikanKbn=2", "url2": null, "内容": "山内クリニック【2:診療所】【診療科目:内科_外科_整形外科_皮膚科】青森県つがる市木造末広４５－２４" }, "geometry": { "type": "Point", "coordinates": [ 140.38392, 40.813633 ] } },
{ "type": "Feature", "properties": { "ID": 220220000785, "正式名称": "医療法人　敬生会　越前医院", "機関区分": 2, "都道府県コード": 2, "市区町村コード": 321, "所在地": "青森県西津軽郡鰺ヶ沢町舞戸町上富田２２０－１", "緯度": 40.779412, "経度": 140.221185, "url": "https://www.iryou.teikyouseido.mhlw.go.jp/znk-web/juminkanja/S2430/initialize?prefCd=02&kikanCd=0220000785&kikanKbn=2", "url2": null, "内容": "医療法人　敬生会　越前医院【2:診療所】【診療科目:内科_呼吸器内科_循環器内科_整形外科_皮膚科】青森県西津軽郡鰺ヶ沢町舞戸町上富田２２０－１" }, "geometry": { "type": "Point", "coordinates": [ 140.221185, 40.779412 ] } },
{ "type": "Feature", "properties": { "ID": 220220000795, "正式名称": "中泊町国民健康保険小泊診療所", "機関区分": 2, "都道府県コード": 2, "市区町村コード": 387, "所在地": "青森県北津軽郡中泊町小泊朝間１－２５", "緯度": 41.061772, "経度": 140.30872, "url": "https://www.iryou.teikyouseido.mhlw.go.jp/znk-web/juminkanja/S2430/initialize?prefCd=02&kikanCd=0220000795&kikanKbn=2", "url2": null, "内容": "中泊町国民健康保険小泊診療所【2:診療所】【診療科目:内科_小児科_皮膚科_歯科】青森県北津軽郡中泊町小泊朝間１－２５" }, "geometry": { "type": "Point", "coordinates": [ 140.30872, 41.061772 ] } },
{ "type": "Feature", "properties": { "ID": 220220000797, "正式名称": "中里クリニック", "機関区分": 2, "都道府県コード": 2, "市区町村コード": 387, "所在地": "青森県北津軽郡中泊町中里亀山２６３－１", "緯度": 40.968479, "経度": 140.432381, "url": "https://www.iryou.teikyouseido.mhlw.go.jp/znk-web/juminkanja/S2430/initialize?prefCd=02&kikanCd=0220000797&kikanKbn=2", "url2": null, "内容": "中里クリニック【2:診療所】【診療科目:内科_外科_整形外科_小児科_皮膚科_放射線科】青森県北津軽郡中泊町中里亀山２６３－１" }, "geometry": { "type": "Point", "coordinates": [ 140.432381, 40.968479 ] } },
{ "type": "Feature", "properties": { "ID": 220220000798, "正式名称": "今岡医院", "機関区分": 2, "都道府県コード": 2, "市区町村コード": 384, "所在地": "青森県北津軽郡鶴田町鶴田早瀬２４番地４", "緯度": 40.754807, "経度": 140.430863, "url": "https://www.iryou.teikyouseido.mhlw.go.jp/znk-web/juminkanja/S2430/initialize?prefCd=02&kikanCd=0220000798&kikanKbn=2", "url2": null, "内容": "今岡医院【2:診療所】【診療科目:内科_循環器内科】青森県北津軽郡鶴田町鶴田早瀬２４番地４" }, "geometry": { "type": "Point", "coordinates": [ 140.430863, 40.754807 ] } },
{ "type": "Feature", "properties": { "ID": 220220000810, "正式名称": "特別養護老人ホームすわんの里医務室", "機関区分": 2, "都道府県コード": 2, "市区町村コード": 205, "所在地": "青森県五所川原市脇元磯辺３６５番１", "緯度": 41.094047, "経度": 140.325384, "url": "https://www.iryou.teikyouseido.mhlw.go.jp/znk-web/juminkanja/S2430/initialize?prefCd=02&kikanCd=0220000810&kikanKbn=2", "url2": null, "内容": "特別養護老人ホームすわんの里医務室【2:診療所】【診療科目:内科】青森県五所川原市脇元磯辺３６５番１" }, "geometry": { "type": "Point", "coordinates": [ 140.325384, 41.094047 ] } },
{ "type": "Feature", "properties": { "ID": 220220000824, "正式名称": "医療法人　芳和会　阿部クリニック", "機関区分": 2, "都道府県コード": 2, "市区町村コード": 206, "所在地": "青森県十和田市東三番町９－６６", "緯度": 40.614725, "経度": 141.218165, "url": "https://www.iryou.teikyouseido.mhlw.go.jp/znk-web/juminkanja/S2430/initialize?prefCd=02&kikanCd=0220000824&kikanKbn=2", "url2": null, "内容": "医療法人　芳和会　阿部クリニック【2:診療所】【診療科目:内科】青森県十和田市東三番町９－６６" }, "geometry": { "type": "Point", "coordinates": [ 141.218165, 40.614725 ] } },
{ "type": "Feature", "properties": { "ID": 220220000827, "正式名称": "育成会内科小児科", "機関区分": 2, "都道府県コード": 2, "市区町村コード": 206, "所在地": "青森県十和田市西三番町１－２８", "緯度": 40.613419, "経度": 141.211304, "url": "https://www.iryou.teikyouseido.mhlw.go.jp/znk-web/juminkanja/S2430/initialize?prefCd=02&kikanCd=0220000827&kikanKbn=2", "url2": null, "内容": "育成会内科小児科【2:診療所】【診療科目:内科_呼吸器内科_小児科】青森県十和田市西三番町１－２８" }, "geometry": { "type": "Point", "coordinates": [ 141.211304, 40.613419 ] } },
{ "type": "Feature", "properties": { "ID": 220220000829, "正式名称": "医療法人　岑俊会　しんクリニック産婦人科・皮ふ科", "機関区分": 2, "都道府県コード": 2, "市区町村コード": 206, "所在地": "青森県十和田市穂並町１０－１２", "緯度": 40.604976, "経度": 141.222415, "url": "https://www.iryou.teikyouseido.mhlw.go.jp/znk-web/juminkanja/S2430/initialize?prefCd=02&kikanCd=0220000829&kikanKbn=2", "url2": null, "内容": "医療法人　岑俊会　しんクリニック産婦人科・皮ふ科【2:診療所】【診療科目:産婦人科_皮膚科】青森県十和田市穂並町１０－１２" }, "geometry": { "type": "Point", "coordinates": [ 141.222415, 40.604976 ] } },
{ "type": "Feature", "properties": { "ID": 220220000830, "正式名称": "医療法人　十和田東クリニック", "機関区分": 2, "都道府県コード": 2, "市区町村コード": 206, "所在地": "青森県十和田市大字三本木字里ノ沢１－５６", "緯度": 40.6265, "経度": 141.246887, "url": "https://www.iryou.teikyouseido.mhlw.go.jp/znk-web/juminkanja/S2430/initialize?prefCd=02&kikanCd=0220000830&kikanKbn=2", "url2": "http://www.towada-hi.or.jp", "内容": "医療法人　十和田東クリニック【2:診療所】【診療科目:整形外科_リウマチ科_リハビリテーション科】青森県十和田市大字三本木字里ノ沢１－５６" }, "geometry": { "type": "Point", "coordinates": [ 141.246887, 40.6265 ] } },
{ "type": "Feature", "properties": { "ID": 220220000831, "正式名称": "えとクリニック", "機関区分": 2, "都道府県コード": 2, "市区町村コード": 206, "所在地": "青森県十和田市東一番町２－２３", "緯度": 40.620502, "経度": 141.212915, "url": "https://www.iryou.teikyouseido.mhlw.go.jp/znk-web/juminkanja/S2430/initialize?prefCd=02&kikanCd=0220000831&kikanKbn=2", "url2": "http://eto88clinic.com/", "内容": "えとクリニック【2:診療所】【診療科目:内科_消化器内科】青森県十和田市東一番町２－２３" }, "geometry": { "type": "Point", "coordinates": [ 141.212915, 40.620502 ] } },
{ "type": "Feature", "properties": { "ID": 220220000833, "正式名称": "大山皮膚科クリニック", "機関区分": 2, "都道府県コード": 2, "市区町村コード": 206, "所在地": "青森県十和田市三本木千歳森１３７－１", "緯度": 40.62689, "経度": 141.201777, "url": "https://www.iryou.teikyouseido.mhlw.go.jp/znk-web/juminkanja/S2430/initialize?prefCd=02&kikanCd=0220000833&kikanKbn=2", "url2": null, "内容": "大山皮膚科クリニック【2:診療所】【診療科目:皮膚科】青森県十和田市三本木千歳森１３７－１" }, "geometry": { "type": "Point", "coordinates": [ 141.201777, 40.62689 ] } },
{ "type": "Feature", "properties": { "ID": 220220000834, "正式名称": "かわむらクリニック", "機関区分": 2, "都道府県コード": 2, "市区町村コード": 206, "所在地": "青森県十和田市西二十二番町４－１６", "緯度": 40.610114, "経度": 141.200112, "url": "https://www.iryou.teikyouseido.mhlw.go.jp/znk-web/juminkanja/S2430/initialize?prefCd=02&kikanCd=0220000834&kikanKbn=2", "url2": null, "内容": "かわむらクリニック【2:診療所】【診療科目:内科_呼吸器内科_循環器内科】青森県十和田市西二十二番町４－１６" }, "geometry": { "type": "Point", "coordinates": [ 141.200112, 40.610114 ] } },
{ "type": "Feature", "properties": { "ID": 220220000835, "正式名称": "小嶋外科胃腸科医院", "機関区分": 2, "都道府県コード": 2, "市区町村コード": 206, "所在地": "青森県十和田市西三番町１５－４１", "緯度": 40.611058, "経度": 141.213999, "url": "https://www.iryou.teikyouseido.mhlw.go.jp/znk-web/juminkanja/S2430/initialize?prefCd=02&kikanCd=0220000835&kikanKbn=2", "url2": null, "内容": "小嶋外科胃腸科医院【2:診療所】【診療科目:消化器内科_胃腸内科_外科_肛門外科_皮膚科】青森県十和田市西三番町１５－４１" }, "geometry": { "type": "Point", "coordinates": [ 141.213999, 40.611058 ] } },
{ "type": "Feature", "properties": { "ID": 220220000836, "正式名称": "岡本整形外科クリニック（医療法人）", "機関区分": 2, "都道府県コード": 2, "市区町村コード": 206, "所在地": "青森県十和田市稲生町２－２２", "緯度": 40.620835, "経度": 141.209332, "url": "https://www.iryou.teikyouseido.mhlw.go.jp/znk-web/juminkanja/S2430/initialize?prefCd=02&kikanCd=0220000836&kikanKbn=2", "url2": null, "内容": "岡本整形外科クリニック（医療法人）【2:診療所】【診療科目:整形外科_リハビリテーション科_放射線科】青森県十和田市稲生町２－２２" }, "geometry": { "type": "Point", "coordinates": [ 141.209332, 40.620835 ] } },
{ "type": "Feature", "properties": { "ID": 220220000837, "正式名称": "さとる整形外科クリニック", "機関区分": 2, "都道府県コード": 2, "市区町村コード": 206, "所在地": "青森県十和田市東十一番町７－１７", "緯度": 40.62203, "経度": 141.220081, "url": "https://www.iryou.teikyouseido.mhlw.go.jp/znk-web/juminkanja/S2430/initialize?prefCd=02&kikanCd=0220000837&kikanKbn=2", "url2": null, "内容": "さとる整形外科クリニック【2:診療所】【診療科目:整形外科_リウマチ科_リハビリテーション科】青森県十和田市東十一番町７－１７" }, "geometry": { "type": "Point", "coordinates": [ 141.220081, 40.62203 ] } },
{ "type": "Feature", "properties": { "ID": 220220000838, "正式名称": "えと内科医院", "機関区分": 2, "都道府県コード": 2, "市区町村コード": 206, "所在地": "青森県十和田市西三番町１－２８", "緯度": 40.613447, "経度": 141.210583, "url": "https://www.iryou.teikyouseido.mhlw.go.jp/znk-web/juminkanja/S2430/initialize?prefCd=02&kikanCd=0220000838&kikanKbn=2", "url2": null, "内容": "えと内科医院【2:診療所】【診療科目:内科】青森県十和田市西三番町１－２８" }, "geometry": { "type": "Point", "coordinates": [ 141.210583, 40.613447 ] } },
{ "type": "Feature", "properties": { "ID": 220220000839, "正式名称": "篠田医院", "機関区分": 2, "都道府県コード": 2, "市区町村コード": 206, "所在地": "青森県十和田市稲生町２１－２１", "緯度": 40.611086, "経度": 141.215137, "url": "https://www.iryou.teikyouseido.mhlw.go.jp/znk-web/juminkanja/S2430/initialize?prefCd=02&kikanCd=0220000839&kikanKbn=2", "url2": null, "内容": "篠田医院【2:診療所】【診療科目:内科_循環器内科_消化器内科】青森県十和田市稲生町２１－２１" }, "geometry": { "type": "Point", "coordinates": [ 141.215137, 40.611086 ] } },
{ "type": "Feature", "properties": { "ID": 220220000841, "正式名称": "清潮会クリニック", "機関区分": 2, "都道府県コード": 2, "市区町村コード": 206, "所在地": "青森県十和田市東十一番町７－２５", "緯度": 40.622057, "経度": 141.219636, "url": "https://www.iryou.teikyouseido.mhlw.go.jp/znk-web/juminkanja/S2430/initialize?prefCd=02&kikanCd=0220000841&kikanKbn=2", "url2": null, "内容": "清潮会クリニック【2:診療所】【診療科目:耳鼻いんこう科】青森県十和田市東十一番町７－２５" }, "geometry": { "type": "Point", "coordinates": [ 141.219636, 40.622057 ] } },
{ "type": "Feature", "properties": { "ID": 220220000844, "正式名称": "十和田眼科クリニック", "機関区分": 2, "都道府県コード": 2, "市区町村コード": 206, "所在地": "青森県十和田市稲生町１５－３６", "緯度": 40.614252, "経度": 141.212804, "url": "https://www.iryou.teikyouseido.mhlw.go.jp/znk-web/juminkanja/S2430/initialize?prefCd=02&kikanCd=0220000844&kikanKbn=2", "url2": null, "内容": "十和田眼科クリニック【2:診療所】【診療科目:眼科】青森県十和田市稲生町１５－３６" }, "geometry": { "type": "Point", "coordinates": [ 141.212804, 40.614252 ] } },
{ "type": "Feature", "properties": { "ID": 220220000845, "正式名称": "十和田外科内科", "機関区分": 2, "都道府県コード": 2, "市区町村コード": 206, "所在地": "青森県十和田市穂並町１－５", "緯度": 40.609669, "経度": 141.216999, "url": "https://www.iryou.teikyouseido.mhlw.go.jp/znk-web/juminkanja/S2430/initialize?prefCd=02&kikanCd=0220000845&kikanKbn=2", "url2": "https://www.towada-gekanaika.com/", "内容": "十和田外科内科【2:診療所】【診療科目:内科_糖尿病内科_代謝内科_内分泌内科_脂質代謝内科_糖尿病・内分泌内科_糖尿病・代謝内科_代謝・内分泌内科_消化器内科_胃腸内科_外科_消化器外科_胃腸外科_大腸外科_肛門外科_大腸・肛門外科】青森県十和田市穂並町１－５" }, "geometry": { "type": "Point", "coordinates": [ 141.216999, 40.609669 ] } },
{ "type": "Feature", "properties": { "ID": 220220000847, "正式名称": "とわだ耳鼻いんこう科医院", "機関区分": 2, "都道府県コード": 2, "市区町村コード": 206, "所在地": "青森県十和田市西十一番町２２－１１", "緯度": 40.614974, "経度": 141.204277, "url": "https://www.iryou.teikyouseido.mhlw.go.jp/znk-web/juminkanja/S2430/initialize?prefCd=02&kikanCd=0220000847&kikanKbn=2", "url2": null, "内容": "とわだ耳鼻いんこう科医院【2:診療所】【診療科目:耳鼻いんこう科】青森県十和田市西十一番町２２－１１" }, "geometry": { "type": "Point", "coordinates": [ 141.204277, 40.614974 ] } },
{ "type": "Feature", "properties": { "ID": 220220000848, "正式名称": "十和田泌尿器科クリニック", "機関区分": 2, "都道府県コード": 2, "市区町村コード": 206, "所在地": "青森県十和田市元町東１－３－８", "緯度": 40.62364, "経度": 141.208276, "url": "https://www.iryou.teikyouseido.mhlw.go.jp/znk-web/juminkanja/S2430/initialize?prefCd=02&kikanCd=0220000848&kikanKbn=2", "url2": null, "内容": "十和田泌尿器科クリニック【2:診療所】【診療科目:内科_泌尿器科】青森県十和田市元町東１－３－８" }, "geometry": { "type": "Point", "coordinates": [ 141.208276, 40.62364 ] } },
{ "type": "Feature", "properties": { "ID": 220220000850, "正式名称": "のづき内科小児科クリニック", "機関区分": 2, "都道府県コード": 2, "市区町村コード": 206, "所在地": "青森県十和田市東十二番町１４－３０", "緯度": 40.62253, "経度": 141.222581, "url": "https://www.iryou.teikyouseido.mhlw.go.jp/znk-web/juminkanja/S2430/initialize?prefCd=02&kikanCd=0220000850&kikanKbn=2", "url2": null, "内容": "のづき内科小児科クリニック【2:診療所】【診療科目:内科_小児科】青森県十和田市東十二番町１４－３０" }, "geometry": { "type": "Point", "coordinates": [ 141.222581, 40.62253 ] } },
{ "type": "Feature", "properties": { "ID": 220220000851, "正式名称": "はし眼科", "機関区分": 2, "都道府県コード": 2, "市区町村コード": 206, "所在地": "青森県十和田市東四番町９－７", "緯度": 40.612031, "経度": 141.221637, "url": "https://www.iryou.teikyouseido.mhlw.go.jp/znk-web/juminkanja/S2430/initialize?prefCd=02&kikanCd=0220000851&kikanKbn=2", "url2": null, "内容": "はし眼科【2:診療所】【診療科目:眼科】青森県十和田市東四番町９－７" }, "geometry": { "type": "Point", "coordinates": [ 141.221637, 40.612031 ] } },
{ "type": "Feature", "properties": { "ID": 220220000853, "正式名称": "藤井産婦人科医院", "機関区分": 2, "都道府県コード": 2, "市区町村コード": 206, "所在地": "青森県十和田市東三番町９－５９", "緯度": 40.614031, "経度": 141.218499, "url": "https://www.iryou.teikyouseido.mhlw.go.jp/znk-web/juminkanja/S2430/initialize?prefCd=02&kikanCd=0220000853&kikanKbn=2", "url2": null, "内容": "藤井産婦人科医院【2:診療所】【診療科目:産婦人科_産科_婦人科】青森県十和田市東三番町９－５９" }, "geometry": { "type": "Point", "coordinates": [ 141.218499, 40.614031 ] } },
{ "type": "Feature", "properties": { "ID": 220220000854, "正式名称": "藤原内科", "機関区分": 2, "都道府県コード": 2, "市区町村コード": 206, "所在地": "青森県十和田市三本木北平１１５－８", "緯度": 40.629223, "経度": 141.205804, "url": "https://www.iryou.teikyouseido.mhlw.go.jp/znk-web/juminkanja/S2430/initialize?prefCd=02&kikanCd=0220000854&kikanKbn=2", "url2": "http://fujiwara-medicalclinic.jp/access", "内容": "藤原内科【2:診療所】【診療科目:内科_糖尿病・代謝内科】青森県十和田市三本木北平１１５－８" }, "geometry": { "type": "Point", "coordinates": [ 141.205804, 40.629223 ] } },
{ "type": "Feature", "properties": { "ID": 220220000857, "正式名称": "医療法人　村木内科胃腸科医院", "機関区分": 2, "都道府県コード": 2, "市区町村コード": 206, "所在地": "青森県十和田市西三番町２０－１７", "緯度": 40.609531, "経度": 141.215026, "url": "https://www.iryou.teikyouseido.mhlw.go.jp/znk-web/juminkanja/S2430/initialize?prefCd=02&kikanCd=0220000857&kikanKbn=2", "url2": null, "内容": "医療法人　村木内科胃腸科医院【2:診療所】【診療科目:内科_消化器内科_胃腸内科】青森県十和田市西三番町２０－１７" }, "geometry": { "type": "Point", "coordinates": [ 141.215026, 40.609531 ] } },
{ "type": "Feature", "properties": { "ID": 220220000862, "正式名称": "十和田市立十和田湖診療所", "機関区分": 2, "都道府県コード": 2, "市区町村コード": 206, "所在地": "青森県十和田市奥瀬十和田湖畔休屋１６－１９５", "緯度": 40.446377, "経度": 140.942168, "url": "https://www.iryou.teikyouseido.mhlw.go.jp/znk-web/juminkanja/S2430/initialize?prefCd=02&kikanCd=0220000862&kikanKbn=2", "url2": "http://www.city.towada.lg.jp/docs/2012070900058/", "内容": "十和田市立十和田湖診療所【2:診療所】【診療科目:内科】青森県十和田市奥瀬十和田湖畔休屋１６－１９５" }, "geometry": { "type": "Point", "coordinates": [ 140.942168, 40.446377 ] } },
{ "type": "Feature", "properties": { "ID": 220220000863, "正式名称": "一葉園医務室", "機関区分": 2, "都道府県コード": 2, "市区町村コード": 206, "所在地": "青森県十和田市元町西五丁目１１番３１号", "緯度": 40.623152, "経度": 141.198223, "url": "https://www.iryou.teikyouseido.mhlw.go.jp/znk-web/juminkanja/S2430/initialize?prefCd=02&kikanCd=0220000863&kikanKbn=2", "url2": "http://shiseikai-1960.or.jp/", "内容": "一葉園医務室【2:診療所】【診療科目:内科】青森県十和田市元町西五丁目１１番３１号" }, "geometry": { "type": "Point", "coordinates": [ 141.198223, 40.623152 ] } },
{ "type": "Feature", "properties": { "ID": 220220000870, "正式名称": "医療法人　平山泰照皮膚科医院", "機関区分": 2, "都道府県コード": 2, "市区町村コード": 207, "所在地": "青森県三沢市中央町四丁目４－１４", "緯度": 40.678998, "経度": 141.363511, "url": "https://www.iryou.teikyouseido.mhlw.go.jp/znk-web/juminkanja/S2430/initialize?prefCd=02&kikanCd=0220000870&kikanKbn=2", "url2": null, "内容": "医療法人　平山泰照皮膚科医院【2:診療所】【診療科目:皮膚科】青森県三沢市中央町四丁目４－１４" }, "geometry": { "type": "Point", "coordinates": [ 141.363511, 40.678998 ] } },
{ "type": "Feature", "properties": { "ID": 220220000871, "正式名称": "医療法人　みさわクリニック", "機関区分": 2, "都道府県コード": 2, "市区町村コード": 207, "所在地": "青森県三沢市大町２丁目７－１２", "緯度": 40.677387, "経度": 141.361206, "url": "https://www.iryou.teikyouseido.mhlw.go.jp/znk-web/juminkanja/S2430/initialize?prefCd=02&kikanCd=0220000871&kikanKbn=2", "url2": null, "内容": "医療法人　みさわクリニック【2:診療所】【診療科目:内科_消化器内科_小児科】青森県三沢市大町２丁目７－１２" }, "geometry": { "type": "Point", "coordinates": [ 141.361206, 40.677387 ] } },
{ "type": "Feature", "properties": { "ID": 220220000873, "正式名称": "さいとう耳鼻咽喉科クリニック", "機関区分": 2, "都道府県コード": 2, "市区町村コード": 207, "所在地": "青森県三沢市堀口２丁目１－２", "緯度": 40.684053, "経度": 141.378426, "url": "https://www.iryou.teikyouseido.mhlw.go.jp/znk-web/juminkanja/S2430/initialize?prefCd=02&kikanCd=0220000873&kikanKbn=2", "url2": null, "内容": "さいとう耳鼻咽喉科クリニック【2:診療所】【診療科目:耳鼻いんこう科】青森県三沢市堀口２丁目１－２" }, "geometry": { "type": "Point", "coordinates": [ 141.378426, 40.684053 ] } },
{ "type": "Feature", "properties": { "ID": 220220000875, "正式名称": "医療法人　賢心会　すずき小児科内科クリニック", "機関区分": 2, "都道府県コード": 2, "市区町村コード": 207, "所在地": "青森県三沢市下久保２－１－６", "緯度": 40.687081, "経度": 141.38187, "url": "https://www.iryou.teikyouseido.mhlw.go.jp/znk-web/juminkanja/S2430/initialize?prefCd=02&kikanCd=0220000875&kikanKbn=2", "url2": null, "内容": "医療法人　賢心会　すずき小児科内科クリニック【2:診療所】【診療科目:内科_小児科_皮膚科_アレルギー科】青森県三沢市下久保２－１－６" }, "geometry": { "type": "Point", "coordinates": [ 141.38187, 40.687081 ] } },
{ "type": "Feature", "properties": { "ID": 220220000877, "正式名称": "得居泌尿器科医院", "機関区分": 2, "都道府県コード": 2, "市区町村コード": 207, "所在地": "青森県三沢市下久保三丁目２０－２", "緯度": 40.690775, "経度": 141.381148, "url": "https://www.iryou.teikyouseido.mhlw.go.jp/znk-web/juminkanja/S2430/initialize?prefCd=02&kikanCd=0220000877&kikanKbn=2", "url2": null, "内容": "得居泌尿器科医院【2:診療所】【診療科目:内科_人工透析内科_外科_小児泌尿器科_皮膚科_泌尿器科】青森県三沢市下久保三丁目２０－２" }, "geometry": { "type": "Point", "coordinates": [ 141.381148, 40.690775 ] } },
{ "type": "Feature", "properties": { "ID": 220220000878, "正式名称": "中山内科医院", "機関区分": 2, "都道府県コード": 2, "市区町村コード": 207, "所在地": "青森県三沢市桜町３－１－２８", "緯度": 40.682553, "経度": 141.369955, "url": "https://www.iryou.teikyouseido.mhlw.go.jp/znk-web/juminkanja/S2430/initialize?prefCd=02&kikanCd=0220000878&kikanKbn=2", "url2": null, "内容": "中山内科医院【2:診療所】【診療科目:内科_糖尿病内科_内分泌内科_循環器内科_胃腸内科_アレルギー科】青森県三沢市桜町３－１－２８" }, "geometry": { "type": "Point", "coordinates": [ 141.369955, 40.682553 ] } },
{ "type": "Feature", "properties": { "ID": 220220000880, "正式名称": "ひぐちクリニック", "機関区分": 2, "都道府県コード": 2, "市区町村コード": 207, "所在地": "青森県三沢市桜町三丁目１０－１４", "緯度": 40.679609, "経度": 141.37301, "url": "https://www.iryou.teikyouseido.mhlw.go.jp/znk-web/juminkanja/S2430/initialize?prefCd=02&kikanCd=0220000880&kikanKbn=2", "url2": null, "内容": "ひぐちクリニック【2:診療所】【診療科目:内科_呼吸器内科_循環器内科_胃腸内科_小児科】青森県三沢市桜町三丁目１０－１４" }, "geometry": { "type": "Point", "coordinates": [ 141.37301, 40.679609 ] } },
{ "type": "Feature", "properties": { "ID": 220220000881, "正式名称": "医療法人サン・ミッシェル会　まつぞのクリニック", "機関区分": 2, "都道府県コード": 2, "市区町村コード": 207, "所在地": "青森県三沢市松園町三丁目９番地４号", "緯度": 40.674832, "経度": 141.364345, "url": "https://www.iryou.teikyouseido.mhlw.go.jp/znk-web/juminkanja/S2430/initialize?prefCd=02&kikanCd=0220000881&kikanKbn=2", "url2": null, "内容": "医療法人サン・ミッシェル会　まつぞのクリニック【2:診療所】【診療科目:内科_循環器内科_外科】青森県三沢市松園町三丁目９番地４号" }, "geometry": { "type": "Point", "coordinates": [ 141.364345, 40.674832 ] } },
{ "type": "Feature", "properties": { "ID": 220220000888, "正式名称": "えびさわクリニック", "機関区分": 2, "都道府県コード": 2, "市区町村コード": 401, "所在地": "青森県上北郡野辺地町野辺地６９－１", "緯度": 40.86689, "経度": 141.12555, "url": "https://www.iryou.teikyouseido.mhlw.go.jp/znk-web/juminkanja/S2430/initialize?prefCd=02&kikanCd=0220000888&kikanKbn=2", "url2": null, "内容": "えびさわクリニック【2:診療所】【診療科目:内科】青森県上北郡野辺地町野辺地６９－１" }, "geometry": { "type": "Point", "coordinates": [ 141.12555, 40.86689 ] } },
{ "type": "Feature", "properties": { "ID": 220220000890, "正式名称": "戸館内科整形外科医院", "機関区分": 2, "都道府県コード": 2, "市区町村コード": 401, "所在地": "青森県上北郡野辺地町野辺地２６１番地１", "緯度": 40.867002, "経度": 141.1273, "url": "https://www.iryou.teikyouseido.mhlw.go.jp/znk-web/juminkanja/S2430/initialize?prefCd=02&kikanCd=0220000890&kikanKbn=2", "url2": null, "内容": "戸館内科整形外科医院【2:診療所】【診療科目:内科_呼吸器内科_循環器内科_消化器内科_胃腸内科_整形外科_小児科_リウマチ科】青森県上北郡野辺地町野辺地２６１番地１" }, "geometry": { "type": "Point", "coordinates": [ 141.1273, 40.867002 ] } },
{ "type": "Feature", "properties": { "ID": 220220000892, "正式名称": "のへじクリニック", "機関区分": 2, "都道府県コード": 2, "市区町村コード": 401, "所在地": "青森県上北郡野辺地町下小中野１８－８", "緯度": 40.85728, "経度": 141.118412, "url": "https://www.iryou.teikyouseido.mhlw.go.jp/znk-web/juminkanja/S2430/initialize?prefCd=02&kikanCd=0220000892&kikanKbn=2", "url2": "http://www.m-c-seishokai.jp/index_no.html", "内容": "のへじクリニック【2:診療所】【診療科目:内科_外科_泌尿器科】青森県上北郡野辺地町下小中野１８－８" }, "geometry": { "type": "Point", "coordinates": [ 141.118412, 40.85728 ] } },
{ "type": "Feature", "properties": { "ID": 220220000897, "正式名称": "工藤医院", "機関区分": 2, "都道府県コード": 2, "市区町村コード": 402, "所在地": "青森県上北郡七戸町道ノ上６３－４", "緯度": 40.74532, "経度": 141.152775, "url": "https://www.iryou.teikyouseido.mhlw.go.jp/znk-web/juminkanja/S2430/initialize?prefCd=02&kikanCd=0220000897&kikanKbn=2", "url2": null, "内容": "工藤医院【2:診療所】【診療科目:内科_整形外科_小児科】青森県上北郡七戸町道ノ上６３－４" }, "geometry": { "type": "Point", "coordinates": [ 141.152775, 40.74532 ] } },
{ "type": "Feature", "properties": { "ID": 220220000904, "正式名称": "沼田医院", "機関区分": 2, "都道府県コード": 2, "市区町村コード": 405, "所在地": "青森県上北郡六戸町犬落瀬後田１７－１", "緯度": 40.605144, "経度": 141.325128, "url": "https://www.iryou.teikyouseido.mhlw.go.jp/znk-web/juminkanja/S2430/initialize?prefCd=02&kikanCd=0220000904&kikanKbn=2", "url2": "http://www006.upp.so-net.ne.jp/numata-iin/", "内容": "沼田医院【2:診療所】【診療科目:内科_整形外科_小児科_心療内科】青森県上北郡六戸町犬落瀬後田１７－１" }, "geometry": { "type": "Point", "coordinates": [ 141.325128, 40.605144 ] } },
{ "type": "Feature", "properties": { "ID": 220220000905, "正式名称": "医療法人　明央会　福田眼科医院", "機関区分": 2, "都道府県コード": 2, "市区町村コード": 405, "所在地": "青森県上北郡六戸町犬落瀬堀切沢５９－１０７", "緯度": 40.660528, "経度": 141.346124, "url": "https://www.iryou.teikyouseido.mhlw.go.jp/znk-web/juminkanja/S2430/initialize?prefCd=02&kikanCd=0220000905&kikanKbn=2", "url2": null, "内容": "医療法人　明央会　福田眼科医院【2:診療所】【診療科目:眼科】青森県上北郡六戸町犬落瀬堀切沢５９－１０７" }, "geometry": { "type": "Point", "coordinates": [ 141.346124, 40.660528 ] } },
{ "type": "Feature", "properties": { "ID": 220220000912, "正式名称": "旭日クリニック", "機関区分": 2, "都道府県コード": 2, "市区町村コード": 408, "所在地": "青森県上北郡東北町上野南谷地２５８番地１", "緯度": 40.729019, "経度": 141.278989, "url": "https://www.iryou.teikyouseido.mhlw.go.jp/znk-web/juminkanja/S2430/initialize?prefCd=02&kikanCd=0220000912&kikanKbn=2", "url2": "http://asahi-clinic.jp", "内容": "旭日クリニック【2:診療所】【診療科目:内科_呼吸器内科_循環器内科_消化器外科_整形外科】青森県上北郡東北町上野南谷地２５８番地１" }, "geometry": { "type": "Point", "coordinates": [ 141.278989, 40.729019 ] } },
{ "type": "Feature", "properties": { "ID": 220220000913, "正式名称": "すみれ内科クリニック", "機関区分": 2, "都道府県コード": 2, "市区町村コード": 408, "所在地": "青森県上北郡東北町上北北１丁目３４－１０３", "緯度": 40.734213, "経度": 141.260406, "url": "https://www.iryou.teikyouseido.mhlw.go.jp/znk-web/juminkanja/S2430/initialize?prefCd=02&kikanCd=0220000913&kikanKbn=2", "url2": null, "内容": "すみれ内科クリニック【2:診療所】【診療科目:内科】青森県上北郡東北町上北北１丁目３４－１０３" }, "geometry": { "type": "Point", "coordinates": [ 141.260406, 40.734213 ] } },
{ "type": "Feature", "properties": { "ID": 220220000914, "正式名称": "吉田内科医院", "機関区分": 2, "都道府県コード": 2, "市区町村コード": 408, "所在地": "青森県上北郡東北町上笹橋２３－８", "緯度": 40.780068, "経度": 141.216046, "url": "https://www.iryou.teikyouseido.mhlw.go.jp/znk-web/juminkanja/S2430/initialize?prefCd=02&kikanCd=0220000914&kikanKbn=2", "url2": null, "内容": "吉田内科医院【2:診療所】【診療科目:内科_小児科_リハビリテーション科】青森県上北郡東北町上笹橋２３－８" }, "geometry": { "type": "Point", "coordinates": [ 141.216046, 40.780068 ] } },
{ "type": "Feature", "properties": { "ID": 220220000926, "正式名称": "国民健康保険　風間浦診療所", "機関区分": 2, "都道府県コード": 2, "市区町村コード": 425, "所在地": "青森県下北郡風間浦村易国間大川目１１番地２", "緯度": 41.482267, "経度": 140.992366, "url": "https://www.iryou.teikyouseido.mhlw.go.jp/znk-web/juminkanja/S2430/initialize?prefCd=02&kikanCd=0220000926&kikanKbn=2", "url2": null, "内容": "国民健康保険　風間浦診療所【2:診療所】【診療科目:内科_外科_小児科】青森県下北郡風間浦村易国間大川目１１番地２" }, "geometry": { "type": "Point", "coordinates": [ 140.992366, 41.482267 ] } },
{ "type": "Feature", "properties": { "ID": 220220000928, "正式名称": "福浦診療所", "機関区分": 2, "都道府県コード": 2, "市区町村コード": 426, "所在地": "青森県下北郡佐井村長後福浦川目１１－１", "緯度": 41.32778, "経度": 140.809916, "url": "https://www.iryou.teikyouseido.mhlw.go.jp/znk-web/juminkanja/S2430/initialize?prefCd=02&kikanCd=0220000928&kikanKbn=2", "url2": null, "内容": "福浦診療所【2:診療所】【診療科目:内科_外科_小児科_皮膚科_歯科】青森県下北郡佐井村長後福浦川目１１－１" }, "geometry": { "type": "Point", "coordinates": [ 140.809916, 41.32778 ] } },
{ "type": "Feature", "properties": { "ID": 220220000929, "正式名称": "牛滝診療所", "機関区分": 2, "都道府県コード": 2, "市区町村コード": 426, "所在地": "青森県下北郡佐井村長後牛滝川目１００", "緯度": 41.290534, "経度": 140.804085, "url": "https://www.iryou.teikyouseido.mhlw.go.jp/znk-web/juminkanja/S2430/initialize?prefCd=02&kikanCd=0220000929&kikanKbn=2", "url2": null, "内容": "牛滝診療所【2:診療所】【診療科目:内科_外科_小児科_皮膚科_歯科】青森県下北郡佐井村長後牛滝川目１００" }, "geometry": { "type": "Point", "coordinates": [ 140.804085, 41.290534 ] } },
{ "type": "Feature", "properties": { "ID": 220220000930, "正式名称": "一部事務組合下北医療センター　東通村診療所", "機関区分": 2, "都道府県コード": 2, "市区町村コード": 424, "所在地": "青森県下北郡東通村砂子又里１７番地２", "緯度": 41.268046, "経度": 141.339681, "url": "https://www.iryou.teikyouseido.mhlw.go.jp/znk-web/juminkanja/S2430/initialize?prefCd=02&kikanCd=0220000930&kikanKbn=2", "url2": "http://higashidori.jadecom.or.jp/", "内容": "一部事務組合下北医療センター　東通村診療所【2:診療所】【診療科目:内科_外科_整形外科_小児科】青森県下北郡東通村砂子又里１７番地２" }, "geometry": { "type": "Point", "coordinates": [ 141.339681, 41.268046 ] } },
{ "type": "Feature", "properties": { "ID": 220220000932, "正式名称": "一部事務組合下北医療センター　白糠診療所", "機関区分": 2, "都道府県コード": 2, "市区町村コード": 424, "所在地": "青森県下北郡東通村白糠赤平１３０番地９", "緯度": 41.062402, "経度": 141.387991, "url": "https://www.iryou.teikyouseido.mhlw.go.jp/znk-web/juminkanja/S2430/initialize?prefCd=02&kikanCd=0220000932&kikanKbn=2", "url2": "http://shiranuka.jadecom.or.jp/", "内容": "一部事務組合下北医療センター　白糠診療所【2:診療所】【診療科目:内科_外科】青森県下北郡東通村白糠赤平１３０番地９" }, "geometry": { "type": "Point", "coordinates": [ 141.387991, 41.062402 ] } },
{ "type": "Feature", "properties": { "ID": 220220000934, "正式名称": "となみ療護園　医務室", "機関区分": 2, "都道府県コード": 2, "市区町村コード": 208, "所在地": "青森県むつ市田名部赤川ノ内並木１４番２４５", "緯度": 41.247101, "経度": 141.231607, "url": "https://www.iryou.teikyouseido.mhlw.go.jp/znk-web/juminkanja/S2430/initialize?prefCd=02&kikanCd=0220000934&kikanKbn=2", "url2": null, "内容": "となみ療護園　医務室【2:診療所】【診療科目:内科】青森県むつ市田名部赤川ノ内並木１４番２４５" }, "geometry": { "type": "Point", "coordinates": [ 141.231607, 41.247101 ] } },
{ "type": "Feature", "properties": { "ID": 220220000936, "正式名称": "医療法人　白心会　北村医院", "機関区分": 2, "都道府県コード": 2, "市区町村コード": 208, "所在地": "青森県むつ市柳町１－９－５５", "緯度": 41.29804, "経度": 141.214856, "url": "https://www.iryou.teikyouseido.mhlw.go.jp/znk-web/juminkanja/S2430/initialize?prefCd=02&kikanCd=0220000936&kikanKbn=2", "url2": "http://www.kitamuraiin.or.jp", "内容": "医療法人　白心会　北村医院【2:診療所】【診療科目:内科_ペインクリニック内科_小児科_小児外科_産婦人科】青森県むつ市柳町１－９－５５" }, "geometry": { "type": "Point", "coordinates": [ 141.214856, 41.29804 ] } },
{ "type": "Feature", "properties": { "ID": 220220000937, "正式名称": "医療法人　章士会　三上医院", "機関区分": 2, "都道府県コード": 2, "市区町村コード": 208, "所在地": "青森県むつ市柳町一丁目８番２２号", "緯度": 41.297151, "経度": 141.215134, "url": "https://www.iryou.teikyouseido.mhlw.go.jp/znk-web/juminkanja/S2430/initialize?prefCd=02&kikanCd=0220000937&kikanKbn=2", "url2": null, "内容": "医療法人　章士会　三上医院【2:診療所】【診療科目:内科_循環器内科_消化器内科_放射線科】青森県むつ市柳町一丁目８番２２号" }, "geometry": { "type": "Point", "coordinates": [ 141.215134, 41.297151 ] } },
{ "type": "Feature", "properties": { "ID": 220220000938, "正式名称": "槇皮膚科医院", "機関区分": 2, "都道府県コード": 2, "市区町村コード": 208, "所在地": "青森県むつ市柳町１－８－１　木村ビル２Ｆ", "緯度": 41.296513, "経度": 141.21494, "url": "https://www.iryou.teikyouseido.mhlw.go.jp/znk-web/juminkanja/S2430/initialize?prefCd=02&kikanCd=0220000938&kikanKbn=2", "url2": null, "内容": "槇皮膚科医院【2:診療所】【診療科目:皮膚科】青森県むつ市柳町１－８－１　木村ビル２Ｆ" }, "geometry": { "type": "Point", "coordinates": [ 141.21494, 41.296513 ] } },
{ "type": "Feature", "properties": { "ID": 220220000939, "正式名称": "中村眼科クリニック", "機関区分": 2, "都道府県コード": 2, "市区町村コード": 208, "所在地": "青森県むつ市横迎町２丁目１番９号", "緯度": 41.294152, "経度": 141.21719, "url": "https://www.iryou.teikyouseido.mhlw.go.jp/znk-web/juminkanja/S2430/initialize?prefCd=02&kikanCd=0220000939&kikanKbn=2", "url2": null, "内容": "中村眼科クリニック【2:診療所】【診療科目:眼科】青森県むつ市横迎町２丁目１番９号" }, "geometry": { "type": "Point", "coordinates": [ 141.21719, 41.294152 ] } },
{ "type": "Feature", "properties": { "ID": 220220000943, "正式名称": "医療法人佑心会角田整形外科医院", "機関区分": 2, "都道府県コード": 2, "市区町村コード": 208, "所在地": "青森県むつ市新町１３－５２", "緯度": 41.288958, "経度": 141.206885, "url": "https://www.iryou.teikyouseido.mhlw.go.jp/znk-web/juminkanja/S2430/initialize?prefCd=02&kikanCd=0220000943&kikanKbn=2", "url2": null, "内容": "医療法人佑心会角田整形外科医院【2:診療所】【診療科目:整形外科_リハビリテーション科】青森県むつ市新町１３－５２" }, "geometry": { "type": "Point", "coordinates": [ 141.206885, 41.288958 ] } },
{ "type": "Feature", "properties": { "ID": 220220000944, "正式名称": "村中内科心療内科医院", "機関区分": 2, "都道府県コード": 2, "市区町村コード": 208, "所在地": "青森県むつ市新町１０－４６", "緯度": 41.290791, "経度": 141.205691, "url": "https://www.iryou.teikyouseido.mhlw.go.jp/znk-web/juminkanja/S2430/initialize?prefCd=02&kikanCd=0220000944&kikanKbn=2", "url2": "http://www.muranaka.or.jp", "内容": "村中内科心療内科医院【2:診療所】【診療科目:内科_心臓内科_心療内科】青森県むつ市新町１０－４６" }, "geometry": { "type": "Point", "coordinates": [ 141.205691, 41.290791 ] } },
{ "type": "Feature", "properties": { "ID": 220220000945, "正式名称": "ちば小児科アレルギー科クリニック", "機関区分": 2, "都道府県コード": 2, "市区町村コード": 208, "所在地": "青森県むつ市緑ヶ丘６－１６", "緯度": 41.299568, "経度": 141.19283, "url": "https://www.iryou.teikyouseido.mhlw.go.jp/znk-web/juminkanja/S2430/initialize?prefCd=02&kikanCd=0220000945&kikanKbn=2", "url2": "http://www.chibaclinic.jp", "内容": "ちば小児科アレルギー科クリニック【2:診療所】【診療科目:小児科_アレルギー科】青森県むつ市緑ヶ丘６－１６" }, "geometry": { "type": "Point", "coordinates": [ 141.19283, 41.299568 ] } },
{ "type": "Feature", "properties": { "ID": 220220000946, "正式名称": "さとう眼科クリニック", "機関区分": 2, "都道府県コード": 2, "市区町村コード": 208, "所在地": "青森県むつ市緑ヶ丘３５－１", "緯度": 41.300207, "経度": 141.193802, "url": "https://www.iryou.teikyouseido.mhlw.go.jp/znk-web/juminkanja/S2430/initialize?prefCd=02&kikanCd=0220000946&kikanKbn=2", "url2": null, "内容": "さとう眼科クリニック【2:診療所】【診療科目:眼科】青森県むつ市緑ヶ丘３５－１" }, "geometry": { "type": "Point", "coordinates": [ 141.193802, 41.300207 ] } },
{ "type": "Feature", "properties": { "ID": 220220000949, "正式名称": "千田医院", "機関区分": 2, "都道府県コード": 2, "市区町村コード": 208, "所在地": "青森県むつ市小川町１－１０－１", "緯度": 41.293902, "経度": 141.206413, "url": "https://www.iryou.teikyouseido.mhlw.go.jp/znk-web/juminkanja/S2430/initialize?prefCd=02&kikanCd=0220000949&kikanKbn=2", "url2": null, "内容": "千田医院【2:診療所】【診療科目:外科_肛門外科】青森県むつ市小川町１－１０－１" }, "geometry": { "type": "Point", "coordinates": [ 141.206413, 41.293902 ] } },
{ "type": "Feature", "properties": { "ID": 220220000950, "正式名称": "中央内科クリニック", "機関区分": 2, "都道府県コード": 2, "市区町村コード": 208, "所在地": "青森県むつ市中央二丁目五－五", "緯度": 41.288374, "経度": 141.185026, "url": "https://www.iryou.teikyouseido.mhlw.go.jp/znk-web/juminkanja/S2430/initialize?prefCd=02&kikanCd=0220000950&kikanKbn=2", "url2": "http://www.chuo-naika.com/", "内容": "中央内科クリニック【2:診療所】【診療科目:内科_消化器内科】青森県むつ市中央二丁目五－五" }, "geometry": { "type": "Point", "coordinates": [ 141.185026, 41.288374 ] } },
{ "type": "Feature", "properties": { "ID": 220220000952, "正式名称": "どんぐりこどもクリニック", "機関区分": 2, "都道府県コード": 2, "市区町村コード": 208, "所在地": "青森県むつ市中央二丁目５番５号", "緯度": 41.288374, "経度": 141.185026, "url": "https://www.iryou.teikyouseido.mhlw.go.jp/znk-web/juminkanja/S2430/initialize?prefCd=02&kikanCd=0220000952&kikanKbn=2", "url2": "http://donguri-kids.net/", "内容": "どんぐりこどもクリニック【2:診療所】【診療科目:小児科_アレルギー科】青森県むつ市中央二丁目５番５号" }, "geometry": { "type": "Point", "coordinates": [ 141.185026, 41.288374 ] } },
{ "type": "Feature", "properties": { "ID": 220220000953, "正式名称": "医療法人　胡桃会　ふじた脳神経クリニック", "機関区分": 2, "都道府県コード": 2, "市区町村コード": 208, "所在地": "青森県むつ市中央二丁目５番５号", "緯度": 41.288374, "経度": 141.185026, "url": "https://www.iryou.teikyouseido.mhlw.go.jp/znk-web/juminkanja/S2430/initialize?prefCd=02&kikanCd=0220000953&kikanKbn=2", "url2": null, "内容": "医療法人　胡桃会　ふじた脳神経クリニック【2:診療所】【診療科目:内科_脳神経外科】青森県むつ市中央二丁目５番５号" }, "geometry": { "type": "Point", "coordinates": [ 141.185026, 41.288374 ] } },
{ "type": "Feature", "properties": { "ID": 220220000954, "正式名称": "ほそかわ耳鼻咽喉科クリニック", "機関区分": 2, "都道府県コード": 2, "市区町村コード": 208, "所在地": "青森県むつ市中央一丁目３番３６号", "緯度": 41.290819, "経度": 141.189608, "url": "https://www.iryou.teikyouseido.mhlw.go.jp/znk-web/juminkanja/S2430/initialize?prefCd=02&kikanCd=0220000954&kikanKbn=2", "url2": null, "内容": "ほそかわ耳鼻咽喉科クリニック【2:診療所】【診療科目:耳鼻いんこう科_アレルギー科】青森県むつ市中央一丁目３番３６号" }, "geometry": { "type": "Point", "coordinates": [ 141.189608, 41.290819 ] } },
{ "type": "Feature", "properties": { "ID": 220220000955, "正式名称": "柳谷ひ尿器科皮ふ科クリニック", "機関区分": 2, "都道府県コード": 2, "市区町村コード": 208, "所在地": "青森県むつ市中央二丁目５－５", "緯度": 41.288374, "経度": 141.185026, "url": "https://www.iryou.teikyouseido.mhlw.go.jp/znk-web/juminkanja/S2430/initialize?prefCd=02&kikanCd=0220000955&kikanKbn=2", "url2": null, "内容": "柳谷ひ尿器科皮ふ科クリニック【2:診療所】【診療科目:内科_皮膚科_泌尿器科】青森県むつ市中央二丁目５－５" }, "geometry": { "type": "Point", "coordinates": [ 141.185026, 41.288374 ] } },
{ "type": "Feature", "properties": { "ID": 220220000956, "正式名称": "たなか泌尿器科クリニック", "機関区分": 2, "都道府県コード": 2, "市区町村コード": 208, "所在地": "青森県むつ市中央一丁目６番５号", "緯度": 41.290124, "経度": 141.18872, "url": "https://www.iryou.teikyouseido.mhlw.go.jp/znk-web/juminkanja/S2430/initialize?prefCd=02&kikanCd=0220000956&kikanKbn=2", "url2": null, "内容": "たなか泌尿器科クリニック【2:診療所】【診療科目:内科_皮膚科_泌尿器科】青森県むつ市中央一丁目６番５号" }, "geometry": { "type": "Point", "coordinates": [ 141.18872, 41.290124 ] } },
{ "type": "Feature", "properties": { "ID": 220220000957, "正式名称": "医療法人　道坤会　菊池医院", "機関区分": 2, "都道府県コード": 2, "市区町村コード": 208, "所在地": "青森県むつ市大湊浜町１６番２７号", "緯度": 41.277153, "経度": 141.155085, "url": "https://www.iryou.teikyouseido.mhlw.go.jp/znk-web/juminkanja/S2430/initialize?prefCd=02&kikanCd=0220000957&kikanKbn=2", "url2": "http://www.kikuchiiin.com", "内容": "医療法人　道坤会　菊池医院【2:診療所】【診療科目:内科_小児科_麻酔科】青森県むつ市大湊浜町１６番２７号" }, "geometry": { "type": "Point", "coordinates": [ 141.155085, 41.277153 ] } },
{ "type": "Feature", "properties": { "ID": 220220000961, "正式名称": "前田内科医院", "機関区分": 2, "都道府県コード": 2, "市区町村コード": 208, "所在地": "青森県むつ市大畑町庚申堂１１番地１", "緯度": 41.402278, "経度": 141.164994, "url": "https://www.iryou.teikyouseido.mhlw.go.jp/znk-web/juminkanja/S2430/initialize?prefCd=02&kikanCd=0220000961&kikanKbn=2", "url2": null, "内容": "前田内科医院【2:診療所】【診療科目:内科_呼吸器内科_循環器内科_消化器内科_小児科】青森県むつ市大畑町庚申堂１１番地１" }, "geometry": { "type": "Point", "coordinates": [ 141.164994, 41.402278 ] } },
{ "type": "Feature", "properties": { "ID": 220220000962, "正式名称": "一部事務組合　下北医療センター　国民健康保険　大畑診療所", "機関区分": 2, "都道府県コード": 2, "市区町村コード": 208, "所在地": "青森県むつ市大畑町観音堂２５－１", "緯度": 41.399529, "経度": 141.157329, "url": "https://www.iryou.teikyouseido.mhlw.go.jp/znk-web/juminkanja/S2430/initialize?prefCd=02&kikanCd=0220000962&kikanKbn=2", "url2": null, "内容": "一部事務組合　下北医療センター　国民健康保険　大畑診療所【2:診療所】【診療科目:内科_整形外科】青森県むつ市大畑町観音堂２５－１" }, "geometry": { "type": "Point", "coordinates": [ 141.157329, 41.399529 ] } },
{ "type": "Feature", "properties": { "ID": 220220000965, "正式名称": "国民健康保険脇野沢診療所", "機関区分": 2, "都道府県コード": 2, "市区町村コード": 208, "所在地": "青森県むつ市脇野沢渡向２９－５", "緯度": 41.143078, "経度": 140.819063, "url": "https://www.iryou.teikyouseido.mhlw.go.jp/znk-web/juminkanja/S2430/initialize?prefCd=02&kikanCd=0220000965&kikanKbn=2", "url2": null, "内容": "国民健康保険脇野沢診療所【2:診療所】【診療科目:内科_外科_歯科_歯科口腔外科】青森県むつ市脇野沢渡向２９－５" }, "geometry": { "type": "Point", "coordinates": [ 140.819063, 41.143078 ] } },
{ "type": "Feature", "properties": { "ID": 220220000968, "正式名称": "たかはし眼科", "機関区分": 2, "都道府県コード": 2, "市区町村コード": 202, "所在地": "青森県弘前市紺屋町２１－４", "緯度": 40.612323, "経度": 140.461978, "url": "https://www.iryou.teikyouseido.mhlw.go.jp/znk-web/juminkanja/S2430/initialize?prefCd=02&kikanCd=0220000968&kikanKbn=2", "url2": null, "内容": "たかはし眼科【2:診療所】【診療科目:眼科】青森県弘前市紺屋町２１－４" }, "geometry": { "type": "Point", "coordinates": [ 140.461978, 40.612323 ] } },
{ "type": "Feature", "properties": { "ID": 220220000969, "正式名称": "はるみ眼科・循環器内科クリニック", "機関区分": 2, "都道府県コード": 2, "市区町村コード": 203, "所在地": "青森県八戸市一番町２－３－６", "緯度": 40.507129, "経度": 141.431847, "url": "https://www.iryou.teikyouseido.mhlw.go.jp/znk-web/juminkanja/S2430/initialize?prefCd=02&kikanCd=0220000969&kikanKbn=2", "url2": "http://www.harumi-c.com/", "内容": "はるみ眼科・循環器内科クリニック【2:診療所】【診療科目:内科_糖尿病内科_循環器内科_眼科】青森県八戸市一番町２－３－６" }, "geometry": { "type": "Point", "coordinates": [ 141.431847, 40.507129 ] } },
{ "type": "Feature", "properties": { "ID": 220220000974, "正式名称": "桂木クリニック", "機関区分": 2, "都道府県コード": 2, "市区町村コード": 201, "所在地": "青森県青森市桂木４丁目６－３７", "緯度": 40.808752, "経度": 140.751251, "url": "https://www.iryou.teikyouseido.mhlw.go.jp/znk-web/juminkanja/S2430/initialize?prefCd=02&kikanCd=0220000974&kikanKbn=2", "url2": "http://katsuragi-clinic.com", "内容": "桂木クリニック【2:診療所】【診療科目:内科_乳腺外科】青森県青森市桂木４丁目６－３７" }, "geometry": { "type": "Point", "coordinates": [ 140.751251, 40.808752 ] } },
{ "type": "Feature", "properties": { "ID": 220220000975, "正式名称": "こどもクリニックおとも", "機関区分": 2, "都道府県コード": 2, "市区町村コード": 205, "所在地": "青森県五所川原市鎌谷町１６３－１", "緯度": 40.804691, "経度": 140.446192, "url": "https://www.iryou.teikyouseido.mhlw.go.jp/znk-web/juminkanja/S2430/initialize?prefCd=02&kikanCd=0220000975&kikanKbn=2", "url2": "http://www.otomo-clinic.net", "内容": "こどもクリニックおとも【2:診療所】【診療科目:小児科_アレルギー科_アレルギー科】青森県五所川原市鎌谷町１６３－１" }, "geometry": { "type": "Point", "coordinates": [ 140.446192, 40.804691 ] } },
{ "type": "Feature", "properties": { "ID": 220220000980, "正式名称": "かわむら内科クリニック", "機関区分": 2, "都道府県コード": 2, "市区町村コード": 445, "所在地": "青森県三戸郡南部町苫米地字町中２２", "緯度": 40.466937, "経度": 141.38013, "url": "https://www.iryou.teikyouseido.mhlw.go.jp/znk-web/juminkanja/S2430/initialize?prefCd=02&kikanCd=0220000980&kikanKbn=2", "url2": "http://www.kawacli.com/", "内容": "かわむら内科クリニック【2:診療所】【診療科目:内科_糖尿病・代謝内科_循環器内科】青森県三戸郡南部町苫米地字町中２２" }, "geometry": { "type": "Point", "coordinates": [ 141.38013, 40.466937 ] } },
{ "type": "Feature", "properties": { "ID": 220220000981, "正式名称": "シルバークリニック", "機関区分": 2, "都道府県コード": 2, "市区町村コード": 203, "所在地": "青森県八戸市河原木八太郎山１０－４４４", "緯度": 40.55193, "経度": 141.484091, "url": "https://www.iryou.teikyouseido.mhlw.go.jp/znk-web/juminkanja/S2430/initialize?prefCd=02&kikanCd=0220000981&kikanKbn=2", "url2": null, "内容": "シルバークリニック【2:診療所】【診療科目:内科_外科_リハビリテーション科】青森県八戸市河原木八太郎山１０－４４４" }, "geometry": { "type": "Point", "coordinates": [ 141.484091, 40.55193 ] } },
{ "type": "Feature", "properties": { "ID": 220220000982, "正式名称": "やなぎまちストレスクリニック", "機関区分": 2, "都道府県コード": 2, "市区町村コード": 201, "所在地": "青森県青森市長島１丁目６番６号　クロスタワーＡ・ＢＡＹ　３Ｆ", "緯度": 40.823277, "経度": 140.744779, "url": "https://www.iryou.teikyouseido.mhlw.go.jp/znk-web/juminkanja/S2430/initialize?prefCd=02&kikanCd=0220000982&kikanKbn=2", "url2": null, "内容": "やなぎまちストレスクリニック【2:診療所】【診療科目:精神科_心療内科】青森県青森市長島１丁目６番６号　クロスタワーＡ・ＢＡＹ　３Ｆ" }, "geometry": { "type": "Point", "coordinates": [ 140.744779, 40.823277 ] } },
{ "type": "Feature", "properties": { "ID": 220220000983, "正式名称": "あおもりベイクリニック", "機関区分": 2, "都道府県コード": 2, "市区町村コード": 201, "所在地": "青森県青森市長島１丁目６番６号　クロスタワーＡ・ＢＡＹ　３Ｆ", "緯度": 40.823277, "経度": 140.744806, "url": "https://www.iryou.teikyouseido.mhlw.go.jp/znk-web/juminkanja/S2430/initialize?prefCd=02&kikanCd=0220000983&kikanKbn=2", "url2": null, "内容": "あおもりベイクリニック【2:診療所】【診療科目:内科_乳腺外科_整形外科_リウマチ科】青森県青森市長島１丁目６番６号　クロスタワーＡ・ＢＡＹ　３Ｆ" }, "geometry": { "type": "Point", "coordinates": [ 140.744806, 40.823277 ] } },
{ "type": "Feature", "properties": { "ID": 220220000984, "正式名称": "社会福祉法人　弘前豊徳会　サンタハウスクリニック", "機関区分": 2, "都道府県コード": 2, "市区町村コード": 202, "所在地": "青森県弘前市大川中桜川１９－１", "緯度": 40.666484, "経度": 140.454865, "url": "https://www.iryou.teikyouseido.mhlw.go.jp/znk-web/juminkanja/S2430/initialize?prefCd=02&kikanCd=0220000984&kikanKbn=2", "url2": "https://houtokukai.org/service/santahouse-clinic/", "内容": "社会福祉法人　弘前豊徳会　サンタハウスクリニック【2:診療所】【診療科目:内科_外科_形成外科_泌尿器科】青森県弘前市大川中桜川１９－１" }, "geometry": { "type": "Point", "coordinates": [ 140.454865, 40.666484 ] } },
{ "type": "Feature", "properties": { "ID": 220220000985, "正式名称": "やましき内科クリニック", "機関区分": 2, "都道府県コード": 2, "市区町村コード": 201, "所在地": "青森県青森市浪打２丁目３番１号", "緯度": 40.825722, "経度": 140.780026, "url": "https://www.iryou.teikyouseido.mhlw.go.jp/znk-web/juminkanja/S2430/initialize?prefCd=02&kikanCd=0220000985&kikanKbn=2", "url2": null, "内容": "やましき内科クリニック【2:診療所】【診療科目:内科_内分泌内科_糖尿病・代謝内科_消化器内科_内視鏡内科】青森県青森市浪打２丁目３番１号" }, "geometry": { "type": "Point", "coordinates": [ 140.780026, 40.825722 ] } },
{ "type": "Feature", "properties": { "ID": 220220000988, "正式名称": "六ヶ所村国民健康保険　千歳平診療所", "機関区分": 2, "都道府県コード": 2, "市区町村コード": 411, "所在地": "青森県上北郡六ヶ所村倉内字笹崎３９８番地１", "緯度": 40.888489, "経度": 141.285513, "url": "https://www.iryou.teikyouseido.mhlw.go.jp/znk-web/juminkanja/S2430/initialize?prefCd=02&kikanCd=0220000988&kikanKbn=2", "url2": null, "内容": "六ヶ所村国民健康保険　千歳平診療所【2:診療所】【診療科目:内科_外科_整形外科】青森県上北郡六ヶ所村倉内字笹崎３９８番地１" }, "geometry": { "type": "Point", "coordinates": [ 141.285513, 40.888489 ] } },
{ "type": "Feature", "properties": { "ID": 220220000989, "正式名称": "菜の花クリニック", "機関区分": 2, "都道府県コード": 2, "市区町村コード": 406, "所在地": "青森県上北郡横浜町寺下８１－２", "緯度": 41.082953, "経度": 141.248475, "url": "https://www.iryou.teikyouseido.mhlw.go.jp/znk-web/juminkanja/S2430/initialize?prefCd=02&kikanCd=0220000989&kikanKbn=2", "url2": null, "内容": "菜の花クリニック【2:診療所】【診療科目:内科_小児科】青森県上北郡横浜町寺下８１－２" }, "geometry": { "type": "Point", "coordinates": [ 141.248475, 41.082953 ] } },
{ "type": "Feature", "properties": { "ID": 220220000990, "正式名称": "湊高台皮膚科", "機関区分": 2, "都道府県コード": 2, "市区町村コード": 203, "所在地": "青森県八戸市湊高台５丁目２０－１６", "緯度": 40.508186, "経度": 141.537171, "url": "https://www.iryou.teikyouseido.mhlw.go.jp/znk-web/juminkanja/S2430/initialize?prefCd=02&kikanCd=0220000990&kikanKbn=2", "url2": null, "内容": "湊高台皮膚科【2:診療所】【診療科目:皮膚科】青森県八戸市湊高台５丁目２０－１６" }, "geometry": { "type": "Point", "coordinates": [ 141.537171, 40.508186 ] } },
{ "type": "Feature", "properties": { "ID": 220220000991, "正式名称": "医療法人はちのへファミリークリニック", "機関区分": 2, "都道府県コード": 2, "市区町村コード": 203, "所在地": "青森県八戸市城下４丁目１１－１１", "緯度": 40.517712, "経度": 141.492453, "url": "https://www.iryou.teikyouseido.mhlw.go.jp/znk-web/juminkanja/S2430/initialize?prefCd=02&kikanCd=0220000991&kikanKbn=2", "url2": "http://www.hachifc.jp", "内容": "医療法人はちのへファミリークリニック【2:診療所】【診療科目:内科_小児科】青森県八戸市城下４丁目１１－１１" }, "geometry": { "type": "Point", "coordinates": [ 141.492453, 40.517712 ] } },
{ "type": "Feature", "properties": { "ID": 220220000992, "正式名称": "はらだクリニック", "機関区分": 2, "都道府県コード": 2, "市区町村コード": 445, "所在地": "青森県三戸郡南部町苫米地白山堂１３番の２", "緯度": 40.467021, "経度": 141.386575, "url": "https://www.iryou.teikyouseido.mhlw.go.jp/znk-web/juminkanja/S2430/initialize?prefCd=02&kikanCd=0220000992&kikanKbn=2", "url2": "https://harada-clinic-nanbu.com/", "内容": "はらだクリニック【2:診療所】【診療科目:内科_内視鏡内科_外科】青森県三戸郡南部町苫米地白山堂１３番の２" }, "geometry": { "type": "Point", "coordinates": [ 141.386575, 40.467021 ] } },
{ "type": "Feature", "properties": { "ID": 220220000993, "正式名称": "はちのへ西脳神経クリニック", "機関区分": 2, "都道府県コード": 2, "市区町村コード": 203, "所在地": "青森県八戸市尻内町鴨ヶ池１５－１", "緯度": 40.513156, "経度": 141.433736, "url": "https://www.iryou.teikyouseido.mhlw.go.jp/znk-web/juminkanja/S2430/initialize?prefCd=02&kikanCd=0220000993&kikanKbn=2", "url2": "http://www.hn-brain.jp/index.html", "内容": "はちのへ西脳神経クリニック【2:診療所】【診療科目:脳神経内科_神経内科_脳神経外科_リハビリテーション科_放射線診断科】青森県八戸市尻内町鴨ヶ池１５－１" }, "geometry": { "type": "Point", "coordinates": [ 141.433736, 40.513156 ] } },
{ "type": "Feature", "properties": { "ID": 220220000994, "正式名称": "ひかり内科クリニック", "機関区分": 2, "都道府県コード": 2, "市区町村コード": 203, "所在地": "青森県八戸市青葉３丁目３１－５", "緯度": 40.509602, "経度": 141.51259, "url": "https://www.iryou.teikyouseido.mhlw.go.jp/znk-web/juminkanja/S2430/initialize?prefCd=02&kikanCd=0220000994&kikanKbn=2", "url2": "https://hikari-naika.ivalue.info", "内容": "ひかり内科クリニック【2:診療所】【診療科目:内科_糖尿病内科_呼吸器内科_消化器内科】青森県八戸市青葉３丁目３１－５" }, "geometry": { "type": "Point", "coordinates": [ 141.51259, 40.509602 ] } },
{ "type": "Feature", "properties": { "ID": 220220000995, "正式名称": "医療法人哲心会　伴内科心臓血管クリニック", "機関区分": 2, "都道府県コード": 2, "市区町村コード": 203, "所在地": "青森県八戸市売市１丁目４－５", "緯度": 40.507658, "経度": 141.477315, "url": "https://www.iryou.teikyouseido.mhlw.go.jp/znk-web/juminkanja/S2430/initialize?prefCd=02&kikanCd=0220000995&kikanKbn=2", "url2": "http://ban-naika.com", "内容": "医療法人哲心会　伴内科心臓血管クリニック【2:診療所】【診療科目:内科_呼吸器内科_循環器内科】青森県八戸市売市１丁目４－５" }, "geometry": { "type": "Point", "coordinates": [ 141.477315, 40.507658 ] } },
{ "type": "Feature", "properties": { "ID": 220220000996, "正式名称": "みずたに眼科", "機関区分": 2, "都道府県コード": 2, "市区町村コード": 201, "所在地": "青森県青森市東大野１丁目４－１", "緯度": 40.801807, "経度": 140.740918, "url": "https://www.iryou.teikyouseido.mhlw.go.jp/znk-web/juminkanja/S2430/initialize?prefCd=02&kikanCd=0220000996&kikanKbn=2", "url2": null, "内容": "みずたに眼科【2:診療所】【診療科目:眼科】青森県青森市東大野１丁目４－１" }, "geometry": { "type": "Point", "coordinates": [ 140.740918, 40.801807 ] } },
{ "type": "Feature", "properties": { "ID": 220220000997, "正式名称": "たく内科クリニック", "機関区分": 2, "都道府県コード": 2, "市区町村コード": 201, "所在地": "青森県青森市大野山下１７１－７", "緯度": 40.808283, "経度": 140.733289, "url": "https://www.iryou.teikyouseido.mhlw.go.jp/znk-web/juminkanja/S2430/initialize?prefCd=02&kikanCd=0220000997&kikanKbn=2", "url2": "http://nttbj.itp.ne.jp/0177521192/index.html", "内容": "たく内科クリニック【2:診療所】【診療科目:内科_糖尿病内科_脂質代謝内科_消化器内科】青森県青森市大野山下１７１－７" }, "geometry": { "type": "Point", "coordinates": [ 140.733289, 40.808283 ] } },
{ "type": "Feature", "properties": { "ID": 220220000998, "正式名称": "あおもり腎透析・泌尿器科クリニック", "機関区分": 2, "都道府県コード": 2, "市区町村コード": 201, "所在地": "青森県青森市西大野１－１５－７", "緯度": 40.803196, "経度": 140.724808, "url": "https://www.iryou.teikyouseido.mhlw.go.jp/znk-web/juminkanja/S2430/initialize?prefCd=02&kikanCd=0220000998&kikanKbn=2", "url2": "http://aduc-2010.com", "内容": "あおもり腎透析・泌尿器科クリニック【2:診療所】【診療科目:人工透析内科_泌尿器科】青森県青森市西大野１－１５－７" }, "geometry": { "type": "Point", "coordinates": [ 140.724808, 40.803196 ] } },
{ "type": "Feature", "properties": { "ID": 220220001004, "正式名称": "鳴海外科医院", "機関区分": 2, "都道府県コード": 2, "市区町村コード": 207, "所在地": "青森県三沢市幸町１－２－１５", "緯度": 40.684831, "経度": 141.368871, "url": "https://www.iryou.teikyouseido.mhlw.go.jp/znk-web/juminkanja/S2430/initialize?prefCd=02&kikanCd=0220001004&kikanKbn=2", "url2": null, "内容": "鳴海外科医院【2:診療所】【診療科目:内科_外科_ペインクリニック外科_整形外科_麻酔科】青森県三沢市幸町１－２－１５" }, "geometry": { "type": "Point", "coordinates": [ 141.368871, 40.684831 ] } },
{ "type": "Feature", "properties": { "ID": 220220001006, "正式名称": "一部事務組合下北医療センター　国民健康保険川内診療所", "機関区分": 2, "都道府県コード": 2, "市区町村コード": 208, "所在地": "青森県むつ市川内町休所４２－６２", "緯度": 41.200797, "経度": 140.986157, "url": "https://www.iryou.teikyouseido.mhlw.go.jp/znk-web/juminkanja/S2430/initialize?prefCd=02&kikanCd=0220001006&kikanKbn=2", "url2": null, "内容": "一部事務組合下北医療センター　国民健康保険川内診療所【2:診療所】【診療科目:内科_整形外科_歯科口腔外科】青森県むつ市川内町休所４２－６２" }, "geometry": { "type": "Point", "coordinates": [ 140.986157, 41.200797 ] } },
{ "type": "Feature", "properties": { "ID": 220220001008, "正式名称": "まつもと整形外科クリニック", "機関区分": 2, "都道府県コード": 2, "市区町村コード": 205, "所在地": "青森県五所川原市中央２－３３", "緯度": 40.799302, "経度": 140.450248, "url": "https://www.iryou.teikyouseido.mhlw.go.jp/znk-web/juminkanja/S2430/initialize?prefCd=02&kikanCd=0220001008&kikanKbn=2", "url2": null, "内容": "まつもと整形外科クリニック【2:診療所】【診療科目:整形外科_リウマチ科_リハビリテーション科】青森県五所川原市中央２－３３" }, "geometry": { "type": "Point", "coordinates": [ 140.450248, 40.799302 ] } },
{ "type": "Feature", "properties": { "ID": 220220001010, "正式名称": "梅村医院", "機関区分": 2, "都道府県コード": 2, "市区町村コード": 202, "所在地": "青森県弘前市石渡１丁目１番地６", "緯度": 40.626377, "経度": 140.454589, "url": "https://www.iryou.teikyouseido.mhlw.go.jp/znk-web/juminkanja/S2430/initialize?prefCd=02&kikanCd=0220001010&kikanKbn=2", "url2": null, "内容": "梅村医院【2:診療所】【診療科目:内科】青森県弘前市石渡１丁目１番地６" }, "geometry": { "type": "Point", "coordinates": [ 140.454589, 40.626377 ] } },
{ "type": "Feature", "properties": { "ID": 220220001013, "正式名称": "やまとクリニック泌尿器科・内科", "機関区分": 2, "都道府県コード": 2, "市区町村コード": 202, "所在地": "青森県弘前市高田４丁目３－１", "緯度": 40.598992, "経度": 140.507753, "url": "https://www.iryou.teikyouseido.mhlw.go.jp/znk-web/juminkanja/S2430/initialize?prefCd=02&kikanCd=0220001013&kikanKbn=2", "url2": "http://www.yamato-clinic.com", "内容": "やまとクリニック泌尿器科・内科【2:診療所】【診療科目:内科_泌尿器科】青森県弘前市高田４丁目３－１" }, "geometry": { "type": "Point", "coordinates": [ 140.507753, 40.598992 ] } },
{ "type": "Feature", "properties": { "ID": 220220001014, "正式名称": "聖マリアハートクリニック", "機関区分": 2, "都道府県コード": 2, "市区町村コード": 203, "所在地": "青森県八戸市東白山台３丁目２０番地３号", "緯度": 40.482299, "経度": 141.46129, "url": "https://www.iryou.teikyouseido.mhlw.go.jp/znk-web/juminkanja/S2430/initialize?prefCd=02&kikanCd=0220001014&kikanKbn=2", "url2": "http://www.stmarysheartclinic.jp", "内容": "聖マリアハートクリニック【2:診療所】【診療科目:呼吸器内科_循環器内科】青森県八戸市東白山台３丁目２０番地３号" }, "geometry": { "type": "Point", "coordinates": [ 141.46129, 40.482299 ] } },
{ "type": "Feature", "properties": { "ID": 220220001016, "正式名称": "まるも泌尿器科内科クリニック", "機関区分": 2, "都道府県コード": 2, "市区町村コード": 210, "所在地": "青森県平川市大光寺三村井３１－１", "緯度": 40.591624, "経度": 140.555921, "url": "https://www.iryou.teikyouseido.mhlw.go.jp/znk-web/juminkanja/S2430/initialize?prefCd=02&kikanCd=0220001016&kikanKbn=2", "url2": "http://www.marumoclinic.jimdofree.com", "内容": "まるも泌尿器科内科クリニック【2:診療所】【診療科目:内科_外科_皮膚科_泌尿器科】青森県平川市大光寺三村井３１－１" }, "geometry": { "type": "Point", "coordinates": [ 140.555921, 40.591624 ] } },
{ "type": "Feature", "properties": { "ID": 220220001017, "正式名称": "平川市国民健康保険碇ヶ関診療所", "機関区分": 2, "都道府県コード": 2, "市区町村コード": 210, "所在地": "青森県平川市碇ケ関三笠山１２０番地１　２階", "緯度": 40.47684, "経度": 140.629554, "url": "https://www.iryou.teikyouseido.mhlw.go.jp/znk-web/juminkanja/S2430/initialize?prefCd=02&kikanCd=0220001017&kikanKbn=2", "url2": "http://www.city.hirakawa.lg.jp/fukushi/shinryoujo/ikarigaseki/", "内容": "平川市国民健康保険碇ヶ関診療所【2:診療所】【診療科目:内科】青森県平川市碇ケ関三笠山１２０番地１　２階" }, "geometry": { "type": "Point", "coordinates": [ 140.629554, 40.47684 ] } },
{ "type": "Feature", "properties": { "ID": 220220001018, "正式名称": "つがる西北五広域連合鶴田診療所", "機関区分": 2, "都道府県コード": 2, "市区町村コード": 384, "所在地": "青森県北津軽郡鶴田町大字鶴田字鷹ノ尾３４", "緯度": 40.761037, "経度": 140.428724, "url": "https://www.iryou.teikyouseido.mhlw.go.jp/znk-web/juminkanja/S2430/initialize?prefCd=02&kikanCd=0220001018&kikanKbn=2", "url2": "https://www.tsgren.jp/tsuruta-clinic/", "内容": "つがる西北五広域連合鶴田診療所【2:診療所】【診療科目:内科_外科_小児科】青森県北津軽郡鶴田町大字鶴田字鷹ノ尾３４" }, "geometry": { "type": "Point", "coordinates": [ 140.428724, 40.761037 ] } },
{ "type": "Feature", "properties": { "ID": 220220001020, "正式名称": "特別養護老人ホーム　阿光坊の郷　医務室", "機関区分": 2, "都道府県コード": 2, "市区町村コード": 412, "所在地": "青森県上北郡おいらせ町阿光坊１０５－１１０", "緯度": 40.604313, "経度": 141.38081, "url": "https://www.iryou.teikyouseido.mhlw.go.jp/znk-web/juminkanja/S2430/initialize?prefCd=02&kikanCd=0220001020&kikanKbn=2", "url2": null, "内容": "特別養護老人ホーム　阿光坊の郷　医務室【2:診療所】【診療科目:内科】青森県上北郡おいらせ町阿光坊１０５－１１０" }, "geometry": { "type": "Point", "coordinates": [ 141.38081, 40.604313 ] } },
{ "type": "Feature", "properties": { "ID": 220220001022, "正式名称": "康安外科内科医院", "機関区分": 2, "都道府県コード": 2, "市区町村コード": 202, "所在地": "青森県弘前市栄町一丁目２の６", "緯度": 40.615794, "経度": 140.466366, "url": "https://www.iryou.teikyouseido.mhlw.go.jp/znk-web/juminkanja/S2430/initialize?prefCd=02&kikanCd=0220001022&kikanKbn=2", "url2": null, "内容": "康安外科内科医院【2:診療所】【診療科目:内科_漢方内科_外科_整形外科】青森県弘前市栄町一丁目２の６" }, "geometry": { "type": "Point", "coordinates": [ 140.466366, 40.615794 ] } },
{ "type": "Feature", "properties": { "ID": 220220001024, "正式名称": "麻美レディースクリニック", "機関区分": 2, "都道府県コード": 2, "市区町村コード": 203, "所在地": "青森県八戸市根城５丁目１番２号", "緯度": 40.507812, "経度": 141.472166, "url": "https://www.iryou.teikyouseido.mhlw.go.jp/znk-web/juminkanja/S2430/initialize?prefCd=02&kikanCd=0220001024&kikanKbn=2", "url2": "http://mami-ladies.jp", "内容": "麻美レディースクリニック【2:診療所】【診療科目:婦人科】青森県八戸市根城５丁目１番２号" }, "geometry": { "type": "Point", "coordinates": [ 141.472166, 40.507812 ] } },
{ "type": "Feature", "properties": { "ID": 220220001025, "正式名称": "おきだてハートクリニック", "機関区分": 2, "都道府県コード": 2, "市区町村コード": 201, "所在地": "青森県青森市沖館三丁目１番１８号　ベイコートおきだて１Ｆ", "緯度": 40.834692, "経度": 140.718724, "url": "https://www.iryou.teikyouseido.mhlw.go.jp/znk-web/juminkanja/S2430/initialize?prefCd=02&kikanCd=0220001025&kikanKbn=2", "url2": "http://okidateheart.byoinnavi.jp/", "内容": "おきだてハートクリニック【2:診療所】【診療科目:呼吸器内科_循環器内科_腎臓内科】青森県青森市沖館三丁目１番１８号　ベイコートおきだて１Ｆ" }, "geometry": { "type": "Point", "coordinates": [ 140.718724, 40.834692 ] } },
{ "type": "Feature", "properties": { "ID": 220220001029, "正式名称": "つがる西北五広域連合つがる市民診療所", "機関区分": 2, "都道府県コード": 2, "市区町村コード": 209, "所在地": "青森県つがる市木造千年４", "緯度": 40.812272, "経度": 140.380836, "url": "https://www.iryou.teikyouseido.mhlw.go.jp/znk-web/juminkanja/S2430/initialize?prefCd=02&kikanCd=0220001029&kikanKbn=2", "url2": "http://www.tsgren.jp/tsugaru-citizen-clinic/", "内容": "つがる西北五広域連合つがる市民診療所【2:診療所】【診療科目:内科_糖尿病・内分泌内科_外科】青森県つがる市木造千年４" }, "geometry": { "type": "Point", "coordinates": [ 140.380836, 40.812272 ] } },
{ "type": "Feature", "properties": { "ID": 220220001039, "正式名称": "中泊おの医院", "機関区分": 2, "都道府県コード": 2, "市区町村コード": 387, "所在地": "青森県北津軽郡中泊町中里紅葉坂１９５－１", "緯度": 40.962257, "経度": 140.437909, "url": "https://www.iryou.teikyouseido.mhlw.go.jp/znk-web/juminkanja/S2430/initialize?prefCd=02&kikanCd=0220001039&kikanKbn=2", "url2": null, "内容": "中泊おの医院【2:診療所】【診療科目:内科_消化器内科_外科_乳腺外科_肛門外科_整形外科_小児科】青森県北津軽郡中泊町中里紅葉坂１９５－１" }, "geometry": { "type": "Point", "coordinates": [ 140.437909, 40.962257 ] } },
{ "type": "Feature", "properties": { "ID": 220220001041, "正式名称": "弘前駅前メンタルクリニック", "機関区分": 2, "都道府県コード": 2, "市区町村コード": 202, "所在地": "青森県弘前市駅前町６番１１号", "緯度": 40.598046, "経度": 140.482949, "url": "https://www.iryou.teikyouseido.mhlw.go.jp/znk-web/juminkanja/S2430/initialize?prefCd=02&kikanCd=0220001041&kikanKbn=2", "url2": "https://www.hirosakiekimaee-mentalclinic.com", "内容": "弘前駅前メンタルクリニック【2:診療所】【診療科目:精神科_心療内科】青森県弘前市駅前町６番１１号" }, "geometry": { "type": "Point", "coordinates": [ 140.482949, 40.598046 ] } },
{ "type": "Feature", "properties": { "ID": 220220001045, "正式名称": "みちのくクリニック", "機関区分": 2, "都道府県コード": 2, "市区町村コード": 208, "所在地": "青森県むつ市十二林１７番１号", "緯度": 41.298679, "経度": 141.185192, "url": "https://www.iryou.teikyouseido.mhlw.go.jp/znk-web/juminkanja/S2430/initialize?prefCd=02&kikanCd=0220001045&kikanKbn=2", "url2": "http://www.michinokuso.jp", "内容": "みちのくクリニック【2:診療所】【診療科目:内科_消化器内科】青森県むつ市十二林１７番１号" }, "geometry": { "type": "Point", "coordinates": [ 141.185192, 41.298679 ] } },
{ "type": "Feature", "properties": { "ID": 220220001051, "正式名称": "あじがさわクリニック", "機関区分": 2, "都道府県コード": 2, "市区町村コード": 321, "所在地": "青森県西津軽郡鰺ヶ沢町舞戸町下富田５７－３", "緯度": 40.766997, "経度": 140.216241, "url": "https://www.iryou.teikyouseido.mhlw.go.jp/znk-web/juminkanja/S2430/initialize?prefCd=02&kikanCd=0220001051&kikanKbn=2", "url2": null, "内容": "あじがさわクリニック【2:診療所】【診療科目:内科_小児科_皮膚科】青森県西津軽郡鰺ヶ沢町舞戸町下富田５７－３" }, "geometry": { "type": "Point", "coordinates": [ 140.216241, 40.766997 ] } },
{ "type": "Feature", "properties": { "ID": 220220001053, "正式名称": "やわたクリニック", "機関区分": 2, "都道府県コード": 2, "市区町村コード": 203, "所在地": "青森県八戸市八幡下樋田１番地４", "緯度": 40.495074, "経度": 141.43718, "url": "https://www.iryou.teikyouseido.mhlw.go.jp/znk-web/juminkanja/S2430/initialize?prefCd=02&kikanCd=0220001053&kikanKbn=2", "url2": "http://www.medicalfrontier.or.jp", "内容": "やわたクリニック【2:診療所】【診療科目:内科】青森県八戸市八幡下樋田１番地４" }, "geometry": { "type": "Point", "coordinates": [ 141.43718, 40.495074 ] } },
{ "type": "Feature", "properties": { "ID": 220220001054, "正式名称": "青い森こどもアレルギークリニック", "機関区分": 2, "都道府県コード": 2, "市区町村コード": 412, "所在地": "青森県上北郡おいらせ町住吉４丁目５０－２１０９", "緯度": 40.670082, "経度": 141.3649, "url": "https://www.iryou.teikyouseido.mhlw.go.jp/znk-web/juminkanja/S2430/initialize?prefCd=02&kikanCd=0220001054&kikanKbn=2", "url2": "http://aoimori-2014.byoinnavi.jp/", "内容": "青い森こどもアレルギークリニック【2:診療所】【診療科目:小児科_アレルギー科】青森県上北郡おいらせ町住吉４丁目５０－２１０９" }, "geometry": { "type": "Point", "coordinates": [ 141.3649, 40.670082 ] } },
{ "type": "Feature", "properties": { "ID": 220220001055, "正式名称": "あいざわクリニック", "機関区分": 2, "都道府県コード": 2, "市区町村コード": 207, "所在地": "青森県三沢市三沢字堀口１６４－２９８", "緯度": 40.688859, "経度": 141.403368, "url": "https://www.iryou.teikyouseido.mhlw.go.jp/znk-web/juminkanja/S2430/initialize?prefCd=02&kikanCd=0220001055&kikanKbn=2", "url2": null, "内容": "あいざわクリニック【2:診療所】【診療科目:内科_消化器内科_外科_乳腺外科】青森県三沢市三沢字堀口１６４－２９８" }, "geometry": { "type": "Point", "coordinates": [ 141.403368, 40.688859 ] } },
{ "type": "Feature", "properties": { "ID": 220220001056, "正式名称": "くどう整形外科クリニック", "機関区分": 2, "都道府県コード": 2, "市区町村コード": 203, "所在地": "青森県八戸市売市４丁目７－１４　くどう整形外科クリニック", "緯度": 40.512546, "経度": 141.471787, "url": "https://www.iryou.teikyouseido.mhlw.go.jp/znk-web/juminkanja/S2430/initialize?prefCd=02&kikanCd=0220001056&kikanKbn=2", "url2": null, "内容": "くどう整形外科クリニック【2:診療所】【診療科目:整形外科_リハビリテーション科】青森県八戸市売市４丁目７－１４　くどう整形外科クリニック" }, "geometry": { "type": "Point", "coordinates": [ 141.471787, 40.512546 ] } },
{ "type": "Feature", "properties": { "ID": 220220001058, "正式名称": "岡三沢診療所", "機関区分": 2, "都道府県コード": 2, "市区町村コード": 207, "所在地": "青森県三沢市緑町１丁目２－５", "緯度": 40.68708, "経度": 141.372288, "url": "https://www.iryou.teikyouseido.mhlw.go.jp/znk-web/juminkanja/S2430/initialize?prefCd=02&kikanCd=0220001058&kikanKbn=2", "url2": "http://okamisawa-clinic.com/", "内容": "岡三沢診療所【2:診療所】【診療科目:内科_循環器内科】青森県三沢市緑町１丁目２－５" }, "geometry": { "type": "Point", "coordinates": [ 141.372288, 40.68708 ] } },
{ "type": "Feature", "properties": { "ID": 220220001059, "正式名称": "十和田北クリニック", "機関区分": 2, "都道府県コード": 2, "市区町村コード": 206, "所在地": "青森県十和田市元町東５丁目８番５４号　十和田北クリニック", "緯度": 40.626112, "経度": 141.217164, "url": "https://www.iryou.teikyouseido.mhlw.go.jp/znk-web/juminkanja/S2430/initialize?prefCd=02&kikanCd=0220001059&kikanKbn=2", "url2": "http://www.m-c-seishokai.jp/index_to.html", "内容": "十和田北クリニック【2:診療所】【診療科目:内科_外科_泌尿器科】青森県十和田市元町東５丁目８番５４号　十和田北クリニック" }, "geometry": { "type": "Point", "coordinates": [ 141.217164, 40.626112 ] } },
{ "type": "Feature", "properties": { "ID": 220220001060, "正式名称": "平川市国民健康保険平川診療所", "機関区分": 2, "都道府県コード": 2, "市区町村コード": 210, "所在地": "青森県平川市柏木町藤山２３番地２", "緯度": 40.58366, "経度": 140.565637, "url": "https://www.iryou.teikyouseido.mhlw.go.jp/znk-web/juminkanja/S2430/initialize?prefCd=02&kikanCd=0220001060&kikanKbn=2", "url2": "http://www.city.hirakawa.lg.jp/", "内容": "平川市国民健康保険平川診療所【2:診療所】【診療科目:内科_整形外科】青森県平川市柏木町藤山２３番地２" }, "geometry": { "type": "Point", "coordinates": [ 140.565637, 40.58366 ] } },
{ "type": "Feature", "properties": { "ID": 220220001061, "正式名称": "花田医院", "機関区分": 2, "都道府県コード": 2, "市区町村コード": 210, "所在地": "青森県平川市尾上栄松２８６", "緯度": 40.614907, "経度": 140.582579, "url": "https://www.iryou.teikyouseido.mhlw.go.jp/znk-web/juminkanja/S2430/initialize?prefCd=02&kikanCd=0220001061&kikanKbn=2", "url2": null, "内容": "花田医院【2:診療所】【診療科目:内科_消化器内科】青森県平川市尾上栄松２８６" }, "geometry": { "type": "Point", "coordinates": [ 140.582579, 40.614907 ] } },
{ "type": "Feature", "properties": { "ID": 220220001069, "正式名称": "一般社団法人慈育会福士医院", "機関区分": 2, "都道府県コード": 2, "市区町村コード": 202, "所在地": "青森県弘前市新里字東里見４９", "緯度": 40.591187, "経度": 140.521113, "url": "https://www.iryou.teikyouseido.mhlw.go.jp/znk-web/juminkanja/S2430/initialize?prefCd=02&kikanCd=0220001069&kikanKbn=2", "url2": null, "内容": "一般社団法人慈育会福士医院【2:診療所】【診療科目:内科_整形外科_リウマチ科_リハビリテーション科】青森県弘前市新里字東里見４９" }, "geometry": { "type": "Point", "coordinates": [ 140.521113, 40.591187 ] } },
{ "type": "Feature", "properties": { "ID": 220220001073, "正式名称": "健　呼吸器内科・アレルギー科クリニック", "機関区分": 2, "都道府県コード": 2, "市区町村コード": 203, "所在地": "青森県八戸市田向４－１３－９", "緯度": 40.492993, "経度": 141.510341, "url": "https://www.iryou.teikyouseido.mhlw.go.jp/znk-web/juminkanja/S2430/initialize?prefCd=02&kikanCd=0220001073&kikanKbn=2", "url2": null, "内容": "健　呼吸器内科・アレルギー科クリニック【2:診療所】【診療科目:呼吸器内科_アレルギー科】青森県八戸市田向４－１３－９" }, "geometry": { "type": "Point", "coordinates": [ 141.510341, 40.492993 ] } },
{ "type": "Feature", "properties": { "ID": 220220001074, "正式名称": "青森タウン形成外科クリニック", "機関区分": 2, "都道府県コード": 2, "市区町村コード": 201, "所在地": "青森県青森市新町一丁目８番地８号　アセントビル３Ｆ", "緯度": 40.826887, "経度": 140.737695, "url": "https://www.iryou.teikyouseido.mhlw.go.jp/znk-web/juminkanja/S2430/initialize?prefCd=02&kikanCd=0220001074&kikanKbn=2", "url2": "http://www.keisei.ne.jp", "内容": "青森タウン形成外科クリニック【2:診療所】【診療科目:形成外科_美容外科_皮膚科】青森県青森市新町一丁目８番地８号　アセントビル３Ｆ" }, "geometry": { "type": "Point", "coordinates": [ 140.737695, 40.826887 ] } },
{ "type": "Feature", "properties": { "ID": 220220001075, "正式名称": "六ヶ所村地域家庭医療センター", "機関区分": 2, "都道府県コード": 2, "市区町村コード": 411, "所在地": "青森県上北郡六ヶ所村尾駮野附９８６－４", "緯度": 40.969689, "経度": 141.369914, "url": "https://www.iryou.teikyouseido.mhlw.go.jp/znk-web/juminkanja/S2430/initialize?prefCd=02&kikanCd=0220001075&kikanKbn=2", "url2": "http://rokkasho.jadecom.or.jp/", "内容": "六ヶ所村地域家庭医療センター【2:診療所】【診療科目:内科_外科_整形外科_小児科_眼科_歯科】青森県上北郡六ヶ所村尾駮野附９８６－４" }, "geometry": { "type": "Point", "coordinates": [ 141.369914, 40.969689 ] } },
{ "type": "Feature", "properties": { "ID": 220220001076, "正式名称": "中野脳神経外科・総合内科クリニック", "機関区分": 2, "都道府県コード": 2, "市区町村コード": 201, "所在地": "青森県青森市石江四丁目４番地３", "緯度": 40.83097, "経度": 140.691699, "url": "https://www.iryou.teikyouseido.mhlw.go.jp/znk-web/juminkanja/S2430/initialize?prefCd=02&kikanCd=0220001076&kikanKbn=2", "url2": "http://nakaneuro.byoinnavi.jp//pc/index.html", "内容": "中野脳神経外科・総合内科クリニック【2:診療所】【診療科目:内科_脳神経外科】青森県青森市石江四丁目４番地３" }, "geometry": { "type": "Point", "coordinates": [ 140.691699, 40.83097 ] } },
{ "type": "Feature", "properties": { "ID": 220220001084, "正式名称": "医療法人斉藤内科小児科医院", "機関区分": 2, "都道府県コード": 2, "市区町村コード": 201, "所在地": "青森県青森市青柳２丁目６－１７", "緯度": 40.827222, "経度": 140.756721, "url": "https://www.iryou.teikyouseido.mhlw.go.jp/znk-web/juminkanja/S2430/initialize?prefCd=02&kikanCd=0220001084&kikanKbn=2", "url2": "https://www.saitonaika.net", "内容": "医療法人斉藤内科小児科医院【2:診療所】【診療科目:内科_呼吸器内科_循環器内科_消化器内科_小児科】青森県青森市青柳２丁目６－１７" }, "geometry": { "type": "Point", "coordinates": [ 140.756721, 40.827222 ] } },
{ "type": "Feature", "properties": { "ID": 220220001085, "正式名称": "みさわの森クリニック", "機関区分": 2, "都道府県コード": 2, "市区町村コード": 412, "所在地": "青森県上北郡おいらせ町上久保６３－１７０", "緯度": 40.646724, "経度": 141.371429, "url": "https://www.iryou.teikyouseido.mhlw.go.jp/znk-web/juminkanja/S2430/initialize?prefCd=02&kikanCd=0220001085&kikanKbn=2", "url2": "http://misawanomori.byoinnavi.jp/pc/", "内容": "みさわの森クリニック【2:診療所】【診療科目:精神科_心療内科】青森県上北郡おいらせ町上久保６３－１７０" }, "geometry": { "type": "Point", "coordinates": [ 141.371429, 40.646724 ] } },
{ "type": "Feature", "properties": { "ID": 220220001086, "正式名称": "場崎クリニック", "機関区分": 2, "都道府県コード": 2, "市区町村コード": 202, "所在地": "青森県弘前市代官町８６番２号", "緯度": 40.603157, "経度": 140.479199, "url": "https://www.iryou.teikyouseido.mhlw.go.jp/znk-web/juminkanja/S2430/initialize?prefCd=02&kikanCd=0220001086&kikanKbn=2", "url2": "http://www.basaki-clinic.com/", "内容": "場崎クリニック【2:診療所】【診療科目:内科_放射線科】青森県弘前市代官町８６番２号" }, "geometry": { "type": "Point", "coordinates": [ 140.479199, 40.603157 ] } },
{ "type": "Feature", "properties": { "ID": 220220001087, "正式名称": "すとうｍｒｉクリニック", "機関区分": 2, "都道府県コード": 2, "市区町村コード": 205, "所在地": "青森県五所川原市姥萢字船橋２４６－１", "緯度": 40.785887, "経度": 140.446221, "url": "https://www.iryou.teikyouseido.mhlw.go.jp/znk-web/juminkanja/S2430/initialize?prefCd=02&kikanCd=0220001087&kikanKbn=2", "url2": "https://sutou-mri.com/", "内容": "すとうｍｒｉクリニック【2:診療所】【診療科目:内科_整形外科】青森県五所川原市姥萢字船橋２４６－１" }, "geometry": { "type": "Point", "coordinates": [ 140.446221, 40.785887 ] } },
{ "type": "Feature", "properties": { "ID": 220220001088, "正式名称": "山崎眼科", "機関区分": 2, "都道府県コード": 2, "市区町村コード": 203, "所在地": "青森県八戸市日計１－２－４４", "緯度": 40.540431, "経度": 141.475203, "url": "https://www.iryou.teikyouseido.mhlw.go.jp/znk-web/juminkanja/S2430/initialize?prefCd=02&kikanCd=0220001088&kikanKbn=2", "url2": "http://yamazaki-ganka.sakura.ne.jp/", "内容": "山崎眼科【2:診療所】【診療科目:眼科】青森県八戸市日計１－２－４４" }, "geometry": { "type": "Point", "coordinates": [ 141.475203, 40.540431 ] } },
{ "type": "Feature", "properties": { "ID": 220220001089, "正式名称": "かさい糖尿病内科クリニック", "機関区分": 2, "都道府県コード": 2, "市区町村コード": 203, "所在地": "青森県八戸市田向５丁目２１－２５", "緯度": 40.4903, "経度": 141.511465, "url": "https://www.iryou.teikyouseido.mhlw.go.jp/znk-web/juminkanja/S2430/initialize?prefCd=02&kikanCd=0220001089&kikanKbn=2", "url2": "http://kasai-medical.jp", "内容": "かさい糖尿病内科クリニック【2:診療所】【診療科目:内科_糖尿病内科】青森県八戸市田向５丁目２１－２５" }, "geometry": { "type": "Point", "coordinates": [ 141.511465, 40.4903 ] } },
{ "type": "Feature", "properties": { "ID": 220220001090, "正式名称": "みどりが丘整形外科クリニック", "機関区分": 2, "都道府県コード": 2, "市区町村コード": 208, "所在地": "青森県むつ市緑ヶ丘３５－５", "緯度": 41.299818, "経度": 141.193302, "url": "https://www.iryou.teikyouseido.mhlw.go.jp/znk-web/juminkanja/S2430/initialize?prefCd=02&kikanCd=0220001090&kikanKbn=2", "url2": "http://www.mdorigaoka-seikei.net", "内容": "みどりが丘整形外科クリニック【2:診療所】【診療科目:整形外科】青森県むつ市緑ヶ丘３５－５" }, "geometry": { "type": "Point", "coordinates": [ 141.193302, 41.299818 ] } },
{ "type": "Feature", "properties": { "ID": 220220001091, "正式名称": "かきざき生活習慣病クリニック", "機関区分": 2, "都道府県コード": 2, "市区町村コード": 203, "所在地": "青森県八戸市湊町字上田屋前２９番１２号", "緯度": 40.510797, "経度": 141.533421, "url": "https://www.iryou.teikyouseido.mhlw.go.jp/znk-web/juminkanja/S2430/initialize?prefCd=02&kikanCd=0220001091&kikanKbn=2", "url2": null, "内容": "かきざき生活習慣病クリニック【2:診療所】【診療科目:内科_糖尿病内科_内分泌内科】青森県八戸市湊町字上田屋前２９番１２号" }, "geometry": { "type": "Point", "coordinates": [ 141.533421, 40.510797 ] } },
{ "type": "Feature", "properties": { "ID": 220220001092, "正式名称": "医療法人　いとう整形外科・スポーツクリニック", "機関区分": 2, "都道府県コード": 2, "市区町村コード": 203, "所在地": "青森県八戸市東白山台二丁目３５－７", "緯度": 40.485993, "経度": 141.466706, "url": "https://www.iryou.teikyouseido.mhlw.go.jp/znk-web/juminkanja/S2430/initialize?prefCd=02&kikanCd=0220001092&kikanKbn=2", "url2": "http://www.ito-osc.com", "内容": "医療法人　いとう整形外科・スポーツクリニック【2:診療所】【診療科目:整形外科_リハビリテーション科】青森県八戸市東白山台二丁目３５－７" }, "geometry": { "type": "Point", "coordinates": [ 141.466706, 40.485993 ] } },
{ "type": "Feature", "properties": { "ID": 220220001096, "正式名称": "サイトウ整形外科クリニック", "機関区分": 2, "都道府県コード": 2, "市区町村コード": 207, "所在地": "青森県三沢市緑町３－１－３", "緯度": 40.686581, "経度": 141.373649, "url": "https://www.iryou.teikyouseido.mhlw.go.jp/znk-web/juminkanja/S2430/initialize?prefCd=02&kikanCd=0220001096&kikanKbn=2", "url2": null, "内容": "サイトウ整形外科クリニック【2:診療所】【診療科目:整形外科】青森県三沢市緑町３－１－３" }, "geometry": { "type": "Point", "coordinates": [ 141.373649, 40.686581 ] } },
{ "type": "Feature", "properties": { "ID": 220220001097, "正式名称": "小川原湖クリニック", "機関区分": 2, "都道府県コード": 2, "市区町村コード": 408, "所在地": "青森県上北郡東北町上北北一丁目３４番地４５", "緯度": 40.733574, "経度": 141.260045, "url": "https://www.iryou.teikyouseido.mhlw.go.jp/znk-web/juminkanja/S2430/initialize?prefCd=02&kikanCd=0220001097&kikanKbn=2", "url2": "http://www.ogawarako5600.jp/index.html", "内容": "小川原湖クリニック【2:診療所】【診療科目:内科】青森県上北郡東北町上北北一丁目３４番地４５" }, "geometry": { "type": "Point", "coordinates": [ 141.260045, 40.733574 ] } },
{ "type": "Feature", "properties": { "ID": 220220001101, "正式名称": "中村歯科医院", "機関区分": 2, "都道府県コード": 2, "市区町村コード": 204, "所在地": "青森県黒石市大板町１１－１", "緯度": 40.645904, "経度": 140.588938, "url": "https://www.iryou.teikyouseido.mhlw.go.jp/znk-web/juminkanja/S2430/initialize?prefCd=02&kikanCd=0220001101&kikanKbn=2", "url2": null, "内容": "中村歯科医院【2:診療所】【診療科目:歯科】青森県黒石市大板町１１－１" }, "geometry": { "type": "Point", "coordinates": [ 140.588938, 40.645904 ] } },
{ "type": "Feature", "properties": { "ID": 220220001103, "正式名称": "あらいこどもクリニック／眼科クリニック", "機関区分": 2, "都道府県コード": 2, "市区町村コード": 202, "所在地": "青森県弘前市城東中央４丁目２－８", "緯度": 40.601074, "経度": 140.494976, "url": "https://www.iryou.teikyouseido.mhlw.go.jp/znk-web/juminkanja/S2430/initialize?prefCd=02&kikanCd=0220001103&kikanKbn=2", "url2": "http://www.arai-clinic.com", "内容": "あらいこどもクリニック／眼科クリニック【2:診療所】【診療科目:小児科_眼科_アレルギー科】青森県弘前市城東中央４丁目２－８" }, "geometry": { "type": "Point", "coordinates": [ 140.494976, 40.601074 ] } },
{ "type": "Feature", "properties": { "ID": 220220001107, "正式名称": "下田きくち眼科", "機関区分": 2, "都道府県コード": 2, "市区町村コード": 412, "所在地": "青森県上北郡おいらせ町中野平４０－１　イオンモール下田１階", "緯度": 40.606951, "経度": 141.419509, "url": "https://www.iryou.teikyouseido.mhlw.go.jp/znk-web/juminkanja/S2430/initialize?prefCd=02&kikanCd=0220001107&kikanKbn=2", "url2": "http://shimoda-aeonmall.com/shop/detail/150", "内容": "下田きくち眼科【2:診療所】【診療科目:眼科】青森県上北郡おいらせ町中野平４０－１　イオンモール下田１階" }, "geometry": { "type": "Point", "coordinates": [ 141.419509, 40.606951 ] } },
{ "type": "Feature", "properties": { "ID": 220220001108, "正式名称": "とわだ循環器内科", "機関区分": 2, "都道府県コード": 2, "市区町村コード": 206, "所在地": "青森県十和田市西十一番町４０番３１号", "緯度": 40.616113, "経度": 141.199222, "url": "https://www.iryou.teikyouseido.mhlw.go.jp/znk-web/juminkanja/S2430/initialize?prefCd=02&kikanCd=0220001108&kikanKbn=2", "url2": null, "内容": "とわだ循環器内科【2:診療所】【診療科目:内科_循環器内科】青森県十和田市西十一番町４０番３１号" }, "geometry": { "type": "Point", "coordinates": [ 141.199222, 40.616113 ] } },
{ "type": "Feature", "properties": { "ID": 220220001111, "正式名称": "白山台メンタルクリニック", "機関区分": 2, "都道府県コード": 2, "市区町村コード": 203, "所在地": "青森県八戸市南白山台一丁目１０－５", "緯度": 40.477826, "経度": 141.463373, "url": "https://www.iryou.teikyouseido.mhlw.go.jp/znk-web/juminkanja/S2430/initialize?prefCd=02&kikanCd=0220001111&kikanKbn=2", "url2": "http://hakusandai-mc.com", "内容": "白山台メンタルクリニック【2:診療所】【診療科目:精神科_心療内科】青森県八戸市南白山台一丁目１０－５" }, "geometry": { "type": "Point", "coordinates": [ 141.463373, 40.477826 ] } },
{ "type": "Feature", "properties": { "ID": 220220001112, "正式名称": "はら眼科", "機関区分": 2, "都道府県コード": 2, "市区町村コード": 205, "所在地": "青森県五所川原市中央１丁目４０番地２", "緯度": 40.808023, "経度": 140.44011, "url": "https://www.iryou.teikyouseido.mhlw.go.jp/znk-web/juminkanja/S2430/initialize?prefCd=02&kikanCd=0220001112&kikanKbn=2", "url2": "https://www.hara-ec.com/", "内容": "はら眼科【2:診療所】【診療科目:眼科】青森県五所川原市中央１丁目４０番地２" }, "geometry": { "type": "Point", "coordinates": [ 140.44011, 40.808023 ] } },
{ "type": "Feature", "properties": { "ID": 220220001115, "正式名称": "山形内科クリニック", "機関区分": 2, "都道府県コード": 2, "市区町村コード": 202, "所在地": "青森県弘前市松森町１２４", "緯度": 40.59277, "経度": 140.481449, "url": "https://www.iryou.teikyouseido.mhlw.go.jp/znk-web/juminkanja/S2430/initialize?prefCd=02&kikanCd=0220001115&kikanKbn=2", "url2": "http://yamagataclinic.com", "内容": "山形内科クリニック【2:診療所】【診療科目:内科_呼吸器内科_循環器内科_消化器内科】青森県弘前市松森町１２４" }, "geometry": { "type": "Point", "coordinates": [ 140.481449, 40.59277 ] } },
{ "type": "Feature", "properties": { "ID": 220220001118, "正式名称": "たかしクリニック耳鼻咽喉科", "機関区分": 2, "都道府県コード": 2, "市区町村コード": 201, "所在地": "青森県青森市奥野２丁目１０番２１号", "緯度": 40.810835, "経度": 140.760722, "url": "https://www.iryou.teikyouseido.mhlw.go.jp/znk-web/juminkanja/S2430/initialize?prefCd=02&kikanCd=0220001118&kikanKbn=2", "url2": null, "内容": "たかしクリニック耳鼻咽喉科【2:診療所】【診療科目:頭頸部外科_小児耳鼻いんこう科_耳鼻いんこう科_アレルギー科】青森県青森市奥野２丁目１０番２１号" }, "geometry": { "type": "Point", "coordinates": [ 140.760722, 40.810835 ] } },
{ "type": "Feature", "properties": { "ID": 220220001119, "正式名称": "たざわ生活習慣病クリニック", "機関区分": 2, "都道府県コード": 2, "市区町村コード": 201, "所在地": "青森県青森市中佃２－１８－２６", "緯度": 40.816112, "経度": 140.783553, "url": "https://www.iryou.teikyouseido.mhlw.go.jp/znk-web/juminkanja/S2430/initialize?prefCd=02&kikanCd=0220001119&kikanKbn=2", "url2": "https://tazawaseikatu-clinic.tkc.best-hp.jp", "内容": "たざわ生活習慣病クリニック【2:診療所】【診療科目:糖尿病内科_代謝内科_内分泌内科】青森県青森市中佃２－１８－２６" }, "geometry": { "type": "Point", "coordinates": [ 140.783553, 40.816112 ] } },
{ "type": "Feature", "properties": { "ID": 220220001120, "正式名称": "西巻デンタルオフィス青森", "機関区分": 2, "都道府県コード": 2, "市区町村コード": 201, "所在地": "青森県青森市長島１－６－６　クロスタワー　ア・ベイ３０２", "緯度": 40.823333, "経度": 140.744751, "url": "https://www.iryou.teikyouseido.mhlw.go.jp/znk-web/juminkanja/S2430/initialize?prefCd=02&kikanCd=0220001120&kikanKbn=2", "url2": "http://www.shujinkai.jp/aomoribunin.html", "内容": "西巻デンタルオフィス青森【2:診療所】【診療科目:歯科_矯正歯科_歯科口腔外科_小児歯科】青森県青森市長島１－６－６　クロスタワー　ア・ベイ３０２" }, "geometry": { "type": "Point", "coordinates": [ 140.744751, 40.823333 ] } },
{ "type": "Feature", "properties": { "ID": 220220001124, "正式名称": "エルム女性クリニック", "機関区分": 2, "都道府県コード": 2, "市区町村コード": 205, "所在地": "青森県五所川原市中央四丁目９３番地", "緯度": 40.797136, "経度": 140.451692, "url": "https://www.iryou.teikyouseido.mhlw.go.jp/znk-web/juminkanja/S2430/initialize?prefCd=02&kikanCd=0220001124&kikanKbn=2", "url2": null, "内容": "エルム女性クリニック【2:診療所】【診療科目:産婦人科】青森県五所川原市中央四丁目９３番地" }, "geometry": { "type": "Point", "coordinates": [ 140.451692, 40.797136 ] } },
{ "type": "Feature", "properties": { "ID": 220220001125, "正式名称": "のだ眼科・血管内科クリニック", "機関区分": 2, "都道府県コード": 2, "市区町村コード": 202, "所在地": "青森県弘前市神田３－２－１１", "緯度": 40.630932, "経度": 140.498141, "url": "https://www.iryou.teikyouseido.mhlw.go.jp/znk-web/juminkanja/S2430/initialize?prefCd=02&kikanCd=0220001125&kikanKbn=2", "url2": "https://www.noda-clinic.org/", "内容": "のだ眼科・血管内科クリニック【2:診療所】【診療科目:内科_心臓血管内科_眼科_放射線科_放射線診断科】青森県弘前市神田３－２－１１" }, "geometry": { "type": "Point", "coordinates": [ 140.498141, 40.630932 ] } },
{ "type": "Feature", "properties": { "ID": 220220001127, "正式名称": "いちろうクリニック", "機関区分": 2, "都道府県コード": 2, "市区町村コード": 202, "所在地": "青森県弘前市早稲田四丁目１番地５", "緯度": 40.604713, "経度": 140.513974, "url": "https://www.iryou.teikyouseido.mhlw.go.jp/znk-web/juminkanja/S2430/initialize?prefCd=02&kikanCd=0220001127&kikanKbn=2", "url2": null, "内容": "いちろうクリニック【2:診療所】【診療科目:内科_産婦人科】青森県弘前市早稲田四丁目１番地５" }, "geometry": { "type": "Point", "coordinates": [ 140.513974, 40.604713 ] } },
{ "type": "Feature", "properties": { "ID": 220220001128, "正式名称": "白山台やすらぎ館クリニック", "機関区分": 2, "都道府県コード": 2, "市区町村コード": 203, "所在地": "青森県八戸市西白山台６丁目９番３０号", "緯度": 40.473188, "経度": 141.45518, "url": "https://www.iryou.teikyouseido.mhlw.go.jp/znk-web/juminkanja/S2430/initialize?prefCd=02&kikanCd=0220001128&kikanKbn=2", "url2": null, "内容": "白山台やすらぎ館クリニック【2:診療所】【診療科目:内科】青森県八戸市西白山台６丁目９番３０号" }, "geometry": { "type": "Point", "coordinates": [ 141.45518, 40.473188 ] } },
{ "type": "Feature", "properties": { "ID": 220220001129, "正式名称": "六戸町国民健康保険診療所", "機関区分": 2, "都道府県コード": 2, "市区町村コード": 405, "所在地": "青森県上北郡六戸町犬落瀬字後田４２番地１", "緯度": 40.645362, "経度": 141.331821, "url": "https://www.iryou.teikyouseido.mhlw.go.jp/znk-web/juminkanja/S2430/initialize?prefCd=02&kikanCd=0220001129&kikanKbn=2", "url2": null, "内容": "六戸町国民健康保険診療所【2:診療所】【診療科目:内科_整形外科】青森県上北郡六戸町犬落瀬字後田４２番地１" }, "geometry": { "type": "Point", "coordinates": [ 141.331821, 40.645362 ] } },
{ "type": "Feature", "properties": { "ID": 220220001131, "正式名称": "井上耳鼻咽喉科医院", "機関区分": 2, "都道府県コード": 2, "市区町村コード": 201, "所在地": "青森県青森市大野片岡２５番地１", "緯度": 40.802085, "経度": 140.731503, "url": "https://www.iryou.teikyouseido.mhlw.go.jp/znk-web/juminkanja/S2430/initialize?prefCd=02&kikanCd=0220001131&kikanKbn=2", "url2": null, "内容": "井上耳鼻咽喉科医院【2:診療所】【診療科目:耳鼻いんこう科】青森県青森市大野片岡２５番地１" }, "geometry": { "type": "Point", "coordinates": [ 140.731503, 40.802085 ] } },
{ "type": "Feature", "properties": { "ID": 220220001133, "正式名称": "医療法人なんば耳鼻咽喉科", "機関区分": 2, "都道府県コード": 2, "市区町村コード": 202, "所在地": "青森県弘前市高田５丁目２番地３", "緯度": 40.596214, "経度": 140.505753, "url": "https://www.iryou.teikyouseido.mhlw.go.jp/znk-web/juminkanja/S2430/initialize?prefCd=02&kikanCd=0220001133&kikanKbn=2", "url2": "http://www.namba-ent.com/", "内容": "医療法人なんば耳鼻咽喉科【2:診療所】【診療科目:耳鼻いんこう科】青森県弘前市高田５丁目２番地３" }, "geometry": { "type": "Point", "coordinates": [ 140.505753, 40.596214 ] } },
{ "type": "Feature", "properties": { "ID": 220220001140, "正式名称": "クリスタルメンズクリニック", "機関区分": 2, "都道府県コード": 2, "市区町村コード": 201, "所在地": "青森県青森市安方２丁目１７－１１　青森商連安方ビル", "緯度": 40.828832, "経度": 140.73764, "url": "https://www.iryou.teikyouseido.mhlw.go.jp/znk-web/juminkanja/S2430/initialize?prefCd=02&kikanCd=0220001140&kikanKbn=2", "url2": "https://www.mencli.com/", "内容": "クリスタルメンズクリニック【2:診療所】【診療科目:美容外科】青森県青森市安方２丁目１７－１１　青森商連安方ビル" }, "geometry": { "type": "Point", "coordinates": [ 140.73764, 40.828832 ] } },
{ "type": "Feature", "properties": { "ID": 220220001142, "正式名称": "医療法人うしお内科クリニック", "機関区分": 2, "都道府県コード": 2, "市区町村コード": 203, "所在地": "青森県八戸市東白山台二丁目３４－１６　２－３４－１６，Ｈｉｇａｓｈｉｈａｋｕｓａｎｄａｉ", "緯度": 40.485493, "経度": 141.467122, "url": "https://www.iryou.teikyouseido.mhlw.go.jp/znk-web/juminkanja/S2430/initialize?prefCd=02&kikanCd=0220001142&kikanKbn=2", "url2": "http://www.ushio-naika.com", "内容": "医療法人うしお内科クリニック【2:診療所】【診療科目:内科_消化器内科】青森県八戸市東白山台二丁目３４－１６　２－３４－１６，Ｈｉｇａｓｈｉｈａｋｕｓａｎｄａｉ" }, "geometry": { "type": "Point", "coordinates": [ 141.467122, 40.485493 ] } },
{ "type": "Feature", "properties": { "ID": 220220001147, "正式名称": "深浦町国民健康保険深浦診療所", "機関区分": 2, "都道府県コード": 2, "市区町村コード": 323, "所在地": "青森県西津軽郡深浦町広戸家野上１０４番地３", "緯度": 40.660837, "経度": 139.956018, "url": "https://www.iryou.teikyouseido.mhlw.go.jp/znk-web/juminkanja/S2430/initialize?prefCd=02&kikanCd=0220001147&kikanKbn=2", "url2": null, "内容": "深浦町国民健康保険深浦診療所【2:診療所】【診療科目:内科_外科】青森県西津軽郡深浦町広戸家野上１０４番地３" }, "geometry": { "type": "Point", "coordinates": [ 139.956018, 40.660837 ] } },
{ "type": "Feature", "properties": { "ID": 220220001149, "正式名称": "あいだクリニック", "機関区分": 2, "都道府県コード": 2, "市区町村コード": 201, "所在地": "青森県青森市合浦１丁目２番２１号", "緯度": 40.828305, "経度": 140.768942, "url": "https://www.iryou.teikyouseido.mhlw.go.jp/znk-web/juminkanja/S2430/initialize?prefCd=02&kikanCd=0220001149&kikanKbn=2", "url2": "http://aida-clinic.jp/", "内容": "あいだクリニック【2:診療所】【診療科目:小児科_アレルギー科】青森県青森市合浦１丁目２番２１号" }, "geometry": { "type": "Point", "coordinates": [ 140.768942, 40.828305 ] } },
{ "type": "Feature", "properties": { "ID": 220220001150, "正式名称": "医療法人仙知会八幡町クリニック", "機関区分": 2, "都道府県コード": 2, "市区町村コード": 202, "所在地": "青森県弘前市青山４丁目２７番地１０", "緯度": 40.619044, "経度": 140.482476, "url": "https://www.iryou.teikyouseido.mhlw.go.jp/znk-web/juminkanja/S2430/initialize?prefCd=02&kikanCd=0220001150&kikanKbn=2", "url2": "https://senchikai.jp/hachimancho/", "内容": "医療法人仙知会八幡町クリニック【2:診療所】【診療科目:内科_外科】青森県弘前市青山４丁目２７番地１０" }, "geometry": { "type": "Point", "coordinates": [ 140.482476, 40.619044 ] } },
{ "type": "Feature", "properties": { "ID": 220220001153, "正式名称": "げんねん健康管理センター", "機関区分": 2, "都道府県コード": 2, "市区町村コード": 411, "所在地": "青森県上北郡六ヶ所村尾駮字沖付４－１０８　日本原燃株式会社", "緯度": 40.969772, "経度": 141.331278, "url": "https://www.iryou.teikyouseido.mhlw.go.jp/znk-web/juminkanja/S2430/initialize?prefCd=02&kikanCd=0220001153&kikanKbn=2", "url2": null, "内容": "げんねん健康管理センター【2:診療所】【診療科目:内科_歯科】青森県上北郡六ヶ所村尾駮字沖付４－１０８　日本原燃株式会社" }, "geometry": { "type": "Point", "coordinates": [ 141.331278, 40.969772 ] } },
{ "type": "Feature", "properties": { "ID": 220220001155, "正式名称": "和田整形外科クリニック", "機関区分": 2, "都道府県コード": 2, "市区町村コード": 203, "所在地": "青森県八戸市湊高台５丁目１３番２６号", "緯度": 40.507048, "経度": 141.53395, "url": "https://www.iryou.teikyouseido.mhlw.go.jp/znk-web/juminkanja/S2430/initialize?prefCd=02&kikanCd=0220001155&kikanKbn=2", "url2": "https://ortho-wada.com", "内容": "和田整形外科クリニック【2:診療所】【診療科目:整形外科】青森県八戸市湊高台５丁目１３番２６号" }, "geometry": { "type": "Point", "coordinates": [ 141.53395, 40.507048 ] } },
{ "type": "Feature", "properties": { "ID": 220220001156, "正式名称": "浜田みやかわ眼科", "機関区分": 2, "都道府県コード": 2, "市区町村コード": 201, "所在地": "青森県青森市浜田玉川３４６－１", "緯度": 40.800919, "経度": 140.757334, "url": "https://www.iryou.teikyouseido.mhlw.go.jp/znk-web/juminkanja/S2430/initialize?prefCd=02&kikanCd=0220001156&kikanKbn=2", "url2": "https://www.miyakawa-eye.com", "内容": "浜田みやかわ眼科【2:診療所】【診療科目:眼科】青森県青森市浜田玉川３４６－１" }, "geometry": { "type": "Point", "coordinates": [ 140.757334, 40.800919 ] } },
{ "type": "Feature", "properties": { "ID": 220220001158, "正式名称": "かみむらクリニック泌尿器科・内科", "機関区分": 2, "都道府県コード": 2, "市区町村コード": 205, "所在地": "青森県五所川原市中央５丁目１１９番地１", "緯度": 40.794664, "経度": 140.450748, "url": "https://www.iryou.teikyouseido.mhlw.go.jp/znk-web/juminkanja/S2430/initialize?prefCd=02&kikanCd=0220001158&kikanKbn=2", "url2": "http://www.kamimura-uro.com", "内容": "かみむらクリニック泌尿器科・内科【2:診療所】【診療科目:内科_泌尿器科】青森県五所川原市中央５丁目１１９番地１" }, "geometry": { "type": "Point", "coordinates": [ 140.450748, 40.794664 ] } },
{ "type": "Feature", "properties": { "ID": 220220001161, "正式名称": "一般社団法人青香会　弘前脳神経外科クリニック", "機関区分": 2, "都道府県コード": 2, "市区町村コード": 202, "所在地": "青森県弘前市大清水４－８－３", "緯度": 40.577049, "経度": 140.497837, "url": "https://www.iryou.teikyouseido.mhlw.go.jp/znk-web/juminkanja/S2430/initialize?prefCd=02&kikanCd=0220001161&kikanKbn=2", "url2": null, "内容": "一般社団法人青香会　弘前脳神経外科クリニック【2:診療所】【診療科目:内科_脳神経外科_リハビリテーション科】青森県弘前市大清水４－８－３" }, "geometry": { "type": "Point", "coordinates": [ 140.497837, 40.577049 ] } },
{ "type": "Feature", "properties": { "ID": 220220001163, "正式名称": "西口内科", "機関区分": 2, "都道府県コード": 2, "市区町村コード": 203, "所在地": "青森県八戸市尻内町字内田１－１", "緯度": 40.522655, "経度": 141.418013, "url": "https://www.iryou.teikyouseido.mhlw.go.jp/znk-web/juminkanja/S2430/initialize?prefCd=02&kikanCd=0220001163&kikanKbn=2", "url2": "https://nishiguchi-naika.com/", "内容": "西口内科【2:診療所】【診療科目:内科_外科】青森県八戸市尻内町字内田１－１" }, "geometry": { "type": "Point", "coordinates": [ 141.418013, 40.522655 ] } },
{ "type": "Feature", "properties": { "ID": 220220001169, "正式名称": "ファミリークリニック希望", "機関区分": 2, "都道府県コード": 2, "市区町村コード": 209, "所在地": "青森県つがる市富萢町山里１－１", "緯度": 40.985364, "経度": 140.339582, "url": "https://www.iryou.teikyouseido.mhlw.go.jp/znk-web/juminkanja/S2430/initialize?prefCd=02&kikanCd=0220001169&kikanKbn=2", "url2": "https://famicli.com/", "内容": "ファミリークリニック希望【2:診療所】【診療科目:内科_小児科】青森県つがる市富萢町山里１－１" }, "geometry": { "type": "Point", "coordinates": [ 140.339582, 40.985364 ] } },
{ "type": "Feature", "properties": { "ID": 220220001173, "正式名称": "しちのへ内科クリニック", "機関区分": 2, "都道府県コード": 2, "市区町村コード": 402, "所在地": "青森県上北郡七戸町字荒熊内２１２ー１", "緯度": 40.718623, "経度": 141.151146, "url": "https://www.iryou.teikyouseido.mhlw.go.jp/znk-web/juminkanja/S2430/initialize?prefCd=02&kikanCd=0220001173&kikanKbn=2", "url2": "shichinohe-naika.com", "内容": "しちのへ内科クリニック【2:診療所】【診療科目:内科_循環器内科_消化器内科】青森県上北郡七戸町字荒熊内２１２ー１" }, "geometry": { "type": "Point", "coordinates": [ 141.151146, 40.718623 ] } },
{ "type": "Feature", "properties": { "ID": 220220001174, "正式名称": "白山台くに眼科", "機関区分": 2, "都道府県コード": 2, "市区町村コード": 203, "所在地": "青森県八戸市東白山台二丁目３４－１６", "緯度": 40.48591, "経度": 141.467595, "url": "https://www.iryou.teikyouseido.mhlw.go.jp/znk-web/juminkanja/S2430/initialize?prefCd=02&kikanCd=0220001174&kikanKbn=2", "url2": "https://8-92eye.com/", "内容": "白山台くに眼科【2:診療所】【診療科目:小児眼科_眼科】青森県八戸市東白山台二丁目３４－１６" }, "geometry": { "type": "Point", "coordinates": [ 141.467595, 40.48591 ] } },
{ "type": "Feature", "properties": { "ID": 220220001175, "正式名称": "平賀クリニック", "機関区分": 2, "都道府県コード": 2, "市区町村コード": 203, "所在地": "青森県八戸市城下四丁目１９番３３号", "緯度": 40.51849, "経度": 141.495091, "url": "https://www.iryou.teikyouseido.mhlw.go.jp/znk-web/juminkanja/S2430/initialize?prefCd=02&kikanCd=0220001175&kikanKbn=2", "url2": "http://hiragacl.byoinnavi.jp/prepc/equipment.html", "内容": "平賀クリニック【2:診療所】【診療科目:内科_循環器内科】青森県八戸市城下四丁目１９番３３号" }, "geometry": { "type": "Point", "coordinates": [ 141.495091, 40.51849 ] } },
{ "type": "Feature", "properties": { "ID": 220220001177, "正式名称": "はちのへ江陽クリニック", "機関区分": 2, "都道府県コード": 2, "市区町村コード": 203, "所在地": "青森県八戸市江陽２丁目１６－４４", "緯度": 40.523211, "経度": 141.502256, "url": "https://www.iryou.teikyouseido.mhlw.go.jp/znk-web/juminkanja/S2430/initialize?prefCd=02&kikanCd=0220001177&kikanKbn=2", "url2": "https://www.hachinohe-koyoclinic.com", "内容": "はちのへ江陽クリニック【2:診療所】【診療科目:内科_外科_腎臓・泌尿器科】青森県八戸市江陽２丁目１６－４４" }, "geometry": { "type": "Point", "coordinates": [ 141.502256, 40.523211 ] } },
{ "type": "Feature", "properties": { "ID": 220220001178, "正式名称": "スワンクリニック", "機関区分": 2, "都道府県コード": 2, "市区町村コード": 445, "所在地": "青森県三戸郡南部町沖田面字千刈３７－１", "緯度": 40.411636, "経度": 141.280141, "url": "https://www.iryou.teikyouseido.mhlw.go.jp/znk-web/juminkanja/S2430/initialize?prefCd=02&kikanCd=0220001178&kikanKbn=2", "url2": "http://www.nanbu-hp.or.jp", "内容": "スワンクリニック【2:診療所】【診療科目:内科_外科_整形外科_小児科_アレルギー科_リハビリテーション科】青森県三戸郡南部町沖田面字千刈３７－１" }, "geometry": { "type": "Point", "coordinates": [ 141.280141, 40.411636 ] } },
{ "type": "Feature", "properties": { "ID": 220220001181, "正式名称": "特別養護老人ホーム　ハピネスやくら　医務室", "機関区分": 2, "都道府県コード": 2, "市区町村コード": 203, "所在地": "青森県八戸市八幡字下樋田１－１　ハピネスヤクラ", "緯度": 40.495102, "経度": 141.436402, "url": "https://www.iryou.teikyouseido.mhlw.go.jp/znk-web/juminkanja/S2430/initialize?prefCd=02&kikanCd=0220001181&kikanKbn=2", "url2": null, "内容": "特別養護老人ホーム　ハピネスやくら　医務室【2:診療所】【診療科目:内科】青森県八戸市八幡字下樋田１－１　ハピネスヤクラ" }, "geometry": { "type": "Point", "coordinates": [ 141.436402, 40.495102 ] } },
{ "type": "Feature", "properties": { "ID": 220220001183, "正式名称": "さいクリニック", "機関区分": 2, "都道府県コード": 2, "市区町村コード": 426, "所在地": "青森県下北郡佐井村佐井大佐井川目３８－１", "緯度": 41.415133, "経度": 140.878906, "url": "https://www.iryou.teikyouseido.mhlw.go.jp/znk-web/juminkanja/S2430/initialize?prefCd=02&kikanCd=0220001183&kikanKbn=2", "url2": null, "内容": "さいクリニック【2:診療所】【診療科目:整形外科】青森県下北郡佐井村佐井大佐井川目３８－１" }, "geometry": { "type": "Point", "coordinates": [ 140.878906, 41.415133 ] } },
{ "type": "Feature", "properties": { "ID": 220220001186, "正式名称": "医療法人社団　伊東クリニック", "機関区分": 2, "都道府県コード": 2, "市区町村コード": 202, "所在地": "青森県弘前市元大工町３６番地１", "緯度": 40.601741, "経度": 140.466367, "url": "https://www.iryou.teikyouseido.mhlw.go.jp/znk-web/juminkanja/S2430/initialize?prefCd=02&kikanCd=0220001186&kikanKbn=2", "url2": "https://www.itoclinic-med.com/", "内容": "医療法人社団　伊東クリニック【2:診療所】【診療科目:内科_消化器内科】青森県弘前市元大工町３６番地１" }, "geometry": { "type": "Point", "coordinates": [ 140.466367, 40.601741 ] } },
{ "type": "Feature", "properties": { "ID": 220220001189, "正式名称": "むなかた皮ふ科スキンケアクリニック", "機関区分": 2, "都道府県コード": 2, "市区町村コード": 201, "所在地": "青森県青森市篠田２丁目１９ー３", "緯度": 40.8260429, "経度": 140.7256554, "url": "https://www.iryou.teikyouseido.mhlw.go.jp/znk-web/juminkanja/S2430/initialize?prefCd=02&kikanCd=0220001189&kikanKbn=2", "url2": "https://munakata-skin.com", "内容": "むなかた皮ふ科スキンケアクリニック【2:診療所】【診療科目:小児皮膚科_皮膚科】青森県青森市篠田２丁目１９ー３" }, "geometry": { "type": "Point", "coordinates": [ 140.7256554, 40.8260429 ] } },
{ "type": "Feature", "properties": { "ID": 220220001192, "正式名称": "須藤医院", "機関区分": 2, "都道府県コード": 2, "市区町村コード": 210, "所在地": "青森県平川市柏木町藤山３７－５", "緯度": 40.583327, "経度": 140.564943, "url": "https://www.iryou.teikyouseido.mhlw.go.jp/znk-web/juminkanja/S2430/initialize?prefCd=02&kikanCd=0220001192&kikanKbn=2", "url2": "https://miraikai.cloud-line.com/sudoucrinic/", "内容": "須藤医院【2:診療所】【診療科目:内科_整形外科】青森県平川市柏木町藤山３７－５" }, "geometry": { "type": "Point", "coordinates": [ 140.564943, 40.583327 ] } },
{ "type": "Feature", "properties": { "ID": 220220001194, "正式名称": "堤橋ふれあいクリニック", "機関区分": 2, "都道府県コード": 2, "市区町村コード": 201, "所在地": "青森県青森市堤町二丁目２４番地１３号", "緯度": 40.824888, "経度": 140.758304, "url": "https://www.iryou.teikyouseido.mhlw.go.jp/znk-web/juminkanja/S2430/initialize?prefCd=02&kikanCd=0220001194&kikanKbn=2", "url2": "https://tsutsumibashi-fureai-clinic.com/", "内容": "堤橋ふれあいクリニック【2:診療所】【診療科目:内科_循環器内科_心臓血管外科】青森県青森市堤町二丁目２４番地１３号" }, "geometry": { "type": "Point", "coordinates": [ 140.758304, 40.824888 ] } },
{ "type": "Feature", "properties": { "ID": 220220001199, "正式名称": "西十一番クリニック", "機関区分": 2, "都道府県コード": 2, "市区町村コード": 206, "所在地": "青森県十和田市西十一番町４０番３８号", "緯度": 40.616113, "経度": 141.199222, "url": "https://www.iryou.teikyouseido.mhlw.go.jp/znk-web/juminkanja/S2430/initialize?prefCd=02&kikanCd=0220001199&kikanKbn=2", "url2": "n11c.com", "内容": "西十一番クリニック【2:診療所】【診療科目:内科_泌尿器科】青森県十和田市西十一番町４０番３８号" }, "geometry": { "type": "Point", "coordinates": [ 141.199222, 40.616113 ] } },
{ "type": "Feature", "properties": { "ID": 220220001201, "正式名称": "ひろさき糖尿病・内科クリニック", "機関区分": 2, "都道府県コード": 2, "市区町村コード": 202, "所在地": "青森県弘前市城東北四丁目４の２０", "緯度": 40.603574, "経度": 140.491587, "url": "https://www.iryou.teikyouseido.mhlw.go.jp/znk-web/juminkanja/S2430/initialize?prefCd=02&kikanCd=0220001201&kikanKbn=2", "url2": "https://hirosaki-cl.com", "内容": "ひろさき糖尿病・内科クリニック【2:診療所】【診療科目:内科_糖尿病内科_代謝内科_糖尿病・内分泌内科】青森県弘前市城東北四丁目４の２０" }, "geometry": { "type": "Point", "coordinates": [ 140.491587, 40.603574 ] } },
{ "type": "Feature", "properties": { "ID": 220220001202, "正式名称": "あいづ皮ふ科クリニック", "機関区分": 2, "都道府県コード": 2, "市区町村コード": 202, "所在地": "青森県弘前市中野一丁目２－５", "緯度": 40.583548, "経度": 140.476339, "url": "https://www.iryou.teikyouseido.mhlw.go.jp/znk-web/juminkanja/S2430/initialize?prefCd=02&kikanCd=0220001202&kikanKbn=2", "url2": "https://aizu-hifuka.jp/", "内容": "あいづ皮ふ科クリニック【2:診療所】【診療科目:皮膚科】青森県弘前市中野一丁目２－５" }, "geometry": { "type": "Point", "coordinates": [ 140.476339, 40.583548 ] } },
{ "type": "Feature", "properties": { "ID": 220220001206, "正式名称": "医療法人スマイルビジョンめとき眼科クリニック", "機関区分": 2, "都道府県コード": 2, "市区町村コード": 202, "所在地": "青森県弘前市北横町５０ー１", "緯度": 40.609375, "経度": 140.47867, "url": "https://www.iryou.teikyouseido.mhlw.go.jp/znk-web/juminkanja/S2430/initialize?prefCd=02&kikanCd=0220001206&kikanKbn=2", "url2": null, "内容": "医療法人スマイルビジョンめとき眼科クリニック【2:診療所】【診療科目:眼科】青森県弘前市北横町５０ー１" }, "geometry": { "type": "Point", "coordinates": [ 140.47867, 40.609375 ] } },
{ "type": "Feature", "properties": { "ID": 220220001209, "正式名称": "サンデークリニック精神科心療内科", "機関区分": 2, "都道府県コード": 2, "市区町村コード": 202, "所在地": "青森県弘前市中野四丁目８番１２", "緯度": 40.574216, "経度": 140.477034, "url": "https://www.iryou.teikyouseido.mhlw.go.jp/znk-web/juminkanja/S2430/initialize?prefCd=02&kikanCd=0220001209&kikanKbn=2", "url2": null, "内容": "サンデークリニック精神科心療内科【2:診療所】【診療科目:精神科_心療内科】青森県弘前市中野四丁目８番１２" }, "geometry": { "type": "Point", "coordinates": [ 140.477034, 40.574216 ] } },
{ "type": "Feature", "properties": { "ID": 220220001210, "正式名称": "かきざき糖尿病内科クリニック", "機関区分": 2, "都道府県コード": 2, "市区町村コード": 201, "所在地": "青森県青森市篠田二丁目２０番１５号", "緯度": 40.826721, "経度": 140.724085, "url": "https://www.iryou.teikyouseido.mhlw.go.jp/znk-web/juminkanja/S2430/initialize?prefCd=02&kikanCd=0220001210&kikanKbn=2", "url2": "https://www.kakizaki-clinic2020.com/", "内容": "かきざき糖尿病内科クリニック【2:診療所】【診療科目:内科_糖尿病内科】青森県青森市篠田二丁目２０番１５号" }, "geometry": { "type": "Point", "coordinates": [ 140.724085, 40.826721 ] } },
{ "type": "Feature", "properties": { "ID": 220220001215, "正式名称": "しんまちクリニック", "機関区分": 2, "都道府県コード": 2, "市区町村コード": 201, "所在地": "青森県青森市新町２丁目１番１４号", "緯度": 40.827137, "経度": 140.734917, "url": "https://www.iryou.teikyouseido.mhlw.go.jp/znk-web/juminkanja/S2430/initialize?prefCd=02&kikanCd=0220001215&kikanKbn=2", "url2": "http://www.amc-headquarters-med.or.jp", "内容": "しんまちクリニック【2:診療所】【診療科目:内科_腎臓内科_神経内科_耳鼻いんこう科_皮膚科_歯科】青森県青森市新町２丁目１番１４号" }, "geometry": { "type": "Point", "coordinates": [ 140.734917, 40.827137 ] } },
{ "type": "Feature", "properties": { "ID": 220220001217, "正式名称": "あべ耳鼻咽喉科", "機関区分": 2, "都道府県コード": 2, "市区町村コード": 202, "所在地": "青森県弘前市宮川１丁目２－２２", "緯度": 40.611295, "経度": 140.483615, "url": "https://www.iryou.teikyouseido.mhlw.go.jp/znk-web/juminkanja/S2430/initialize?prefCd=02&kikanCd=0220001217&kikanKbn=2", "url2": "https://abe-ent-cl.com", "内容": "あべ耳鼻咽喉科【2:診療所】【診療科目:耳鼻いんこう科】青森県弘前市宮川１丁目２－２２" }, "geometry": { "type": "Point", "coordinates": [ 140.483615, 40.611295 ] } },
{ "type": "Feature", "properties": { "ID": 220220001218, "正式名称": "糖尿病・生活習慣病　しろと内科クリニック", "機関区分": 2, "都道府県コード": 2, "市区町村コード": 202, "所在地": "青森県弘前市高田４丁目２－１", "緯度": 40.5977459, "経度": 140.5086449, "url": "https://www.iryou.teikyouseido.mhlw.go.jp/znk-web/juminkanja/S2430/initialize?prefCd=02&kikanCd=0220001218&kikanKbn=2", "url2": null, "内容": "糖尿病・生活習慣病　しろと内科クリニック【2:診療所】【診療科目:内科_糖尿病・代謝内科】青森県弘前市高田４丁目２－１" }, "geometry": { "type": "Point", "coordinates": [ 140.5086449, 40.5977459 ] } },
{ "type": "Feature", "properties": { "ID": 220220001219, "正式名称": "七ツ石内科", "機関区分": 2, "都道府県コード": 2, "市区町村コード": 321, "所在地": "青森県西津軽郡鰺ヶ沢町七ツ石町２７－１　七ツ石内科", "緯度": 40.777384, "経度": 140.214019, "url": "https://www.iryou.teikyouseido.mhlw.go.jp/znk-web/juminkanja/S2430/initialize?prefCd=02&kikanCd=0220001219&kikanKbn=2", "url2": "https://nanatuisinaika.jp/", "内容": "七ツ石内科【2:診療所】【診療科目:内科_糖尿病内科_代謝内科_内分泌内科_漢方内科_小児科_皮膚科_泌尿器科_心療内科_アレルギー科】青森県西津軽郡鰺ヶ沢町七ツ石町２７－１　七ツ石内科" }, "geometry": { "type": "Point", "coordinates": [ 140.214019, 40.777384 ] } },
{ "type": "Feature", "properties": { "ID": 220220001220, "正式名称": "吉川脳神経外科クリニック", "機関区分": 2, "都道府県コード": 2, "市区町村コード": 202, "所在地": "青森県弘前市城東中央３－９－６", "緯度": 40.601532, "経度": 140.4914046, "url": "https://www.iryou.teikyouseido.mhlw.go.jp/znk-web/juminkanja/S2430/initialize?prefCd=02&kikanCd=0220001220&kikanKbn=2", "url2": null, "内容": "吉川脳神経外科クリニック【2:診療所】【診療科目:脳神経外科】青森県弘前市城東中央３－９－６" }, "geometry": { "type": "Point", "coordinates": [ 140.49140460000001, 40.601532 ] } },
{ "type": "Feature", "properties": { "ID": 220220001222, "正式名称": "弘前あすなろメンタルクリニック", "機関区分": 2, "都道府県コード": 2, "市区町村コード": 202, "所在地": "青森県弘前市三岳町６－１", "緯度": 40.577966, "経度": 140.477089, "url": "https://www.iryou.teikyouseido.mhlw.go.jp/znk-web/juminkanja/S2430/initialize?prefCd=02&kikanCd=0220001222&kikanKbn=2", "url2": "https://asunaro-mental.com/", "内容": "弘前あすなろメンタルクリニック【2:診療所】【診療科目:精神科_心療内科】青森県弘前市三岳町６－１" }, "geometry": { "type": "Point", "coordinates": [ 140.477089, 40.577966 ] } },
{ "type": "Feature", "properties": { "ID": 220220001228, "正式名称": "石川ファミリークリニック", "機関区分": 2, "都道府県コード": 2, "市区町村コード": 206, "所在地": "青森県十和田市稲生町１９－４　石川ファミリークリニック", "緯度": 40.612419, "経度": 141.214999, "url": "https://www.iryou.teikyouseido.mhlw.go.jp/znk-web/juminkanja/S2430/initialize?prefCd=02&kikanCd=0220001228&kikanKbn=2", "url2": "https://sites.google.com/view/ishikawafc/", "内容": "石川ファミリークリニック【2:診療所】【診療科目:内科_小児科】青森県十和田市稲生町１９－４　石川ファミリークリニック" }, "geometry": { "type": "Point", "coordinates": [ 141.214999, 40.612419 ] } },
{ "type": "Feature", "properties": { "ID": 220220001231, "正式名称": "Ｗｈｉｔｅ　Ｈｉｒｏｓａｋｉ　Ｄｅｎｔａｌ　Ｏｆｆｉｃｅ", "機関区分": 2, "都道府県コード": 2, "市区町村コード": 202, "所在地": "青森県弘前市大町２丁目３－１２　横山ビル２Ｆ", "緯度": 40.595964, "経度": 140.484311, "url": "https://www.iryou.teikyouseido.mhlw.go.jp/znk-web/juminkanja/S2430/initialize?prefCd=02&kikanCd=0220001231&kikanKbn=2", "url2": "https://www.whitehirosakidentaloffice.com/", "内容": "Ｗｈｉｔｅ　Ｈｉｒｏｓａｋｉ　Ｄｅｎｔａｌ　Ｏｆｆｉｃｅ【2:診療所】【診療科目:歯科】青森県弘前市大町２丁目３－１２　横山ビル２Ｆ" }, "geometry": { "type": "Point", "coordinates": [ 140.484311, 40.595964 ] } },
{ "type": "Feature", "properties": { "ID": 220220001232, "正式名称": "エミナルクリニック青森院", "機関区分": 2, "都道府県コード": 2, "市区町村コード": 201, "所在地": "青森県青森市中央１丁目２５−９ＡＱＵＡ青森中央ビル３階", "緯度": 40.822231, "経度": 140.7500601, "url": "https://www.iryou.teikyouseido.mhlw.go.jp/znk-web/juminkanja/S2430/initialize?prefCd=02&kikanCd=0220001232&kikanKbn=2", "url2": null, "内容": "エミナルクリニック青森院【2:診療所】【診療科目:美容皮膚科】青森県青森市中央１丁目２５−９ＡＱＵＡ青森中央ビル３階" }, "geometry": { "type": "Point", "coordinates": [ 140.750060100000013, 40.822231 ] } },
{ "type": "Feature", "properties": { "ID": 220220001234, "正式名称": "やなぎ整形外科・漢方クリニック", "機関区分": 2, "都道府県コード": 2, "市区町村コード": 204, "所在地": "青森県黒石市野添町６４－３", "緯度": 40.651154, "経度": 140.604353, "url": "https://www.iryou.teikyouseido.mhlw.go.jp/znk-web/juminkanja/S2430/initialize?prefCd=02&kikanCd=0220001234&kikanKbn=2", "url2": "https://yanagi-clinic.com/", "内容": "やなぎ整形外科・漢方クリニック【2:診療所】【診療科目:漢方内科_整形外科_リハビリテーション科】青森県黒石市野添町６４－３" }, "geometry": { "type": "Point", "coordinates": [ 140.604353, 40.651154 ] } },
{ "type": "Feature", "properties": { "ID": 220220001237, "正式名称": "たむかい皮ふ科", "機関区分": 2, "都道府県コード": 2, "市区町村コード": 203, "所在地": "青森県八戸市田向４丁目１７番２８号", "緯度": 40.492993, "経度": 141.510341, "url": "https://www.iryou.teikyouseido.mhlw.go.jp/znk-web/juminkanja/S2430/initialize?prefCd=02&kikanCd=0220001237&kikanKbn=2", "url2": "https://sites.google.com/view/tamukai-hifuka", "内容": "たむかい皮ふ科【2:診療所】【診療科目:皮膚科】青森県八戸市田向４丁目１７番２８号" }, "geometry": { "type": "Point", "coordinates": [ 141.510341, 40.492993 ] } },
{ "type": "Feature", "properties": { "ID": 220220001238, "正式名称": "なるみ脳神経・在宅クリニック", "機関区分": 2, "都道府県コード": 2, "市区町村コード": 203, "所在地": "青森県八戸市東白山台４丁目３１－１９", "緯度": 40.489075, "経度": 141.470011, "url": "https://www.iryou.teikyouseido.mhlw.go.jp/znk-web/juminkanja/S2430/initialize?prefCd=02&kikanCd=0220001238&kikanKbn=2", "url2": null, "内容": "なるみ脳神経・在宅クリニック【2:診療所】【診療科目:内科_神経内科】青森県八戸市東白山台４丁目３１－１９" }, "geometry": { "type": "Point", "coordinates": [ 141.470011, 40.489075 ] } },
{ "type": "Feature", "properties": { "ID": 220220001240, "正式名称": "まにわ整形外科", "機関区分": 2, "都道府県コード": 2, "市区町村コード": 202, "所在地": "青森県弘前市宮川一丁目２番地１　まにわ整形外科", "緯度": 40.611045, "経度": 140.482282, "url": "https://www.iryou.teikyouseido.mhlw.go.jp/znk-web/juminkanja/S2430/initialize?prefCd=02&kikanCd=0220001240&kikanKbn=2", "url2": null, "内容": "まにわ整形外科【2:診療所】【診療科目:整形外科】青森県弘前市宮川一丁目２番地１　まにわ整形外科" }, "geometry": { "type": "Point", "coordinates": [ 140.482282, 40.611045 ] } },
{ "type": "Feature", "properties": { "ID": 220220001242, "正式名称": "八戸タウン形成外科クリニック", "機関区分": 2, "都道府県コード": 2, "市区町村コード": 203, "所在地": "青森県八戸市十三日町１５　八戸フラワーエイトビル５階", "緯度": 40.508463, "経度": 141.489064, "url": "https://www.iryou.teikyouseido.mhlw.go.jp/znk-web/juminkanja/S2430/initialize?prefCd=02&kikanCd=0220001242&kikanKbn=2", "url2": "https://www.keisei.ne.jp/", "内容": "八戸タウン形成外科クリニック【2:診療所】【診療科目:形成外科_美容外科_皮膚科】青森県八戸市十三日町１５　八戸フラワーエイトビル５階" }, "geometry": { "type": "Point", "coordinates": [ 141.489064, 40.508463 ] } },
{ "type": "Feature", "properties": { "ID": 220220001243, "正式名称": "北園内科クリニック", "機関区分": 2, "都道府県コード": 2, "市区町村コード": 206, "所在地": "青森県十和田市西二十一番町１４－３８", "緯度": 40.612668, "経度": 141.196973, "url": "https://www.iryou.teikyouseido.mhlw.go.jp/znk-web/juminkanja/S2430/initialize?prefCd=02&kikanCd=0220001243&kikanKbn=2", "url2": "kitazononaika.com", "内容": "北園内科クリニック【2:診療所】【診療科目:内科_循環器内科】青森県十和田市西二十一番町１４－３８" }, "geometry": { "type": "Point", "coordinates": [ 141.196973, 40.612668 ] } },
{ "type": "Feature", "properties": { "ID": 220220001247, "正式名称": "はるクリニック", "機関区分": 2, "都道府県コード": 2, "市区町村コード": 203, "所在地": "青森県八戸市類家４丁目２１番７号", "緯度": 40.505963, "経度": 141.494231, "url": "https://www.iryou.teikyouseido.mhlw.go.jp/znk-web/juminkanja/S2430/initialize?prefCd=02&kikanCd=0220001247&kikanKbn=2", "url2": null, "内容": "はるクリニック【2:診療所】【診療科目:内科_乳腺外科】青森県八戸市類家４丁目２１番７号" }, "geometry": { "type": "Point", "coordinates": [ 141.494231, 40.505963 ] } },
{ "type": "Feature", "properties": { "ID": 220220001252, "正式名称": "河原木ファミリークリニック", "機関区分": 2, "都道府県コード": 2, "市区町村コード": 203, "所在地": "青森県八戸市日計１丁目２番地４５号", "緯度": 40.540695, "経度": 141.47997, "url": "https://www.iryou.teikyouseido.mhlw.go.jp/znk-web/juminkanja/S2430/initialize?prefCd=02&kikanCd=0220001252&kikanKbn=2", "url2": "https://kawaragi-clinic.com/", "内容": "河原木ファミリークリニック【2:診療所】【診療科目:内科_小児科_アレルギー科】青森県八戸市日計１丁目２番地４５号" }, "geometry": { "type": "Point", "coordinates": [ 141.47997, 40.540695 ] } },
{ "type": "Feature", "properties": { "ID": 220220001253, "正式名称": "いわさき整形外科クリニック", "機関区分": 2, "都道府県コード": 2, "市区町村コード": 201, "所在地": "青森県青森市南佃２丁目８−１", "緯度": 40.815785, "経度": 140.784333, "url": "https://www.iryou.teikyouseido.mhlw.go.jp/znk-web/juminkanja/S2430/initialize?prefCd=02&kikanCd=0220001253&kikanKbn=2", "url2": "iwasaki-seikei.net", "内容": "いわさき整形外科クリニック【2:診療所】【診療科目:整形外科_リウマチ科_リハビリテーション科_放射線科】青森県青森市南佃２丁目８−１" }, "geometry": { "type": "Point", "coordinates": [ 140.784333, 40.815785 ] } },
{ "type": "Feature", "properties": { "ID": 220220001256, "正式名称": "ＴＣＢ　東京中央美容外科・ＴＣＢ　スキンクリニック　青森院", "機関区分": 2, "都道府県コード": 2, "市区町村コード": 201, "所在地": "青森県青森市新町１－７－１ＴＨＲＥＥ４Ｆ", "緯度": 40.825919, "経度": 140.7374997, "url": "https://www.iryou.teikyouseido.mhlw.go.jp/znk-web/juminkanja/S2430/initialize?prefCd=02&kikanCd=0220001256&kikanKbn=2", "url2": null, "内容": "ＴＣＢ　東京中央美容外科・ＴＣＢ　スキンクリニック　青森院【2:診療所】【診療科目:形成外科_美容外科_皮膚科_美容皮膚科】青森県青森市新町１－７－１ＴＨＲＥＥ４Ｆ" }, "geometry": { "type": "Point", "coordinates": [ 140.7374997, 40.825919 ] } },
{ "type": "Feature", "properties": { "ID": 220220001257, "正式名称": "ともえ女性クリニック", "機関区分": 2, "都道府県コード": 2, "市区町村コード": 202, "所在地": "青森県弘前市駅前町８ー１　弘前駅前地区共同ビル３階", "緯度": 40.5984, "経度": 140.48024, "url": "https://www.iryou.teikyouseido.mhlw.go.jp/znk-web/juminkanja/S2430/initialize?prefCd=02&kikanCd=0220001257&kikanKbn=2", "url2": "https:/tomoejoseicl.com", "内容": "ともえ女性クリニック【2:診療所】【診療科目:産婦人科】青森県弘前市駅前町８ー１　弘前駅前地区共同ビル３階" }, "geometry": { "type": "Point", "coordinates": [ 140.48024, 40.5984 ] } },
{ "type": "Feature", "properties": { "ID": 220220001259, "正式名称": "あじさい皮ふ科クリニック", "機関区分": 2, "都道府県コード": 2, "市区町村コード": 202, "所在地": "青森県弘前市青山一丁目１０ー１", "緯度": 40.619418, "経度": 140.4841012, "url": "https://www.iryou.teikyouseido.mhlw.go.jp/znk-web/juminkanja/S2430/initialize?prefCd=02&kikanCd=0220001259&kikanKbn=2", "url2": null, "内容": "あじさい皮ふ科クリニック【2:診療所】【診療科目:皮膚科】青森県弘前市青山一丁目１０ー１" }, "geometry": { "type": "Point", "coordinates": [ 140.4841012, 40.619418 ] } },
{ "type": "Feature", "properties": { "ID": 220220001261, "正式名称": "特別養護老人ホーム　山崎医務室", "機関区分": 2, "都道府県コード": 2, "市区町村コード": 202, "所在地": "青森県弘前市山崎３丁目６－６特別養護老人ホーム山崎医務室", "緯度": 40.5729642, "経度": 140.4649071, "url": "https://www.iryou.teikyouseido.mhlw.go.jp/znk-web/juminkanja/S2430/initialize?prefCd=02&kikanCd=0220001261&kikanKbn=2", "url2": null, "内容": "特別養護老人ホーム　山崎医務室【2:診療所】【診療科目:内科】青森県弘前市山崎３丁目６－６特別養護老人ホーム山崎医務室" }, "geometry": { "type": "Point", "coordinates": [ 140.4649071, 40.5729642 ] } },
{ "type": "Feature", "properties": { "ID": 220220001264, "正式名称": "あさり整形外科クリニック", "機関区分": 2, "都道府県コード": 2, "市区町村コード": 202, "所在地": "青森県弘前市代官町５９ー１あさり整形外科クリニック", "緯度": 40.600582, "経度": 140.4783, "url": "https://www.iryou.teikyouseido.mhlw.go.jp/znk-web/juminkanja/S2430/initialize?prefCd=02&kikanCd=0220001264&kikanKbn=2", "url2": null, "内容": "あさり整形外科クリニック【2:診療所】【診療科目:整形外科_リハビリテーション科】青森県弘前市代官町５９ー１あさり整形外科クリニック" }, "geometry": { "type": "Point", "coordinates": [ 140.4783, 40.600582 ] } },
{ "type": "Feature", "properties": { "ID": 220220001265, "正式名称": "湘南美容クリニック青森院", "機関区分": 2, "都道府県コード": 2, "市区町村コード": 201, "所在地": "青森県青森市柳川１－２－３青森駅ビル・ラビナ４階", "緯度": 40.82788, "経度": 140.734171, "url": "https://www.iryou.teikyouseido.mhlw.go.jp/znk-web/juminkanja/S2430/initialize?prefCd=02&kikanCd=0220001265&kikanKbn=2", "url2": "https://www.s-b-c.net/clinic/branch/aomori/", "内容": "湘南美容クリニック青森院【2:診療所】【診療科目:美容外科_美容皮膚科】青森県青森市柳川１－２－３青森駅ビル・ラビナ４階" }, "geometry": { "type": "Point", "coordinates": [ 140.734171, 40.82788 ] } },
{ "type": "Feature", "properties": { "ID": 220220001267, "正式名称": "はちもり内科・消化器内科クリニック", "機関区分": 2, "都道府県コード": 2, "市区町村コード": 203, "所在地": "青森県八戸市田向５丁目２３－３０", "緯度": 40.4896146, "経度": 141.5110364, "url": "https://www.iryou.teikyouseido.mhlw.go.jp/znk-web/juminkanja/S2430/initialize?prefCd=02&kikanCd=0220001267&kikanKbn=2", "url2": "hachimori.jp", "内容": "はちもり内科・消化器内科クリニック【2:診療所】【診療科目:内科_消化器内科】青森県八戸市田向５丁目２３－３０" }, "geometry": { "type": "Point", "coordinates": [ 141.5110364, 40.4896146 ] } },
{ "type": "Feature", "properties": { "ID": 220220001268, "正式名称": "はやし呼吸器・総合内科クリニック", "機関区分": 2, "都道府県コード": 2, "市区町村コード": 203, "所在地": "青森県八戸市沢里字二ツ屋１－２１２", "緯度": 40.486228, "経度": 141.479397, "url": "https://www.iryou.teikyouseido.mhlw.go.jp/znk-web/juminkanja/S2430/initialize?prefCd=02&kikanCd=0220001268&kikanKbn=2", "url2": null, "内容": "はやし呼吸器・総合内科クリニック【2:診療所】【診療科目:内科_呼吸器内科】青森県八戸市沢里字二ツ屋１－２１２" }, "geometry": { "type": "Point", "coordinates": [ 141.479397, 40.486228 ] } },
{ "type": "Feature", "properties": { "ID": 220220001270, "正式名称": "藤の園　医務室", "機関区分": 2, "都道府県コード": 2, "市区町村コード": 201, "所在地": "青森県青森市駒込字蛍沢３８７番地１", "緯度": 40.795414, "経度": 140.79387, "url": "https://www.iryou.teikyouseido.mhlw.go.jp/znk-web/juminkanja/S2430/initialize?prefCd=02&kikanCd=0220001270&kikanKbn=2", "url2": null, "内容": "藤の園　医務室【2:診療所】【診療科目:内科_胃腸内科】青森県青森市駒込字蛍沢３８７番地１" }, "geometry": { "type": "Point", "coordinates": [ 140.79387, 40.795414 ] } },
{ "type": "Feature", "properties": { "ID": 220220001273, "正式名称": "白生会クリニック", "機関区分": 2, "都道府県コード": 2, "市区町村コード": 205, "所在地": "青森県五所川原市中平井町１４２番地１号", "緯度": 40.812825, "経度": 140.444461, "url": "https://www.iryou.teikyouseido.mhlw.go.jp/znk-web/juminkanja/S2430/initialize?prefCd=02&kikanCd=0220001273&kikanKbn=2", "url2": "https://hakuseikai.com", "内容": "白生会クリニック【2:診療所】【診療科目:内科_消化器内科_外科_整形外科_泌尿器科】青森県五所川原市中平井町１４２番地１号" }, "geometry": { "type": "Point", "coordinates": [ 140.444461, 40.812825 ] } },
{ "type": "Feature", "properties": { "ID": 220220001274, "正式名称": "よねざわ内科消化器内科クリニック", "機関区分": 2, "都道府県コード": 2, "市区町村コード": 203, "所在地": "青森県八戸市根城５丁目２－６", "緯度": 40.506856, "経度": 141.472179, "url": "https://www.iryou.teikyouseido.mhlw.go.jp/znk-web/juminkanja/S2430/initialize?prefCd=02&kikanCd=0220001274&kikanKbn=2", "url2": "htts://yonezawa-naoka.com", "内容": "よねざわ内科消化器内科クリニック【2:診療所】【診療科目:内科_消化器内科】青森県八戸市根城５丁目２－６" }, "geometry": { "type": "Point", "coordinates": [ 141.472179, 40.506856 ] } },
{ "type": "Feature", "properties": { "ID": 220220001276, "正式名称": "いわむらクリニック泌尿器科・内科", "機関区分": 2, "都道府県コード": 2, "市区町村コード": 202, "所在地": "青森県弘前市浜の町西１丁目４－１６", "緯度": 40.617244, "経度": 140.459587, "url": "https://www.iryou.teikyouseido.mhlw.go.jp/znk-web/juminkanja/S2430/initialize?prefCd=02&kikanCd=0220001276&kikanKbn=2", "url2": "https://iwamura-clinic.jp/", "内容": "いわむらクリニック泌尿器科・内科【2:診療所】【診療科目:内科_皮膚科_泌尿器科】青森県弘前市浜の町西１丁目４－１６" }, "geometry": { "type": "Point", "coordinates": [ 140.459587, 40.617244 ] } },
{ "type": "Feature", "properties": { "ID": 220220001279, "正式名称": "おがわ　よしじ　内科", "機関区分": 2, "都道府県コード": 2, "市区町村コード": 201, "所在地": "青森県青森市石江字江渡１１７－５", "緯度": 40.827602, "経度": 140.69498, "url": "https://www.iryou.teikyouseido.mhlw.go.jp/znk-web/juminkanja/S2430/initialize?prefCd=02&kikanCd=0220001279&kikanKbn=2", "url2": null, "内容": "おがわ　よしじ　内科【2:診療所】【診療科目:内科_糖尿病・内分泌内科】青森県青森市石江字江渡１１７－５" }, "geometry": { "type": "Point", "coordinates": [ 140.69498, 40.827602 ] } },
{ "type": "Feature", "properties": { "ID": 220220001280, "正式名称": "医療法人仁桂会　佐々木泌尿器科", "機関区分": 2, "都道府県コード": 2, "市区町村コード": 203, "所在地": "青森県八戸市根城四丁目６番２３号", "緯度": 40.5070699, "経度": 141.477556, "url": "https://www.iryou.teikyouseido.mhlw.go.jp/znk-web/juminkanja/S2430/initialize?prefCd=02&kikanCd=0220001280&kikanKbn=2", "url2": null, "内容": "医療法人仁桂会　佐々木泌尿器科【2:診療所】【診療科目:内科_泌尿器科】青森県八戸市根城四丁目６番２３号" }, "geometry": { "type": "Point", "coordinates": [ 141.477556, 40.5070699 ] } },
{ "type": "Feature", "properties": { "ID": 220220001281, "正式名称": "ＡＮＤ美容外科青森院", "機関区分": 2, "都道府県コード": 2, "市区町村コード": 201, "所在地": "青森県青森市新町２－１－１１ＥＳＴビル５Ｆ", "緯度": 40.8267204, "経度": 140.7402459, "url": "https://www.iryou.teikyouseido.mhlw.go.jp/znk-web/juminkanja/S2430/initialize?prefCd=02&kikanCd=0220001281&kikanKbn=2", "url2": "https://and-bg.com/", "内容": "ＡＮＤ美容外科青森院【2:診療所】【診療科目:美容外科_美容皮膚科_泌尿器科】青森県青森市新町２－１－１１ＥＳＴビル５Ｆ" }, "geometry": { "type": "Point", "coordinates": [ 140.7402459, 40.8267204 ] } },
{ "type": "Feature", "properties": { "ID": 220220001282, "正式名称": "医療法人　吉田耳鼻咽喉科医院　あおもり睡眠クリニック", "機関区分": 2, "都道府県コード": 2, "市区町村コード": 201, "所在地": "青森県青森市西大野５丁目１－４", "緯度": 40.7995738, "経度": 140.7280965, "url": "https://www.iryou.teikyouseido.mhlw.go.jp/znk-web/juminkanja/S2430/initialize?prefCd=02&kikanCd=0220001282&kikanKbn=2", "url2": null, "内容": "医療法人　吉田耳鼻咽喉科医院　あおもり睡眠クリニック【2:診療所】【診療科目:内科】青森県青森市西大野５丁目１－４" }, "geometry": { "type": "Point", "coordinates": [ 140.7280965, 40.7995738 ] } },
{ "type": "Feature", "properties": { "ID": 220220001283, "正式名称": "おとファミリークリニック", "機関区分": 2, "都道府県コード": 2, "市区町村コード": 201, "所在地": "青森県青森市篠田３－１３－２５", "緯度": 40.827074, "経度": 140.720153, "url": "https://www.iryou.teikyouseido.mhlw.go.jp/znk-web/juminkanja/S2430/initialize?prefCd=02&kikanCd=0220001283&kikanKbn=2", "url2": "https://oto-family-clinic.jp/", "内容": "おとファミリークリニック【2:診療所】【診療科目:内科_小児科_耳鼻いんこう科】青森県青森市篠田３－１３－２５" }, "geometry": { "type": "Point", "coordinates": [ 140.720153, 40.827074 ] } },
{ "type": "Feature", "properties": { "ID": 220220001288, "正式名称": "やましな糖クリニック", "機関区分": 2, "都道府県コード": 2, "市区町村コード": 203, "所在地": "青森県八戸市城下四丁目９－７", "緯度": 40.5218411, "経度": 141.4914616, "url": "https://www.iryou.teikyouseido.mhlw.go.jp/znk-web/juminkanja/S2430/initialize?prefCd=02&kikanCd=0220001288&kikanKbn=2", "url2": null, "内容": "やましな糖クリニック【2:診療所】【診療科目:内科_糖尿病内科】青森県八戸市城下四丁目９－７" }, "geometry": { "type": "Point", "coordinates": [ 141.4914616, 40.5218411 ] } },
{ "type": "Feature", "properties": { "ID": 220220001289, "正式名称": "きむら眼科", "機関区分": 2, "都道府県コード": 2, "市区町村コード": 201, "所在地": "青森県青森市青柳２丁目５－１９", "緯度": 40.826652, "経度": 140.756413, "url": "https://www.iryou.teikyouseido.mhlw.go.jp/znk-web/juminkanja/S2430/initialize?prefCd=02&kikanCd=0220001289&kikanKbn=2", "url2": "https://kimura-eyeclinic.jp/", "内容": "きむら眼科【2:診療所】【診療科目:眼科】青森県青森市青柳２丁目５－１９" }, "geometry": { "type": "Point", "coordinates": [ 140.756413, 40.826652 ] } },
{ "type": "Feature", "properties": { "ID": 220220001294, "正式名称": "ちとせクリニック", "機関区分": 2, "都道府県コード": 2, "市区町村コード": 204, "所在地": "青森県黒石市ちとせ１丁目１３９番地", "緯度": 40.637767, "経度": 140.597343, "url": "https://www.iryou.teikyouseido.mhlw.go.jp/znk-web/juminkanja/S2430/initialize?prefCd=02&kikanCd=0220001294&kikanKbn=2", "url2": null, "内容": "ちとせクリニック【2:診療所】【診療科目:内科】青森県黒石市ちとせ１丁目１３９番地" }, "geometry": { "type": "Point", "coordinates": [ 140.597343, 40.637767 ] } },
{ "type": "Feature", "properties": { "ID": 220220001299, "正式名称": "ＲＥＤ　ＭＡＰＬＥ　ＣＬＩＮＩＣ　ｂｙ　Ｄｒ．Ｋｕｒｅｎａｉ", "機関区分": 2, "都道府県コード": 2, "市区町村コード": 201, "所在地": "青森県青森市浜田玉川１６８−５５", "緯度": 40.797558, "経度": 140.75336, "url": "https://www.iryou.teikyouseido.mhlw.go.jp/znk-web/juminkanja/S2430/initialize?prefCd=02&kikanCd=0220001299&kikanKbn=2", "url2": "https://redmapleclinic.com", "内容": "ＲＥＤ　ＭＡＰＬＥ　ＣＬＩＮＩＣ　ｂｙ　Ｄｒ．Ｋｕｒｅｎａｉ【2:診療所】【診療科目:内科_皮膚科】青森県青森市浜田玉川１６８−５５" }, "geometry": { "type": "Point", "coordinates": [ 140.75336, 40.797558 ] } }
]
}
