{
"type": "FeatureCollection",
"name": "geo_02_居宅介護支援",
"crs": { "type": "name", "properties": { "name": "urn:ogc:def:crs:OGC:1.3:CRS84" } },
"features": [
{ "type": "Feature", "properties": { "内容": "居宅介護支援事業所　悦びの里【居宅介護支援】青森県青森市浜館2丁目2番10号サニープラザ101号", "url2": "https://www.kaigokensaku.mhlw.go.jp/02/index.php?action_kouhyou_detail_004_kani=true&JigyosyoCd=0270105455-00&ServiceCd=430&Type=search" }, "geometry": { "type": "Point", "coordinates": [ 140.7834782, 40.808035200000013 ] } },
{ "type": "Feature", "properties": { "内容": "医心館居宅介護支援事業所青森【居宅介護支援】青森県青森市奥野三丁目14番21号", "url2": "https://www.kaigokensaku.mhlw.go.jp/02/index.php?action_kouhyou_detail_004_kani=true&JigyosyoCd=0270106412-00&ServiceCd=430&Type=search" }, "geometry": { "type": "Point", "coordinates": [ 140.764199100000013, 40.8104569 ] } },
{ "type": "Feature", "properties": { "内容": "ツクイ青森金沢（居宅）【居宅介護支援】青森市金沢３丁目１２番２７号", "url2": "https://www.kaigokensaku.mhlw.go.jp/02/index.php?action_kouhyou_detail_004_kani=true&JigyosyoCd=0270106727-00&ServiceCd=430&Type=search" }, "geometry": { "type": "Point", "coordinates": [ 140.7342978, 40.8088582 ] } },
{ "type": "Feature", "properties": { "内容": "居宅介護支援事業所ケアサポートちとせ【居宅介護支援】青森県青森市浜館４丁目１２番地５", "url2": "https://www.kaigokensaku.mhlw.go.jp/02/index.php?action_kouhyou_detail_004_kani=true&JigyosyoCd=0270106743-00&ServiceCd=430&Type=search" }, "geometry": { "type": "Point", "coordinates": [ 140.7895308, 40.813232 ] } },
{ "type": "Feature", "properties": { "内容": "ケアプランちしま【居宅介護支援】青森県青森市浪岡大字女鹿沢字東花岡54番地37", "url2": "https://www.kaigokensaku.mhlw.go.jp/02/index.php?action_kouhyou_detail_004_kani=true&JigyosyoCd=0270106735-00&ServiceCd=430&Type=search" }, "geometry": { "type": "Point", "coordinates": [ 140.5825826, 40.7085889 ] } },
{ "type": "Feature", "properties": { "内容": "みちのく居宅介護支援センター【居宅介護支援】青森市港町二丁目10番15号", "url2": "https://www.kaigokensaku.mhlw.go.jp/02/index.php?action_kouhyou_detail_004_kani=true&JigyosyoCd=0270100019-00&ServiceCd=430&Type=search" }, "geometry": { "type": "Point", "coordinates": [ 140.763627499166887, 40.83060342674392 ] } },
{ "type": "Feature", "properties": { "内容": "在宅介護支援センター北翔【居宅介護支援】青森市古館１丁目２－１", "url2": "https://www.kaigokensaku.mhlw.go.jp/02/index.php?action_kouhyou_detail_004_kani=true&JigyosyoCd=0270100043-00&ServiceCd=430&Type=search" }, "geometry": { "type": "Point", "coordinates": [ 140.7792959, 40.8062743 ] } },
{ "type": "Feature", "properties": { "内容": "恵寿福祉会　居宅介護支援事業所【居宅介護支援】青森市けやき2丁目1－7", "url2": "https://www.kaigokensaku.mhlw.go.jp/02/index.php?action_kouhyou_detail_004_kani=true&JigyosyoCd=0270100050-00&ServiceCd=430&Type=search" }, "geometry": { "type": "Point", "coordinates": [ 140.797799299999951, 40.8215702 ] } },
{ "type": "Feature", "properties": { "内容": "藤聖母園居宅介護支援事業所【居宅介護支援】青森県青森市奥野三丁目７番１号", "url2": "https://www.kaigokensaku.mhlw.go.jp/02/index.php?action_kouhyou_detail_004_kani=true&JigyosyoCd=0270100084-00&ServiceCd=430&Type=search" }, "geometry": { "type": "Point", "coordinates": [ 140.764322, 40.8135982 ] } },
{ "type": "Feature", "properties": { "内容": "在宅介護支援センターせんじゅ園【居宅介護支援】青森県青森市大字新城字福田７９－1", "url2": "https://www.kaigokensaku.mhlw.go.jp/02/index.php?action_kouhyou_detail_004_kani=true&JigyosyoCd=0270100092-00&ServiceCd=430&Type=search" }, "geometry": { "type": "Point", "coordinates": [ 140.6826962, 40.834894 ] } },
{ "type": "Feature", "properties": { "内容": "在宅介護支援センター鶴ヶ丘【居宅介護支援】青森市大字新城字平岡746", "url2": "https://www.kaigokensaku.mhlw.go.jp/02/index.php?action_kouhyou_detail_004_kani=true&JigyosyoCd=0270100100-00&ServiceCd=430&Type=search" }, "geometry": { "type": "Point", "coordinates": [ 140.6650942, 40.8022334 ] } },
{ "type": "Feature", "properties": { "内容": "在宅介護支援センター和幸【居宅介護支援】青森市大字矢田字下野尻48-2", "url2": "https://www.kaigokensaku.mhlw.go.jp/02/index.php?action_kouhyou_detail_004_kani=true&JigyosyoCd=0270100118-00&ServiceCd=430&Type=search" }, "geometry": { "type": "Point", "coordinates": [ 140.846880671549997, 40.84687206104055 ] } },
{ "type": "Feature", "properties": { "内容": "在宅介護支援センター　すずかけ【居宅介護支援】青森市里見2丁目13-1", "url2": "https://www.kaigokensaku.mhlw.go.jp/02/index.php?action_kouhyou_detail_004_kani=true&JigyosyoCd=0270100142-00&ServiceCd=430&Type=search" }, "geometry": { "type": "Point", "coordinates": [ 140.713356, 40.8156162 ] } },
{ "type": "Feature", "properties": { "内容": "株式会社　ケアライフ青森　青森営業所【居宅介護支援】青森県青森市卸町３番５号", "url2": "https://www.kaigokensaku.mhlw.go.jp/02/index.php?action_kouhyou_detail_004_kani=true&JigyosyoCd=0270100167-00&ServiceCd=430&Type=search" }, "geometry": { "type": "Point", "coordinates": [ 140.75562919999993, 40.7849978 ] } },
{ "type": "Feature", "properties": { "内容": "居宅介護支援事業所ふれあい【居宅介護支援】青森県青森市小柳1丁目17番18号", "url2": "https://www.kaigokensaku.mhlw.go.jp/02/index.php?action_kouhyou_detail_004_kani=true&JigyosyoCd=0270100183-00&ServiceCd=430&Type=search" }, "geometry": { "type": "Point", "coordinates": [ 140.791207899999989, 40.8212775 ] } },
{ "type": "Feature", "properties": { "内容": "在宅介護支援センターきさらぎ【居宅介護支援】青森市安田字稲森177-7", "url2": "https://www.kaigokensaku.mhlw.go.jp/02/index.php?action_kouhyou_detail_004_kani=true&JigyosyoCd=0270100233-00&ServiceCd=430&Type=search" }, "geometry": { "type": "Point", "coordinates": [ 140.715003499999966, 40.8050283 ] } },
{ "type": "Feature", "properties": { "内容": "特別養護老人ホーム三思園【居宅介護支援】青森県青森市大字横内字若草１番地１", "url2": "https://www.kaigokensaku.mhlw.go.jp/02/index.php?action_kouhyou_detail_004_kani=true&JigyosyoCd=0270100241-00&ServiceCd=430&Type=search" }, "geometry": { "type": "Point", "coordinates": [ 140.7608871, 40.7848702 ] } },
{ "type": "Feature", "properties": { "内容": "まちだケアプランサービス【居宅介護支援】青森市大字油川字大浜109-13", "url2": "https://www.kaigokensaku.mhlw.go.jp/02/index.php?action_kouhyou_detail_004_kani=true&JigyosyoCd=0270100266-00&ServiceCd=430&Type=search" }, "geometry": { "type": "Point", "coordinates": [ 140.693553300000019, 40.8562157 ] } },
{ "type": "Feature", "properties": { "内容": "ニチイケアセンター青森【居宅介護支援】青森県青森市西滝3丁目1番15号", "url2": "https://www.kaigokensaku.mhlw.go.jp/02/index.php?action_kouhyou_detail_004_kani=true&JigyosyoCd=0270100449-00&ServiceCd=430&Type=search" }, "geometry": { "type": "Point", "coordinates": [ 140.715588933729578, 40.82431262846881 ] } },
{ "type": "Feature", "properties": { "内容": "社会福祉法人　青森市社会福祉協議会青森市中央【居宅介護支援】青森市本町４丁目１番３号青森市福祉増進センター", "url2": "https://www.kaigokensaku.mhlw.go.jp/02/index.php?action_kouhyou_detail_004_kani=true&JigyosyoCd=0270100613-00&ServiceCd=430&Type=search" }, "geometry": { "type": "Point", "coordinates": [ 140.751283699999931, 40.8293243 ] } },
{ "type": "Feature", "properties": { "内容": "在宅介護支援センターおきだて【居宅介護支援】青森県青森市富田５丁目１９番４５号", "url2": "https://www.kaigokensaku.mhlw.go.jp/02/index.php?action_kouhyou_detail_004_kani=true&JigyosyoCd=0270100944-00&ServiceCd=430&Type=search" }, "geometry": { "type": "Point", "coordinates": [ 140.714977399999952, 40.8346199 ] } },
{ "type": "Feature", "properties": { "内容": "じけいかい居宅介護支援事業所【居宅介護支援】青森県青森市大字荒川字柴田191-2", "url2": "https://www.kaigokensaku.mhlw.go.jp/02/index.php?action_kouhyou_detail_004_kani=true&JigyosyoCd=0270101009-00&ServiceCd=430&Type=search" }, "geometry": { "type": "Point", "coordinates": [ 140.739218464974527, 40.790325763601075 ] } },
{ "type": "Feature", "properties": { "内容": "青森介護サービスケアプランセンター【居宅介護支援】青森市古川2丁目15-7JMG古川ビル", "url2": "https://www.kaigokensaku.mhlw.go.jp/02/index.php?action_kouhyou_detail_004_kani=true&JigyosyoCd=0270101272-00&ServiceCd=430&Type=search" }, "geometry": { "type": "Point", "coordinates": [ 140.738187499999981, 40.8215274 ] } },
{ "type": "Feature", "properties": { "内容": "有限会社ほっとケアサービス【居宅介護支援】青森県青森市南佃二丁目２３－８０", "url2": "https://www.kaigokensaku.mhlw.go.jp/02/index.php?action_kouhyou_detail_004_kani=true&JigyosyoCd=0270101645-00&ServiceCd=430&Type=search" }, "geometry": { "type": "Point", "coordinates": [ 140.789565863754206, 40.814642325279088 ] } },
{ "type": "Feature", "properties": { "内容": "指定居宅介護支援事業所「かねはま」【居宅介護支援】青森県青森市大別内字葛野１８０", "url2": "https://www.kaigokensaku.mhlw.go.jp/02/index.php?action_kouhyou_detail_004_kani=true&JigyosyoCd=0270101900-00&ServiceCd=430&Type=search" }, "geometry": { "type": "Point", "coordinates": [ 140.7328933, 40.7578254 ] } },
{ "type": "Feature", "properties": { "内容": "青森保健生活協同組合　居宅介護支援事業所つつみ【居宅介護支援】青森県青森市安方１丁目11-6", "url2": "https://www.kaigokensaku.mhlw.go.jp/02/index.php?action_kouhyou_detail_004_kani=true&JigyosyoCd=0270101918-00&ServiceCd=430&Type=search" }, "geometry": { "type": "Point", "coordinates": [ 140.739779015772712, 40.82782143968376 ] } },
{ "type": "Feature", "properties": { "内容": "居宅介護支援事業所　ケアネット中部【居宅介護支援】青森県青森市問屋町１丁目15-10看護小規模多機能型居宅介護事業所ひまわり2階", "url2": "https://www.kaigokensaku.mhlw.go.jp/02/index.php?action_kouhyou_detail_004_kani=true&JigyosyoCd=0270101975-00&ServiceCd=430&Type=search" }, "geometry": { "type": "Point", "coordinates": [ 140.757539761329696, 40.790856132476677 ] } },
{ "type": "Feature", "properties": { "内容": "居宅介護支援事業所マミーの手【居宅介護支援】青森県青森市第二問屋町一丁目４番地２９", "url2": "https://www.kaigokensaku.mhlw.go.jp/02/index.php?action_kouhyou_detail_004_kani=true&JigyosyoCd=0270102213-00&ServiceCd=430&Type=search" }, "geometry": { "type": "Point", "coordinates": [ 140.75660292209011, 40.794297000001983 ] } },
{ "type": "Feature", "properties": { "内容": "介護計画　ケア・グー【居宅介護支援】青森県青森市奥野２丁目２０－１", "url2": "https://www.kaigokensaku.mhlw.go.jp/02/index.php?action_kouhyou_detail_004_kani=true&JigyosyoCd=0270102254-00&ServiceCd=430&Type=search" }, "geometry": { "type": "Point", "coordinates": [ 140.7628416, 40.8148286 ] } },
{ "type": "Feature", "properties": { "内容": "居宅介護支援センターあんじょう【居宅介護支援】青森県青森市大字浜館字間瀬85番地１", "url2": "https://www.kaigokensaku.mhlw.go.jp/02/index.php?action_kouhyou_detail_004_kani=true&JigyosyoCd=0270102445-00&ServiceCd=430&Type=search" }, "geometry": { "type": "Point", "coordinates": [ 140.791650200000049, 40.8121073 ] } },
{ "type": "Feature", "properties": { "内容": "株式会社ケアライフ青森　浪岡営業所【居宅介護支援】青森県青森市浪岡大字浪岡字若松12-4", "url2": "https://www.kaigokensaku.mhlw.go.jp/02/index.php?action_kouhyou_detail_004_kani=true&JigyosyoCd=0270102577-00&ServiceCd=430&Type=search" }, "geometry": { "type": "Point", "coordinates": [ 140.592890934580026, 40.712251804574464 ] } },
{ "type": "Feature", "properties": { "内容": "居宅介護支援事業所　野いちご【居宅介護支援】青森市問屋町１丁目１５番１０号", "url2": "https://www.kaigokensaku.mhlw.go.jp/02/index.php?action_kouhyou_detail_004_kani=true&JigyosyoCd=0270102650-00&ServiceCd=430&Type=search" }, "geometry": { "type": "Point", "coordinates": [ 140.758109399999967, 40.7906724 ] } },
{ "type": "Feature", "properties": { "内容": "あおぞら在宅介護相談センター【居宅介護支援】青森県青森市奥野２丁目２７－１０", "url2": "https://www.kaigokensaku.mhlw.go.jp/02/index.php?action_kouhyou_detail_004_kani=true&JigyosyoCd=0270102767-00&ServiceCd=430&Type=search" }, "geometry": { "type": "Point", "coordinates": [ 140.762780499999963, 40.8117956 ] } },
{ "type": "Feature", "properties": { "内容": "ケアサポートステーション　清風荘【居宅介護支援】青森県青森市第二問屋町4丁目11-18ソフトアカデミーあおもりビル4階", "url2": "https://www.kaigokensaku.mhlw.go.jp/02/index.php?action_kouhyou_detail_004_kani=true&JigyosyoCd=0270102981-00&ServiceCd=430&Type=search" }, "geometry": { "type": "Point", "coordinates": [ 140.749656656634471, 40.787760406110586 ] } },
{ "type": "Feature", "properties": { "内容": "光仁ケアプランサービス【居宅介護支援】青森市大字油川字大浜１４１番地２", "url2": "https://www.kaigokensaku.mhlw.go.jp/02/index.php?action_kouhyou_detail_004_kani=true&JigyosyoCd=0270103005-00&ServiceCd=430&Type=search" }, "geometry": { "type": "Point", "coordinates": [ 140.695203600000013, 40.8552582 ] } },
{ "type": "Feature", "properties": { "内容": "アースサポート青森【居宅介護支援】青森県青森市松森１丁目１０番１号", "url2": "https://www.kaigokensaku.mhlw.go.jp/02/index.php?action_kouhyou_detail_004_kani=true&JigyosyoCd=0270103062-00&ServiceCd=430&Type=search" }, "geometry": { "type": "Point", "coordinates": [ 140.770157344288691, 40.820670898356681 ] } },
{ "type": "Feature", "properties": { "内容": "居宅介護支援センターあうら【居宅介護支援】幸畑２丁目6番地16号", "url2": "https://www.kaigokensaku.mhlw.go.jp/02/index.php?action_kouhyou_detail_004_kani=true&JigyosyoCd=0270103229-00&ServiceCd=430&Type=search" }, "geometry": { "type": "Point", "coordinates": [ 140.782837897904528, 40.785040666354291 ] } },
{ "type": "Feature", "properties": { "内容": "居宅介護支援事業所　さいとうプランサービス【居宅介護支援】青森県青森市大字荒川字柴田105-2ルミエルユウ101号室", "url2": "https://www.kaigokensaku.mhlw.go.jp/02/index.php?action_kouhyou_detail_004_kani=true&JigyosyoCd=0270103302-00&ServiceCd=430&Type=search" }, "geometry": { "type": "Point", "coordinates": [ 140.759161984130856, 40.830653756639833 ] } },
{ "type": "Feature", "properties": { "内容": "あおば居宅介護支援事業所【居宅介護支援】青森県青森市堤町2丁目1-3あおばビル2階", "url2": "https://www.kaigokensaku.mhlw.go.jp/02/index.php?action_kouhyou_detail_004_kani=true&JigyosyoCd=0270103393-00&ServiceCd=430&Type=search" }, "geometry": { "type": "Point", "coordinates": [ 140.755311399999982, 40.8234443 ] } },
{ "type": "Feature", "properties": { "内容": "すかい居宅介護支援事業所【居宅介護支援】青森市佃１丁目２３番１０号", "url2": "https://www.kaigokensaku.mhlw.go.jp/02/index.php?action_kouhyou_detail_004_kani=true&JigyosyoCd=0270103419-00&ServiceCd=430&Type=search" }, "geometry": { "type": "Point", "coordinates": [ 140.775431900000058, 40.8226585 ] } },
{ "type": "Feature", "properties": { "内容": "居宅介護支援事業所　もみじ【居宅介護支援】青森市幸畑4丁目４番13号", "url2": "https://www.kaigokensaku.mhlw.go.jp/02/index.php?action_kouhyou_detail_004_kani=true&JigyosyoCd=0270103427-00&ServiceCd=430&Type=search" }, "geometry": { "type": "Point", "coordinates": [ 140.788679199999933, 40.7775801 ] } },
{ "type": "Feature", "properties": { "内容": "居宅介護支援事業所はなまる【居宅介護支援】青森県青森市蛍沢三丁目12番24号", "url2": "https://www.kaigokensaku.mhlw.go.jp/02/index.php?action_kouhyou_detail_004_kani=true&JigyosyoCd=0270103591-00&ServiceCd=430&Type=search" }, "geometry": { "type": "Point", "coordinates": [ 140.801524699999959, 40.7980314 ] } },
{ "type": "Feature", "properties": { "内容": "居宅介護支援センターメディケア【居宅介護支援】青森市浜館4丁目14番地4駒井胃腸科内科2階", "url2": "https://www.kaigokensaku.mhlw.go.jp/02/index.php?action_kouhyou_detail_004_kani=true&JigyosyoCd=0270103823-00&ServiceCd=430&Type=search" }, "geometry": { "type": "Point", "coordinates": [ 140.791205799999943, 40.810571400000015 ] } },
{ "type": "Feature", "properties": { "内容": "トヨタカローラ青森ケアプランセンター【居宅介護支援】青森市沖館3丁目1-65", "url2": "https://www.kaigokensaku.mhlw.go.jp/02/index.php?action_kouhyou_detail_004_kani=true&JigyosyoCd=0270103849-00&ServiceCd=430&Type=search" }, "geometry": { "type": "Point", "coordinates": [ 140.7254113, 40.8357853 ] } },
{ "type": "Feature", "properties": { "内容": "アースサポート新青森【居宅介護支援】青森県青森市大字三内字沢部258番13号", "url2": "https://www.kaigokensaku.mhlw.go.jp/02/index.php?action_kouhyou_detail_004_kani=true&JigyosyoCd=0270103914-00&ServiceCd=430&Type=search" }, "geometry": { "type": "Point", "coordinates": [ 140.697682200000031, 40.8167214 ] } },
{ "type": "Feature", "properties": { "内容": "青森介護相談センター【居宅介護支援】青森市桂木4丁目3番地14　デイサービス沢庵2Ｆﾃﾞｲｻｰﾋﾞｽ沢庵2F", "url2": "https://www.kaigokensaku.mhlw.go.jp/02/index.php?action_kouhyou_detail_004_kani=true&JigyosyoCd=0270104011-00&ServiceCd=430&Type=search" }, "geometry": { "type": "Point", "coordinates": [ 140.751659798696664, 40.810221721339794 ] } },
{ "type": "Feature", "properties": { "内容": "居宅介護支援センター結【居宅介護支援】古館1丁目4番18号オリーブA201号", "url2": "https://www.kaigokensaku.mhlw.go.jp/02/index.php?action_kouhyou_detail_004_kani=true&JigyosyoCd=0270104185-00&ServiceCd=430&Type=search" }, "geometry": { "type": "Point", "coordinates": [ 140.779362600000013, 40.8057244 ] } },
{ "type": "Feature", "properties": { "内容": "居宅介護支援事業所いしき【居宅介護支援】浅虫字蛍谷65-40", "url2": "https://www.kaigokensaku.mhlw.go.jp/02/index.php?action_kouhyou_detail_004_kani=true&JigyosyoCd=0270104292-00&ServiceCd=430&Type=search" }, "geometry": { "type": "Point", "coordinates": [ 140.8633155, 40.88951740000001 ] } },
{ "type": "Feature", "properties": { "内容": "しあわせ介護ケアプラン【居宅介護支援】花園１丁目１５－５", "url2": "https://www.kaigokensaku.mhlw.go.jp/02/index.php?action_kouhyou_detail_004_kani=true&JigyosyoCd=0270104508-00&ServiceCd=430&Type=search" }, "geometry": { "type": "Point", "coordinates": [ 140.768195492303676, 40.820967601405322 ] } },
{ "type": "Feature", "properties": { "内容": "居宅介護支援センター　ケア・プロモーション【居宅介護支援】青森市中央3丁目8－16シティパレス中央102", "url2": "https://www.kaigokensaku.mhlw.go.jp/02/index.php?action_kouhyou_detail_004_kani=true&JigyosyoCd=0270104649-00&ServiceCd=430&Type=search" }, "geometry": { "type": "Point", "coordinates": [ 140.744978722645556, 40.817769970017189 ] } },
{ "type": "Feature", "properties": { "内容": "株式会社まご心　ｹｱﾌﾟﾗﾝｻｰﾋﾞｽまごの手【居宅介護支援】青森県青森市沖館5-8-5", "url2": "https://www.kaigokensaku.mhlw.go.jp/02/index.php?action_kouhyou_detail_004_kani=true&JigyosyoCd=0270104763-00&ServiceCd=430&Type=search" }, "geometry": { "type": "Point", "coordinates": [ 140.720701219031866, 40.833501692474954 ] } },
{ "type": "Feature", "properties": { "内容": "居宅介護支援事業所　いこい【居宅介護支援】青森県青森市蛍沢四丁目２番４号", "url2": "https://www.kaigokensaku.mhlw.go.jp/02/index.php?action_kouhyou_detail_004_kani=true&JigyosyoCd=0270104813-00&ServiceCd=430&Type=search" }, "geometry": { "type": "Point", "coordinates": [ 140.802871800000048, 40.7978704 ] } },
{ "type": "Feature", "properties": { "内容": "居宅介護支援センター七輝【居宅介護支援】青森県青森市浜田２丁目9-8", "url2": "https://www.kaigokensaku.mhlw.go.jp/02/index.php?action_kouhyou_detail_004_kani=true&JigyosyoCd=0270104839-00&ServiceCd=430&Type=search" }, "geometry": { "type": "Point", "coordinates": [ 140.751574334711449, 40.801378408875117 ] } },
{ "type": "Feature", "properties": { "内容": "テック介護相談室【居宅介護支援】青森県青森市大字浪館字泉川22番地６", "url2": "https://www.kaigokensaku.mhlw.go.jp/02/index.php?action_kouhyou_detail_004_kani=true&JigyosyoCd=0270104995-00&ServiceCd=430&Type=search" }, "geometry": { "type": "Point", "coordinates": [ 140.725144300000011, 40.8083754 ] } },
{ "type": "Feature", "properties": { "内容": "新都市居宅介護支援事業所【居宅介護支援】青森県青森市大字石江３丁目２番地４ひまわり薬局２階", "url2": "https://www.kaigokensaku.mhlw.go.jp/02/index.php?action_kouhyou_detail_004_kani=true&JigyosyoCd=0270105018-00&ServiceCd=430&Type=search" }, "geometry": { "type": "Point", "coordinates": [ 140.692197252320824, 40.829636964595856 ] } },
{ "type": "Feature", "properties": { "内容": "居宅介護支援事業所アーサス【居宅介護支援】問屋町1丁目7-21", "url2": "https://www.kaigokensaku.mhlw.go.jp/02/index.php?action_kouhyou_detail_004_kani=true&JigyosyoCd=0270105133-00&ServiceCd=430&Type=search" }, "geometry": { "type": "Point", "coordinates": [ 140.737844077771001, 40.766426395090541 ] } },
{ "type": "Feature", "properties": { "内容": "居宅介護支援事業所　アライブ【居宅介護支援】青森県青森市蛍沢一丁目22番5号", "url2": "https://www.kaigokensaku.mhlw.go.jp/02/index.php?action_kouhyou_detail_004_kani=true&JigyosyoCd=0270105364-00&ServiceCd=430&Type=search" }, "geometry": { "type": "Point", "coordinates": [ 140.7986833, 40.7980702 ] } },
{ "type": "Feature", "properties": { "内容": "後見事務所のあ【居宅介護支援】青森県青森市小柳3-7-32　ｋハイツ105号", "url2": "https://www.kaigokensaku.mhlw.go.jp/02/index.php?action_kouhyou_detail_004_kani=true&JigyosyoCd=0270105430-00&ServiceCd=430&Type=search" }, "geometry": { "type": "Point", "coordinates": [ 140.793524936909478, 40.820536700594481 ] } },
{ "type": "Feature", "properties": { "内容": "居宅介護支援いきいきプラン【居宅介護支援】青森県青森市佃１-１７-３ハイツプラネット201号室", "url2": "https://www.kaigokensaku.mhlw.go.jp/02/index.php?action_kouhyou_detail_004_kani=true&JigyosyoCd=0270105505-00&ServiceCd=430&Type=search" }, "geometry": { "type": "Point", "coordinates": [ 140.773728779263337, 40.821317916071273 ] } },
{ "type": "Feature", "properties": { "内容": "居宅介護支援事業所ふたば【居宅介護支援】青森県青森市田茂木野字阿部野６３－２特別養護老人ホーム正寿園内", "url2": "https://www.kaigokensaku.mhlw.go.jp/02/index.php?action_kouhyou_detail_004_kani=true&JigyosyoCd=0270105539-00&ServiceCd=430&Type=search" }, "geometry": { "type": "Point", "coordinates": [ 140.800028600000019, 40.7669734 ] } },
{ "type": "Feature", "properties": { "内容": "居宅介護支援事業所アクトリー【居宅介護支援】浜館4丁目8-13", "url2": "https://www.kaigokensaku.mhlw.go.jp/02/index.php?action_kouhyou_detail_004_kani=true&JigyosyoCd=0270105554-00&ServiceCd=430&Type=search" }, "geometry": { "type": "Point", "coordinates": [ 140.791147523636738, 40.80955206465412 ] } },
{ "type": "Feature", "properties": { "内容": "ケアホーム　ふれあいの里【居宅介護支援】青森県青森市富田3丁目17-23", "url2": "https://www.kaigokensaku.mhlw.go.jp/02/index.php?action_kouhyou_detail_004_kani=true&JigyosyoCd=0270105729-00&ServiceCd=430&Type=search" }, "geometry": { "type": "Point", "coordinates": [ 140.711443899999949, 40.8340934 ] } },
{ "type": "Feature", "properties": { "内容": "優・遊　介護ステーション【居宅介護支援】青森県青森市大字六枚橋字字磯打４０番地1", "url2": "https://www.kaigokensaku.mhlw.go.jp/02/index.php?action_kouhyou_detail_004_kani=true&JigyosyoCd=0270105760-00&ServiceCd=430&Type=search" }, "geometry": { "type": "Point", "coordinates": [ 140.6641808, 40.932143 ] } },
{ "type": "Feature", "properties": { "内容": "桃源【居宅介護支援】青森県青森市造道三丁目14番18号", "url2": "https://www.kaigokensaku.mhlw.go.jp/02/index.php?action_kouhyou_detail_004_kani=true&JigyosyoCd=0270105794-00&ServiceCd=430&Type=search" }, "geometry": { "type": "Point", "coordinates": [ 140.790239499999984, 40.8292795 ] } },
{ "type": "Feature", "properties": { "内容": "藤の園居宅介護支援事業所【居宅介護支援】青森県青森市大字駒込字蛍沢387番地1特別養護老人ホーム藤の園", "url2": "https://www.kaigokensaku.mhlw.go.jp/02/index.php?action_kouhyou_detail_004_kani=true&JigyosyoCd=0270105844-00&ServiceCd=430&Type=search" }, "geometry": { "type": "Point", "coordinates": [ 140.813121099999989, 40.7926241 ] } },
{ "type": "Feature", "properties": { "内容": "サニーフィールド【居宅介護支援】青森県青森市卸町2番7号フレンドリー卸町　1号館110号", "url2": "https://www.kaigokensaku.mhlw.go.jp/02/index.php?action_kouhyou_detail_004_kani=true&JigyosyoCd=0270105851-00&ServiceCd=430&Type=search" }, "geometry": { "type": "Point", "coordinates": [ 140.757557879762317, 40.785320908682237 ] } },
{ "type": "Feature", "properties": { "内容": "居宅ケアサークル【居宅介護支援】小柳1丁目17-21", "url2": "https://www.kaigokensaku.mhlw.go.jp/02/index.php?action_kouhyou_detail_004_kani=true&JigyosyoCd=0270105869-00&ServiceCd=430&Type=search" }, "geometry": { "type": "Point", "coordinates": [ 140.791362453442389, 40.820881838088127 ] } },
{ "type": "Feature", "properties": { "内容": "くぅさん居宅介護支援事業所【居宅介護支援】青森県青森市第二問屋町１丁目4-13ライヴリータウン202号", "url2": "https://www.kaigokensaku.mhlw.go.jp/02/index.php?action_kouhyou_detail_004_kani=true&JigyosyoCd=0270106172-00&ServiceCd=430&Type=search" }, "geometry": { "type": "Point", "coordinates": [ 140.756998399999986, 40.7940322 ] } },
{ "type": "Feature", "properties": { "内容": "グロースプラン【居宅介護支援】青森県青森市第二問屋町1-7-12アロッジオ202", "url2": "https://www.kaigokensaku.mhlw.go.jp/02/index.php?action_kouhyou_detail_004_kani=true&JigyosyoCd=0270106230-00&ServiceCd=430&Type=search" }, "geometry": { "type": "Point", "coordinates": [ 140.7550291, 40.7936641 ] } },
{ "type": "Feature", "properties": { "内容": "ケア事務所グリーン【居宅介護支援】青森県青森市松森１丁目９－８・B１０１号", "url2": "https://www.kaigokensaku.mhlw.go.jp/02/index.php?action_kouhyou_detail_004_kani=true&JigyosyoCd=0270106271-00&ServiceCd=430&Type=search" }, "geometry": { "type": "Point", "coordinates": [ 140.771049030688459, 40.819624306743435 ] } },
{ "type": "Feature", "properties": { "内容": "居宅介護支援事業所ぬくもり【居宅介護支援】青森県青森市小柳6丁目24番4号Cハウス59番地　102号", "url2": "https://www.kaigokensaku.mhlw.go.jp/02/index.php?action_kouhyou_detail_004_kani=true&JigyosyoCd=0270106362-00&ServiceCd=430&Type=search" }, "geometry": { "type": "Point", "coordinates": [ 140.791744200000011, 40.8203629 ] } },
{ "type": "Feature", "properties": { "内容": "居宅介護支援事業所いでばす【居宅介護支援】青森市大字羽白字池上１９４－１住宅型有料老人ホームだんだん内", "url2": "https://www.kaigokensaku.mhlw.go.jp/02/index.php?action_kouhyou_detail_004_kani=true&JigyosyoCd=0270106388-00&ServiceCd=430&Type=search" }, "geometry": { "type": "Point", "coordinates": [ 140.6843201, 40.8537318 ] } },
{ "type": "Feature", "properties": { "内容": "ケアプランセンターみなみ【居宅介護支援】岡造道一丁目17番8号", "url2": "https://www.kaigokensaku.mhlw.go.jp/02/index.php?action_kouhyou_detail_004_kani=true&JigyosyoCd=0270106495-00&ServiceCd=430&Type=search" }, "geometry": { "type": "Point", "coordinates": [ 140.7869799, 40.8251996 ] } },
{ "type": "Feature", "properties": { "内容": "居宅介護支援事業所グッドケア【居宅介護支援】青森県青森市新城福田308番地202F", "url2": "https://www.kaigokensaku.mhlw.go.jp/02/index.php?action_kouhyou_detail_004_kani=true&JigyosyoCd=0270106578-00&ServiceCd=430&Type=search" }, "geometry": { "type": "Point", "coordinates": [ 140.679558899999989, 40.8303523 ] } },
{ "type": "Feature", "properties": { "内容": "浪岡在宅介護支援センター【居宅介護支援】青森県青森市浪岡大字樽沢字村元330-7", "url2": "https://www.kaigokensaku.mhlw.go.jp/02/index.php?action_kouhyou_detail_004_kani=true&JigyosyoCd=0272300013-00&ServiceCd=430&Type=search" }, "geometry": { "type": "Point", "coordinates": [ 140.558306600000037, 40.7127337 ] } },
{ "type": "Feature", "properties": { "内容": "社会福祉法人青森市社会福祉協議会青森市中央浪岡支部【居宅介護支援】青森市浪岡大字浪岡字稲村274番地青森市浪岡総合保健福祉センター内", "url2": "https://www.kaigokensaku.mhlw.go.jp/02/index.php?action_kouhyou_detail_004_kani=true&JigyosyoCd=0272300211-00&ServiceCd=430&Type=search" }, "geometry": { "type": "Point", "coordinates": [ 140.596993, 40.709215800000045 ] } },
{ "type": "Feature", "properties": { "内容": "ここふくサポート【居宅介護支援】青森県青森市浪岡大字銀字前田４番地２", "url2": "https://www.kaigokensaku.mhlw.go.jp/02/index.php?action_kouhyou_detail_004_kani=true&JigyosyoCd=0272300518-00&ServiceCd=430&Type=search" }, "geometry": { "type": "Point", "coordinates": [ 140.561051631361948, 40.700731429529377 ] } },
{ "type": "Feature", "properties": { "内容": "ケアプランセンターハートレイ【居宅介護支援】南佃２丁目１９番６号２階", "url2": "https://www.kaigokensaku.mhlw.go.jp/02/index.php?action_kouhyou_detail_004_kani=true&JigyosyoCd=0270106776-00&ServiceCd=430&Type=search" }, "geometry": { "type": "Point", "coordinates": [ 140.7868604, 40.8157274 ] } },
{ "type": "Feature", "properties": { "内容": "居宅介護支援事業所ウェーブ【居宅介護支援】青森県青森市西大野２丁目１７番地３", "url2": "https://www.kaigokensaku.mhlw.go.jp/02/index.php?action_kouhyou_detail_004_kani=true&JigyosyoCd=0270106370-00&ServiceCd=430&Type=search" }, "geometry": { "type": "Point", "coordinates": [ 140.7220292, 40.8009267 ] } },
{ "type": "Feature", "properties": { "内容": "医療法人明友会嶋中内科循環器科【居宅介護支援】青森県青森市青柳２丁目9号の38番地", "url2": "https://www.kaigokensaku.mhlw.go.jp/02/index.php?action_kouhyou_detail_004_kani=true&JigyosyoCd=0210116703-00&ServiceCd=430&Type=search" }, "geometry": { "type": "Point", "coordinates": [ 140.7576755, 40.8259011 ] } },
{ "type": "Feature", "properties": { "内容": "居宅介護支援事業所八ツ橋【居宅介護支援】青森県青森市大字筒井字八ツ橋31-141", "url2": "https://www.kaigokensaku.mhlw.go.jp/02/index.php?action_kouhyou_detail_004_kani=true&JigyosyoCd=0270104938-00&ServiceCd=430&Type=search" }, "geometry": { "type": "Point", "coordinates": [ 140.772262871489659, 40.798086881342002 ] } },
{ "type": "Feature", "properties": { "内容": "居宅介護支援事業所スマイル【居宅介護支援】青森県青森市問屋町2－14－6", "url2": "https://www.kaigokensaku.mhlw.go.jp/02/index.php?action_kouhyou_detail_004_kani=true&JigyosyoCd=0270105109-00&ServiceCd=430&Type=search" }, "geometry": { "type": "Point", "coordinates": [ 140.758151099999964, 40.7882615 ] } },
{ "type": "Feature", "properties": { "内容": "ケアワーク・ラボ　えにし【居宅介護支援】青森県青森市柳川一丁目2-11-402号", "url2": "https://www.kaigokensaku.mhlw.go.jp/02/index.php?action_kouhyou_detail_004_kani=true&JigyosyoCd=0270106321-00&ServiceCd=430&Type=search" }, "geometry": { "type": "Point", "coordinates": [ 140.733566122762966, 40.827511552737562 ] } },
{ "type": "Feature", "properties": { "内容": "居宅介護支援センター芙蓉【居宅介護支援】青森市妙見３丁目１１－１４総合ケアセンターさんらく内", "url2": "https://www.kaigokensaku.mhlw.go.jp/02/index.php?action_kouhyou_detail_004_kani=true&JigyosyoCd=0270100225-00&ServiceCd=430&Type=search" }, "geometry": { "type": "Point", "coordinates": [ 140.762503400000014, 40.7913391 ] } },
{ "type": "Feature", "properties": { "内容": "介護相談所ケアパートナー【居宅介護支援】青森県青森市大字三内字沢部373番地32号", "url2": "https://www.kaigokensaku.mhlw.go.jp/02/index.php?action_kouhyou_detail_004_kani=true&JigyosyoCd=0270104797-00&ServiceCd=430&Type=search" }, "geometry": { "type": "Point", "coordinates": [ 140.691883, 40.8153375 ] } },
{ "type": "Feature", "properties": { "内容": "ピプレ【居宅介護支援】青森県青森市妙見2丁目14-26", "url2": "https://www.kaigokensaku.mhlw.go.jp/02/index.php?action_kouhyou_detail_004_kani=true&JigyosyoCd=0270106529-00&ServiceCd=430&Type=search" }, "geometry": { "type": "Point", "coordinates": [ 140.7637145, 40.7905546 ] } },
{ "type": "Feature", "properties": { "内容": "在宅介護支援センターしんまち【居宅介護支援】青森市新町２丁目1-8", "url2": "https://www.kaigokensaku.mhlw.go.jp/02/index.php?action_kouhyou_detail_004_kani=true&JigyosyoCd=0270100134-00&ServiceCd=430&Type=search" }, "geometry": { "type": "Point", "coordinates": [ 140.741344685896507, 40.826562022363646 ] } },
{ "type": "Feature", "properties": { "内容": "協立クリニック　　居宅介護支援事業所【居宅介護支援】青森県東大野2丁目２－２協立クリニック", "url2": "https://www.kaigokensaku.mhlw.go.jp/02/index.php?action_kouhyou_detail_004_kani=true&JigyosyoCd=0270101942-00&ServiceCd=430&Type=search" }, "geometry": { "type": "Point", "coordinates": [ 140.742768721548032, 40.800313204414607 ] } },
{ "type": "Feature", "properties": { "内容": "居宅介護支援事業所レント【居宅介護支援】大字筒井字八ッ橋90-1", "url2": "https://www.kaigokensaku.mhlw.go.jp/02/index.php?action_kouhyou_detail_004_kani=true&JigyosyoCd=0270106289-00&ServiceCd=430&Type=search" }, "geometry": { "type": "Point", "coordinates": [ 132.69538940000001, 33.7897413 ] } },
{ "type": "Feature", "properties": { "内容": "居宅介護支援事業所　わらび【居宅介護支援】青森県青森市幸畑2丁目2番10号パンプェール幸畑　107号", "url2": "https://www.kaigokensaku.mhlw.go.jp/02/index.php?action_kouhyou_detail_004_kani=true&JigyosyoCd=0270106354-00&ServiceCd=430&Type=search" }, "geometry": { "type": "Point", "coordinates": [ 140.781483120515446, 40.782113181497294 ] } },
{ "type": "Feature", "properties": { "内容": "アコード介護支援事業所【居宅介護支援】青森県青森市第二問屋町４丁目６番１７号ヴェルニーチェＢ１０１", "url2": "https://www.kaigokensaku.mhlw.go.jp/02/index.php?action_kouhyou_detail_004_kani=true&JigyosyoCd=0270106446-00&ServiceCd=430&Type=search" }, "geometry": { "type": "Point", "coordinates": [ 140.7514309, 40.7904428 ] } },
{ "type": "Feature", "properties": { "内容": "居宅介護支援事業所パンダ【居宅介護支援】青森県青森市松森3丁目17-69　10号", "url2": "https://www.kaigokensaku.mhlw.go.jp/02/index.php?action_kouhyou_detail_004_kani=true&JigyosyoCd=0270106628-00&ServiceCd=430&Type=search" }, "geometry": { "type": "Point", "coordinates": [ 140.776743053828397, 40.810764468543965 ] } },
{ "type": "Feature", "properties": { "内容": "認知症ケア特化型居宅介護支援事業所メサイア【居宅介護支援】青森県青森市南佃2丁目18-7", "url2": "https://www.kaigokensaku.mhlw.go.jp/02/index.php?action_kouhyou_detail_004_kani=true&JigyosyoCd=0270105646-00&ServiceCd=430&Type=search" }, "geometry": { "type": "Point", "coordinates": [ 140.786199252152983, 40.816179231956589 ] } },
{ "type": "Feature", "properties": { "内容": "相談支援事業所カラー【居宅介護支援】青森県青森市自由ヶ丘二丁目6-26ディアコート自由ヶ丘106号", "url2": "https://www.kaigokensaku.mhlw.go.jp/02/index.php?action_kouhyou_detail_004_kani=true&JigyosyoCd=0270106206-00&ServiceCd=430&Type=search" }, "geometry": { "type": "Point", "coordinates": [ 140.798469899999986, 40.8137654 ] } },
{ "type": "Feature", "properties": { "内容": "居宅介護支援事業所ちとせ【居宅介護支援】青森県弘前市千年三丁目1番地8", "url2": "https://www.kaigokensaku.mhlw.go.jp/02/index.php?action_kouhyou_detail_004_kani=true&JigyosyoCd=0270203581-00&ServiceCd=430&Type=search" }, "geometry": { "type": "Point", "coordinates": [ 140.4819249, 40.56614050000001 ] } },
{ "type": "Feature", "properties": { "内容": "ケアプランセンタ―結【居宅介護支援】青森県弘前市大字山崎二丁目３番地5", "url2": "https://www.kaigokensaku.mhlw.go.jp/02/index.php?action_kouhyou_detail_004_kani=true&JigyosyoCd=0270204258-00&ServiceCd=430&Type=search" }, "geometry": { "type": "Point", "coordinates": [ 140.4773764, 40.5770523 ] } },
{ "type": "Feature", "properties": { "内容": "希望ケ丘居宅介護支援事業所【居宅介護支援】青森県弘前市大字小沢字山崎４４番地9", "url2": "https://www.kaigokensaku.mhlw.go.jp/02/index.php?action_kouhyou_detail_004_kani=true&JigyosyoCd=0270204522-00&ServiceCd=430&Type=search" }, "geometry": { "type": "Point", "coordinates": [ 140.4521128, 40.566438900000016 ] } },
{ "type": "Feature", "properties": { "内容": "一般財団法人黎明郷　弘前脳卒中・リハビリテーションセンター【居宅介護支援】青森県弘前市大字扇町１丁目２番地１", "url2": "https://www.kaigokensaku.mhlw.go.jp/02/index.php?action_kouhyou_detail_004_kani=true&JigyosyoCd=0210215117-00&ServiceCd=430&Type=search" }, "geometry": { "type": "Point", "coordinates": [ 140.5038783, 40.5867522 ] } },
{ "type": "Feature", "properties": { "内容": "医療法人サンメディコ介護老人保健施設ヴィラ弘前【居宅介護支援】青森県弘前市大字岩賀２丁目１２－１１", "url2": "https://www.kaigokensaku.mhlw.go.jp/02/index.php?action_kouhyou_detail_004_kani=true&JigyosyoCd=0250280039-00&ServiceCd=430&Type=search" }, "geometry": { "type": "Point", "coordinates": [ 140.474752500000022, 40.6445752 ] } },
{ "type": "Feature", "properties": { "内容": "うめむら【居宅介護支援】青森県弘前市大字石渡1丁目1番地6号", "url2": "https://www.kaigokensaku.mhlw.go.jp/02/index.php?action_kouhyou_detail_004_kani=true&JigyosyoCd=0250280104-00&ServiceCd=430&Type=search" }, "geometry": { "type": "Point", "coordinates": [ 140.454479799999945, 40.6263768 ] } },
{ "type": "Feature", "properties": { "内容": "訪問看護ステーションふれあい【居宅介護支援】弘前市大字八幡町三丁目1番地1", "url2": "https://www.kaigokensaku.mhlw.go.jp/02/index.php?action_kouhyou_detail_004_kani=true&JigyosyoCd=0260290077-00&ServiceCd=430&Type=search" }, "geometry": { "type": "Point", "coordinates": [ 140.4840898, 40.6148513 ] } },
{ "type": "Feature", "properties": { "内容": "ケアサービス弘前指定居宅介護支援事業所【居宅介護支援】弘前市大字品川町１５５番地２", "url2": "https://www.kaigokensaku.mhlw.go.jp/02/index.php?action_kouhyou_detail_004_kani=true&JigyosyoCd=0270200017-00&ServiceCd=430&Type=search" }, "geometry": { "type": "Point", "coordinates": [ 140.479972599999968, 40.591757 ] } },
{ "type": "Feature", "properties": { "内容": "居宅介護支援事業所　パインハウス弘前【居宅介護支援】青森県弘前市大字国吉字坂本１３８－１０", "url2": "https://www.kaigokensaku.mhlw.go.jp/02/index.php?action_kouhyou_detail_004_kani=true&JigyosyoCd=0270200033-00&ServiceCd=430&Type=search" }, "geometry": { "type": "Point", "coordinates": [ 140.353981400000066, 40.5954108 ] } },
{ "type": "Feature", "properties": { "内容": "城東居宅介護支援センター【居宅介護支援】青森県弘前市城東中央４丁目１－４", "url2": "https://www.kaigokensaku.mhlw.go.jp/02/index.php?action_kouhyou_detail_004_kani=true&JigyosyoCd=0270200041-00&ServiceCd=430&Type=search" }, "geometry": { "type": "Point", "coordinates": [ 140.495717300000024, 40.6002561 ] } },
{ "type": "Feature", "properties": { "内容": "鷹揚郷弘前介護支援事業所【居宅介護支援】青森県弘前市大字小沢字山崎９０番地", "url2": "https://www.kaigokensaku.mhlw.go.jp/02/index.php?action_kouhyou_detail_004_kani=true&JigyosyoCd=0270200066-00&ServiceCd=430&Type=search" }, "geometry": { "type": "Point", "coordinates": [ 140.456063399999948, 40.5733915 ] } },
{ "type": "Feature", "properties": { "内容": "ことぶき荘居宅介護支援事業所【居宅介護支援】青森県弘前市大字福村字早稲田２７番地１", "url2": "https://www.kaigokensaku.mhlw.go.jp/02/index.php?action_kouhyou_detail_004_kani=true&JigyosyoCd=0270200082-00&ServiceCd=430&Type=search" }, "geometry": { "type": "Point", "coordinates": [ 140.515317500000037, 40.606744900000017 ] } },
{ "type": "Feature", "properties": { "内容": "オリーブ居宅介護支援事業所【居宅介護支援】青森県弘前市大字鷹匠町16番地1", "url2": "https://www.kaigokensaku.mhlw.go.jp/02/index.php?action_kouhyou_detail_004_kani=true&JigyosyoCd=0270200116-00&ServiceCd=430&Type=search" }, "geometry": { "type": "Point", "coordinates": [ 140.458075300000019, 40.6057794 ] } },
{ "type": "Feature", "properties": { "内容": "サンアップル居宅介護支援センター【居宅介護支援】青森県弘前市大字浜の町東5丁目24-3", "url2": "https://www.kaigokensaku.mhlw.go.jp/02/index.php?action_kouhyou_detail_004_kani=true&JigyosyoCd=0270200124-00&ServiceCd=430&Type=search" }, "geometry": { "type": "Point", "coordinates": [ 140.465020900000042, 40.6224951 ] } },
{ "type": "Feature", "properties": { "内容": "居宅介護支援事業所弘前リカバリーセンター【居宅介護支援】青森県弘前市高田1丁目10-7", "url2": "https://www.kaigokensaku.mhlw.go.jp/02/index.php?action_kouhyou_detail_004_kani=true&JigyosyoCd=0270200132-00&ServiceCd=430&Type=search" }, "geometry": { "type": "Point", "coordinates": [ 140.499580899999955, 40.5981676 ] } },
{ "type": "Feature", "properties": { "内容": "居宅介護支援事業　サンタハウス弘前【居宅介護支援】青森県弘前市大字大川字中桜川18番地10", "url2": "https://www.kaigokensaku.mhlw.go.jp/02/index.php?action_kouhyou_detail_004_kani=true&JigyosyoCd=0270200140-00&ServiceCd=430&Type=search" }, "geometry": { "type": "Point", "coordinates": [ 140.456602172491444, 40.676082666995029 ] } },
{ "type": "Feature", "properties": { "内容": "ケアセンター弘前介護保険サービス事業センター【居宅介護支援】青森県弘前市大字山崎一丁目3番地7", "url2": "https://www.kaigokensaku.mhlw.go.jp/02/index.php?action_kouhyou_detail_004_kani=true&JigyosyoCd=0270200165-00&ServiceCd=430&Type=search" }, "geometry": { "type": "Point", "coordinates": [ 140.4719374, 40.5743637 ] } },
{ "type": "Feature", "properties": { "内容": "幸陽荘居宅介護支援事業所【居宅介護支援】青森県弘前市大字清野袋字岡部４３３番地１", "url2": "https://www.kaigokensaku.mhlw.go.jp/02/index.php?action_kouhyou_detail_004_kani=true&JigyosyoCd=0270200173-00&ServiceCd=430&Type=search" }, "geometry": { "type": "Point", "coordinates": [ 140.483210800000052, 40.6363459 ] } },
{ "type": "Feature", "properties": { "内容": "愛成居宅介護支援事業所【居宅介護支援】青森県弘前市大字豊原一丁目１番地３", "url2": "https://www.kaigokensaku.mhlw.go.jp/02/index.php?action_kouhyou_detail_004_kani=true&JigyosyoCd=0270200181-00&ServiceCd=430&Type=search" }, "geometry": { "type": "Point", "coordinates": [ 140.477261409925859, 40.584669951486653 ] } },
{ "type": "Feature", "properties": { "内容": "草薙居宅介護支援事業所【居宅介護支援】弘前市大字大森字勝山278番18", "url2": "https://www.kaigokensaku.mhlw.go.jp/02/index.php?action_kouhyou_detail_004_kani=true&JigyosyoCd=0270200199-00&ServiceCd=430&Type=search" }, "geometry": { "type": "Point", "coordinates": [ 140.3658216, 40.7160728 ] } },
{ "type": "Feature", "properties": { "内容": "居宅介護支援事業センター　ひばり【居宅介護支援】弘前市大字藤代字広田131-1", "url2": "https://www.kaigokensaku.mhlw.go.jp/02/index.php?action_kouhyou_detail_004_kani=true&JigyosyoCd=0270200215-00&ServiceCd=430&Type=search" }, "geometry": { "type": "Point", "coordinates": [ 140.450868065646858, 40.620987679818171 ] } },
{ "type": "Feature", "properties": { "内容": "白寿園居宅介護支援事業所【居宅介護支援】青森県弘前市大字大沢字稲元３番地２", "url2": "https://www.kaigokensaku.mhlw.go.jp/02/index.php?action_kouhyou_detail_004_kani=true&JigyosyoCd=0270200280-00&ServiceCd=430&Type=search" }, "geometry": { "type": "Point", "coordinates": [ 140.516599049737579, 40.557520735413327 ] } },
{ "type": "Feature", "properties": { "内容": "居宅介護支援事業所「きずな」【居宅介護支援】青森県弘前市大字高崎二丁目７－７", "url2": "https://www.kaigokensaku.mhlw.go.jp/02/index.php?action_kouhyou_detail_004_kani=true&JigyosyoCd=0270200371-00&ServiceCd=430&Type=search" }, "geometry": { "type": "Point", "coordinates": [ 140.494003199999952, 40.6088801 ] } },
{ "type": "Feature", "properties": { "内容": "株式会社ケアライフ青森　弘前営業所【居宅介護支援】青森県弘前市神田2丁目6-1", "url2": "https://www.kaigokensaku.mhlw.go.jp/02/index.php?action_kouhyou_detail_004_kani=true&JigyosyoCd=0270200389-00&ServiceCd=430&Type=search" }, "geometry": { "type": "Point", "coordinates": [ 140.485122899999965, 40.6175149 ] } },
{ "type": "Feature", "properties": { "内容": "弘前大清水ホーム　居宅介護支援事業所【居宅介護支援】青森県弘前市大字清原四丁目9番地2", "url2": "https://www.kaigokensaku.mhlw.go.jp/02/index.php?action_kouhyou_detail_004_kani=true&JigyosyoCd=0270200587-00&ServiceCd=430&Type=search" }, "geometry": { "type": "Point", "coordinates": [ 140.4907211, 40.5785263 ] } },
{ "type": "Feature", "properties": { "内容": "有限会社　ケアサポートかがやき【居宅介護支援】青森県弘前市大字野田1丁目4-16", "url2": "https://www.kaigokensaku.mhlw.go.jp/02/index.php?action_kouhyou_detail_004_kani=true&JigyosyoCd=0270201155-00&ServiceCd=430&Type=search" }, "geometry": { "type": "Point", "coordinates": [ 140.4808472, 40.6078377 ] } },
{ "type": "Feature", "properties": { "内容": "松森ケアプランセンター【居宅介護支援】青森県弘前市大字松森町53-2サービス付高齢者住宅桜林館", "url2": "https://www.kaigokensaku.mhlw.go.jp/02/index.php?action_kouhyou_detail_004_kani=true&JigyosyoCd=0270201247-00&ServiceCd=430&Type=search" }, "geometry": { "type": "Point", "coordinates": [ 140.480363500000067, 40.5937285 ] } },
{ "type": "Feature", "properties": { "内容": "弘前市医師会居宅介護支援事業所【居宅介護支援】弘前市大字野田二丁目７番地１", "url2": "https://www.kaigokensaku.mhlw.go.jp/02/index.php?action_kouhyou_detail_004_kani=true&JigyosyoCd=0270201361-00&ServiceCd=430&Type=search" }, "geometry": { "type": "Point", "coordinates": [ 140.480740299999979, 40.6099573 ] } },
{ "type": "Feature", "properties": { "内容": "草菴居宅介護支援事業所【居宅介護支援】青森県弘前市大字稲田２丁目１１－１９", "url2": "https://www.kaigokensaku.mhlw.go.jp/02/index.php?action_kouhyou_detail_004_kani=true&JigyosyoCd=0270201551-00&ServiceCd=430&Type=search" }, "geometry": { "type": "Point", "coordinates": [ 140.488157197650992, 40.603505384123359 ] } },
{ "type": "Feature", "properties": { "内容": "居宅介護支援事業所　ウエルパーク【居宅介護支援】青森県弘前市大字福田字巻屋25番地８", "url2": "https://www.kaigokensaku.mhlw.go.jp/02/index.php?action_kouhyou_detail_004_kani=true&JigyosyoCd=0270201593-00&ServiceCd=430&Type=search" }, "geometry": { "type": "Point", "coordinates": [ 140.511804500000039, 40.5972236 ] } },
{ "type": "Feature", "properties": { "内容": "居宅介護支援事業所　ふれあい温泉【居宅介護支援】弘前市大字旭ヶ丘二丁目6番地４", "url2": "https://www.kaigokensaku.mhlw.go.jp/02/index.php?action_kouhyou_detail_004_kani=true&JigyosyoCd=0270201742-00&ServiceCd=430&Type=search" }, "geometry": { "type": "Point", "coordinates": [ 140.458140700000058, 40.5800796 ] } },
{ "type": "Feature", "properties": { "内容": "居宅介護支援事業所城西【居宅介護支援】青森県弘前市大字茜町二丁目1番地18", "url2": "https://www.kaigokensaku.mhlw.go.jp/02/index.php?action_kouhyou_detail_004_kani=true&JigyosyoCd=0270201882-00&ServiceCd=430&Type=search" }, "geometry": { "type": "Point", "coordinates": [ 140.446173499999986, 40.6005269 ] } },
{ "type": "Feature", "properties": { "内容": "バンドーウエルフェアグループ株式会社　ケアプランセンターバンドー【居宅介護支援】青森県弘前市西城北２丁目６－３", "url2": "https://www.kaigokensaku.mhlw.go.jp/02/index.php?action_kouhyou_detail_004_kani=true&JigyosyoCd=0270201999-00&ServiceCd=430&Type=search" }, "geometry": { "type": "Point", "coordinates": [ 140.471590399999968, 40.6185616 ] } },
{ "type": "Feature", "properties": { "内容": "居宅介護支援事業所えんむすび【居宅介護支援】青森県弘前市大字狼森字天王23番地15", "url2": "https://www.kaigokensaku.mhlw.go.jp/02/index.php?action_kouhyou_detail_004_kani=true&JigyosyoCd=0270202013-00&ServiceCd=430&Type=search" }, "geometry": { "type": "Point", "coordinates": [ 140.472143599999981, 40.559535 ] } },
{ "type": "Feature", "properties": { "内容": "居宅介護支援事業所　高舘山温泉【居宅介護支援】青森県弘前市大字五代字沼田１３－５", "url2": "https://www.kaigokensaku.mhlw.go.jp/02/index.php?action_kouhyou_detail_004_kani=true&JigyosyoCd=0270202294-00&ServiceCd=430&Type=search" }, "geometry": { "type": "Point", "coordinates": [ 140.408158899999989, 40.6127545 ] } },
{ "type": "Feature", "properties": { "内容": "おうよう園介護相談センター【居宅介護支援】青森県弘前市山崎３丁目６－１", "url2": "https://www.kaigokensaku.mhlw.go.jp/02/index.php?action_kouhyou_detail_004_kani=true&JigyosyoCd=0270202385-00&ServiceCd=430&Type=search" }, "geometry": { "type": "Point", "coordinates": [ 140.464306145817773, 40.572372165402136 ] } },
{ "type": "Feature", "properties": { "内容": "居宅介護支援事業所なごみの里ひろさき【居宅介護支援】青森県弘前市大字五代字早稲田507-7", "url2": "https://www.kaigokensaku.mhlw.go.jp/02/index.php?action_kouhyou_detail_004_kani=true&JigyosyoCd=0270202484-00&ServiceCd=430&Type=search" }, "geometry": { "type": "Point", "coordinates": [ 140.418124878546109, 40.721867830925603 ] } },
{ "type": "Feature", "properties": { "内容": "ライフIWAKI【居宅介護支援】青森県弘前市大字松原西３丁目7-20", "url2": "https://www.kaigokensaku.mhlw.go.jp/02/index.php?action_kouhyou_detail_004_kani=true&JigyosyoCd=0270202864-00&ServiceCd=430&Type=search" }, "geometry": { "type": "Point", "coordinates": [ 140.482802, 40.5673622 ] } },
{ "type": "Feature", "properties": { "内容": "居宅介護支援センター　みのり【居宅介護支援】青森県弘前市五所字里見124シニアガーデンさとみ", "url2": "https://www.kaigokensaku.mhlw.go.jp/02/index.php?action_kouhyou_detail_004_kani=true&JigyosyoCd=0270202930-00&ServiceCd=430&Type=search" }, "geometry": { "type": "Point", "coordinates": [ 140.391961853355753, 40.588286167315282 ] } },
{ "type": "Feature", "properties": { "内容": "居宅介護支援事業所ひなたスマイル【居宅介護支援】青森県弘前市大字青山二丁目1番地2", "url2": "https://www.kaigokensaku.mhlw.go.jp/02/index.php?action_kouhyou_detail_004_kani=true&JigyosyoCd=0270202963-00&ServiceCd=430&Type=search" }, "geometry": { "type": "Point", "coordinates": [ 140.481236691718863, 40.621521279771827 ] } },
{ "type": "Feature", "properties": { "内容": "居宅介護支援事業所　あおいもり【居宅介護支援】青森県弘前市大字末広二丁目4-3", "url2": "https://www.kaigokensaku.mhlw.go.jp/02/index.php?action_kouhyou_detail_004_kani=true&JigyosyoCd=0270203094-00&ServiceCd=430&Type=search" }, "geometry": { "type": "Point", "coordinates": [ 140.50154150000003, 40.602679899999984 ] } },
{ "type": "Feature", "properties": { "内容": "伸栄会【居宅介護支援】青森県弘前市大字広野二丁目28番地2", "url2": "https://www.kaigokensaku.mhlw.go.jp/02/index.php?action_kouhyou_detail_004_kani=true&JigyosyoCd=0270203201-00&ServiceCd=430&Type=search" }, "geometry": { "type": "Point", "coordinates": [ 140.489246066270454, 40.571524682740481 ] } },
{ "type": "Feature", "properties": { "内容": "居宅介護支援事業所　寿楽【居宅介護支援】弘前市大字城東中央一丁目２番地１０", "url2": "https://www.kaigokensaku.mhlw.go.jp/02/index.php?action_kouhyou_detail_004_kani=true&JigyosyoCd=0270203334-00&ServiceCd=430&Type=search" }, "geometry": { "type": "Point", "coordinates": [ 140.488976500000035, 40.5993588 ] } },
{ "type": "Feature", "properties": { "内容": "ひのき居宅介護支援センター【居宅介護支援】弘前市大字湯口字一ノ細川40-9", "url2": "https://www.kaigokensaku.mhlw.go.jp/02/index.php?action_kouhyou_detail_004_kani=true&JigyosyoCd=0270203383-00&ServiceCd=430&Type=search" }, "geometry": { "type": "Point", "coordinates": [ 140.414071386508198, 40.589191127336314 ] } },
{ "type": "Feature", "properties": { "内容": "居宅介護支援事業所　北斗桜ヶ丘【居宅介護支援】青森県弘前市桜ヶ丘四丁目１番地５", "url2": "https://www.kaigokensaku.mhlw.go.jp/02/index.php?action_kouhyou_detail_004_kani=true&JigyosyoCd=0270203698-00&ServiceCd=430&Type=search" }, "geometry": { "type": "Point", "coordinates": [ 140.451802499999985, 40.5749662 ] } },
{ "type": "Feature", "properties": { "内容": "Ｍ＆Ｃサービスステーション【居宅介護支援】青森県弘前市大字福村字新舘添22番地2", "url2": "https://www.kaigokensaku.mhlw.go.jp/02/index.php?action_kouhyou_detail_004_kani=true&JigyosyoCd=0270203755-00&ServiceCd=430&Type=search" }, "geometry": { "type": "Point", "coordinates": [ 140.517758836909479, 40.603795065593637 ] } },
{ "type": "Feature", "properties": { "内容": "フレディ居宅介護支援事業所【居宅介護支援】青森県弘前市大字黒滝字ニノ川瀬１－１２", "url2": "https://www.kaigokensaku.mhlw.go.jp/02/index.php?action_kouhyou_detail_004_kani=true&JigyosyoCd=0270203789-00&ServiceCd=430&Type=search" }, "geometry": { "type": "Point", "coordinates": [ 140.473566, 40.6052938 ] } },
{ "type": "Feature", "properties": { "内容": "津軽保健生活協同組合　健生介護センター虹居宅介護支援事業所【居宅介護支援】青森県弘前市大字向外瀬字豊田292-1", "url2": "https://www.kaigokensaku.mhlw.go.jp/02/index.php?action_kouhyou_detail_004_kani=true&JigyosyoCd=0270203797-00&ServiceCd=430&Type=search" }, "geometry": { "type": "Point", "coordinates": [ 140.482287399999962, 40.6301037 ] } },
{ "type": "Feature", "properties": { "内容": "ろうかつプランセンター【居宅介護支援】青森県弘前市大字中野５丁目８－１３", "url2": "https://www.kaigokensaku.mhlw.go.jp/02/index.php?action_kouhyou_detail_004_kani=true&JigyosyoCd=0270203854-00&ServiceCd=430&Type=search" }, "geometry": { "type": "Point", "coordinates": [ 140.475640099999964, 40.5719889 ] } },
{ "type": "Feature", "properties": { "内容": "居宅介護支援事業所ファルマ【居宅介護支援】青森県弘前市大字北横町19番地1", "url2": "https://www.kaigokensaku.mhlw.go.jp/02/index.php?action_kouhyou_detail_004_kani=true&JigyosyoCd=0270203979-00&ServiceCd=430&Type=search" }, "geometry": { "type": "Point", "coordinates": [ 140.4778993, 40.6067611 ] } },
{ "type": "Feature", "properties": { "内容": "可なう介護【居宅介護支援】青森県弘前市大字末広二丁目5番地10", "url2": "https://www.kaigokensaku.mhlw.go.jp/02/index.php?action_kouhyou_detail_004_kani=true&JigyosyoCd=0270204027-00&ServiceCd=430&Type=search" }, "geometry": { "type": "Point", "coordinates": [ 140.5022616, 40.6035117 ] } },
{ "type": "Feature", "properties": { "内容": "居宅介護支援センターナーシングホーム弘前【居宅介護支援】青森県弘前市石渡４－１３－１８", "url2": "https://www.kaigokensaku.mhlw.go.jp/02/index.php?action_kouhyou_detail_004_kani=true&JigyosyoCd=0270204043-00&ServiceCd=430&Type=search" }, "geometry": { "type": "Point", "coordinates": [ 140.464131400000042, 40.5886232 ] } },
{ "type": "Feature", "properties": { "内容": "居宅介護支援事業所ゆとり【居宅介護支援】青森県弘前市大字高屋字本宮５１９－１住宅型有料老人ホームゆとり", "url2": "https://www.kaigokensaku.mhlw.go.jp/02/index.php?action_kouhyou_detail_004_kani=true&JigyosyoCd=0270204159-00&ServiceCd=430&Type=search" }, "geometry": { "type": "Point", "coordinates": [ 140.4251339, 40.6187693 ] } },
{ "type": "Feature", "properties": { "内容": "居宅介護支援事業所ポム【居宅介護支援】青森県弘前市大字山崎一丁目4-2山崎齊藤住宅8号", "url2": "https://www.kaigokensaku.mhlw.go.jp/02/index.php?action_kouhyou_detail_004_kani=true&JigyosyoCd=0270204209-00&ServiceCd=430&Type=search" }, "geometry": { "type": "Point", "coordinates": [ 140.4712288, 40.576599 ] } },
{ "type": "Feature", "properties": { "内容": "居宅介護支援事業所　日和【居宅介護支援】青森県弘前市葛原字大柳167-1", "url2": "https://www.kaigokensaku.mhlw.go.jp/02/index.php?action_kouhyou_detail_004_kani=true&JigyosyoCd=0270204225-00&ServiceCd=430&Type=search" }, "geometry": { "type": "Point", "coordinates": [ 140.3862954, 40.6256335 ] } },
{ "type": "Feature", "properties": { "内容": "居宅介護支援事業所レジェロ【居宅介護支援】青森県弘前市中野5丁目25-1", "url2": "https://www.kaigokensaku.mhlw.go.jp/02/index.php?action_kouhyou_detail_004_kani=true&JigyosyoCd=0270204266-00&ServiceCd=430&Type=search" }, "geometry": { "type": "Point", "coordinates": [ 140.474323493403375, 40.573307987718493 ] } },
{ "type": "Feature", "properties": { "内容": "つながる弘前【居宅介護支援】青森県弘前市大字高田３丁目７－６", "url2": "https://www.kaigokensaku.mhlw.go.jp/02/index.php?action_kouhyou_detail_004_kani=true&JigyosyoCd=0270204316-00&ServiceCd=430&Type=search" }, "geometry": { "type": "Point", "coordinates": [ 140.505678300000028, 40.59898 ] } },
{ "type": "Feature", "properties": { "内容": "居宅介護支援事業所なかさん【居宅介護支援】青森県弘前市大字湯口字一ノ細川40番地5", "url2": "https://www.kaigokensaku.mhlw.go.jp/02/index.php?action_kouhyou_detail_004_kani=true&JigyosyoCd=0270204365-00&ServiceCd=430&Type=search" }, "geometry": { "type": "Point", "coordinates": [ 140.4140392, 40.5890404 ] } },
{ "type": "Feature", "properties": { "内容": "もりの灯台　居宅介護支援事業所【居宅介護支援】青森県弘前市富栄字平岡36‐2", "url2": "https://www.kaigokensaku.mhlw.go.jp/02/index.php?action_kouhyou_detail_004_kani=true&JigyosyoCd=0270204373-00&ServiceCd=430&Type=search" }, "geometry": { "type": "Point", "coordinates": [ 140.418778442327863, 40.638572006988234 ] } },
{ "type": "Feature", "properties": { "内容": "医心館居宅介護支援事業所弘前【居宅介護支援】青森県弘前市大字外崎４丁目２－３", "url2": "https://www.kaigokensaku.mhlw.go.jp/02/index.php?action_kouhyou_detail_004_kani=true&JigyosyoCd=0270204407-00&ServiceCd=430&Type=search" }, "geometry": { "type": "Point", "coordinates": [ 140.4926518, 40.5966162 ] } },
{ "type": "Feature", "properties": { "内容": "居宅介護支援事業所いずみの【居宅介護支援】青森県弘前市大字泉野四丁目２‐１１", "url2": "https://www.kaigokensaku.mhlw.go.jp/02/index.php?action_kouhyou_detail_004_kani=true&JigyosyoCd=0270204423-00&ServiceCd=430&Type=search" }, "geometry": { "type": "Point", "coordinates": [ 140.495478600000013, 40.5770143 ] } },
{ "type": "Feature", "properties": { "内容": "鳥井野荘居宅介護支援センター【居宅介護支援】弘前市大字鳥井野字長田265番地", "url2": "https://www.kaigokensaku.mhlw.go.jp/02/index.php?action_kouhyou_detail_004_kani=true&JigyosyoCd=0272200049-00&ServiceCd=430&Type=search" }, "geometry": { "type": "Point", "coordinates": [ 140.41378409999993, 40.5998758 ] } },
{ "type": "Feature", "properties": { "内容": "長慶苑ケアプランセンター【居宅介護支援】青森県弘前市坂市字亀田53-3", "url2": "https://www.kaigokensaku.mhlw.go.jp/02/index.php?action_kouhyou_detail_004_kani=true&JigyosyoCd=0272200056-00&ServiceCd=430&Type=search" }, "geometry": { "type": "Point", "coordinates": [ 140.379922699999952, 40.5737391 ] } },
{ "type": "Feature", "properties": { "内容": "株式会社大与居宅介護支援事業所【居宅介護支援】青森県弘前市大字高屋字本宮480番地4", "url2": "https://www.kaigokensaku.mhlw.go.jp/02/index.php?action_kouhyou_detail_004_kani=true&JigyosyoCd=0272200239-00&ServiceCd=430&Type=search" }, "geometry": { "type": "Point", "coordinates": [ 140.422021299999983, 40.6179869 ] } },
{ "type": "Feature", "properties": { "内容": "医療法人仙知会　居宅介護支援事業所【居宅介護支援】青森県弘前市大字高屋字本宮480-4", "url2": "https://www.kaigokensaku.mhlw.go.jp/02/index.php?action_kouhyou_detail_004_kani=true&JigyosyoCd=0272200262-00&ServiceCd=430&Type=search" }, "geometry": { "type": "Point", "coordinates": [ 140.421862799999985, 40.6177824 ] } },
{ "type": "Feature", "properties": { "内容": "居宅介護支援事業所　ピノカーサ岩木【居宅介護支援】青森県弘前市大字五代字田屋敷240番地1", "url2": "https://www.kaigokensaku.mhlw.go.jp/02/index.php?action_kouhyou_detail_004_kani=true&JigyosyoCd=0272200353-00&ServiceCd=430&Type=search" }, "geometry": { "type": "Point", "coordinates": [ 140.420155, 40.6111831 ] } },
{ "type": "Feature", "properties": { "内容": "居宅介護支援事業センター　サン・フラワー【居宅介護支援】青森県弘前市大字向外瀬字豊田３２０番１", "url2": "https://www.kaigokensaku.mhlw.go.jp/02/index.php?action_kouhyou_detail_004_kani=true&JigyosyoCd=0270201148-00&ServiceCd=430&Type=search" }, "geometry": { "type": "Point", "coordinates": [ 140.481664, 40.6307521 ] } },
{ "type": "Feature", "properties": { "内容": "居宅介護支援事業所パインハウス城南【居宅介護支援】青森県弘前市大字原ヶ平字山元118番地1", "url2": "https://www.kaigokensaku.mhlw.go.jp/02/index.php?action_kouhyou_detail_004_kani=true&JigyosyoCd=0270201478-00&ServiceCd=430&Type=search" }, "geometry": { "type": "Point", "coordinates": [ 140.471112700000049, 40.5704558 ] } },
{ "type": "Feature", "properties": { "内容": "居宅介護支援事業所くんぷうしゃ【居宅介護支援】弘前市代官町86番地", "url2": "https://www.kaigokensaku.mhlw.go.jp/02/index.php?action_kouhyou_detail_004_kani=true&JigyosyoCd=0270202682-00&ServiceCd=430&Type=search" }, "geometry": { "type": "Point", "coordinates": [ 140.478905267984004, 40.603366191403673 ] } },
{ "type": "Feature", "properties": { "内容": "ケアプランセンター早稲田【居宅介護支援】青森県弘前市大字早稲田３丁目11-11", "url2": "https://www.kaigokensaku.mhlw.go.jp/02/index.php?action_kouhyou_detail_004_kani=true&JigyosyoCd=0270203904-00&ServiceCd=430&Type=search" }, "geometry": { "type": "Point", "coordinates": [ 140.510062799999986, 40.6008093 ] } },
{ "type": "Feature", "properties": { "内容": "バンドー介護サポート株式会社　ケアプランセンター弘前【居宅介護支援】青森県弘前市西城北２丁目３番地４", "url2": "https://www.kaigokensaku.mhlw.go.jp/02/index.php?action_kouhyou_detail_004_kani=true&JigyosyoCd=0270203102-00&ServiceCd=430&Type=search" }, "geometry": { "type": "Point", "coordinates": [ 140.471734800000036, 40.6177839 ] } },
{ "type": "Feature", "properties": { "内容": "居宅介護支援事業所　笑里【居宅介護支援】青森県弘前市桜ヶ丘二丁目22番地4", "url2": "https://www.kaigokensaku.mhlw.go.jp/02/index.php?action_kouhyou_detail_004_kani=true&JigyosyoCd=0270204464-00&ServiceCd=430&Type=search" }, "geometry": { "type": "Point", "coordinates": [ 140.4507424, 40.5709451 ] } },
{ "type": "Feature", "properties": { "内容": "サカエ介護支援センター【居宅介護支援】大字津賀野字浅田996", "url2": "https://www.kaigokensaku.mhlw.go.jp/02/index.php?action_kouhyou_detail_004_kani=true&JigyosyoCd=0270204563-00&ServiceCd=430&Type=search" }, "geometry": { "type": "Point", "coordinates": [ 140.4886821, 40.6426022 ] } },
{ "type": "Feature", "properties": { "内容": "ほりこし介護福祉センター　居宅介護支援事業【居宅介護支援】青森県弘前市大字堀越字柳田1-16", "url2": "https://www.kaigokensaku.mhlw.go.jp/02/index.php?action_kouhyou_detail_004_kani=true&JigyosyoCd=0270201346-00&ServiceCd=430&Type=search" }, "geometry": { "type": "Point", "coordinates": [ 140.523518599999989, 40.5699523 ] } },
{ "type": "Feature", "properties": { "内容": "まるげん居宅介護支援事業所【居宅介護支援】青森県弘前市大町一丁目17‐11北斗ビル2階", "url2": "https://www.kaigokensaku.mhlw.go.jp/02/index.php?action_kouhyou_detail_004_kani=true&JigyosyoCd=0270204456-00&ServiceCd=430&Type=search" }, "geometry": { "type": "Point", "coordinates": [ 140.4848883, 40.5946259 ] } },
{ "type": "Feature", "properties": { "内容": "医心館居宅介護支援事業所八戸【居宅介護支援】青森県八戸市田向五丁目12番1号", "url2": "https://www.kaigokensaku.mhlw.go.jp/02/index.php?action_kouhyou_detail_004_kani=true&JigyosyoCd=0270304090-00&ServiceCd=430&Type=search" }, "geometry": { "type": "Point", "coordinates": [ 141.5142277, 40.4888347 ] } },
{ "type": "Feature", "properties": { "内容": "居宅介護支援センター　クローバーズ・ピア【居宅介護支援】青森県八戸市江陽二丁目１番３２号", "url2": "https://www.kaigokensaku.mhlw.go.jp/02/index.php?action_kouhyou_detail_004_kani=true&JigyosyoCd=0272700451-00&ServiceCd=430&Type=search" }, "geometry": { "type": "Point", "coordinates": [ 141.4989187, 40.519230900000039 ] } },
{ "type": "Feature", "properties": { "内容": "合同会社居宅介護支援センターしらはま【居宅介護支援】青森県八戸市鮫町字妻ノ神１１－１", "url2": "https://www.kaigokensaku.mhlw.go.jp/02/index.php?action_kouhyou_detail_004_kani=true&JigyosyoCd=0270302490-00&ServiceCd=430&Type=search" }, "geometry": { "type": "Point", "coordinates": [ 141.585694300000029, 40.51703 ] } },
{ "type": "Feature", "properties": { "内容": "居宅介護支援事業所　まる【居宅介護支援】大字長苗代字内舟渡73-3", "url2": "https://www.kaigokensaku.mhlw.go.jp/02/index.php?action_kouhyou_detail_004_kani=true&JigyosyoCd=0270303076-00&ServiceCd=430&Type=search" }, "geometry": { "type": "Point", "coordinates": [ 141.465301299999965, 40.5160885 ] } },
{ "type": "Feature", "properties": { "内容": "ケアプランセンター　アンビエンス【居宅介護支援】青森県八戸市小中野六丁目8-30第二ライズ　２階　D号室", "url2": "https://www.kaigokensaku.mhlw.go.jp/02/index.php?action_kouhyou_detail_004_kani=true&JigyosyoCd=0270304462-00&ServiceCd=430&Type=search" }, "geometry": { "type": "Point", "coordinates": [ 141.5154891, 40.5160114 ] } },
{ "type": "Feature", "properties": { "内容": "介護サポートけあたす【居宅介護支援】青森県八戸市沼館一丁目16-20", "url2": "https://www.kaigokensaku.mhlw.go.jp/02/index.php?action_kouhyou_detail_004_kani=true&JigyosyoCd=0270304470-00&ServiceCd=430&Type=search" }, "geometry": { "type": "Point", "coordinates": [ 141.495546823942533, 40.523032121816975 ] } },
{ "type": "Feature", "properties": { "内容": "居宅介護支援事業所　ほんのり【居宅介護支援】八戸市大字沢里字沢里山1-23", "url2": "https://www.kaigokensaku.mhlw.go.jp/02/index.php?action_kouhyou_detail_004_kani=true&JigyosyoCd=0270303753-00&ServiceCd=430&Type=search" }, "geometry": { "type": "Point", "coordinates": [ 141.478202600000031, 40.491574800000016 ] } },
{ "type": "Feature", "properties": { "内容": "介護相談所いぶき【居宅介護支援】青森県八戸市新井田西3丁目17-18掛端住宅B", "url2": "https://www.kaigokensaku.mhlw.go.jp/02/index.php?action_kouhyou_detail_004_kani=true&JigyosyoCd=0270304439-00&ServiceCd=430&Type=search" }, "geometry": { "type": "Point", "coordinates": [ 141.5168083, 40.4956967 ] } },
{ "type": "Feature", "properties": { "内容": "ふれあいケア居宅介護支援事業所【居宅介護支援】根城９丁目13-2オフィス西野A号室", "url2": "https://www.kaigokensaku.mhlw.go.jp/02/index.php?action_kouhyou_detail_004_kani=true&JigyosyoCd=0270304496-00&ServiceCd=430&Type=search" }, "geometry": { "type": "Point", "coordinates": [ 141.4684126, 40.5082271 ] } },
{ "type": "Feature", "properties": { "内容": "瑞光園居宅介護支援センター【居宅介護支援】青森県八戸市大字大久保字大山32番1", "url2": "https://www.kaigokensaku.mhlw.go.jp/02/index.php?action_kouhyou_detail_004_kani=true&JigyosyoCd=0270300015-00&ServiceCd=430&Type=search" }, "geometry": { "type": "Point", "coordinates": [ 141.578508455294838, 40.488899562486203 ] } },
{ "type": "Feature", "properties": { "内容": "ちょうじゃの森在宅介護支援センタ－【居宅介護支援】八戸市大字糠塚字下道７-３２", "url2": "https://www.kaigokensaku.mhlw.go.jp/02/index.php?action_kouhyou_detail_004_kani=true&JigyosyoCd=0270300049-00&ServiceCd=430&Type=search" }, "geometry": { "type": "Point", "coordinates": [ 141.489304299999958, 40.5060431 ] } },
{ "type": "Feature", "properties": { "内容": "福寿草居宅介護支援センター【居宅介護支援】青森県八戸市大字妙字西平６番地１９特別養護老人ホーム福寿草", "url2": "https://www.kaigokensaku.mhlw.go.jp/02/index.php?action_kouhyou_detail_004_kani=true&JigyosyoCd=0270300056-00&ServiceCd=430&Type=search" }, "geometry": { "type": "Point", "coordinates": [ 141.544082399999951, 40.4891572 ] } },
{ "type": "Feature", "properties": { "内容": "介護支援事業所ケア・ネット【居宅介護支援】青森県八戸市大字大久保字大山31番地2", "url2": "https://www.kaigokensaku.mhlw.go.jp/02/index.php?action_kouhyou_detail_004_kani=true&JigyosyoCd=0270300072-00&ServiceCd=430&Type=search" }, "geometry": { "type": "Point", "coordinates": [ 141.578487499999937, 40.4881499 ] } },
{ "type": "Feature", "properties": { "内容": "生協ケアプラン･かいごの相談室【居宅介護支援】青森県八戸市南類家１丁目１３－１０", "url2": "https://www.kaigokensaku.mhlw.go.jp/02/index.php?action_kouhyou_detail_004_kani=true&JigyosyoCd=0270300080-00&ServiceCd=430&Type=search" }, "geometry": { "type": "Point", "coordinates": [ 141.503679290480136, 40.504002276174397 ] } },
{ "type": "Feature", "properties": { "内容": "豊仁会居宅介護支援事業所【居宅介護支援】青森県八戸市石堂1丁目１４－１１", "url2": "https://www.kaigokensaku.mhlw.go.jp/02/index.php?action_kouhyou_detail_004_kani=true&JigyosyoCd=0270300098-00&ServiceCd=430&Type=search" }, "geometry": { "type": "Point", "coordinates": [ 141.480563, 40.5295923 ] } },
{ "type": "Feature", "properties": { "内容": "シルバー居宅介護支援事業所【居宅介護支援】青森県八戸市大字河原木字北沼22-39", "url2": "https://www.kaigokensaku.mhlw.go.jp/02/index.php?action_kouhyou_detail_004_kani=true&JigyosyoCd=0270300106-00&ServiceCd=430&Type=search" }, "geometry": { "type": "Point", "coordinates": [ 141.484000693115263, 40.553120554033001 ] } },
{ "type": "Feature", "properties": { "内容": "ひばりの里居宅介護支援事業所【居宅介護支援】青森県八戸市大字是川字雲畑9-2", "url2": "https://www.kaigokensaku.mhlw.go.jp/02/index.php?action_kouhyou_detail_004_kani=true&JigyosyoCd=0270300122-00&ServiceCd=430&Type=search" }, "geometry": { "type": "Point", "coordinates": [ 141.471505500000035, 40.4598705 ] } },
{ "type": "Feature", "properties": { "内容": "寿楽荘居宅介護支援事業所【居宅介護支援】青森県八戸市大字市川町字夏秋４", "url2": "https://www.kaigokensaku.mhlw.go.jp/02/index.php?action_kouhyou_detail_004_kani=true&JigyosyoCd=0270300155-00&ServiceCd=430&Type=search" }, "geometry": { "type": "Point", "coordinates": [ 141.446482169975326, 40.579057436290256 ] } },
{ "type": "Feature", "properties": { "内容": "修光園在宅介護支援センター【居宅介護支援】青森県八戸市大字十日市字黒坂３５番地", "url2": "https://www.kaigokensaku.mhlw.go.jp/02/index.php?action_kouhyou_detail_004_kani=true&JigyosyoCd=0270300171-00&ServiceCd=430&Type=search" }, "geometry": { "type": "Point", "coordinates": [ 141.520929600000045, 40.4828772 ] } },
{ "type": "Feature", "properties": { "内容": "いこい苑在宅介護支援センター【居宅介護支援】青森県八戸市大字豊崎町字渋民4番地1", "url2": "https://www.kaigokensaku.mhlw.go.jp/02/index.php?action_kouhyou_detail_004_kani=true&JigyosyoCd=0270300197-00&ServiceCd=430&Type=search" }, "geometry": { "type": "Point", "coordinates": [ 141.3913109, 40.517159 ] } },
{ "type": "Feature", "properties": { "内容": "社会福祉法人八戸市社会福祉事業団【居宅介護支援】青森県八戸市根城八丁目8番155号八戸市総合福祉会館5階", "url2": "https://www.kaigokensaku.mhlw.go.jp/02/index.php?action_kouhyou_detail_004_kani=true&JigyosyoCd=0270300205-00&ServiceCd=430&Type=search" }, "geometry": { "type": "Point", "coordinates": [ 141.465085, 40.5034429 ] } },
{ "type": "Feature", "properties": { "内容": "八戸グリーンハイツ居宅介護支援事業所【居宅介護支援】青森県八戸市大字白銀町字沢向　15-2", "url2": "https://www.kaigokensaku.mhlw.go.jp/02/index.php?action_kouhyou_detail_004_kani=true&JigyosyoCd=0270300304-00&ServiceCd=430&Type=search" }, "geometry": { "type": "Point", "coordinates": [ 141.546556099999947, 40.5191508 ] } },
{ "type": "Feature", "properties": { "内容": "在宅介護支援センター　アクティブ２４【居宅介護支援】青森県八戸市小中野１－１－１４", "url2": "https://www.kaigokensaku.mhlw.go.jp/02/index.php?action_kouhyou_detail_004_kani=true&JigyosyoCd=0270300320-00&ServiceCd=430&Type=search" }, "geometry": { "type": "Point", "coordinates": [ 141.506060199999979, 40.5185999 ] } },
{ "type": "Feature", "properties": { "内容": "ニチイケアセンター八戸【居宅介護支援】青森県八戸市根城3丁目4-17", "url2": "https://www.kaigokensaku.mhlw.go.jp/02/index.php?action_kouhyou_detail_004_kani=true&JigyosyoCd=0270300502-00&ServiceCd=430&Type=search" }, "geometry": { "type": "Point", "coordinates": [ 141.475986499999976, 40.5026377 ] } },
{ "type": "Feature", "properties": { "内容": "居宅介護支援事業所　ゆとり【居宅介護支援】八戸市青葉三丁目１６番１５号", "url2": "https://www.kaigokensaku.mhlw.go.jp/02/index.php?action_kouhyou_detail_004_kani=true&JigyosyoCd=0270301062-00&ServiceCd=430&Type=search" }, "geometry": { "type": "Point", "coordinates": [ 141.5109516, 40.5088567 ] } },
{ "type": "Feature", "properties": { "内容": "居宅介護支援事業所　こなかの【居宅介護支援】八戸市小中野八丁目８－８ケアハウスこなかの内", "url2": "https://www.kaigokensaku.mhlw.go.jp/02/index.php?action_kouhyou_detail_004_kani=true&JigyosyoCd=0270301161-00&ServiceCd=430&Type=search" }, "geometry": { "type": "Point", "coordinates": [ 141.519739, 40.5227162 ] } },
{ "type": "Feature", "properties": { "内容": "居宅介護支援・相談支援事業所　八太郎山の家そうだん室【居宅介護支援】青森県八戸市大字河原木字八太郎山3-140", "url2": "https://www.kaigokensaku.mhlw.go.jp/02/index.php?action_kouhyou_detail_004_kani=true&JigyosyoCd=0270301302-00&ServiceCd=430&Type=search" }, "geometry": { "type": "Point", "coordinates": [ 141.487998416519076, 40.543798415581854 ] } },
{ "type": "Feature", "properties": { "内容": "居宅介護支援センターそれいゆ【居宅介護支援】白銀町字八森23-2", "url2": "https://www.kaigokensaku.mhlw.go.jp/02/index.php?action_kouhyou_detail_004_kani=true&JigyosyoCd=0270301443-00&ServiceCd=430&Type=search" }, "geometry": { "type": "Point", "coordinates": [ 141.558291100000019, 40.5226201 ] } },
{ "type": "Feature", "properties": { "内容": "サンシャイン居宅介護支援センター【居宅介護支援】青森県八戸市東白山台二丁目２番１", "url2": "https://www.kaigokensaku.mhlw.go.jp/02/index.php?action_kouhyou_detail_004_kani=true&JigyosyoCd=0270301617-00&ServiceCd=430&Type=search" }, "geometry": { "type": "Point", "coordinates": [ 141.4714626, 40.4900808 ] } },
{ "type": "Feature", "properties": { "内容": "居宅介護支援センターさざなみ【居宅介護支援】青森県八戸市小中野八丁目９番２０号", "url2": "https://www.kaigokensaku.mhlw.go.jp/02/index.php?action_kouhyou_detail_004_kani=true&JigyosyoCd=0270301716-00&ServiceCd=430&Type=search" }, "geometry": { "type": "Point", "coordinates": [ 141.518394700000044, 40.5230884 ] } },
{ "type": "Feature", "properties": { "内容": "ニチイケアセンター湊高台【居宅介護支援】青森県八戸市湊高台3丁目12-5", "url2": "https://www.kaigokensaku.mhlw.go.jp/02/index.php?action_kouhyou_detail_004_kani=true&JigyosyoCd=0270301765-00&ServiceCd=430&Type=search" }, "geometry": { "type": "Point", "coordinates": [ 141.542472099952647, 40.505159475754176 ] } },
{ "type": "Feature", "properties": { "内容": "居宅介護支援事業所ほっとハウス【居宅介護支援】青森県八戸市大字尻内町字熊ノ沢35番2号", "url2": "https://www.kaigokensaku.mhlw.go.jp/02/index.php?action_kouhyou_detail_004_kani=true&JigyosyoCd=0270302243-00&ServiceCd=430&Type=search" }, "geometry": { "type": "Point", "coordinates": [ 141.426103300000023, 40.5220128 ] } },
{ "type": "Feature", "properties": { "内容": "居宅介護支援事業所　ポラリス【居宅介護支援】八戸市田向四丁目９番３号", "url2": "https://www.kaigokensaku.mhlw.go.jp/02/index.php?action_kouhyou_detail_004_kani=true&JigyosyoCd=0270302284-00&ServiceCd=430&Type=search" }, "geometry": { "type": "Point", "coordinates": [ 141.507653206073769, 40.489377042569046 ] } },
{ "type": "Feature", "properties": { "内容": "あすなろライフ居宅介護支援事業所【居宅介護支援】青森県八戸市大字鮫町字蟻子１８－６", "url2": "https://www.kaigokensaku.mhlw.go.jp/02/index.php?action_kouhyou_detail_004_kani=true&JigyosyoCd=0270302300-00&ServiceCd=430&Type=search" }, "geometry": { "type": "Point", "coordinates": [ 141.565601199999946, 40.5339496 ] } },
{ "type": "Feature", "properties": { "内容": "おおひらきケアプランサービス【居宅介護支援】青森県八戸市大字鮫町字大開１５－２", "url2": "https://www.kaigokensaku.mhlw.go.jp/02/index.php?action_kouhyou_detail_004_kani=true&JigyosyoCd=0270302607-00&ServiceCd=430&Type=search" }, "geometry": { "type": "Point", "coordinates": [ 141.5627349, 40.530477699999985 ] } },
{ "type": "Feature", "properties": { "内容": "居宅介護支援事業所まつば【居宅介護支援】青森県八戸市小中野６丁目２１番１０号", "url2": "https://www.kaigokensaku.mhlw.go.jp/02/index.php?action_kouhyou_detail_004_kani=true&JigyosyoCd=0270302615-00&ServiceCd=430&Type=search" }, "geometry": { "type": "Point", "coordinates": [ 141.5183892, 40.520472 ] } },
{ "type": "Feature", "properties": { "内容": "居宅介護支援事業所ひな【居宅介護支援】青森県八戸市西白山台六丁目５－１２", "url2": "https://www.kaigokensaku.mhlw.go.jp/02/index.php?action_kouhyou_detail_004_kani=true&JigyosyoCd=0270302664-00&ServiceCd=430&Type=search" }, "geometry": { "type": "Point", "coordinates": [ 141.452479737789872, 40.476322033090526 ] } },
{ "type": "Feature", "properties": { "内容": "居宅介護支援事業所かっこうの森こなかの【居宅介護支援】八戸市小中野三丁目24-13ユニバース小中野店内", "url2": "https://www.kaigokensaku.mhlw.go.jp/02/index.php?action_kouhyou_detail_004_kani=true&JigyosyoCd=0270302789-00&ServiceCd=430&Type=search" }, "geometry": { "type": "Point", "coordinates": [ 141.514140947885153, 40.51791932251345 ] } },
{ "type": "Feature", "properties": { "内容": "居宅介護支援事業所シュガー【居宅介護支援】新井田字木戸場１９－１株式会社ピュアハート　サコージュ塩入内", "url2": "https://www.kaigokensaku.mhlw.go.jp/02/index.php?action_kouhyou_detail_004_kani=true&JigyosyoCd=0270302839-00&ServiceCd=430&Type=search" }, "geometry": { "type": "Point", "coordinates": [ 141.527419499999922, 40.5093289 ] } },
{ "type": "Feature", "properties": { "内容": "居宅介護支援事業所　かけはし【居宅介護支援】青森県八戸市江陽五丁目27番21号", "url2": "https://www.kaigokensaku.mhlw.go.jp/02/index.php?action_kouhyou_detail_004_kani=true&JigyosyoCd=0270302862-00&ServiceCd=430&Type=search" }, "geometry": { "type": "Point", "coordinates": [ 141.513890084586365, 40.522867803549318 ] } },
{ "type": "Feature", "properties": { "内容": "ケアステーション　香ノ鳥の里【居宅介護支援】大字尻内町字張田６４番地８", "url2": "https://www.kaigokensaku.mhlw.go.jp/02/index.php?action_kouhyou_detail_004_kani=true&JigyosyoCd=0270302896-00&ServiceCd=430&Type=search" }, "geometry": { "type": "Point", "coordinates": [ 141.419357600000012, 40.5159067 ] } },
{ "type": "Feature", "properties": { "内容": "ケアステーション　ハピネスやくら【居宅介護支援】八戸市大字八幡字下樋田1番1", "url2": "https://www.kaigokensaku.mhlw.go.jp/02/index.php?action_kouhyou_detail_004_kani=true&JigyosyoCd=0270302904-00&ServiceCd=430&Type=search" }, "geometry": { "type": "Point", "coordinates": [ 141.436243200000035, 40.4952874 ] } },
{ "type": "Feature", "properties": { "内容": "ケアプラン西町【居宅介護支援】柏崎1ー8－22西町ビル2階", "url2": "https://www.kaigokensaku.mhlw.go.jp/02/index.php?action_kouhyou_detail_004_kani=true&JigyosyoCd=0270303050-00&ServiceCd=430&Type=search" }, "geometry": { "type": "Point", "coordinates": [ 141.495758900000027, 40.5127894 ] } },
{ "type": "Feature", "properties": { "内容": "ビリーブケアプラン八戸中央【居宅介護支援】青森県八戸市類家5丁目27-1", "url2": "https://www.kaigokensaku.mhlw.go.jp/02/index.php?action_kouhyou_detail_004_kani=true&JigyosyoCd=0270303092-00&ServiceCd=430&Type=search" }, "geometry": { "type": "Point", "coordinates": [ 141.5091741, 40.5068625 ] } },
{ "type": "Feature", "properties": { "内容": "ケアプランセンター　オードリー【居宅介護支援】新井田西3丁目１８番４号リバースワンD", "url2": "https://www.kaigokensaku.mhlw.go.jp/02/index.php?action_kouhyou_detail_004_kani=true&JigyosyoCd=0270303159-00&ServiceCd=430&Type=search" }, "geometry": { "type": "Point", "coordinates": [ 141.517415300000039, 40.495142 ] } },
{ "type": "Feature", "properties": { "内容": "あゆみ居宅介護支援事業所【居宅介護支援】青森県八戸市大字新井田字鷹待場１番地３号", "url2": "https://www.kaigokensaku.mhlw.go.jp/02/index.php?action_kouhyou_detail_004_kani=true&JigyosyoCd=0270303209-00&ServiceCd=430&Type=search" }, "geometry": { "type": "Point", "coordinates": [ 141.523983300000026, 40.5123926 ] } },
{ "type": "Feature", "properties": { "内容": "居宅介護支援センターあうら八戸【居宅介護支援】青森県八戸市類家5丁目33番2", "url2": "https://www.kaigokensaku.mhlw.go.jp/02/index.php?action_kouhyou_detail_004_kani=true&JigyosyoCd=0270303316-00&ServiceCd=430&Type=search" }, "geometry": { "type": "Point", "coordinates": [ 141.510256288360551, 40.504770102762585 ] } },
{ "type": "Feature", "properties": { "内容": "アーチ居宅介護支援事業所【居宅介護支援】新井田西一丁目10-8", "url2": "https://www.kaigokensaku.mhlw.go.jp/02/index.php?action_kouhyou_detail_004_kani=true&JigyosyoCd=0270303357-00&ServiceCd=430&Type=search" }, "geometry": { "type": "Point", "coordinates": [ 141.5189168, 40.5027985 ] } },
{ "type": "Feature", "properties": { "内容": "ケアプランセンターまゆすい【居宅介護支援】青森県八戸市尻内町字島田13-1", "url2": "https://www.kaigokensaku.mhlw.go.jp/02/index.php?action_kouhyou_detail_004_kani=true&JigyosyoCd=0270303423-00&ServiceCd=430&Type=search" }, "geometry": { "type": "Point", "coordinates": [ 141.443578399999979, 40.5099526 ] } },
{ "type": "Feature", "properties": { "内容": "八戸西居宅介護支援事業所【居宅介護支援】青森県八戸市大字長苗代字中坪77番地メディカルコート八戸西病院", "url2": "https://www.kaigokensaku.mhlw.go.jp/02/index.php?action_kouhyou_detail_004_kani=true&JigyosyoCd=0270303464-00&ServiceCd=430&Type=search" }, "geometry": { "type": "Point", "coordinates": [ 141.451344400000039, 40.5169492 ] } },
{ "type": "Feature", "properties": { "内容": "ケアプランセンターオードリー絆【居宅介護支援】青森県八戸市北白山台5丁目2-5東奥日報社八戸ビル4階東奥日報社八戸ビル", "url2": "https://www.kaigokensaku.mhlw.go.jp/02/index.php?action_kouhyou_detail_004_kani=true&JigyosyoCd=0270303514-00&ServiceCd=430&Type=search" }, "geometry": { "type": "Point", "coordinates": [ 141.463654169727675, 40.485121557988521 ] } },
{ "type": "Feature", "properties": { "内容": "しろがね居宅介護支援事業所【居宅介護支援】青森県八戸市大字白銀町字堀ノ内6番5号", "url2": "https://www.kaigokensaku.mhlw.go.jp/02/index.php?action_kouhyou_detail_004_kani=true&JigyosyoCd=0270303563-00&ServiceCd=430&Type=search" }, "geometry": { "type": "Point", "coordinates": [ 141.543475899999976, 40.5184619 ] } },
{ "type": "Feature", "properties": { "内容": "介護あんしん相談室サンパチ【居宅介護支援】青森県八戸市根城七丁目１２−２１", "url2": "https://www.kaigokensaku.mhlw.go.jp/02/index.php?action_kouhyou_detail_004_kani=true&JigyosyoCd=0270303621-00&ServiceCd=430&Type=search" }, "geometry": { "type": "Point", "coordinates": [ 141.464060199999921, 40.503262300000017 ] } },
{ "type": "Feature", "properties": { "内容": "居宅介護支援事業所　キラキラ【居宅介護支援】青森県八戸市市川町高屋敷32-2", "url2": "https://www.kaigokensaku.mhlw.go.jp/02/index.php?action_kouhyou_detail_004_kani=true&JigyosyoCd=0270303803-00&ServiceCd=430&Type=search" }, "geometry": { "type": "Point", "coordinates": [ 141.4328889, 40.5894742 ] } },
{ "type": "Feature", "properties": { "内容": "ミライフルケアプランサービス八戸【居宅介護支援】青森県八戸市日計四丁目8-47オフィースアルタ101", "url2": "https://www.kaigokensaku.mhlw.go.jp/02/index.php?action_kouhyou_detail_004_kani=true&JigyosyoCd=0270303811-00&ServiceCd=430&Type=search" }, "geometry": { "type": "Point", "coordinates": [ 141.4501148, 40.5245816 ] } },
{ "type": "Feature", "properties": { "内容": "居宅介護支援事業所　ほおずき【居宅介護支援】青森県八戸市大字糠塚字大杉平8番地6", "url2": "https://www.kaigokensaku.mhlw.go.jp/02/index.php?action_kouhyou_detail_004_kani=true&JigyosyoCd=0270303845-00&ServiceCd=430&Type=search" }, "geometry": { "type": "Point", "coordinates": [ 141.481241599999947, 40.4967646 ] } },
{ "type": "Feature", "properties": { "内容": "ケアプランサービスかざみどり【居宅介護支援】青森県八戸市尻内町鴨ヶ池138-2Peer小夏D棟", "url2": "https://www.kaigokensaku.mhlw.go.jp/02/index.php?action_kouhyou_detail_004_kani=true&JigyosyoCd=0270304132-00&ServiceCd=430&Type=search" }, "geometry": { "type": "Point", "coordinates": [ 141.4254721, 40.506666900000035 ] } },
{ "type": "Feature", "properties": { "内容": "なかざわ居宅介護支援事業所【居宅介護支援】青森県八戸市大字新井田字館下1番地", "url2": "https://www.kaigokensaku.mhlw.go.jp/02/index.php?action_kouhyou_detail_004_kani=true&JigyosyoCd=0270304181-00&ServiceCd=430&Type=search" }, "geometry": { "type": "Point", "coordinates": [ 141.520769499999972, 40.492429399999985 ] } },
{ "type": "Feature", "properties": { "内容": "居宅介護支援事業所いなほ【居宅介護支援】青森県八戸市東白山台三丁目20-5", "url2": "https://www.kaigokensaku.mhlw.go.jp/02/index.php?action_kouhyou_detail_004_kani=true&JigyosyoCd=0270304256-00&ServiceCd=430&Type=search" }, "geometry": { "type": "Point", "coordinates": [ 141.4622608, 40.4822512 ] } },
{ "type": "Feature", "properties": { "内容": "ケアプランセンター淨信館【居宅介護支援】一番町二丁目3-11マンションエクレール１０５号室", "url2": "https://www.kaigokensaku.mhlw.go.jp/02/index.php?action_kouhyou_detail_004_kani=true&JigyosyoCd=0270304272-00&ServiceCd=430&Type=search" }, "geometry": { "type": "Point", "coordinates": [ 140.873363899999987, 38.2584916 ] } },
{ "type": "Feature", "properties": { "内容": "介護相談所テラ【居宅介護支援】青森県八戸市青葉２丁目10-8マンションあおば101", "url2": "https://www.kaigokensaku.mhlw.go.jp/02/index.php?action_kouhyou_detail_004_kani=true&JigyosyoCd=0270304348-00&ServiceCd=430&Type=search" }, "geometry": { "type": "Point", "coordinates": [ 141.511178402378221, 40.513887848160323 ] } },
{ "type": "Feature", "properties": { "内容": "くまさか歯科介護支援センター【居宅介護支援】青森県八戸市石堂一丁目28-6コスモハイツC-2-3", "url2": "https://www.kaigokensaku.mhlw.go.jp/02/index.php?action_kouhyou_detail_004_kani=true&JigyosyoCd=0270304389-00&ServiceCd=430&Type=search" }, "geometry": { "type": "Point", "coordinates": [ 141.4756073, 40.5303413 ] } },
{ "type": "Feature", "properties": { "内容": "社会福祉法人八戸市社会福祉協議会居宅介護支援事業所【居宅介護支援】青森県八戸市南郷大字島守字阿庄内１５－２", "url2": "https://www.kaigokensaku.mhlw.go.jp/02/index.php?action_kouhyou_detail_004_kani=true&JigyosyoCd=0272700048-00&ServiceCd=430&Type=search" }, "geometry": { "type": "Point", "coordinates": [ 141.453833700000018, 40.4066153 ] } },
{ "type": "Feature", "properties": { "内容": "なんろく居宅介護支援事業所【居宅介護支援】青森県八戸市南郷大字島守字阿庄内15番地6", "url2": "https://www.kaigokensaku.mhlw.go.jp/02/index.php?action_kouhyou_detail_004_kani=true&JigyosyoCd=0272700121-00&ServiceCd=430&Type=search" }, "geometry": { "type": "Point", "coordinates": [ 141.456261192659781, 40.407141708089277 ] } },
{ "type": "Feature", "properties": { "内容": "ツクイ八戸江陽（居宅）【居宅介護支援】青森県八戸市江陽1丁目20-14", "url2": "https://www.kaigokensaku.mhlw.go.jp/02/index.php?action_kouhyou_detail_004_kani=true&JigyosyoCd=0270304512-00&ServiceCd=430&Type=search" }, "geometry": { "type": "Point", "coordinates": [ 141.504912600000011, 40.5208819 ] } },
{ "type": "Feature", "properties": { "内容": "みやぎ居宅介護支援事業所【居宅介護支援】青森県八戸市売市字観音下3-2", "url2": "https://www.kaigokensaku.mhlw.go.jp/02/index.php?action_kouhyou_detail_004_kani=true&JigyosyoCd=0270300569-00&ServiceCd=430&Type=search" }, "geometry": { "type": "Point", "coordinates": [ 141.486171099999979, 40.5147779 ] } },
{ "type": "Feature", "properties": { "内容": "八戸市医師会在宅介護支援センター【居宅介護支援】青森県八戸市柏崎六丁目26-1", "url2": "https://www.kaigokensaku.mhlw.go.jp/02/index.php?action_kouhyou_detail_004_kani=true&JigyosyoCd=0270300734-00&ServiceCd=430&Type=search" }, "geometry": { "type": "Point", "coordinates": [ 141.506204799999978, 40.5143949 ] } },
{ "type": "Feature", "properties": { "内容": "訪問看護ステーションえがおみょう【居宅介護支援】青森県八戸市大字妙字分枝３８番地３", "url2": "https://www.kaigokensaku.mhlw.go.jp/02/index.php?action_kouhyou_detail_004_kani=true&JigyosyoCd=0270302409-00&ServiceCd=430&Type=search" }, "geometry": { "type": "Point", "coordinates": [ 141.534030799999982, 40.4857519 ] } },
{ "type": "Feature", "properties": { "内容": "居宅介護支援事業所ちょうじゃ様の宿【居宅介護支援】青森県八戸市糠塚字大杉平6-1住宅型有料老人ホームちょうじゃ様の宿", "url2": "https://www.kaigokensaku.mhlw.go.jp/02/index.php?action_kouhyou_detail_004_kani=true&JigyosyoCd=0270303498-00&ServiceCd=430&Type=search" }, "geometry": { "type": "Point", "coordinates": [ 141.481189, 40.4973108 ] } },
{ "type": "Feature", "properties": { "内容": "居宅介護支援事業所よもぎ【居宅介護支援】青森県八戸市小中野四丁目2-11よもぎ鍼灸院デイサービスセンター", "url2": "https://www.kaigokensaku.mhlw.go.jp/02/index.php?action_kouhyou_detail_004_kani=true&JigyosyoCd=0270304280-00&ServiceCd=430&Type=search" }, "geometry": { "type": "Point", "coordinates": [ 141.509967, 40.5191123 ] } },
{ "type": "Feature", "properties": { "内容": "ケアプランセンター　しもなが【居宅介護支援】八戸市下長3-5-3", "url2": "https://www.kaigokensaku.mhlw.go.jp/02/index.php?action_kouhyou_detail_004_kani=true&JigyosyoCd=0270301351-00&ServiceCd=430&Type=search" }, "geometry": { "type": "Point", "coordinates": [ 141.473446492590369, 40.536211692581453 ] } },
{ "type": "Feature", "properties": { "内容": "みなと居宅介護支援事業所【居宅介護支援】八戸市湊高台２丁目４－６", "url2": "https://www.kaigokensaku.mhlw.go.jp/02/index.php?action_kouhyou_detail_004_kani=true&JigyosyoCd=0270300130-00&ServiceCd=430&Type=search" }, "geometry": { "type": "Point", "coordinates": [ 141.53762949999998, 40.5071242 ] } },
{ "type": "Feature", "properties": { "内容": "すみれ在宅介護支援センター【居宅介護支援】黒石市大字花巻字村北１３－３", "url2": "https://www.kaigokensaku.mhlw.go.jp/02/index.php?action_kouhyou_detail_004_kani=true&JigyosyoCd=0270400013-00&ServiceCd=430&Type=search" }, "geometry": { "type": "Point", "coordinates": [ 140.645326399999931, 40.6231191 ] } },
{ "type": "Feature", "properties": { "内容": "あしたばの里【居宅介護支援】青森県黒石市末広６－１", "url2": "https://www.kaigokensaku.mhlw.go.jp/02/index.php?action_kouhyou_detail_004_kani=true&JigyosyoCd=0270400039-00&ServiceCd=430&Type=search" }, "geometry": { "type": "Point", "coordinates": [ 140.595739, 40.6617573 ] } },
{ "type": "Feature", "properties": { "内容": "黒石在宅介護支援センター【居宅介護支援】青森県黒石市大字赤坂字池田１３６番地", "url2": "https://www.kaigokensaku.mhlw.go.jp/02/index.php?action_kouhyou_detail_004_kani=true&JigyosyoCd=0270400047-00&ServiceCd=430&Type=search" }, "geometry": { "type": "Point", "coordinates": [ 140.610179300000027, 40.6660517 ] } },
{ "type": "Feature", "properties": { "内容": "津軽在宅介護支援センター【居宅介護支援】青森県黒石市角田36番地3", "url2": "https://www.kaigokensaku.mhlw.go.jp/02/index.php?action_kouhyou_detail_004_kani=true&JigyosyoCd=0270400211-00&ServiceCd=430&Type=search" }, "geometry": { "type": "Point", "coordinates": [ 140.610359650926171, 40.643298481639441 ] } },
{ "type": "Feature", "properties": { "内容": "居宅支援ハート【居宅介護支援】青森県黒石市松原78番地13", "url2": "https://www.kaigokensaku.mhlw.go.jp/02/index.php?action_kouhyou_detail_004_kani=true&JigyosyoCd=0270400245-00&ServiceCd=430&Type=search" }, "geometry": { "type": "Point", "coordinates": [ 140.604757899999981, 40.6583969 ] } },
{ "type": "Feature", "properties": { "内容": "居宅介護支援事業所あさがお【居宅介護支援】青森県黒石市緑町4丁目180番地2", "url2": "https://www.kaigokensaku.mhlw.go.jp/02/index.php?action_kouhyou_detail_004_kani=true&JigyosyoCd=0270400435-00&ServiceCd=430&Type=search" }, "geometry": { "type": "Point", "coordinates": [ 140.590009199999969, 40.6534443 ] } },
{ "type": "Feature", "properties": { "内容": "浦町居宅介護支援センター【居宅介護支援】黒石市浦町１丁目８２番地", "url2": "https://www.kaigokensaku.mhlw.go.jp/02/index.php?action_kouhyou_detail_004_kani=true&JigyosyoCd=0270400583-00&ServiceCd=430&Type=search" }, "geometry": { "type": "Point", "coordinates": [ 140.597850699999981, 40.643237400000011 ] } },
{ "type": "Feature", "properties": { "内容": "居宅介護支援事業所ふくじゅ【居宅介護支援】青森県黒石市西ヶ丘２７４住宅型有料老人ホームきらら西ヶ丘内", "url2": "https://www.kaigokensaku.mhlw.go.jp/02/index.php?action_kouhyou_detail_004_kani=true&JigyosyoCd=0270400864-00&ServiceCd=430&Type=search" }, "geometry": { "type": "Point", "coordinates": [ 140.585775556448795, 40.64987538751128 ] } },
{ "type": "Feature", "properties": { "内容": "健生居宅ステーションちとせ【居宅介護支援】青森県黒石市大字寿町23番地", "url2": "https://www.kaigokensaku.mhlw.go.jp/02/index.php?action_kouhyou_detail_004_kani=true&JigyosyoCd=0270400922-00&ServiceCd=430&Type=search" }, "geometry": { "type": "Point", "coordinates": [ 140.6008483, 40.649447599999981 ] } },
{ "type": "Feature", "properties": { "内容": "居宅介護支援「友情」【居宅介護支援】大字中川字富田10番地2", "url2": "https://www.kaigokensaku.mhlw.go.jp/02/index.php?action_kouhyou_detail_004_kani=true&JigyosyoCd=0270401029-00&ServiceCd=430&Type=search" }, "geometry": { "type": "Point", "coordinates": [ 140.591460299999966, 40.6315553 ] } },
{ "type": "Feature", "properties": { "内容": "ケアプランすまいる【居宅介護支援】青森県黒石市大字牡丹平字福民西５８番地１", "url2": "https://www.kaigokensaku.mhlw.go.jp/02/index.php?action_kouhyou_detail_004_kani=true&JigyosyoCd=0270401094-00&ServiceCd=430&Type=search" }, "geometry": { "type": "Point", "coordinates": [ 140.613788139811732, 40.641582301297625 ] } },
{ "type": "Feature", "properties": { "内容": "居宅介護支援事業所ハッピーライフ【居宅介護支援】青森県黒石市大字牡丹平字福民西82番地12プランドール1号", "url2": "https://www.kaigokensaku.mhlw.go.jp/02/index.php?action_kouhyou_detail_004_kani=true&JigyosyoCd=0270401110-00&ServiceCd=430&Type=search" }, "geometry": { "type": "Point", "coordinates": [ 140.6136294, 40.6449009 ] } },
{ "type": "Feature", "properties": { "内容": "居宅介護支援事業所やわらぎ【居宅介護支援】青森県黒石市大字牡丹平字福民23番地1", "url2": "https://www.kaigokensaku.mhlw.go.jp/02/index.php?action_kouhyou_detail_004_kani=true&JigyosyoCd=0270401128-00&ServiceCd=430&Type=search" }, "geometry": { "type": "Point", "coordinates": [ 140.614117609786945, 40.636138545630303 ] } },
{ "type": "Feature", "properties": { "内容": "居宅介護支援事業所まんまる【居宅介護支援】青森県黒石市角田46番地14", "url2": "https://www.kaigokensaku.mhlw.go.jp/02/index.php?action_kouhyou_detail_004_kani=true&JigyosyoCd=0270401144-00&ServiceCd=430&Type=search" }, "geometry": { "type": "Point", "coordinates": [ 140.60986170000001, 40.6409454 ] } },
{ "type": "Feature", "properties": { "内容": "白生会指定居宅介護支援事業所【居宅介護支援】青森県五所川原市大字金山字竹崎254", "url2": "https://www.kaigokensaku.mhlw.go.jp/02/index.php?action_kouhyou_detail_004_kani=true&JigyosyoCd=0270500028-00&ServiceCd=430&Type=search" }, "geometry": { "type": "Point", "coordinates": [ 140.475018, 40.8071143 ] } },
{ "type": "Feature", "properties": { "内容": "祥光苑居宅介護支援事業所【居宅介護支援】青森県五所川原市大字沖飯詰字帯刀３５７番地１", "url2": "https://www.kaigokensaku.mhlw.go.jp/02/index.php?action_kouhyou_detail_004_kani=true&JigyosyoCd=0270500044-00&ServiceCd=430&Type=search" }, "geometry": { "type": "Point", "coordinates": [ 140.4525741, 40.8357852 ] } },
{ "type": "Feature", "properties": { "内容": "青山荘居宅介護支援事業所【居宅介護支援】青森県五所川原市大字金山字盛山42-8", "url2": "https://www.kaigokensaku.mhlw.go.jp/02/index.php?action_kouhyou_detail_004_kani=true&JigyosyoCd=0270500051-00&ServiceCd=430&Type=search" }, "geometry": { "type": "Point", "coordinates": [ 140.4992244, 40.8090506 ] } },
{ "type": "Feature", "properties": { "内容": "さかえ居宅介護支援センター【居宅介護支援】青森県五所川原市大字水野尾字懸樋２２２番地の３", "url2": "https://www.kaigokensaku.mhlw.go.jp/02/index.php?action_kouhyou_detail_004_kani=true&JigyosyoCd=0270500085-00&ServiceCd=430&Type=search" }, "geometry": { "type": "Point", "coordinates": [ 140.481571, 40.790294 ] } },
{ "type": "Feature", "properties": { "内容": "社会福祉法人　五所川原市社会福祉協議会【居宅介護支援】青森県五所川原市字幾世森24番地38五所川原市地域福祉センター", "url2": "https://www.kaigokensaku.mhlw.go.jp/02/index.php?action_kouhyou_detail_004_kani=true&JigyosyoCd=0270500234-00&ServiceCd=430&Type=search" }, "geometry": { "type": "Point", "coordinates": [ 140.446999424198253, 40.820498038039375 ] } },
{ "type": "Feature", "properties": { "内容": "あけぼの居宅介護支援センター【居宅介護支援】青森県五所川原市大字長橋字橋元75番地1", "url2": "https://www.kaigokensaku.mhlw.go.jp/02/index.php?action_kouhyou_detail_004_kani=true&JigyosyoCd=0270500382-00&ServiceCd=430&Type=search" }, "geometry": { "type": "Point", "coordinates": [ 140.446270414483479, 40.818569440578877 ] } },
{ "type": "Feature", "properties": { "内容": "ケアセンターいこい【居宅介護支援】五所川原市字一ツ谷554番地9", "url2": "https://www.kaigokensaku.mhlw.go.jp/02/index.php?action_kouhyou_detail_004_kani=true&JigyosyoCd=0270500473-00&ServiceCd=430&Type=search" }, "geometry": { "type": "Point", "coordinates": [ 140.455335900000023, 40.80948009999998 ] } },
{ "type": "Feature", "properties": { "内容": "介護の森居宅介護支援事業所【居宅介護支援】青森県五所川原市中央一丁目４２番地", "url2": "https://www.kaigokensaku.mhlw.go.jp/02/index.php?action_kouhyou_detail_004_kani=true&JigyosyoCd=0270500572-00&ServiceCd=430&Type=search" }, "geometry": { "type": "Point", "coordinates": [ 140.449272699999938, 40.8020502 ] } },
{ "type": "Feature", "properties": { "内容": "社会福祉法人　白生会　居宅介護支援事業所　けやき【居宅介護支援】五所川原市字敷島町1番地３", "url2": "https://www.kaigokensaku.mhlw.go.jp/02/index.php?action_kouhyou_detail_004_kani=true&JigyosyoCd=0270500663-00&ServiceCd=430&Type=search" }, "geometry": { "type": "Point", "coordinates": [ 140.44550049999998, 40.8121683 ] } },
{ "type": "Feature", "properties": { "内容": "居宅介護支援事業所あおぞら【居宅介護支援】五所川原市大字湊字船越311-1", "url2": "https://www.kaigokensaku.mhlw.go.jp/02/index.php?action_kouhyou_detail_004_kani=true&JigyosyoCd=0270500739-00&ServiceCd=430&Type=search" }, "geometry": { "type": "Point", "coordinates": [ 140.441971200000012, 40.7907958 ] } },
{ "type": "Feature", "properties": { "内容": "五所川原中央居宅介護支援センター【居宅介護支援】中央一丁目８７番地", "url2": "https://www.kaigokensaku.mhlw.go.jp/02/index.php?action_kouhyou_detail_004_kani=true&JigyosyoCd=0270500929-00&ServiceCd=430&Type=search" }, "geometry": { "type": "Point", "coordinates": [ 140.4490002, 40.8014342 ] } },
{ "type": "Feature", "properties": { "内容": "居宅介護支援事業所さかもと【居宅介護支援】字一ツ谷548番地8", "url2": "https://www.kaigokensaku.mhlw.go.jp/02/index.php?action_kouhyou_detail_004_kani=true&JigyosyoCd=0270500945-00&ServiceCd=430&Type=search" }, "geometry": { "type": "Point", "coordinates": [ 140.453636, 40.808105200000014 ] } },
{ "type": "Feature", "properties": { "内容": "居宅介護支援事業のざと【居宅介護支援】青森県五所川原市大字神山字牧原56-1ナーシングホーム野里", "url2": "https://www.kaigokensaku.mhlw.go.jp/02/index.php?action_kouhyou_detail_004_kani=true&JigyosyoCd=0270501042-00&ServiceCd=430&Type=search" }, "geometry": { "type": "Point", "coordinates": [ 140.516412599999967, 40.7847451 ] } },
{ "type": "Feature", "properties": { "内容": "あずましや居宅介護支援事業所【居宅介護支援】青森県五所川原市字鎌谷町520番地4", "url2": "https://www.kaigokensaku.mhlw.go.jp/02/index.php?action_kouhyou_detail_004_kani=true&JigyosyoCd=0270501133-00&ServiceCd=430&Type=search" }, "geometry": { "type": "Point", "coordinates": [ 140.453719299999989, 40.8070477 ] } },
{ "type": "Feature", "properties": { "内容": "居宅介護支援事業所みどり【居宅介護支援】青森県五所川原市みどり町四丁目４６番地", "url2": "https://www.kaigokensaku.mhlw.go.jp/02/index.php?action_kouhyou_detail_004_kani=true&JigyosyoCd=0270501182-00&ServiceCd=430&Type=search" }, "geometry": { "type": "Point", "coordinates": [ 140.457937, 40.7838915 ] } },
{ "type": "Feature", "properties": { "内容": "居宅介護支援事業所　ふぁみりあ【居宅介護支援】青森県五所川原市大字高野字北原222-1", "url2": "https://www.kaigokensaku.mhlw.go.jp/02/index.php?action_kouhyou_detail_004_kani=true&JigyosyoCd=0270501190-00&ServiceCd=430&Type=search" }, "geometry": { "type": "Point", "coordinates": [ 140.527943599999958, 40.742769 ] } },
{ "type": "Feature", "properties": { "内容": "居宅介護支援事業所森の明【居宅介護支援】青森県五所川原市松野木花笠95番地2", "url2": "https://www.kaigokensaku.mhlw.go.jp/02/index.php?action_kouhyou_detail_004_kani=true&JigyosyoCd=0270501315-00&ServiceCd=430&Type=search" }, "geometry": { "type": "Point", "coordinates": [ 140.505317739114275, 40.800880807309071 ] } },
{ "type": "Feature", "properties": { "内容": "みちのく居宅介護支援事業所【居宅介護支援】青森県五所川原市姥萢字船橋245番地2みちのく調剤薬局　2階", "url2": "https://www.kaigokensaku.mhlw.go.jp/02/index.php?action_kouhyou_detail_004_kani=true&JigyosyoCd=0270501356-00&ServiceCd=430&Type=search" }, "geometry": { "type": "Point", "coordinates": [ 140.4578233, 40.7869228 ] } },
{ "type": "Feature", "properties": { "内容": "居宅介護支援事業所すわんの里【居宅介護支援】青森県五所川原市脇元磯辺365番地1", "url2": "https://www.kaigokensaku.mhlw.go.jp/02/index.php?action_kouhyou_detail_004_kani=true&JigyosyoCd=0270501406-00&ServiceCd=430&Type=search" }, "geometry": { "type": "Point", "coordinates": [ 140.319449, 41.0953911 ] } },
{ "type": "Feature", "properties": { "内容": "市浦在宅介護支援センター【居宅介護支援】五所川原市相内273番地", "url2": "https://www.kaigokensaku.mhlw.go.jp/02/index.php?action_kouhyou_detail_004_kani=true&JigyosyoCd=0272400045-00&ServiceCd=430&Type=search" }, "geometry": { "type": "Point", "coordinates": [ 140.346504399999958, 41.0551112 ] } },
{ "type": "Feature", "properties": { "内容": "五所川原市社会福祉協議会金木支所【居宅介護支援】五所川原市金木町川倉七夕野426番地11金木生活支援ハウス", "url2": "https://www.kaigokensaku.mhlw.go.jp/02/index.php?action_kouhyou_detail_004_kani=true&JigyosyoCd=0272400052-00&ServiceCd=430&Type=search" }, "geometry": { "type": "Point", "coordinates": [ 140.462972700000023, 40.918457 ] } },
{ "type": "Feature", "properties": { "内容": "サンライフ居宅介護支援事業所【居宅介護支援】青森県五所川原市金木町芦野２００番地１７６", "url2": "https://www.kaigokensaku.mhlw.go.jp/02/index.php?action_kouhyou_detail_004_kani=true&JigyosyoCd=0272400334-00&ServiceCd=430&Type=search" }, "geometry": { "type": "Point", "coordinates": [ 140.458795399999985, 40.9128326 ] } },
{ "type": "Feature", "properties": { "内容": "有限会社ケアサービスたんぽぽ【居宅介護支援】青森県五所川原市金木町芦野200番地263", "url2": "https://www.kaigokensaku.mhlw.go.jp/02/index.php?action_kouhyou_detail_004_kani=true&JigyosyoCd=0270500820-00&ServiceCd=430&Type=search" }, "geometry": { "type": "Point", "coordinates": [ 140.455996442327887, 40.911597565992864 ] } },
{ "type": "Feature", "properties": { "内容": "あかね居宅介護支援センター【居宅介護支援】青森県五所川原市大字前田野目字長峰１１２－２", "url2": "https://www.kaigokensaku.mhlw.go.jp/02/index.php?action_kouhyou_detail_004_kani=true&JigyosyoCd=0270500036-00&ServiceCd=430&Type=search" }, "geometry": { "type": "Point", "coordinates": [ 140.556460183432307, 40.75986678923919 ] } },
{ "type": "Feature", "properties": { "内容": "居宅介護支援事業所あしの園【居宅介護支援】青森県五所川原市金木町川倉七夕野８４番地４４２", "url2": "https://www.kaigokensaku.mhlw.go.jp/02/index.php?action_kouhyou_detail_004_kani=true&JigyosyoCd=0270500762-00&ServiceCd=430&Type=search" }, "geometry": { "type": "Point", "coordinates": [ 140.456298504893539, 40.921619590139109 ] } },
{ "type": "Feature", "properties": { "内容": "うめた居宅介護支援センター【居宅介護支援】青森県五所川原市大字梅田字福浦405-2", "url2": "https://www.kaigokensaku.mhlw.go.jp/02/index.php?action_kouhyou_detail_004_kani=true&JigyosyoCd=0270500333-00&ServiceCd=430&Type=search" }, "geometry": { "type": "Point", "coordinates": [ 140.472202899999957, 40.7753565 ] } },
{ "type": "Feature", "properties": { "内容": "居宅介護支援事業所Tsugu【居宅介護支援】青森県十和田市大字三本木字西小稲189番地6", "url2": "https://www.kaigokensaku.mhlw.go.jp/02/index.php?action_kouhyou_detail_004_kani=true&JigyosyoCd=0270601321-00&ServiceCd=430&Type=search" }, "geometry": { "type": "Point", "coordinates": [ 141.206112500802647, 40.596726952027005 ] } },
{ "type": "Feature", "properties": { "内容": "みどりの風居宅介護支援事業所【居宅介護支援】青森県十和田市西三番町２２番３２号", "url2": "https://www.kaigokensaku.mhlw.go.jp/02/index.php?action_kouhyou_detail_004_kani=true&JigyosyoCd=0270601370-00&ServiceCd=430&Type=search" }, "geometry": { "type": "Point", "coordinates": [ 141.2097273, 40.6100709 ] } },
{ "type": "Feature", "properties": { "内容": "老人保健施設　みのり苑　居宅介護支援事業所【居宅介護支援】青森県十和田市大字切田字横道100-22", "url2": "https://www.kaigokensaku.mhlw.go.jp/02/index.php?action_kouhyou_detail_004_kani=true&JigyosyoCd=0250680014-00&ServiceCd=430&Type=search" }, "geometry": { "type": "Point", "coordinates": [ 141.192791100000022, 40.5693528 ] } },
{ "type": "Feature", "properties": { "内容": "十和田在宅介護支援センター【居宅介護支援】青森県十和田市西二十三番町30-36", "url2": "https://www.kaigokensaku.mhlw.go.jp/02/index.php?action_kouhyou_detail_004_kani=true&JigyosyoCd=0270600018-00&ServiceCd=430&Type=search" }, "geometry": { "type": "Point", "coordinates": [ 141.1978921, 40.6076226 ] } },
{ "type": "Feature", "properties": { "内容": "ニチイケアセンター十和田【居宅介護支援】青森県十和田市稲生町４－２３第一田中ビル４階", "url2": "https://www.kaigokensaku.mhlw.go.jp/02/index.php?action_kouhyou_detail_004_kani=true&JigyosyoCd=0270600083-00&ServiceCd=430&Type=search" }, "geometry": { "type": "Point", "coordinates": [ 141.210787974868708, 40.620102522674003 ] } },
{ "type": "Feature", "properties": { "内容": "居宅介護支援事業所みちのく【居宅介護支援】十和田市大字三本木字里ノ沢1-249", "url2": "https://www.kaigokensaku.mhlw.go.jp/02/index.php?action_kouhyou_detail_004_kani=true&JigyosyoCd=0270600133-00&ServiceCd=430&Type=search" }, "geometry": { "type": "Point", "coordinates": [ 141.2483724, 40.625908500000037 ] } },
{ "type": "Feature", "properties": { "内容": "十和田第一病院居宅介護支援事業所【居宅介護支援】青森県十和田市東三番町１０－７０", "url2": "https://www.kaigokensaku.mhlw.go.jp/02/index.php?action_kouhyou_detail_004_kani=true&JigyosyoCd=0270600257-00&ServiceCd=430&Type=search" }, "geometry": { "type": "Point", "coordinates": [ 141.219961499999954, 40.6120033 ] } },
{ "type": "Feature", "properties": { "内容": "ケア・プランステーション「たかや」【居宅介護支援】青森県十和田市西一番町10-76", "url2": "https://www.kaigokensaku.mhlw.go.jp/02/index.php?action_kouhyou_detail_004_kani=true&JigyosyoCd=0270600398-00&ServiceCd=430&Type=search" }, "geometry": { "type": "Point", "coordinates": [ 141.203866, 40.6190802 ] } },
{ "type": "Feature", "properties": { "内容": "居宅介護支援事業所八甲荘【居宅介護支援】青森県十和田市西二番町4番3号十誠ビル1階", "url2": "https://www.kaigokensaku.mhlw.go.jp/02/index.php?action_kouhyou_detail_004_kani=true&JigyosyoCd=0270600414-00&ServiceCd=430&Type=search" }, "geometry": { "type": "Point", "coordinates": [ 141.211093099999971, 40.615264 ] } },
{ "type": "Feature", "properties": { "内容": "居宅介護支援事業所　　きゃんぱす【居宅介護支援】十和田市大字相坂字小林７８－７", "url2": "https://www.kaigokensaku.mhlw.go.jp/02/index.php?action_kouhyou_detail_004_kani=true&JigyosyoCd=0270600604-00&ServiceCd=430&Type=search" }, "geometry": { "type": "Point", "coordinates": [ 141.230272654536293, 40.598715172098977 ] } },
{ "type": "Feature", "properties": { "内容": "JA十和田おいらせ居宅介護支援事業所「きずな」【居宅介護支援】十和田市東一番町6-51", "url2": "https://www.kaigokensaku.mhlw.go.jp/02/index.php?action_kouhyou_detail_004_kani=true&JigyosyoCd=0270600745-00&ServiceCd=430&Type=search" }, "geometry": { "type": "Point", "coordinates": [ 141.214378600000032, 40.6195526 ] } },
{ "type": "Feature", "properties": { "内容": "介護老人保健施設とわだ【居宅介護支援】青森県十和田市大字洞内字長田60-6", "url2": "https://www.kaigokensaku.mhlw.go.jp/02/index.php?action_kouhyou_detail_004_kani=true&JigyosyoCd=0270600810-00&ServiceCd=430&Type=search" }, "geometry": { "type": "Point", "coordinates": [ 141.181886500000019, 40.6659893 ] } },
{ "type": "Feature", "properties": { "内容": "在宅介護支援センターハートランド　居宅介護支援事業所【居宅介護支援】青森県十和田市大字相坂字高清水７８－４５０", "url2": "https://www.kaigokensaku.mhlw.go.jp/02/index.php?action_kouhyou_detail_004_kani=true&JigyosyoCd=0270600844-00&ServiceCd=430&Type=search" }, "geometry": { "type": "Point", "coordinates": [ 141.255821071360742, 40.621643656759325 ] } },
{ "type": "Feature", "properties": { "内容": "居宅介護支援事業所えがお【居宅介護支援】青森県十和田市穂並町6-27", "url2": "https://www.kaigokensaku.mhlw.go.jp/02/index.php?action_kouhyou_detail_004_kani=true&JigyosyoCd=0270601040-00&ServiceCd=430&Type=search" }, "geometry": { "type": "Point", "coordinates": [ 141.220869900000025, 40.6060261 ] } },
{ "type": "Feature", "properties": { "内容": "株式会社ケアライフ青森　十和田営業所【居宅介護支援】青森県十和田市大字洞内字後野331番15号アベニュービル1階", "url2": "https://www.kaigokensaku.mhlw.go.jp/02/index.php?action_kouhyou_detail_004_kani=true&JigyosyoCd=0270601057-00&ServiceCd=430&Type=search" }, "geometry": { "type": "Point", "coordinates": [ 141.200904600000058, 40.6391953 ] } },
{ "type": "Feature", "properties": { "内容": "居宅介護支援事業所どんぐり村【居宅介護支援】青森県十和田市東三番町1番6号", "url2": "https://www.kaigokensaku.mhlw.go.jp/02/index.php?action_kouhyou_detail_004_kani=true&JigyosyoCd=0270601065-00&ServiceCd=430&Type=search" }, "geometry": { "type": "Point", "coordinates": [ 141.21495682933849, 40.616061211046407 ] } },
{ "type": "Feature", "properties": { "内容": "くらしの居宅介護支援事業所【居宅介護支援】青森県十和田市西十一番町3番20号", "url2": "https://www.kaigokensaku.mhlw.go.jp/02/index.php?action_kouhyou_detail_004_kani=true&JigyosyoCd=0270601107-00&ServiceCd=430&Type=search" }, "geometry": { "type": "Point", "coordinates": [ 141.20368604431917, 40.61595775167752 ] } },
{ "type": "Feature", "properties": { "内容": "居宅介護支援事業所　虹心【居宅介護支援】東十三番町33番-18-10号向井宅2F", "url2": "https://www.kaigokensaku.mhlw.go.jp/02/index.php?action_kouhyou_detail_004_kani=true&JigyosyoCd=0270601347-00&ServiceCd=430&Type=search" }, "geometry": { "type": "Point", "coordinates": [ 141.2288671, 40.6161177 ] } },
{ "type": "Feature", "properties": { "内容": "医療法人　仁泉会　おしどりの里　在宅介護支援センターおいらせ【居宅介護支援】青森県十和田市大字奥瀬字中平155", "url2": "https://www.kaigokensaku.mhlw.go.jp/02/index.php?action_kouhyou_detail_004_kani=true&JigyosyoCd=0272500034-00&ServiceCd=430&Type=search" }, "geometry": { "type": "Point", "coordinates": [ 141.107712387419156, 40.585928366917003 ] } },
{ "type": "Feature", "properties": { "内容": "まもり介護福祉事務所【居宅介護支援】青森県十和田市西五番町15-13コーポ福澤1-1号室", "url2": "https://www.kaigokensaku.mhlw.go.jp/02/index.php?action_kouhyou_detail_004_kani=true&JigyosyoCd=0270601362-00&ServiceCd=430&Type=search" }, "geometry": { "type": "Point", "coordinates": [ 141.2169189, 40.6032813 ] } },
{ "type": "Feature", "properties": { "内容": "介護サポートオフィスＯＮＥ【居宅介護支援】青森県十和田市西三番町16番1号稲田ビル５号", "url2": "https://www.kaigokensaku.mhlw.go.jp/02/index.php?action_kouhyou_detail_004_kani=true&JigyosyoCd=0270601388-00&ServiceCd=430&Type=search" }, "geometry": { "type": "Point", "coordinates": [ 141.214676744180309, 40.610913993320679 ] } },
{ "type": "Feature", "properties": { "内容": "さくら社会福祉士事務所【居宅介護支援】青森県十和田市東十一番町5-36", "url2": "https://www.kaigokensaku.mhlw.go.jp/02/index.php?action_kouhyou_detail_004_kani=true&JigyosyoCd=0270601214-00&ServiceCd=430&Type=search" }, "geometry": { "type": "Point", "coordinates": [ 141.218797499999937, 40.6229801 ] } },
{ "type": "Feature", "properties": { "内容": "三沢介護支援センター【居宅介護支援】青森県三沢市大字三沢字園沢１５６－８", "url2": "https://www.kaigokensaku.mhlw.go.jp/02/index.php?action_kouhyou_detail_004_kani=true&JigyosyoCd=0270700032-00&ServiceCd=430&Type=search" }, "geometry": { "type": "Point", "coordinates": [ 141.411225400000035, 40.6776353 ] } },
{ "type": "Feature", "properties": { "内容": "ひばり苑居宅介護支援事業所【居宅介護支援】青森県三沢市大字三沢字南山60－2", "url2": "https://www.kaigokensaku.mhlw.go.jp/02/index.php?action_kouhyou_detail_004_kani=true&JigyosyoCd=0270700040-00&ServiceCd=430&Type=search" }, "geometry": { "type": "Point", "coordinates": [ 141.395014586053207, 40.686016063490726 ] } },
{ "type": "Feature", "properties": { "内容": "ニチイケアセンター三沢【居宅介護支援】青森県三沢市大町２丁目8番地3号", "url2": "https://www.kaigokensaku.mhlw.go.jp/02/index.php?action_kouhyou_detail_004_kani=true&JigyosyoCd=0270700081-00&ServiceCd=430&Type=search" }, "geometry": { "type": "Point", "coordinates": [ 141.3624853, 40.678028400000017 ] } },
{ "type": "Feature", "properties": { "内容": "やすらぎ居宅介護支援事業所【居宅介護支援】青森県三沢市大字三沢字淋代平116－3097", "url2": "https://www.kaigokensaku.mhlw.go.jp/02/index.php?action_kouhyou_detail_004_kani=true&JigyosyoCd=0270700289-00&ServiceCd=430&Type=search" }, "geometry": { "type": "Point", "coordinates": [ 141.374562100000048, 40.7456334 ] } },
{ "type": "Feature", "properties": { "内容": "居宅介護支援事業所　アイディア【居宅介護支援】三沢市春日台2丁目152-414春日台介護センター", "url2": "https://www.kaigokensaku.mhlw.go.jp/02/index.php?action_kouhyou_detail_004_kani=true&JigyosyoCd=0270700370-00&ServiceCd=430&Type=search" }, "geometry": { "type": "Point", "coordinates": [ 141.346385823417705, 40.669616114371912 ] } },
{ "type": "Feature", "properties": { "内容": "のぞみ居宅介護支援事業所【居宅介護支援】青森県三沢市中央町4丁目6-13", "url2": "https://www.kaigokensaku.mhlw.go.jp/02/index.php?action_kouhyou_detail_004_kani=true&JigyosyoCd=0270700529-00&ServiceCd=430&Type=search" }, "geometry": { "type": "Point", "coordinates": [ 141.362497899999966, 40.678602 ] } },
{ "type": "Feature", "properties": { "内容": "居宅介護支援事業所にこにこプラザみさわ【居宅介護支援】青森県三沢市松園町３丁目２番１号", "url2": "https://www.kaigokensaku.mhlw.go.jp/02/index.php?action_kouhyou_detail_004_kani=true&JigyosyoCd=0270700594-00&ServiceCd=430&Type=search" }, "geometry": { "type": "Point", "coordinates": [ 141.3656471, 40.6764998 ] } },
{ "type": "Feature", "properties": { "内容": "居宅介護支援事業所ライフ【居宅介護支援】青森県三沢市大町2-2-1", "url2": "https://www.kaigokensaku.mhlw.go.jp/02/index.php?action_kouhyou_detail_004_kani=true&JigyosyoCd=0270700636-00&ServiceCd=430&Type=search" }, "geometry": { "type": "Point", "coordinates": [ 141.361797576355343, 40.679251210929607 ] } },
{ "type": "Feature", "properties": { "内容": "ケアプランセンターたまゆら【居宅介護支援】青森県三沢市松園町３丁目９番地１号", "url2": "https://www.kaigokensaku.mhlw.go.jp/02/index.php?action_kouhyou_detail_004_kani=true&JigyosyoCd=0270700701-00&ServiceCd=430&Type=search" }, "geometry": { "type": "Point", "coordinates": [ 141.3645381, 40.6750864 ] } },
{ "type": "Feature", "properties": { "内容": "みちのく金谷ケアプランセンター【居宅介護支援】青森県むつ市金谷二丁目20番1号みちのく金谷ケアプランセンター", "url2": "https://www.kaigokensaku.mhlw.go.jp/02/index.php?action_kouhyou_detail_004_kani=true&JigyosyoCd=0270800816-00&ServiceCd=430&Type=search" }, "geometry": { "type": "Point", "coordinates": [ 141.194211, 41.295868799999987 ] } },
{ "type": "Feature", "properties": { "内容": "恵光園サポートセンター中央【居宅介護支援】青森県むつ市中央1丁目5番3号", "url2": "https://www.kaigokensaku.mhlw.go.jp/02/index.php?action_kouhyou_detail_004_kani=true&JigyosyoCd=0270800014-00&ServiceCd=430&Type=search" }, "geometry": { "type": "Point", "coordinates": [ 141.189371480700146, 41.289975199588817 ] } },
{ "type": "Feature", "properties": { "内容": "みちのくケアプランセンター【居宅介護支援】青森県むつ市十二林１１番１３号", "url2": "https://www.kaigokensaku.mhlw.go.jp/02/index.php?action_kouhyou_detail_004_kani=true&JigyosyoCd=0270800022-00&ServiceCd=430&Type=search" }, "geometry": { "type": "Point", "coordinates": [ 141.186463799999956, 41.298198 ] } },
{ "type": "Feature", "properties": { "内容": "ニチイケアセンターむつ【居宅介護支援】青森県むつ市大字関根字北関根205-4", "url2": "https://www.kaigokensaku.mhlw.go.jp/02/index.php?action_kouhyou_detail_004_kani=true&JigyosyoCd=0270800113-00&ServiceCd=430&Type=search" }, "geometry": { "type": "Point", "coordinates": [ 141.205597200000057, 41.359287300000013 ] } },
{ "type": "Feature", "properties": { "内容": "公済会居宅介護支援事業所やまびこ【居宅介護支援】小川町一丁目１番５号", "url2": "https://www.kaigokensaku.mhlw.go.jp/02/index.php?action_kouhyou_detail_004_kani=true&JigyosyoCd=0270800204-00&ServiceCd=430&Type=search" }, "geometry": { "type": "Point", "coordinates": [ 141.201307532540881, 41.292764030542095 ] } },
{ "type": "Feature", "properties": { "内容": "株式会社ケアライフ青森　むつ営業所【居宅介護支援】青森県むつ市新町37-7", "url2": "https://www.kaigokensaku.mhlw.go.jp/02/index.php?action_kouhyou_detail_004_kani=true&JigyosyoCd=0270800238-00&ServiceCd=430&Type=search" }, "geometry": { "type": "Point", "coordinates": [ 141.217909700000064, 41.288672 ] } },
{ "type": "Feature", "properties": { "内容": "むつリハビリテーション病院居宅介護支援センター【居宅介護支援】青森県むつ市桜木町13番1号", "url2": "https://www.kaigokensaku.mhlw.go.jp/02/index.php?action_kouhyou_detail_004_kani=true&JigyosyoCd=0270800378-00&ServiceCd=430&Type=search" }, "geometry": { "type": "Point", "coordinates": [ 141.131137299999978, 41.2510992 ] } },
{ "type": "Feature", "properties": { "内容": "居宅介護支援事業所しもきた【居宅介護支援】青森県むつ市大湊新町30番10号おおみなと園", "url2": "https://www.kaigokensaku.mhlw.go.jp/02/index.php?action_kouhyou_detail_004_kani=true&JigyosyoCd=0270800543-00&ServiceCd=430&Type=search" }, "geometry": { "type": "Point", "coordinates": [ 141.160220526397097, 41.282896562574045 ] } },
{ "type": "Feature", "properties": { "内容": "いわや介護相談所【居宅介護支援】青森県むつ市大畑町中島78-52", "url2": "https://www.kaigokensaku.mhlw.go.jp/02/index.php?action_kouhyou_detail_004_kani=true&JigyosyoCd=0270800584-00&ServiceCd=430&Type=search" }, "geometry": { "type": "Point", "coordinates": [ 141.169535399999972, 41.4054397 ] } },
{ "type": "Feature", "properties": { "内容": "ケアプランニングアイランド【居宅介護支援】青森県むつ市大湊上町36番7号", "url2": "https://www.kaigokensaku.mhlw.go.jp/02/index.php?action_kouhyou_detail_004_kani=true&JigyosyoCd=0270800790-00&ServiceCd=430&Type=search" }, "geometry": { "type": "Point", "coordinates": [ 141.152844444537749, 41.269289522031322 ] } },
{ "type": "Feature", "properties": { "内容": "えむのケアマネさん【居宅介護支援】青森県むつ市小川町一丁目1番12号", "url2": "https://www.kaigokensaku.mhlw.go.jp/02/index.php?action_kouhyou_detail_004_kani=true&JigyosyoCd=0270800873-00&ServiceCd=430&Type=search" }, "geometry": { "type": "Point", "coordinates": [ 141.200315100000012, 41.2930439 ] } },
{ "type": "Feature", "properties": { "内容": "在宅介護支援センターかわうち【居宅介護支援】青森県むつ市川内町獅子畑128-4", "url2": "https://www.kaigokensaku.mhlw.go.jp/02/index.php?action_kouhyou_detail_004_kani=true&JigyosyoCd=0272600024-00&ServiceCd=430&Type=search" }, "geometry": { "type": "Point", "coordinates": [ 140.98550350000005, 41.2569248 ] } },
{ "type": "Feature", "properties": { "内容": "延寿園在宅介護支援センター【居宅介護支援】青森県むつ市大畑町観音堂25-1むつ市総合福祉センターふれあいかん", "url2": "https://www.kaigokensaku.mhlw.go.jp/02/index.php?action_kouhyou_detail_004_kani=true&JigyosyoCd=0272600032-00&ServiceCd=430&Type=search" }, "geometry": { "type": "Point", "coordinates": [ 141.157319700000016, 41.399487 ] } },
{ "type": "Feature", "properties": { "内容": "株式会社ケアライフ青森　大畑営業所【居宅介護支援】むつ市大畑町中島102番地１号", "url2": "https://www.kaigokensaku.mhlw.go.jp/02/index.php?action_kouhyou_detail_004_kani=true&JigyosyoCd=0272600222-00&ServiceCd=430&Type=search" }, "geometry": { "type": "Point", "coordinates": [ 141.164762722120713, 41.40429042980923 ] } },
{ "type": "Feature", "properties": { "内容": "居宅介護支援事業所たなぶ【居宅介護支援】青森県むつ市横迎町2丁目16-7", "url2": "https://www.kaigokensaku.mhlw.go.jp/02/index.php?action_kouhyou_detail_004_kani=true&JigyosyoCd=0270800832-00&ServiceCd=430&Type=search" }, "geometry": { "type": "Point", "coordinates": [ 141.221497900000031, 41.2967603 ] } },
{ "type": "Feature", "properties": { "内容": "むらなか居宅介護支援事業所【居宅介護支援】青森県むつ市新町１０番４６号", "url2": "https://www.kaigokensaku.mhlw.go.jp/02/index.php?action_kouhyou_detail_004_kani=true&JigyosyoCd=0270800469-00&ServiceCd=430&Type=search" }, "geometry": { "type": "Point", "coordinates": [ 141.205727, 41.2907631 ] } },
{ "type": "Feature", "properties": { "内容": "くれもとデイサービスセンター【居宅介護支援】青森県つがる市木造曙39番地1", "url2": "https://www.kaigokensaku.mhlw.go.jp/02/index.php?action_kouhyou_detail_004_kani=true&JigyosyoCd=0270900111-00&ServiceCd=430&Type=search" }, "geometry": { "type": "Point", "coordinates": [ 140.388449693254074, 40.807727039635566 ] } },
{ "type": "Feature", "properties": { "内容": "居宅介護支援事業所つがる【居宅介護支援】青森県つがる市木造吹原西前田21番18", "url2": "https://www.kaigokensaku.mhlw.go.jp/02/index.php?action_kouhyou_detail_004_kani=true&JigyosyoCd=0270900079-00&ServiceCd=430&Type=search" }, "geometry": { "type": "Point", "coordinates": [ 140.303516, 40.8143307 ] } },
{ "type": "Feature", "properties": { "内容": "ずぐりケアプランセンター【居宅介護支援】青森県つがる市木造末広18", "url2": "https://www.kaigokensaku.mhlw.go.jp/02/index.php?action_kouhyou_detail_004_kani=true&JigyosyoCd=0270900186-00&ServiceCd=430&Type=search" }, "geometry": { "type": "Point", "coordinates": [ 140.3861948, 40.809828 ] } },
{ "type": "Feature", "properties": { "内容": "介護保険指定居宅介護支援事業所　桑寿園【居宅介護支援】青森県つがる市柏桑野木田若宮２５５番地１", "url2": "https://www.kaigokensaku.mhlw.go.jp/02/index.php?action_kouhyou_detail_004_kani=true&JigyosyoCd=0272100074-00&ServiceCd=430&Type=search" }, "geometry": { "type": "Point", "coordinates": [ 140.404491300000018, 40.7795405 ] } },
{ "type": "Feature", "properties": { "内容": "ケアプランセンターしゃきょう【居宅介護支援】青森県つがる市木造若緑５２番地", "url2": "https://www.kaigokensaku.mhlw.go.jp/02/index.php?action_kouhyou_detail_004_kani=true&JigyosyoCd=0272100116-00&ServiceCd=430&Type=search" }, "geometry": { "type": "Point", "coordinates": [ 140.380887, 40.8074559 ] } },
{ "type": "Feature", "properties": { "内容": "株式会社ケアライフ青森木造営業所【居宅介護支援】青森県つがる市木造若緑87-8", "url2": "https://www.kaigokensaku.mhlw.go.jp/02/index.php?action_kouhyou_detail_004_kani=true&JigyosyoCd=0272100231-00&ServiceCd=430&Type=search" }, "geometry": { "type": "Point", "coordinates": [ 140.378541932479834, 40.812066395953799 ] } },
{ "type": "Feature", "properties": { "内容": "柏風園居宅介護支援事業所【居宅介護支援】青森県つがる市木造筒木坂鳥谷沢１８－９", "url2": "https://www.kaigokensaku.mhlw.go.jp/02/index.php?action_kouhyou_detail_004_kani=true&JigyosyoCd=0272100389-00&ServiceCd=430&Type=search" }, "geometry": { "type": "Point", "coordinates": [ 140.346330399999943, 40.9141031 ] } },
{ "type": "Feature", "properties": { "内容": "つがる市社会福祉協議会ケアプランセンターしゃりき【居宅介護支援】つがる市豊富町屏風山1番地377", "url2": "https://www.kaigokensaku.mhlw.go.jp/02/index.php?action_kouhyou_detail_004_kani=true&JigyosyoCd=0272100835-00&ServiceCd=430&Type=search" }, "geometry": { "type": "Point", "coordinates": [ 140.362479200000024, 40.9677537 ] } },
{ "type": "Feature", "properties": { "内容": "居宅介護支援事業所　和み【居宅介護支援】青森県つがる市木造藤田44-5", "url2": "https://www.kaigokensaku.mhlw.go.jp/02/index.php?action_kouhyou_detail_004_kani=true&JigyosyoCd=0272100900-00&ServiceCd=430&Type=search" }, "geometry": { "type": "Point", "coordinates": [ 140.384647500000028, 40.8167521 ] } },
{ "type": "Feature", "properties": { "内容": "つがる市社会福祉協議会ケアプランセンターいながき【居宅介護支援】青森県つがる市稲垣町豊川宮川42番地3つがる市稲垣老人福祉センター内", "url2": "https://www.kaigokensaku.mhlw.go.jp/02/index.php?action_kouhyou_detail_004_kani=true&JigyosyoCd=0272100975-00&ServiceCd=430&Type=search" }, "geometry": { "type": "Point", "coordinates": [ 140.396006719049097, 40.881588864386003 ] } },
{ "type": "Feature", "properties": { "内容": "ケアプランセンターおのえ荘【居宅介護支援】青森県平川市猿賀池上100番地1有料老人ホームおのえ荘内", "url2": "https://www.kaigokensaku.mhlw.go.jp/02/index.php?action_kouhyou_detail_004_kani=true&JigyosyoCd=0271000309-00&ServiceCd=430&Type=search" }, "geometry": { "type": "Point", "coordinates": [ 140.5660772, 40.6186862 ] } },
{ "type": "Feature", "properties": { "内容": "ふるさと介護【居宅介護支援】青森県平川市唐竹堀合59-2", "url2": "https://www.kaigokensaku.mhlw.go.jp/02/index.php?action_kouhyou_detail_004_kani=true&JigyosyoCd=0272300716-00&ServiceCd=430&Type=search" }, "geometry": { "type": "Point", "coordinates": [ 140.598059599999942, 40.5631945 ] } },
{ "type": "Feature", "properties": { "内容": "一般財団法人黎明郷　介護老人保健施設つがる　居宅介護支援事業所【居宅介護支援】碇ヶ関湯向川添30番地", "url2": "https://www.kaigokensaku.mhlw.go.jp/02/index.php?action_kouhyou_detail_004_kani=true&JigyosyoCd=0252380043-00&ServiceCd=430&Type=search" }, "geometry": { "type": "Point", "coordinates": [ 140.625705844180288, 40.47756725245663 ] } },
{ "type": "Feature", "properties": { "内容": "平川居宅介護支援事業所【居宅介護支援】青森県平川市町居西田111番地1", "url2": "https://www.kaigokensaku.mhlw.go.jp/02/index.php?action_kouhyou_detail_004_kani=true&JigyosyoCd=0271000077-00&ServiceCd=430&Type=search" }, "geometry": { "type": "Point", "coordinates": [ 140.579143700000031, 40.5867469 ] } },
{ "type": "Feature", "properties": { "内容": "みらい会地域連携室【居宅介護支援】柏木町藤山37-5", "url2": "https://www.kaigokensaku.mhlw.go.jp/02/index.php?action_kouhyou_detail_004_kani=true&JigyosyoCd=0271000168-00&ServiceCd=430&Type=search" }, "geometry": { "type": "Point", "coordinates": [ 140.563381299999946, 40.5858826 ] } },
{ "type": "Feature", "properties": { "内容": "竹村生活相談所【居宅介護支援】青森県平川市新館藤巻14番地1", "url2": "https://www.kaigokensaku.mhlw.go.jp/02/index.php?action_kouhyou_detail_004_kani=true&JigyosyoCd=0271000226-00&ServiceCd=430&Type=search" }, "geometry": { "type": "Point", "coordinates": [ 140.581339599999978, 40.5783996 ] } },
{ "type": "Feature", "properties": { "内容": "居宅介護支援事業所そよ風【居宅介護支援】青森県平川市本町村元146番地6", "url2": "https://www.kaigokensaku.mhlw.go.jp/02/index.php?action_kouhyou_detail_004_kani=true&JigyosyoCd=0271000275-00&ServiceCd=430&Type=search" }, "geometry": { "type": "Point", "coordinates": [ 140.5608688, 40.5872565 ] } },
{ "type": "Feature", "properties": { "内容": "社会福祉法人　平川市社会福祉協議会尾上居宅介護支援事業所【居宅介護支援】青森県平川市猿賀南田９６－３平川市尾上地域福祉センター", "url2": "https://www.kaigokensaku.mhlw.go.jp/02/index.php?action_kouhyou_detail_004_kani=true&JigyosyoCd=0272300047-00&ServiceCd=430&Type=search" }, "geometry": { "type": "Point", "coordinates": [ 140.57287359999998, 40.6143965 ] } },
{ "type": "Feature", "properties": { "内容": "三笠在宅介護支援センター【居宅介護支援】青森県平川市館田西和田２００", "url2": "https://www.kaigokensaku.mhlw.go.jp/02/index.php?action_kouhyou_detail_004_kani=true&JigyosyoCd=0272300062-00&ServiceCd=430&Type=search" }, "geometry": { "type": "Point", "coordinates": [ 140.539419299999963, 40.5871593 ] } },
{ "type": "Feature", "properties": { "内容": "緑青園居宅介護支援事業所【居宅介護支援】青森県平川市沖館和田84番地", "url2": "https://www.kaigokensaku.mhlw.go.jp/02/index.php?action_kouhyou_detail_004_kani=true&JigyosyoCd=0272300088-00&ServiceCd=430&Type=search" }, "geometry": { "type": "Point", "coordinates": [ 140.57090310000001, 40.5748561 ] } },
{ "type": "Feature", "properties": { "内容": "社会福祉法人平川市社会福祉協議会碇ヶ関居宅介護支援事業所【居宅介護支援】青森県平川市碇ケ関三笠山120番地1平川市碇ヶ関地域福祉センター・国民健康保険碇ヶ関診療所", "url2": "https://www.kaigokensaku.mhlw.go.jp/02/index.php?action_kouhyou_detail_004_kani=true&JigyosyoCd=0272300336-00&ServiceCd=430&Type=search" }, "geometry": { "type": "Point", "coordinates": [ 140.629584199999954, 40.4768306 ] } },
{ "type": "Feature", "properties": { "内容": "在宅介護支援センターさわやか園【居宅介護支援】青森県平川市日沼樋田８５", "url2": "https://www.kaigokensaku.mhlw.go.jp/02/index.php?action_kouhyou_detail_004_kani=true&JigyosyoCd=0272300559-00&ServiceCd=430&Type=search" }, "geometry": { "type": "Point", "coordinates": [ 140.516564099999982, 40.6203461 ] } },
{ "type": "Feature", "properties": { "内容": "居宅介護支援事業所　おのえ【居宅介護支援】青森県平川市中佐渡上石田３６ー１", "url2": "https://www.kaigokensaku.mhlw.go.jp/02/index.php?action_kouhyou_detail_004_kani=true&JigyosyoCd=0272300989-00&ServiceCd=430&Type=search" }, "geometry": { "type": "Point", "coordinates": [ 140.56428040000003, 40.6079555 ] } },
{ "type": "Feature", "properties": { "内容": "平内町在宅介護支援センター【居宅介護支援】青森県東津軽郡平内町大字小湊字薬師堂63-23", "url2": "https://www.kaigokensaku.mhlw.go.jp/02/index.php?action_kouhyou_detail_004_kani=true&JigyosyoCd=0272000019-00&ServiceCd=430&Type=search" }, "geometry": { "type": "Point", "coordinates": [ 140.991033600000037, 40.92646 ] } },
{ "type": "Feature", "properties": { "内容": "平内町社協指定居宅介護支援事業所【居宅介護支援】青森県東津軽郡平内町大字小湊字小湊83-2", "url2": "https://www.kaigokensaku.mhlw.go.jp/02/index.php?action_kouhyou_detail_004_kani=true&JigyosyoCd=0272000043-00&ServiceCd=430&Type=search" }, "geometry": { "type": "Point", "coordinates": [ 140.956003099999975, 40.928277800000011 ] } },
{ "type": "Feature", "properties": { "内容": "社会福祉法人徳寿福祉会　ケアプランセンターひまわり【居宅介護支援】青森県東津軽郡平内町清水川字権十郎新田８", "url2": "https://www.kaigokensaku.mhlw.go.jp/02/index.php?action_kouhyou_detail_004_kani=true&JigyosyoCd=0272000068-00&ServiceCd=430&Type=search" }, "geometry": { "type": "Point", "coordinates": [ 141.011117900000045, 40.9272415 ] } },
{ "type": "Feature", "properties": { "内容": "有限会社　津軽サポート【居宅介護支援】青森県東津軽郡今別町大字浜名字中宇田1-1", "url2": "https://www.kaigokensaku.mhlw.go.jp/02/index.php?action_kouhyou_detail_004_kani=true&JigyosyoCd=0272000423-00&ServiceCd=430&Type=search" }, "geometry": { "type": "Point", "coordinates": [ 140.469619400000056, 41.1809238 ] } },
{ "type": "Feature", "properties": { "内容": "よもぎケアセンター【居宅介護支援】青森県東津軽郡蓬田村大字郷沢字浜田３９７番地", "url2": "https://www.kaigokensaku.mhlw.go.jp/02/index.php?action_kouhyou_detail_004_kani=true&JigyosyoCd=0272000225-00&ServiceCd=430&Type=search" }, "geometry": { "type": "Point", "coordinates": [ 140.647715799999986, 40.9900592 ] } },
{ "type": "Feature", "properties": { "内容": "外ヶ浜町社協居宅介護支援事業所【居宅介護支援】青森県東津軽郡外ヶ浜町字下蟹田43-2", "url2": "https://www.kaigokensaku.mhlw.go.jp/02/index.php?action_kouhyou_detail_004_kani=true&JigyosyoCd=0272000027-00&ServiceCd=430&Type=search" }, "geometry": { "type": "Point", "coordinates": [ 140.639564602423093, 41.042831335955555 ] } },
{ "type": "Feature", "properties": { "内容": "外ヶ浜町三厩高齢者生活福祉センター寿楽園【居宅介護支援】青森県東津軽郡外ヶ浜町字三厩新町７番地", "url2": "https://www.kaigokensaku.mhlw.go.jp/02/index.php?action_kouhyou_detail_004_kani=true&JigyosyoCd=0272000316-00&ServiceCd=430&Type=search" }, "geometry": { "type": "Point", "coordinates": [ 140.4353132, 41.1948023 ] } },
{ "type": "Feature", "properties": { "内容": "はまゆう居宅介護支援事業所【居宅介護支援】青森県東津軽郡外ヶ浜町字蟹田川原添2番地3", "url2": "https://www.kaigokensaku.mhlw.go.jp/02/index.php?action_kouhyou_detail_004_kani=true&JigyosyoCd=0272000506-00&ServiceCd=430&Type=search" }, "geometry": { "type": "Point", "coordinates": [ 140.636870199999947, 41.0444954 ] } },
{ "type": "Feature", "properties": { "内容": "鯵ヶ沢町社会福祉協議会指定居宅介護支援事業所【居宅介護支援】青森県西津軽郡鰺ヶ沢町大字舞戸町字後家屋敷９番地４", "url2": "https://www.kaigokensaku.mhlw.go.jp/02/index.php?action_kouhyou_detail_004_kani=true&JigyosyoCd=0272100058-00&ServiceCd=430&Type=search" }, "geometry": { "type": "Point", "coordinates": [ 140.229128, 40.77060130000001 ] } },
{ "type": "Feature", "properties": { "内容": "居宅介護支援事業センターけやきの里【居宅介護支援】青森県西津軽郡鯵ヶ沢町大字長平町字甲音羽山６５-４１２", "url2": "https://www.kaigokensaku.mhlw.go.jp/02/index.php?action_kouhyou_detail_004_kani=true&JigyosyoCd=0272100173-00&ServiceCd=430&Type=search" }, "geometry": { "type": "Point", "coordinates": [ 140.285931799999958, 40.7115014 ] } },
{ "type": "Feature", "properties": { "内容": "つくし荘在宅介護支援センタ－【居宅介護支援】青森県西津軽郡鰺ヶ沢町大字北浮田町字今須87番地1", "url2": "https://www.kaigokensaku.mhlw.go.jp/02/index.php?action_kouhyou_detail_004_kani=true&JigyosyoCd=0272100181-00&ServiceCd=430&Type=search" }, "geometry": { "type": "Point", "coordinates": [ 140.253368916532963, 40.790099474717323 ] } },
{ "type": "Feature", "properties": { "内容": "社会福祉法人深浦町社会福祉協議会【居宅介護支援】青森県西津軽郡深浦町大字深浦字中沢３４－１深浦町フィットネスプラザゆとり", "url2": "https://www.kaigokensaku.mhlw.go.jp/02/index.php?action_kouhyou_detail_004_kani=true&JigyosyoCd=0272100041-00&ServiceCd=430&Type=search" }, "geometry": { "type": "Point", "coordinates": [ 139.932653, 40.6365023 ] } },
{ "type": "Feature", "properties": { "内容": "介護保険指定居宅介護支援事業所はまなす介護相談センター【居宅介護支援】青森県西津軽郡深浦町大字驫木字津山118番地44", "url2": "https://www.kaigokensaku.mhlw.go.jp/02/index.php?action_kouhyou_detail_004_kani=true&JigyosyoCd=0272100090-00&ServiceCd=430&Type=search" }, "geometry": { "type": "Point", "coordinates": [ 139.981637200000023, 40.7024267 ] } },
{ "type": "Feature", "properties": { "内容": "サンタ園介護支援センター【居宅介護支援】青森県西津軽郡深浦町大字岩崎字松原５７番地２", "url2": "https://www.kaigokensaku.mhlw.go.jp/02/index.php?action_kouhyou_detail_004_kani=true&JigyosyoCd=0272100629-00&ServiceCd=430&Type=search" }, "geometry": { "type": "Point", "coordinates": [ 139.925263699999959, 40.5828716 ] } },
{ "type": "Feature", "properties": { "内容": "在宅介護支援センターしらかみのさと【居宅介護支援】青森県西津軽郡深浦町大字関字小島崎５８－３", "url2": "https://www.kaigokensaku.mhlw.go.jp/02/index.php?action_kouhyou_detail_004_kani=true&JigyosyoCd=0272100751-00&ServiceCd=430&Type=search" }, "geometry": { "type": "Point", "coordinates": [ 140.116986600000018, 40.7294005 ] } },
{ "type": "Feature", "properties": { "内容": "在宅介護支援センター白神荘【居宅介護支援】中津軽郡西目屋村大字田代字稲元１４３番地２", "url2": "https://www.kaigokensaku.mhlw.go.jp/02/index.php?action_kouhyou_detail_004_kani=true&JigyosyoCd=0272200106-00&ServiceCd=430&Type=search" }, "geometry": { "type": "Point", "coordinates": [ 140.2947044, 40.5776334 ] } },
{ "type": "Feature", "properties": { "内容": "明生園　居宅介護支援事業所【居宅介護支援】青森県南津軽郡藤崎町榊字亀田２－１", "url2": "https://www.kaigokensaku.mhlw.go.jp/02/index.php?action_kouhyou_detail_004_kani=true&JigyosyoCd=0252380001-00&ServiceCd=430&Type=search" }, "geometry": { "type": "Point", "coordinates": [ 140.533038, 40.6728375 ] } },
{ "type": "Feature", "properties": { "内容": "居宅介護支援事業さんふじ【居宅介護支援】青森県南津軽郡藤崎町大字柏木堰字南亀田１番地１", "url2": "https://www.kaigokensaku.mhlw.go.jp/02/index.php?action_kouhyou_detail_004_kani=true&JigyosyoCd=0272300054-00&ServiceCd=430&Type=search" }, "geometry": { "type": "Point", "coordinates": [ 140.5130196, 40.6903766 ] } },
{ "type": "Feature", "properties": { "内容": "藤崎町社協ケアプランセンター【居宅介護支援】青森県南津軽郡藤崎町大字西豊田1-3藤崎町藤崎老人福祉センター", "url2": "https://www.kaigokensaku.mhlw.go.jp/02/index.php?action_kouhyou_detail_004_kani=true&JigyosyoCd=0272300120-00&ServiceCd=430&Type=search" }, "geometry": { "type": "Point", "coordinates": [ 140.502177500000016, 40.6557775 ] } },
{ "type": "Feature", "properties": { "内容": "居宅介護支援事業所えびす【居宅介護支援】青森県南津軽郡藤崎町大字藤崎字西浅田60", "url2": "https://www.kaigokensaku.mhlw.go.jp/02/index.php?action_kouhyou_detail_004_kani=true&JigyosyoCd=0272300583-00&ServiceCd=430&Type=search" }, "geometry": { "type": "Point", "coordinates": [ 140.5026947, 40.6461648 ] } },
{ "type": "Feature", "properties": { "内容": "ケアプランセンターメープルの里【居宅介護支援】青森県南津軽郡藤崎町大字藤崎字村井５６－８", "url2": "https://www.kaigokensaku.mhlw.go.jp/02/index.php?action_kouhyou_detail_004_kani=true&JigyosyoCd=0272301136-00&ServiceCd=430&Type=search" }, "geometry": { "type": "Point", "coordinates": [ 140.501514, 40.6515419 ] } },
{ "type": "Feature", "properties": { "内容": "居宅介護支援事業所ひばの木【居宅介護支援】青森県南津軽郡藤崎町大字藤崎字豊岡8番地7", "url2": "https://www.kaigokensaku.mhlw.go.jp/02/index.php?action_kouhyou_detail_004_kani=true&JigyosyoCd=0272301326-00&ServiceCd=430&Type=search" }, "geometry": { "type": "Point", "coordinates": [ 140.5059879, 40.6618492 ] } },
{ "type": "Feature", "properties": { "内容": "撫子ケアセンター【居宅介護支援】青森県南津軽郡藤崎町大字藤崎字西村井32-1", "url2": "https://www.kaigokensaku.mhlw.go.jp/02/index.php?action_kouhyou_detail_004_kani=true&JigyosyoCd=0272301375-00&ServiceCd=430&Type=search" }, "geometry": { "type": "Point", "coordinates": [ 140.4974115, 40.6560821 ] } },
{ "type": "Feature", "properties": { "内容": "大鰐温泉介護センターあぜりあ【居宅介護支援】青森県南津軽郡大鰐町大字大鰐字湯野川原７番地２", "url2": "https://www.kaigokensaku.mhlw.go.jp/02/index.php?action_kouhyou_detail_004_kani=true&JigyosyoCd=0272300039-00&ServiceCd=430&Type=search" }, "geometry": { "type": "Point", "coordinates": [ 140.574131035304276, 40.520695400472881 ] } },
{ "type": "Feature", "properties": { "内容": "社会福祉法人　田舎館村社会福祉協議会【居宅介護支援】青森県南津軽郡田舎館村大字八反田字古舘２０６番地１号", "url2": "https://www.kaigokensaku.mhlw.go.jp/02/index.php?action_kouhyou_detail_004_kani=true&JigyosyoCd=0272300161-00&ServiceCd=430&Type=search" }, "geometry": { "type": "Point", "coordinates": [ 140.548777200000018, 40.6379762 ] } },
{ "type": "Feature", "properties": { "内容": "居宅介護支援事業所川部西ヶ丘【居宅介護支援】青森県南津軽郡田舎館村大字川部字中西田30-58", "url2": "https://www.kaigokensaku.mhlw.go.jp/02/index.php?action_kouhyou_detail_004_kani=true&JigyosyoCd=0272301235-00&ServiceCd=430&Type=search" }, "geometry": { "type": "Point", "coordinates": [ 140.518595157672024, 40.647908114598131 ] } },
{ "type": "Feature", "properties": { "内容": "居宅介護支援センター鶴住【居宅介護支援】青森県北津軽郡板柳町大字野中字鶴住102番地2", "url2": "https://www.kaigokensaku.mhlw.go.jp/02/index.php?action_kouhyou_detail_004_kani=true&JigyosyoCd=0272400086-00&ServiceCd=430&Type=search" }, "geometry": { "type": "Point", "coordinates": [ 140.450818499999968, 40.7220886 ] } },
{ "type": "Feature", "properties": { "内容": "光仁ケアプランサービス板柳【居宅介護支援】青森県北津軽郡板柳町大字福野田字実田７３番地５", "url2": "https://www.kaigokensaku.mhlw.go.jp/02/index.php?action_kouhyou_detail_004_kani=true&JigyosyoCd=0272400037-00&ServiceCd=430&Type=search" }, "geometry": { "type": "Point", "coordinates": [ 140.4591213, 40.6986434 ] } },
{ "type": "Feature", "properties": { "内容": "社会福祉法人　板柳町社会福祉協議会【居宅介護支援】青森県北津軽郡板柳町大字福野田字実田11番地7号", "url2": "https://www.kaigokensaku.mhlw.go.jp/02/index.php?action_kouhyou_detail_004_kani=true&JigyosyoCd=0272400078-00&ServiceCd=430&Type=search" }, "geometry": { "type": "Point", "coordinates": [ 140.464974376057427, 40.696926198589807 ] } },
{ "type": "Feature", "properties": { "内容": "在宅介護支援センター　いたや荘【居宅介護支援】青森県北津軽郡板柳町大字辻字岸田６６", "url2": "https://www.kaigokensaku.mhlw.go.jp/02/index.php?action_kouhyou_detail_004_kani=true&JigyosyoCd=0272400458-00&ServiceCd=430&Type=search" }, "geometry": { "type": "Point", "coordinates": [ 140.470259299999952, 40.6908448 ] } },
{ "type": "Feature", "properties": { "内容": "有限会社　ユアホーム【居宅介護支援】青森県北津軽郡板柳町大字掛落林字前田２６２－２", "url2": "https://www.kaigokensaku.mhlw.go.jp/02/index.php?action_kouhyou_detail_004_kani=true&JigyosyoCd=0272400979-00&ServiceCd=430&Type=search" }, "geometry": { "type": "Point", "coordinates": [ 140.440469300000018, 40.7178138 ] } },
{ "type": "Feature", "properties": { "内容": "ニチイケアセンターいたやなぎ【居宅介護支援】青森県北津軽郡板柳町大字辻字福岡65番地10ユーアートビル1Ｆ", "url2": "https://www.kaigokensaku.mhlw.go.jp/02/index.php?action_kouhyou_detail_004_kani=true&JigyosyoCd=0272401241-00&ServiceCd=430&Type=search" }, "geometry": { "type": "Point", "coordinates": [ 140.463714, 40.6960037 ] } },
{ "type": "Feature", "properties": { "内容": "居宅介護支援事業所のどか【居宅介護支援】青森県北津軽郡板柳町大字辻字松元４１番地１", "url2": "https://www.kaigokensaku.mhlw.go.jp/02/index.php?action_kouhyou_detail_004_kani=true&JigyosyoCd=0272401308-00&ServiceCd=430&Type=search" }, "geometry": { "type": "Point", "coordinates": [ 140.466128, 40.6922439 ] } },
{ "type": "Feature", "properties": { "内容": "板柳ケアプランセンター【居宅介護支援】青森県北津軽郡板柳町大字福野田字実田108-4", "url2": "https://www.kaigokensaku.mhlw.go.jp/02/index.php?action_kouhyou_detail_004_kani=true&JigyosyoCd=0272401332-00&ServiceCd=430&Type=search" }, "geometry": { "type": "Point", "coordinates": [ 140.4588896, 40.696161200000013 ] } },
{ "type": "Feature", "properties": { "内容": "りんごの花【居宅介護支援】青森県板柳町大字三千石字合吉73番地10", "url2": "https://www.kaigokensaku.mhlw.go.jp/02/index.php?action_kouhyou_detail_004_kani=true&JigyosyoCd=0272401357-00&ServiceCd=430&Type=search" }, "geometry": { "type": "Point", "coordinates": [ 140.462553899999989, 40.7020395 ] } },
{ "type": "Feature", "properties": { "内容": "介護老人保健施設　湖水荘　居宅介護支援事業所【居宅介護支援】青森県北津軽郡鶴田町大字廻堰字東下山９１－２", "url2": "https://www.kaigokensaku.mhlw.go.jp/02/index.php?action_kouhyou_detail_004_kani=true&JigyosyoCd=0252480017-00&ServiceCd=430&Type=search" }, "geometry": { "type": "Point", "coordinates": [ 140.3874935, 40.7580808 ] } },
{ "type": "Feature", "properties": { "内容": "鶴松園居宅介護支援事業所【居宅介護支援】青森県北津軽郡鶴田町大字廻堰字上野尻142", "url2": "https://www.kaigokensaku.mhlw.go.jp/02/index.php?action_kouhyou_detail_004_kani=true&JigyosyoCd=0272400011-00&ServiceCd=430&Type=search" }, "geometry": { "type": "Point", "coordinates": [ 140.397670100000028, 40.7659556 ] } },
{ "type": "Feature", "properties": { "内容": "社会福祉法人鶴田町社会福祉協議会【居宅介護支援】青森県北津軽郡鶴田町大字鶴田字沖津193番地鶴田町保健福祉センター「鶴遊館」", "url2": "https://www.kaigokensaku.mhlw.go.jp/02/index.php?action_kouhyou_detail_004_kani=true&JigyosyoCd=0272400201-00&ServiceCd=430&Type=search" }, "geometry": { "type": "Point", "coordinates": [ 140.427826, 40.7490937 ] } },
{ "type": "Feature", "properties": { "内容": "居宅介護支援事業所アップル鶴の里【居宅介護支援】青森県北津軽郡鶴田町大字横萢字矢留崎97", "url2": "https://www.kaigokensaku.mhlw.go.jp/02/index.php?action_kouhyou_detail_004_kani=true&JigyosyoCd=0272400953-00&ServiceCd=430&Type=search" }, "geometry": { "type": "Point", "coordinates": [ 140.48311149999995, 40.7528062 ] } },
{ "type": "Feature", "properties": { "内容": "社会福祉法人　中泊町社会福祉協議会【居宅介護支援】青森県北津軽郡中泊町大字中里字亀山170-1", "url2": "https://www.kaigokensaku.mhlw.go.jp/02/index.php?action_kouhyou_detail_004_kani=true&JigyosyoCd=0272400060-00&ServiceCd=430&Type=search" }, "geometry": { "type": "Point", "coordinates": [ 140.436564087867737, 40.96727359712321 ] } },
{ "type": "Feature", "properties": { "内容": "内潟療護園相談センター【居宅介護支援】青森県北津軽郡中泊町大字田茂木字若宮1933番地", "url2": "https://www.kaigokensaku.mhlw.go.jp/02/index.php?action_kouhyou_detail_004_kani=true&JigyosyoCd=0272400128-00&ServiceCd=430&Type=search" }, "geometry": { "type": "Point", "coordinates": [ 140.409751599999936, 41.0031043 ] } },
{ "type": "Feature", "properties": { "内容": "泉の里居宅介護支援事業所【居宅介護支援】青森県北津軽郡中泊町大字今泉字神山１４１番地", "url2": "https://www.kaigokensaku.mhlw.go.jp/02/index.php?action_kouhyou_detail_004_kani=true&JigyosyoCd=0272400672-00&ServiceCd=430&Type=search" }, "geometry": { "type": "Point", "coordinates": [ 140.423011058860737, 41.033342199484672 ] } },
{ "type": "Feature", "properties": { "内容": "介護相談センターはなまる【居宅介護支援】青森県北津軽郡中泊町大字大沢内字海原148-184", "url2": "https://www.kaigokensaku.mhlw.go.jp/02/index.php?action_kouhyou_detail_004_kani=true&JigyosyoCd=0272401266-00&ServiceCd=430&Type=search" }, "geometry": { "type": "Point", "coordinates": [ 140.4449689, 40.9456891 ] } },
{ "type": "Feature", "properties": { "内容": "介護支援事業所間茶【居宅介護支援】青も立件北津軽郡中泊町大字田茂木字川袋島122番地95", "url2": "https://www.kaigokensaku.mhlw.go.jp/02/index.php?action_kouhyou_detail_004_kani=true&JigyosyoCd=0272401324-00&ServiceCd=430&Type=search" }, "geometry": { "type": "Point", "coordinates": [ 140.396627906359868, 40.942086748881714 ] } },
{ "type": "Feature", "properties": { "内容": "うぐいすの森居宅介護支援センター【居宅介護支援】青森県北津軽郡中泊町大字中里字亀山４４９－１", "url2": "https://www.kaigokensaku.mhlw.go.jp/02/index.php?action_kouhyou_detail_004_kani=true&JigyosyoCd=0272400912-00&ServiceCd=430&Type=search" }, "geometry": { "type": "Point", "coordinates": [ 140.438517400000023, 40.9654174 ] } },
{ "type": "Feature", "properties": { "内容": "株式会社ケアライフ青森　野辺地営業所【居宅介護支援】青森県上北郡野辺地町字家の上103-2", "url2": "https://www.kaigokensaku.mhlw.go.jp/02/index.php?action_kouhyou_detail_004_kani=true&JigyosyoCd=0272501883-00&ServiceCd=430&Type=search" }, "geometry": { "type": "Point", "coordinates": [ 141.100876, 40.872216 ] } },
{ "type": "Feature", "properties": { "内容": "のへじ社協居宅介護支援事業所【居宅介護支援】青森県上北郡野辺地町字前田5番地2野辺地町健康増進センター内", "url2": "https://www.kaigokensaku.mhlw.go.jp/02/index.php?action_kouhyou_detail_004_kani=true&JigyosyoCd=0272500182-00&ServiceCd=430&Type=search" }, "geometry": { "type": "Point", "coordinates": [ 141.121476112164373, 40.865337000371454 ] } },
{ "type": "Feature", "properties": { "内容": "のへじ居宅介護支援センター【居宅介護支援】青森県上北郡野辺地町字餅粟川原4", "url2": "https://www.kaigokensaku.mhlw.go.jp/02/index.php?action_kouhyou_detail_004_kani=true&JigyosyoCd=0272500828-00&ServiceCd=430&Type=search" }, "geometry": { "type": "Point", "coordinates": [ 141.1278522, 40.8542341 ] } },
{ "type": "Feature", "properties": { "内容": "居宅介護支援事業所えぼし【居宅介護支援】青森県上北郡野辺地町字川目８８－１", "url2": "https://www.kaigokensaku.mhlw.go.jp/02/index.php?action_kouhyou_detail_004_kani=true&JigyosyoCd=0272501131-00&ServiceCd=430&Type=search" }, "geometry": { "type": "Point", "coordinates": [ 141.132013499999971, 40.8349221 ] } },
{ "type": "Feature", "properties": { "内容": "公立野辺地病院指定介護居宅支援事業所【居宅介護支援】青森県上北郡野辺地町字鳴沢9番地12", "url2": "https://www.kaigokensaku.mhlw.go.jp/02/index.php?action_kouhyou_detail_004_kani=true&JigyosyoCd=0272501990-00&ServiceCd=430&Type=search" }, "geometry": { "type": "Point", "coordinates": [ 141.12627729999997, 40.856095 ] } },
{ "type": "Feature", "properties": { "内容": "工藤医院【居宅介護支援】青森県上北郡七戸町字道ノ上６３-４", "url2": "https://www.kaigokensaku.mhlw.go.jp/02/index.php?action_kouhyou_detail_004_kani=true&JigyosyoCd=0212511497-00&ServiceCd=430&Type=search" }, "geometry": { "type": "Point", "coordinates": [ 141.1532049, 40.7452055 ] } },
{ "type": "Feature", "properties": { "内容": "ナーシングセンター柏葉居宅介護支援事業所【居宅介護支援】青森県上北郡七戸町字笊田川久保100-1", "url2": "https://www.kaigokensaku.mhlw.go.jp/02/index.php?action_kouhyou_detail_004_kani=true&JigyosyoCd=0272500075-00&ServiceCd=430&Type=search" }, "geometry": { "type": "Point", "coordinates": [ 141.159723, 40.6978522 ] } },
{ "type": "Feature", "properties": { "内容": "美土里荘在宅介護支援センター櫟【居宅介護支援】青森県上北郡七戸町字寒水７０－１７", "url2": "https://www.kaigokensaku.mhlw.go.jp/02/index.php?action_kouhyou_detail_004_kani=true&JigyosyoCd=0272500091-00&ServiceCd=430&Type=search" }, "geometry": { "type": "Point", "coordinates": [ 141.174846099999968, 40.7169923 ] } },
{ "type": "Feature", "properties": { "内容": "天寿園在宅介護支援センター【居宅介護支援】青森県上北郡七戸町字舟場向川久保308番地", "url2": "https://www.kaigokensaku.mhlw.go.jp/02/index.php?action_kouhyou_detail_004_kani=true&JigyosyoCd=0272500133-00&ServiceCd=430&Type=search" }, "geometry": { "type": "Point", "coordinates": [ 141.17905452709951, 40.757732272636382 ] } },
{ "type": "Feature", "properties": { "内容": "社会福祉法人七戸町社会福祉協議会【居宅介護支援】青森県上北郡七戸町字立野頭139番地1七戸町総合福祉センター", "url2": "https://www.kaigokensaku.mhlw.go.jp/02/index.php?action_kouhyou_detail_004_kani=true&JigyosyoCd=0272500307-00&ServiceCd=430&Type=search" }, "geometry": { "type": "Point", "coordinates": [ 141.167983199999981, 40.705871100000017 ] } },
{ "type": "Feature", "properties": { "内容": "城南居宅介護支援センター【居宅介護支援】青森県上北郡七戸町字太田野19番地4", "url2": "https://www.kaigokensaku.mhlw.go.jp/02/index.php?action_kouhyou_detail_004_kani=true&JigyosyoCd=0272501065-00&ServiceCd=430&Type=search" }, "geometry": { "type": "Point", "coordinates": [ 141.162773099999981, 40.6911975 ] } },
{ "type": "Feature", "properties": { "内容": "ケアサポート　ゆう【居宅介護支援】青森県上北郡七戸町字道ノ上118－1", "url2": "https://www.kaigokensaku.mhlw.go.jp/02/index.php?action_kouhyou_detail_004_kani=true&JigyosyoCd=0272501313-00&ServiceCd=430&Type=search" }, "geometry": { "type": "Point", "coordinates": [ 141.151674100000037, 40.7513962 ] } },
{ "type": "Feature", "properties": { "内容": "社会福祉法人　六戸町社会福祉協議会【居宅介護支援】青森県上北郡六戸町大字犬落瀬字柴山3番地の9六戸町老人福祉センター", "url2": "https://www.kaigokensaku.mhlw.go.jp/02/index.php?action_kouhyou_detail_004_kani=true&JigyosyoCd=0272500067-00&ServiceCd=430&Type=search" }, "geometry": { "type": "Point", "coordinates": [ 141.331409600000029, 40.6121871 ] } },
{ "type": "Feature", "properties": { "内容": "はるが丘介護支援センター【居宅介護支援】青森県上北郡六戸町犬落瀬字堀切沢５９番５４", "url2": "https://www.kaigokensaku.mhlw.go.jp/02/index.php?action_kouhyou_detail_004_kani=true&JigyosyoCd=0272502030-00&ServiceCd=430&Type=search" }, "geometry": { "type": "Point", "coordinates": [ 141.346470903704841, 40.658882455249909 ] } },
{ "type": "Feature", "properties": { "内容": "居宅介護支援事業所にこにこプラザ六戸【居宅介護支援】青森県上北郡六戸町大字犬落瀬字権現沢54-455", "url2": "https://www.kaigokensaku.mhlw.go.jp/02/index.php?action_kouhyou_detail_004_kani=true&JigyosyoCd=0272502147-00&ServiceCd=430&Type=search" }, "geometry": { "type": "Point", "coordinates": [ 141.303164849737499, 40.646856085640657 ] } },
{ "type": "Feature", "properties": { "内容": "在宅介護支援センターメープル【居宅介護支援】青森県上北郡六戸町大字上吉田字長谷85番地11", "url2": "https://www.kaigokensaku.mhlw.go.jp/02/index.php?action_kouhyou_detail_004_kani=true&JigyosyoCd=0272500117-00&ServiceCd=430&Type=search" }, "geometry": { "type": "Point", "coordinates": [ 141.339479100000062, 40.5931894 ] } },
{ "type": "Feature", "properties": { "内容": "社会福祉法人　横浜町社会福祉協議会【居宅介護支援】青森県上北郡横浜町字三保野56", "url2": "https://www.kaigokensaku.mhlw.go.jp/02/index.php?action_kouhyou_detail_004_kani=true&JigyosyoCd=0272500158-00&ServiceCd=430&Type=search" }, "geometry": { "type": "Point", "coordinates": [ 141.252192915157423, 41.082064544635521 ] } },
{ "type": "Feature", "properties": { "内容": "居宅介護支援事業所　なのはな苑【居宅介護支援】青森県上北郡横浜町字三保野54番地", "url2": "https://www.kaigokensaku.mhlw.go.jp/02/index.php?action_kouhyou_detail_004_kani=true&JigyosyoCd=0272500174-00&ServiceCd=430&Type=search" }, "geometry": { "type": "Point", "coordinates": [ 141.2522348, 41.081033 ] } },
{ "type": "Feature", "properties": { "内容": "居宅介護支援事業所　よこはま【居宅介護支援】青森県上北郡横浜町字上イタヤノ木438番地8", "url2": "https://www.kaigokensaku.mhlw.go.jp/02/index.php?action_kouhyou_detail_004_kani=true&JigyosyoCd=0272501750-00&ServiceCd=430&Type=search" }, "geometry": { "type": "Point", "coordinates": [ 141.248596200000065, 41.0760805 ] } },
{ "type": "Feature", "properties": { "内容": "彩香園アルテリーベ居宅介護支援事業所【居宅介護支援】上北郡東北町大字大浦字境ノ沢１２７", "url2": "https://www.kaigokensaku.mhlw.go.jp/02/index.php?action_kouhyou_detail_004_kani=true&JigyosyoCd=0272500018-00&ServiceCd=430&Type=search" }, "geometry": { "type": "Point", "coordinates": [ 141.235248800000022, 40.7124687 ] } },
{ "type": "Feature", "properties": { "内容": "居宅介護支援センターちびき【居宅介護支援】青森県上北郡東北町字大平１－１１４", "url2": "https://www.kaigokensaku.mhlw.go.jp/02/index.php?action_kouhyou_detail_004_kani=true&JigyosyoCd=0272501560-00&ServiceCd=430&Type=search" }, "geometry": { "type": "Point", "coordinates": [ 141.132997199999977, 40.8124776 ] } },
{ "type": "Feature", "properties": { "内容": "居宅介護支援センターみらい【居宅介護支援】青森県上北郡東北町大字大浦字唐虫沢４４－１７９", "url2": "https://www.kaigokensaku.mhlw.go.jp/02/index.php?action_kouhyou_detail_004_kani=true&JigyosyoCd=0272501735-00&ServiceCd=430&Type=search" }, "geometry": { "type": "Point", "coordinates": [ 141.294179699999972, 40.701568700000017 ] } },
{ "type": "Feature", "properties": { "内容": "松風荘在宅介護支援センター【居宅介護支援】青森県上北郡東北町字乙供１２３番地", "url2": "https://www.kaigokensaku.mhlw.go.jp/02/index.php?action_kouhyou_detail_004_kani=true&JigyosyoCd=0272501933-00&ServiceCd=430&Type=search" }, "geometry": { "type": "Point", "coordinates": [ 141.194697555439546, 40.766125810865397 ] } },
{ "type": "Feature", "properties": { "内容": "すみれ居宅介護支援事業所【居宅介護支援】青森県上北郡東北町上北北一丁目34-103", "url2": "https://www.kaigokensaku.mhlw.go.jp/02/index.php?action_kouhyou_detail_004_kani=true&JigyosyoCd=0272502311-00&ServiceCd=430&Type=search" }, "geometry": { "type": "Point", "coordinates": [ 141.260753397128269, 40.734400504577692 ] } },
{ "type": "Feature", "properties": { "内容": "ケアステーション芽生【居宅介護支援】青森県上北郡東北町字塔ノ沢山１蛯沢アパート２", "url2": "https://www.kaigokensaku.mhlw.go.jp/02/index.php?action_kouhyou_detail_004_kani=true&JigyosyoCd=0272502329-00&ServiceCd=430&Type=search" }, "geometry": { "type": "Point", "coordinates": [ 141.225819960666172, 40.78119197720671 ] } },
{ "type": "Feature", "properties": { "内容": "社会福祉法人東北町社会福祉協議会【居宅介護支援】青森県上北郡東北町字上笹橋45-10東北町老人福祉センター内", "url2": "https://www.kaigokensaku.mhlw.go.jp/02/index.php?action_kouhyou_detail_004_kani=true&JigyosyoCd=0272500166-00&ServiceCd=430&Type=search" }, "geometry": { "type": "Point", "coordinates": [ 141.2120198, 40.781060800000034 ] } },
{ "type": "Feature", "properties": { "内容": "六ヶ所在宅介護支援センタ－【居宅介護支援】青森県上北郡六ヶ所村大字出戸字棚沢１３０番１６", "url2": "https://www.kaigokensaku.mhlw.go.jp/02/index.php?action_kouhyou_detail_004_kani=true&JigyosyoCd=0272500190-00&ServiceCd=430&Type=search" }, "geometry": { "type": "Point", "coordinates": [ 141.369001499999968, 41.0061387 ] } },
{ "type": "Feature", "properties": { "内容": "たもぎ在宅介護支援センター【居宅介護支援】青森県上北郡六ヶ所村大字平沼字二階坂92－7", "url2": "https://www.kaigokensaku.mhlw.go.jp/02/index.php?action_kouhyou_detail_004_kani=true&JigyosyoCd=0272501172-00&ServiceCd=430&Type=search" }, "geometry": { "type": "Point", "coordinates": [ 141.358421394984475, 40.87249625359555 ] } },
{ "type": "Feature", "properties": { "内容": "居宅介護支援事業者在宅生活【居宅介護支援】泊字焼山262-5", "url2": "https://www.kaigokensaku.mhlw.go.jp/02/index.php?action_kouhyou_detail_004_kani=true&JigyosyoCd=0272502410-00&ServiceCd=430&Type=search" }, "geometry": { "type": "Point", "coordinates": [ 136.9914426, 35.142594 ] } },
{ "type": "Feature", "properties": { "内容": "介護老人保健施設しもだ居宅介護支援事業所【居宅介護支援】青森県上北郡おいらせ町山崎2592-7", "url2": "https://www.kaigokensaku.mhlw.go.jp/02/index.php?action_kouhyou_detail_004_kani=true&JigyosyoCd=0252580022-00&ServiceCd=430&Type=search" }, "geometry": { "type": "Point", "coordinates": [ 141.401954199999977, 40.61413850000001 ] } },
{ "type": "Feature", "properties": { "内容": "居宅介護支援事業所　たんぽぽ【居宅介護支援】青森県上北郡おいらせ町沼端３７０番地１", "url2": "https://www.kaigokensaku.mhlw.go.jp/02/index.php?action_kouhyou_detail_004_kani=true&JigyosyoCd=0272500026-00&ServiceCd=430&Type=search" }, "geometry": { "type": "Point", "coordinates": [ 141.4460398, 40.6121647 ] } },
{ "type": "Feature", "properties": { "内容": "医療法人正恵会ケアサポートももいし【居宅介護支援】青森県上北郡おいらせ町上前田２１－１", "url2": "https://www.kaigokensaku.mhlw.go.jp/02/index.php?action_kouhyou_detail_004_kani=true&JigyosyoCd=0272500042-00&ServiceCd=430&Type=search" }, "geometry": { "type": "Point", "coordinates": [ 141.4312691, 40.6023484 ] } },
{ "type": "Feature", "properties": { "内容": "在宅介護支援センター木崎野【居宅介護支援】おいらせ町向山東二丁目２－１２６３", "url2": "https://www.kaigokensaku.mhlw.go.jp/02/index.php?action_kouhyou_detail_004_kani=true&JigyosyoCd=0272500109-00&ServiceCd=430&Type=search" }, "geometry": { "type": "Point", "coordinates": [ 141.392063, 40.6308337 ] } },
{ "type": "Feature", "properties": { "内容": "ｌｅｇａｍｅケアプランセンター【居宅介護支援】北下田10－5", "url2": "https://www.kaigokensaku.mhlw.go.jp/02/index.php?action_kouhyou_detail_004_kani=true&JigyosyoCd=0272501982-00&ServiceCd=430&Type=search" }, "geometry": { "type": "Point", "coordinates": [ 141.3810755683769, 40.652586427711078 ] } },
{ "type": "Feature", "properties": { "内容": "居宅介護支援事業所　あじさい【居宅介護支援】青森県上北郡おいらせ町一川目３丁目３３１番地", "url2": "https://www.kaigokensaku.mhlw.go.jp/02/index.php?action_kouhyou_detail_004_kani=true&JigyosyoCd=0272502162-00&ServiceCd=430&Type=search" }, "geometry": { "type": "Point", "coordinates": [ 141.442599500000028, 40.6415007 ] } },
{ "type": "Feature", "properties": { "内容": "スマイルタカラ居宅介護【居宅介護支援】青森県上北郡おいらせ町青葉６丁目50-2092", "url2": "https://www.kaigokensaku.mhlw.go.jp/02/index.php?action_kouhyou_detail_004_kani=true&JigyosyoCd=0272502188-00&ServiceCd=430&Type=search" }, "geometry": { "type": "Point", "coordinates": [ 141.378502, 40.6517578 ] } },
{ "type": "Feature", "properties": { "内容": "介護支援センターくろまつ【居宅介護支援】下北郡大間町大字大間字大間平２０－７８", "url2": "https://www.kaigokensaku.mhlw.go.jp/02/index.php?action_kouhyou_detail_004_kani=true&JigyosyoCd=0272600057-00&ServiceCd=430&Type=search" }, "geometry": { "type": "Point", "coordinates": [ 140.92738410000004, 41.5263569 ] } },
{ "type": "Feature", "properties": { "内容": "居宅介護支援センター和【居宅介護支援】青森県下北郡東通村大字白糠字家ノ上４３-４", "url2": "https://www.kaigokensaku.mhlw.go.jp/02/index.php?action_kouhyou_detail_004_kani=true&JigyosyoCd=0272600479-00&ServiceCd=430&Type=search" }, "geometry": { "type": "Point", "coordinates": [ 141.381335, 41.1625514 ] } },
{ "type": "Feature", "properties": { "内容": "あしすと居宅介護支援事業所【居宅介護支援】青森県下北郡東通村白糠字赤平679番地あしすと介護サービス事業所", "url2": "https://www.kaigokensaku.mhlw.go.jp/02/index.php?action_kouhyou_detail_004_kani=true&JigyosyoCd=0272600628-00&ServiceCd=430&Type=search" }, "geometry": { "type": "Point", "coordinates": [ 141.3853822, 41.1472609 ] } },
{ "type": "Feature", "properties": { "内容": "公益社団法人地域医療振興協会　東通村保健福祉センター　居宅介護支援事業所【居宅介護支援】青森県下北郡東通村大字砂子又字里17番地2", "url2": "https://www.kaigokensaku.mhlw.go.jp/02/index.php?action_kouhyou_detail_004_kani=true&JigyosyoCd=0272600016-00&ServiceCd=430&Type=search" }, "geometry": { "type": "Point", "coordinates": [ 141.337255199999987, 41.276926 ] } },
{ "type": "Feature", "properties": { "内容": "居宅介護支援事業所ゆめこし【居宅介護支援】青森県下北郡東通村大字田屋字青平道4-1", "url2": "https://www.kaigokensaku.mhlw.go.jp/02/index.php?action_kouhyou_detail_004_kani=true&JigyosyoCd=0272600503-00&ServiceCd=430&Type=search" }, "geometry": { "type": "Point", "coordinates": [ 141.25751107672113, 41.283316830333909 ] } },
{ "type": "Feature", "properties": { "内容": "社会福祉法人　風間浦村社会福祉協議会　居宅介護支援事業所【居宅介護支援】青森県下北郡風間浦村大字易国間字大川目11-2", "url2": "https://www.kaigokensaku.mhlw.go.jp/02/index.php?action_kouhyou_detail_004_kani=true&JigyosyoCd=0272600107-00&ServiceCd=430&Type=search" }, "geometry": { "type": "Point", "coordinates": [ 140.991793499999972, 41.4817525 ] } },
{ "type": "Feature", "properties": { "内容": "合同会社　　大室介護支援事務所【居宅介護支援】大字易国間字易国間61-1", "url2": "https://www.kaigokensaku.mhlw.go.jp/02/index.php?action_kouhyou_detail_004_kani=true&JigyosyoCd=0272600529-00&ServiceCd=430&Type=search" }, "geometry": { "type": "Point", "coordinates": [ 140.994543300000032, 41.4890853 ] } },
{ "type": "Feature", "properties": { "内容": "社会福祉法人佐井村社会福祉協議会居宅介護支援事業所【居宅介護支援】青森県下北郡佐井村大字佐井字大佐井川目３９番地１２", "url2": "https://www.kaigokensaku.mhlw.go.jp/02/index.php?action_kouhyou_detail_004_kani=true&JigyosyoCd=0272600065-00&ServiceCd=430&Type=search" }, "geometry": { "type": "Point", "coordinates": [ 140.862403699999959, 41.4294699 ] } },
{ "type": "Feature", "properties": { "内容": "うらら居宅介護支援センター【居宅介護支援】青森県三戸郡三戸町大字六日町31", "url2": "https://www.kaigokensaku.mhlw.go.jp/02/index.php?action_kouhyou_detail_004_kani=true&JigyosyoCd=0272701343-00&ServiceCd=430&Type=search" }, "geometry": { "type": "Point", "coordinates": [ 141.260822500000017, 40.3849585 ] } },
{ "type": "Feature", "properties": { "内容": "居宅介護支援事業所鶴亀【居宅介護支援】青森県三戸郡三戸町大字斗内字和田60-1", "url2": "https://www.kaigokensaku.mhlw.go.jp/02/index.php?action_kouhyou_detail_004_kani=true&JigyosyoCd=0272700022-00&ServiceCd=430&Type=search" }, "geometry": { "type": "Point", "coordinates": [ 141.220477171163907, 40.362629837217149 ] } },
{ "type": "Feature", "properties": { "内容": "社会福祉法人　三戸町社会福祉協議会【居宅介護支援】青森県三戸郡三戸町大字在府小路町17番地", "url2": "https://www.kaigokensaku.mhlw.go.jp/02/index.php?action_kouhyou_detail_004_kani=true&JigyosyoCd=0272700030-00&ServiceCd=430&Type=search" }, "geometry": { "type": "Point", "coordinates": [ 141.259826544844032, 40.37872249201348 ] } },
{ "type": "Feature", "properties": { "内容": "ほほえみ三戸居宅介護支援センター【居宅介護支援】青森県三戸郡三戸町大字同心町字諏訪内１０", "url2": "https://www.kaigokensaku.mhlw.go.jp/02/index.php?action_kouhyou_detail_004_kani=true&JigyosyoCd=0272700188-00&ServiceCd=430&Type=search" }, "geometry": { "type": "Point", "coordinates": [ 141.2533489, 40.3759427 ] } },
{ "type": "Feature", "properties": { "内容": "五戸町社会福祉協議会居宅介護支援事業所【居宅介護支援】青森県三戸郡五戸町大字倉石中市字幸神道前１５－４", "url2": "https://www.kaigokensaku.mhlw.go.jp/02/index.php?action_kouhyou_detail_004_kani=true&JigyosyoCd=0272700055-00&ServiceCd=430&Type=search" }, "geometry": { "type": "Point", "coordinates": [ 141.250099200000022, 40.5027347 ] } },
{ "type": "Feature", "properties": { "内容": "ケアステーション　ハピネス五戸【居宅介護支援】青森県三戸郡五戸町字姥堤34番1", "url2": "https://www.kaigokensaku.mhlw.go.jp/02/index.php?action_kouhyou_detail_004_kani=true&JigyosyoCd=0272700139-00&ServiceCd=430&Type=search" }, "geometry": { "type": "Point", "coordinates": [ 141.2945638, 40.5314548 ] } },
{ "type": "Feature", "properties": { "内容": "さくら荘居宅介護支援センター【居宅介護支援】青森県三戸郡五戸町大字倉石中市字新山平６４-１", "url2": "https://www.kaigokensaku.mhlw.go.jp/02/index.php?action_kouhyou_detail_004_kani=true&JigyosyoCd=0272700170-00&ServiceCd=430&Type=search" }, "geometry": { "type": "Point", "coordinates": [ 141.2617199, 40.5112313 ] } },
{ "type": "Feature", "properties": { "内容": "居宅介護支援センター愛あい【居宅介護支援】青森県三戸郡五戸町字下長下タ９１－８", "url2": "https://www.kaigokensaku.mhlw.go.jp/02/index.php?action_kouhyou_detail_004_kani=true&JigyosyoCd=0272702051-00&ServiceCd=430&Type=search" }, "geometry": { "type": "Point", "coordinates": [ 141.3143215, 40.5054868 ] } },
{ "type": "Feature", "properties": { "内容": "ケアプランセンターごのへ【居宅介護支援】青森県三戸郡五戸町字下モ沢向21番地21", "url2": "https://www.kaigokensaku.mhlw.go.jp/02/index.php?action_kouhyou_detail_004_kani=true&JigyosyoCd=0272702069-00&ServiceCd=430&Type=search" }, "geometry": { "type": "Point", "coordinates": [ 141.304684150412811, 40.524938299957206 ] } },
{ "type": "Feature", "properties": { "内容": "田子町社協指定居宅介護支援事業所【居宅介護支援】青森県三戸郡田子町大字田子字前田２番地１号せせらぎの郷２階", "url2": "https://www.kaigokensaku.mhlw.go.jp/02/index.php?action_kouhyou_detail_004_kani=true&JigyosyoCd=0272700089-00&ServiceCd=430&Type=search" }, "geometry": { "type": "Point", "coordinates": [ 141.153824699999973, 40.3410614 ] } },
{ "type": "Feature", "properties": { "内容": "居宅介護支援センターみろくの郷【居宅介護支援】青森県三戸郡田子町大字田子字七日市上ノ平60", "url2": "https://www.kaigokensaku.mhlw.go.jp/02/index.php?action_kouhyou_detail_004_kani=true&JigyosyoCd=0272701210-00&ServiceCd=430&Type=search" }, "geometry": { "type": "Point", "coordinates": [ 141.15175349808041, 40.335276494156375 ] } },
{ "type": "Feature", "properties": { "内容": "居宅介護支援事業所アプリ【居宅介護支援】青森県三戸郡南部町大字下名久井字左比代2-5", "url2": "https://www.kaigokensaku.mhlw.go.jp/02/index.php?action_kouhyou_detail_004_kani=true&JigyosyoCd=0272702127-00&ServiceCd=430&Type=search" }, "geometry": { "type": "Point", "coordinates": [ 141.3473641, 40.424590200000011 ] } },
{ "type": "Feature", "properties": { "内容": "孔明荘居宅介護支援事業所　きぼう【居宅介護支援】青森県三戸郡南部町大字苫米地字蒼前１１－１", "url2": "https://www.kaigokensaku.mhlw.go.jp/02/index.php?action_kouhyou_detail_004_kani=true&JigyosyoCd=0272700113-00&ServiceCd=430&Type=search" }, "geometry": { "type": "Point", "coordinates": [ 141.388137799999981, 40.4667071 ] } },
{ "type": "Feature", "properties": { "内容": "ふくち在宅介護支援センター【居宅介護支援】青森県三戸郡南部町大字福田字あかね１２－１", "url2": "https://www.kaigokensaku.mhlw.go.jp/02/index.php?action_kouhyou_detail_004_kani=true&JigyosyoCd=0272700550-00&ServiceCd=430&Type=search" }, "geometry": { "type": "Point", "coordinates": [ 141.381565004787944, 40.458941533384305 ] } },
{ "type": "Feature", "properties": { "内容": "ニチイケアセンターなんぶ【居宅介護支援】青森県三戸郡南部町大字沖田面字土城後28-1テナント・メグ1F3号", "url2": "https://www.kaigokensaku.mhlw.go.jp/02/index.php?action_kouhyou_detail_004_kani=true&JigyosyoCd=0272701509-00&ServiceCd=430&Type=search" }, "geometry": { "type": "Point", "coordinates": [ 141.279438300000038, 40.4118862 ] } },
{ "type": "Feature", "properties": { "内容": "スマイル居宅介護支援事業所【居宅介護支援】青森県三戸郡南部町大字埖渡字下外窪　12-67", "url2": "https://www.kaigokensaku.mhlw.go.jp/02/index.php?action_kouhyou_detail_004_kani=true&JigyosyoCd=0272701657-00&ServiceCd=430&Type=search" }, "geometry": { "type": "Point", "coordinates": [ 141.402641799999969, 40.4602273 ] } },
{ "type": "Feature", "properties": { "内容": "居宅介護支援事業所　咲の里【居宅介護支援】青森県三戸郡南部町大字苫米地字白山堂13番地2", "url2": "https://www.kaigokensaku.mhlw.go.jp/02/index.php?action_kouhyou_detail_004_kani=true&JigyosyoCd=0272701939-00&ServiceCd=430&Type=search" }, "geometry": { "type": "Point", "coordinates": [ 141.3860913, 40.467301 ] } },
{ "type": "Feature", "properties": { "内容": "ケアプランニング想い【居宅介護支援】青森県三戸郡南部町大字大向字小波田47番地２", "url2": "https://www.kaigokensaku.mhlw.go.jp/02/index.php?action_kouhyou_detail_004_kani=true&JigyosyoCd=0272701988-00&ServiceCd=430&Type=search" }, "geometry": { "type": "Point", "coordinates": [ 141.274892599999987, 40.3966043 ] } },
{ "type": "Feature", "properties": { "内容": "南部社協ケアプランセンター【居宅介護支援】青森県三戸郡南部町大字平字広場２８－１南部町名川老人福祉センター", "url2": "https://www.kaigokensaku.mhlw.go.jp/02/index.php?action_kouhyou_detail_004_kani=true&JigyosyoCd=0272701756-00&ServiceCd=430&Type=search" }, "geometry": { "type": "Point", "coordinates": [ 141.330934221426361, 40.420962770072869 ] } },
{ "type": "Feature", "properties": { "内容": "居宅介護支援事業所サリヴァン【居宅介護支援】青森県三戸郡南部町大字大向字泉山道９番地９５", "url2": "https://www.kaigokensaku.mhlw.go.jp/02/index.php?action_kouhyou_detail_004_kani=true&JigyosyoCd=0272701574-00&ServiceCd=430&Type=search" }, "geometry": { "type": "Point", "coordinates": [ 141.27359249999995, 40.3962492 ] } },
{ "type": "Feature", "properties": { "内容": "階上町社協指定居宅介護支援事業所【居宅介護支援】青森県三戸郡階上町大字道仏字天当平1-182ハートフルプラザ・はしかみ内", "url2": "https://www.kaigokensaku.mhlw.go.jp/02/index.php?action_kouhyou_detail_004_kani=true&JigyosyoCd=0272700063-00&ServiceCd=430&Type=search" }, "geometry": { "type": "Point", "coordinates": [ 141.623079, 40.4529693 ] } },
{ "type": "Feature", "properties": { "内容": "見心園居宅介護支援事業所【居宅介護支援】青森県三戸郡階上町大字赤保内字道仏道添21-12", "url2": "https://www.kaigokensaku.mhlw.go.jp/02/index.php?action_kouhyou_detail_004_kani=true&JigyosyoCd=0272700154-00&ServiceCd=430&Type=search" }, "geometry": { "type": "Point", "coordinates": [ 141.623057, 40.4463621 ] } },
{ "type": "Feature", "properties": { "内容": "臥牛苑居宅介護支援事業所【居宅介護支援】青森県三戸郡階上町大字角柄折字餅粟久保４番地１", "url2": "https://www.kaigokensaku.mhlw.go.jp/02/index.php?action_kouhyou_detail_004_kani=true&JigyosyoCd=0272701194-00&ServiceCd=430&Type=search" }, "geometry": { "type": "Point", "coordinates": [ 141.5745508, 40.4393871 ] } },
{ "type": "Feature", "properties": { "内容": "居宅介護支援事業所ありがとうの家【居宅介護支援】青森県三戸郡階上町大字赤保内字柳沢15-343", "url2": "https://www.kaigokensaku.mhlw.go.jp/02/index.php?action_kouhyou_detail_004_kani=true&JigyosyoCd=0272701798-00&ServiceCd=430&Type=search" }, "geometry": { "type": "Point", "coordinates": [ 141.6094915, 40.4479616 ] } },
{ "type": "Feature", "properties": { "内容": "ケアプランセンターつなぐ【居宅介護支援】青森県三戸郡階上町蒼前西７丁目9-2771パレセイユB101", "url2": "https://www.kaigokensaku.mhlw.go.jp/02/index.php?action_kouhyou_detail_004_kani=true&JigyosyoCd=0272702093-00&ServiceCd=430&Type=search" }, "geometry": { "type": "Point", "coordinates": [ 141.5739857, 40.4787136 ] } },
{ "type": "Feature", "properties": { "内容": "居宅介護支援事業所　介護老人保健施設しんごう【居宅介護支援】青森県三戸郡新郷村大字戸来字金ヶ沢森ノ下24", "url2": "https://www.kaigokensaku.mhlw.go.jp/02/index.php?action_kouhyou_detail_004_kani=true&JigyosyoCd=0252780028-00&ServiceCd=430&Type=search" }, "geometry": { "type": "Point", "coordinates": [ 141.178185399999961, 40.470056 ] } }
]
}
