{
  "type": "FeatureCollection",
  "features": [
    {
      "type": "Feature",
      "geometry": {
        "type": "Point",
        "coordinates": [
          141.2177513,
          40.7788428
        ]
      },
      "properties": {
        "内容": "バス停: 名称不明バス停",
        "name": "名称不明バス停",
        "operator": "事業者不明",
        "ref": "",
        "url": "",
        "url2": ""
      }
    },
    {
      "type": "Feature",
      "geometry": {
        "type": "Point",
        "coordinates": [
          141.106527,
          41.463991
        ]
      },
      "properties": {
        "内容": "バス停: 弁天",
        "name": "弁天",
        "operator": "事業者不明",
        "ref": "",
        "url": "",
        "url2": ""
      }
    },
    {
      "type": "Feature",
      "geometry": {
        "type": "Point",
        "coordinates": [
          141.2269379,
          40.7820629
        ]
      },
      "properties": {
        "内容": "バス停: 名称不明バス停",
        "name": "名称不明バス停",
        "operator": "事業者不明",
        "ref": "",
        "url": "",
        "url2": ""
      }
    },
    {
      "type": "Feature",
      "geometry": {
        "type": "Point",
        "coordinates": [
          141.266909,
          40.6369423
        ]
      },
      "properties": {
        "内容": "バス停: 名称不明バス停",
        "name": "名称不明バス停",
        "operator": "事業者不明",
        "ref": "",
        "url": "",
        "url2": ""
      }
    },
    {
      "type": "Feature",
      "geometry": {
        "type": "Point",
        "coordinates": [
          141.3535071,
          40.6684266
        ]
      },
      "properties": {
        "内容": "バス停: 三沢駅",
        "name": "三沢駅",
        "operator": "事業者不明",
        "ref": "",
        "url": "",
        "url2": ""
      }
    },
    {
      "type": "Feature",
      "geometry": {
        "type": "Point",
        "coordinates": [
          141.3543286,
          40.6692983
        ]
      },
      "properties": {
        "内容": "バス停: 三沢駅東口 (MISAWAぐるっとバス)",
        "name": "三沢駅東口",
        "operator": "MISAWAぐるっとバス",
        "ref": "",
        "url": "",
        "url2": ""
      }
    },
    {
      "type": "Feature",
      "geometry": {
        "type": "Point",
        "coordinates": [
          141.1893292,
          41.2833916
        ]
      },
      "properties": {
        "内容": "バス停: 名称不明バス停",
        "name": "名称不明バス停",
        "operator": "事業者不明",
        "ref": "",
        "url": "",
        "url2": ""
      }
    },
    {
      "type": "Feature",
      "geometry": {
        "type": "Point",
        "coordinates": [
          141.1611615,
          41.2807315
        ]
      },
      "properties": {
        "内容": "バス停: 名称不明バス停",
        "name": "名称不明バス停",
        "operator": "事業者不明",
        "ref": "",
        "url": "",
        "url2": ""
      }
    },
    {
      "type": "Feature",
      "geometry": {
        "type": "Point",
        "coordinates": [
          140.5671725,
          40.5211097
        ]
      },
      "properties": {
        "内容": "バス停: 大鰐温泉駅前",
        "name": "大鰐温泉駅前",
        "operator": "事業者不明",
        "ref": "",
        "url": "",
        "url2": ""
      }
    },
    {
      "type": "Feature",
      "geometry": {
        "type": "Point",
        "coordinates": [
          140.5673461,
          40.5212013
        ]
      },
      "properties": {
        "内容": "バス停: 大鰐温泉駅前",
        "name": "大鰐温泉駅前",
        "operator": "事業者不明",
        "ref": "",
        "url": "",
        "url2": ""
      }
    },
    {
      "type": "Feature",
      "geometry": {
        "type": "Point",
        "coordinates": [
          140.4809026,
          40.6000929
        ]
      },
      "properties": {
        "内容": "バス停: バスターミナル前",
        "name": "バスターミナル前",
        "operator": "事業者不明",
        "ref": "",
        "url": "",
        "url2": ""
      }
    },
    {
      "type": "Feature",
      "geometry": {
        "type": "Point",
        "coordinates": [
          140.4439275,
          41.1876313
        ]
      },
      "properties": {
        "内容": "バス停: 三厩駅通り",
        "name": "三厩駅通り",
        "operator": "事業者不明",
        "ref": "",
        "url": "",
        "url2": ""
      }
    },
    {
      "type": "Feature",
      "geometry": {
        "type": "Point",
        "coordinates": [
          140.444231,
          41.1895745
        ]
      },
      "properties": {
        "内容": "バス停: 伊藤商店前",
        "name": "伊藤商店前",
        "operator": "事業者不明",
        "ref": "",
        "url": "",
        "url2": ""
      }
    },
    {
      "type": "Feature",
      "geometry": {
        "type": "Point",
        "coordinates": [
          140.6430033,
          41.0385668
        ]
      },
      "properties": {
        "内容": "バス停: 名称不明バス停",
        "name": "名称不明バス停",
        "operator": "事業者不明",
        "ref": "",
        "url": "",
        "url2": ""
      }
    },
    {
      "type": "Feature",
      "geometry": {
        "type": "Point",
        "coordinates": [
          140.6436604,
          41.0383715
        ]
      },
      "properties": {
        "内容": "バス停: 名称不明バス停",
        "name": "名称不明バス停",
        "operator": "事業者不明",
        "ref": "",
        "url": "",
        "url2": ""
      }
    },
    {
      "type": "Feature",
      "geometry": {
        "type": "Point",
        "coordinates": [
          140.6939512,
          40.8278377
        ]
      },
      "properties": {
        "内容": "バス停: 名称不明バス停",
        "name": "名称不明バス停",
        "operator": "事業者不明",
        "ref": "",
        "url": "",
        "url2": ""
      }
    },
    {
      "type": "Feature",
      "geometry": {
        "type": "Point",
        "coordinates": [
          140.6947108,
          40.8279793
        ]
      },
      "properties": {
        "内容": "バス停: 名称不明バス停",
        "name": "名称不明バス停",
        "operator": "事業者不明",
        "ref": "6",
        "url": "",
        "url2": ""
      }
    },
    {
      "type": "Feature",
      "geometry": {
        "type": "Point",
        "coordinates": [
          140.6947548,
          40.8283013
        ]
      },
      "properties": {
        "内容": "バス停: 名称不明バス停",
        "name": "名称不明バス停",
        "operator": "事業者不明",
        "ref": "5",
        "url": "",
        "url2": ""
      }
    },
    {
      "type": "Feature",
      "geometry": {
        "type": "Point",
        "coordinates": [
          140.6948062,
          40.8286067
        ]
      },
      "properties": {
        "内容": "バス停: 名称不明バス停",
        "name": "名称不明バス停",
        "operator": "事業者不明",
        "ref": "4",
        "url": "",
        "url2": ""
      }
    },
    {
      "type": "Feature",
      "geometry": {
        "type": "Point",
        "coordinates": [
          140.0542902,
          40.7679557
        ]
      },
      "properties": {
        "内容": "バス停: 千畳敷",
        "name": "千畳敷",
        "operator": "事業者不明",
        "ref": "",
        "url": "",
        "url2": ""
      }
    },
    {
      "type": "Feature",
      "geometry": {
        "type": "Point",
        "coordinates": [
          140.4391866,
          40.9652764
        ]
      },
      "properties": {
        "内容": "バス停: 名称不明バス停",
        "name": "名称不明バス停",
        "operator": "事業者不明",
        "ref": "",
        "url": "",
        "url2": ""
      }
    },
    {
      "type": "Feature",
      "geometry": {
        "type": "Point",
        "coordinates": [
          140.9123172,
          41.5460032
        ]
      },
      "properties": {
        "内容": "バス停: 大間崎",
        "name": "大間崎",
        "operator": "事業者不明",
        "ref": "",
        "url": "",
        "url2": ""
      }
    },
    {
      "type": "Feature",
      "geometry": {
        "type": "Point",
        "coordinates": [
          141.1894863,
          41.2834461
        ]
      },
      "properties": {
        "内容": "バス停: 名称不明バス停",
        "name": "名称不明バス停",
        "operator": "事業者不明",
        "ref": "",
        "url": "",
        "url2": ""
      }
    },
    {
      "type": "Feature",
      "geometry": {
        "type": "Point",
        "coordinates": [
          140.9721933,
          40.5209797
        ]
      },
      "properties": {
        "内容": "バス停: ＪＲバス雲井の滝",
        "name": "ＪＲバス雲井の滝",
        "operator": "事業者不明",
        "ref": "",
        "url": "",
        "url2": ""
      }
    },
    {
      "type": "Feature",
      "geometry": {
        "type": "Point",
        "coordinates": [
          140.9721206,
          40.5210394
        ]
      },
      "properties": {
        "内容": "バス停: ＪＲバス雲井の滝",
        "name": "ＪＲバス雲井の滝",
        "operator": "事業者不明",
        "ref": "",
        "url": "",
        "url2": ""
      }
    },
    {
      "type": "Feature",
      "geometry": {
        "type": "Point",
        "coordinates": [
          141.6090309,
          40.5076029
        ]
      },
      "properties": {
        "内容": "バス停: 名称不明バス停",
        "name": "名称不明バス停",
        "operator": "事業者不明",
        "ref": "",
        "url": "",
        "url2": ""
      }
    },
    {
      "type": "Feature",
      "geometry": {
        "type": "Point",
        "coordinates": [
          141.55626,
          40.531007
        ]
      },
      "properties": {
        "内容": "バス停: 鮫",
        "name": "鮫",
        "operator": "事業者不明",
        "ref": "",
        "url": "",
        "url2": ""
      }
    },
    {
      "type": "Feature",
      "geometry": {
        "type": "Point",
        "coordinates": [
          141.558292,
          40.5370786
        ]
      },
      "properties": {
        "内容": "バス停: 名称不明バス停",
        "name": "名称不明バス停",
        "operator": "事業者不明",
        "ref": "",
        "url": "",
        "url2": ""
      }
    },
    {
      "type": "Feature",
      "geometry": {
        "type": "Point",
        "coordinates": [
          141.5631776,
          40.5402217
        ]
      },
      "properties": {
        "内容": "バス停: 名称不明バス停",
        "name": "名称不明バス停",
        "operator": "事業者不明",
        "ref": "",
        "url": "",
        "url2": ""
      }
    },
    {
      "type": "Feature",
      "geometry": {
        "type": "Point",
        "coordinates": [
          140.9406205,
          40.4788646
        ]
      },
      "properties": {
        "内容": "バス停: ＪＲバス子ノ口駅",
        "name": "ＪＲバス子ノ口駅",
        "operator": "事業者不明",
        "ref": "",
        "url": "",
        "url2": ""
      }
    },
    {
      "type": "Feature",
      "geometry": {
        "type": "Point",
        "coordinates": [
          141.431734,
          40.508274
        ]
      },
      "properties": {
        "内容": "バス停: 八戸駅",
        "name": "八戸駅",
        "operator": "事業者不明",
        "ref": "",
        "url": "",
        "url2": ""
      }
    },
    {
      "type": "Feature",
      "geometry": {
        "type": "Point",
        "coordinates": [
          141.431604,
          40.508344
        ]
      },
      "properties": {
        "内容": "バス停: 八戸駅",
        "name": "八戸駅",
        "operator": "事業者不明",
        "ref": "5",
        "url": "",
        "url2": ""
      }
    },
    {
      "type": "Feature",
      "geometry": {
        "type": "Point",
        "coordinates": [
          141.431438,
          40.508422
        ]
      },
      "properties": {
        "内容": "バス停: 八戸駅",
        "name": "八戸駅",
        "operator": "事業者不明",
        "ref": "4",
        "url": "",
        "url2": ""
      }
    },
    {
      "type": "Feature",
      "geometry": {
        "type": "Point",
        "coordinates": [
          141.4315093,
          40.5086643
        ]
      },
      "properties": {
        "内容": "バス停: 八戸駅",
        "name": "八戸駅",
        "operator": "事業者不明",
        "ref": "3",
        "url": "",
        "url2": ""
      }
    },
    {
      "type": "Feature",
      "geometry": {
        "type": "Point",
        "coordinates": [
          141.4320133,
          40.50878
        ]
      },
      "properties": {
        "内容": "バス停: 八戸駅",
        "name": "八戸駅",
        "operator": "事業者不明",
        "ref": "1",
        "url": "",
        "url2": ""
      }
    },
    {
      "type": "Feature",
      "geometry": {
        "type": "Point",
        "coordinates": [
          140.8945001,
          40.4264975
        ]
      },
      "properties": {
        "内容": "バス停: 十和田湖駅",
        "name": "十和田湖駅",
        "operator": "事業者不明",
        "ref": "",
        "url": "",
        "url2": ""
      }
    },
    {
      "type": "Feature",
      "geometry": {
        "type": "Point",
        "coordinates": [
          141.4646415,
          40.5422672
        ]
      },
      "properties": {
        "内容": "バス停: 高館小学校前",
        "name": "高館小学校前",
        "operator": "事業者不明",
        "ref": "",
        "url": "",
        "url2": ""
      }
    },
    {
      "type": "Feature",
      "geometry": {
        "type": "Point",
        "coordinates": [
          141.4680097,
          40.5462833
        ]
      },
      "properties": {
        "内容": "バス停: 八戸基地",
        "name": "八戸基地",
        "operator": "事業者不明",
        "ref": "",
        "url": "",
        "url2": ""
      }
    },
    {
      "type": "Feature",
      "geometry": {
        "type": "Point",
        "coordinates": [
          141.4318806,
          40.5087723
        ]
      },
      "properties": {
        "内容": "バス停: 八戸駅",
        "name": "八戸駅",
        "operator": "事業者不明",
        "ref": "2",
        "url": "",
        "url2": ""
      }
    },
    {
      "type": "Feature",
      "geometry": {
        "type": "Point",
        "coordinates": [
          140.4779343,
          40.5957229
        ]
      },
      "properties": {
        "内容": "バス停: 上土手町",
        "name": "上土手町",
        "operator": "事業者不明",
        "ref": "",
        "url": "",
        "url2": ""
      }
    },
    {
      "type": "Feature",
      "geometry": {
        "type": "Point",
        "coordinates": [
          140.4806504,
          40.595774
        ]
      },
      "properties": {
        "内容": "バス停: 大町2丁目",
        "name": "大町2丁目",
        "operator": "事業者不明",
        "ref": "",
        "url": "",
        "url2": ""
      }
    },
    {
      "type": "Feature",
      "geometry": {
        "type": "Point",
        "coordinates": [
          140.4773145,
          40.5964137
        ]
      },
      "properties": {
        "内容": "バス停: 市立病院前",
        "name": "市立病院前",
        "operator": "事業者不明",
        "ref": "",
        "url": "",
        "url2": ""
      }
    },
    {
      "type": "Feature",
      "geometry": {
        "type": "Point",
        "coordinates": [
          140.4824247,
          40.5970822
        ]
      },
      "properties": {
        "内容": "バス停: 大町1丁目",
        "name": "大町1丁目",
        "operator": "事業者不明",
        "ref": "",
        "url": "",
        "url2": ""
      }
    },
    {
      "type": "Feature",
      "geometry": {
        "type": "Point",
        "coordinates": [
          140.482217,
          40.5971003
        ]
      },
      "properties": {
        "内容": "バス停: ヒロロ前",
        "name": "ヒロロ前",
        "operator": "事業者不明",
        "ref": "",
        "url": "",
        "url2": ""
      }
    },
    {
      "type": "Feature",
      "geometry": {
        "type": "Point",
        "coordinates": [
          140.4764945,
          40.5973261
        ]
      },
      "properties": {
        "内容": "バス停: 土手町十文字",
        "name": "土手町十文字",
        "operator": "事業者不明",
        "ref": "",
        "url": "",
        "url2": ""
      }
    },
    {
      "type": "Feature",
      "geometry": {
        "type": "Point",
        "coordinates": [
          140.4844212,
          40.5985662
        ]
      },
      "properties": {
        "内容": "バス停: 弘前駅前",
        "name": "弘前駅前",
        "operator": "事業者不明",
        "ref": "",
        "url": "",
        "url2": ""
      }
    },
    {
      "type": "Feature",
      "geometry": {
        "type": "Point",
        "coordinates": [
          140.4845291,
          40.5985908
        ]
      },
      "properties": {
        "内容": "バス停: 弘前駅前",
        "name": "弘前駅前",
        "operator": "事業者不明",
        "ref": "",
        "url": "",
        "url2": ""
      }
    },
    {
      "type": "Feature",
      "geometry": {
        "type": "Point",
        "coordinates": [
          140.4846351,
          40.598615
        ]
      },
      "properties": {
        "内容": "バス停: 弘前駅前",
        "name": "弘前駅前",
        "operator": "事業者不明",
        "ref": "",
        "url": "",
        "url2": ""
      }
    },
    {
      "type": "Feature",
      "geometry": {
        "type": "Point",
        "coordinates": [
          140.4847616,
          40.5986439
        ]
      },
      "properties": {
        "内容": "バス停: 弘前駅前",
        "name": "弘前駅前",
        "operator": "事業者不明",
        "ref": "",
        "url": "",
        "url2": ""
      }
    },
    {
      "type": "Feature",
      "geometry": {
        "type": "Point",
        "coordinates": [
          140.4753715,
          40.5986105
        ]
      },
      "properties": {
        "内容": "バス停: 青銀土手町支店",
        "name": "青銀土手町支店",
        "operator": "事業者不明",
        "ref": "",
        "url": "",
        "url2": ""
      }
    },
    {
      "type": "Feature",
      "geometry": {
        "type": "Point",
        "coordinates": [
          140.4843452,
          40.5987468
        ]
      },
      "properties": {
        "内容": "バス停: 弘前駅前",
        "name": "弘前駅前",
        "operator": "事業者不明",
        "ref": "",
        "url": "",
        "url2": ""
      }
    },
    {
      "type": "Feature",
      "geometry": {
        "type": "Point",
        "coordinates": [
          140.4844606,
          40.5987686
        ]
      },
      "properties": {
        "内容": "バス停: 弘前駅前",
        "name": "弘前駅前",
        "operator": "事業者不明",
        "ref": "",
        "url": "",
        "url2": ""
      }
    },
    {
      "type": "Feature",
      "geometry": {
        "type": "Point",
        "coordinates": [
          140.4845759,
          40.5987903
        ]
      },
      "properties": {
        "内容": "バス停: 弘前駅前",
        "name": "弘前駅前",
        "operator": "事業者不明",
        "ref": "",
        "url": "",
        "url2": ""
      }
    },
    {
      "type": "Feature",
      "geometry": {
        "type": "Point",
        "coordinates": [
          140.4846934,
          40.5988124
        ]
      },
      "properties": {
        "内容": "バス停: 弘前駅前",
        "name": "弘前駅前",
        "operator": "事業者不明",
        "ref": "",
        "url": "",
        "url2": ""
      }
    },
    {
      "type": "Feature",
      "geometry": {
        "type": "Point",
        "coordinates": [
          140.4811698,
          40.5991386
        ]
      },
      "properties": {
        "内容": "バス停: 弘前バスターミナル",
        "name": "弘前バスターミナル",
        "operator": "事業者不明",
        "ref": "",
        "url": "",
        "url2": ""
      }
    },
    {
      "type": "Feature",
      "geometry": {
        "type": "Point",
        "coordinates": [
          140.4802778,
          40.5994695
        ]
      },
      "properties": {
        "内容": "バス停: 並木通りバスターミナル前",
        "name": "並木通りバスターミナル前",
        "operator": "事業者不明",
        "ref": "",
        "url": "",
        "url2": ""
      }
    },
    {
      "type": "Feature",
      "geometry": {
        "type": "Point",
        "coordinates": [
          140.4656507,
          40.5998621
        ]
      },
      "properties": {
        "内容": "バス停: 大学病院前",
        "name": "大学病院前",
        "operator": "事業者不明",
        "ref": "",
        "url": "",
        "url2": ""
      }
    },
    {
      "type": "Feature",
      "geometry": {
        "type": "Point",
        "coordinates": [
          140.473817,
          40.600377
        ]
      },
      "properties": {
        "内容": "バス停: 中土手町",
        "name": "中土手町",
        "operator": "事業者不明",
        "ref": "",
        "url": "",
        "url2": ""
      }
    },
    {
      "type": "Feature",
      "geometry": {
        "type": "Point",
        "coordinates": [
          140.4690097,
          40.6009932
        ]
      },
      "properties": {
        "内容": "バス停: 本町",
        "name": "本町",
        "operator": "事業者不明",
        "ref": "",
        "url": "",
        "url2": ""
      }
    },
    {
      "type": "Feature",
      "geometry": {
        "type": "Point",
        "coordinates": [
          140.4731056,
          40.6011688
        ]
      },
      "properties": {
        "内容": "バス停: 蓬莱橋",
        "name": "蓬莱橋",
        "operator": "事業者不明",
        "ref": "",
        "url": "",
        "url2": ""
      }
    },
    {
      "type": "Feature",
      "geometry": {
        "type": "Point",
        "coordinates": [
          140.4721879,
          40.6020939
        ]
      },
      "properties": {
        "内容": "バス停: 下土手町",
        "name": "下土手町",
        "operator": "事業者不明",
        "ref": "",
        "url": "",
        "url2": ""
      }
    },
    {
      "type": "Feature",
      "geometry": {
        "type": "Point",
        "coordinates": [
          140.4750935,
          40.6025576
        ]
      },
      "properties": {
        "内容": "バス停: 中央通り2丁目",
        "name": "中央通り2丁目",
        "operator": "事業者不明",
        "ref": "",
        "url": "",
        "url2": ""
      }
    },
    {
      "type": "Feature",
      "geometry": {
        "type": "Point",
        "coordinates": [
          140.4644869,
          40.6027913
        ]
      },
      "properties": {
        "内容": "バス停: 市役所前",
        "name": "市役所前",
        "operator": "事業者不明",
        "ref": "",
        "url": "",
        "url2": ""
      }
    },
    {
      "type": "Feature",
      "geometry": {
        "type": "Point",
        "coordinates": [
          140.4658485,
          40.6034823
        ]
      },
      "properties": {
        "内容": "バス停: 陸奥新報前",
        "name": "陸奥新報前",
        "operator": "事業者不明",
        "ref": "",
        "url": "",
        "url2": ""
      }
    },
    {
      "type": "Feature",
      "geometry": {
        "type": "Point",
        "coordinates": [
          140.4731144,
          40.6040271
        ]
      },
      "properties": {
        "内容": "バス停: 徒町",
        "name": "徒町",
        "operator": "事業者不明",
        "ref": "",
        "url": "",
        "url2": ""
      }
    },
    {
      "type": "Feature",
      "geometry": {
        "type": "Point",
        "coordinates": [
          140.47149,
          40.604676
        ]
      },
      "properties": {
        "内容": "バス停: ホテルニューキャッスル前",
        "name": "ホテルニューキャッスル前",
        "operator": "事業者不明",
        "ref": "",
        "url": "",
        "url2": ""
      }
    },
    {
      "type": "Feature",
      "geometry": {
        "type": "Point",
        "coordinates": [
          140.7349288,
          40.8283931
        ]
      },
      "properties": {
        "内容": "バス停: 青森駅前",
        "name": "青森駅前",
        "operator": "事業者不明",
        "ref": "",
        "url": "",
        "url2": ""
      }
    },
    {
      "type": "Feature",
      "geometry": {
        "type": "Point",
        "coordinates": [
          140.7347809,
          40.8284981
        ]
      },
      "properties": {
        "内容": "バス停: 青森駅前",
        "name": "青森駅前",
        "operator": "事業者不明",
        "ref": "",
        "url": "",
        "url2": ""
      }
    },
    {
      "type": "Feature",
      "geometry": {
        "type": "Point",
        "coordinates": [
          140.7345473,
          40.8280405
        ]
      },
      "properties": {
        "内容": "バス停: 青森駅前",
        "name": "青森駅前",
        "operator": "事業者不明",
        "ref": "",
        "url": "",
        "url2": ""
      }
    },
    {
      "type": "Feature",
      "geometry": {
        "type": "Point",
        "coordinates": [
          140.7347553,
          40.8280898
        ]
      },
      "properties": {
        "内容": "バス停: 青森駅前",
        "name": "青森駅前",
        "operator": "事業者不明",
        "ref": "",
        "url": "",
        "url2": ""
      }
    },
    {
      "type": "Feature",
      "geometry": {
        "type": "Point",
        "coordinates": [
          140.7349992,
          40.8281909
        ]
      },
      "properties": {
        "内容": "バス停: 青森駅前",
        "name": "青森駅前",
        "operator": "事業者不明",
        "ref": "",
        "url": "",
        "url2": ""
      }
    },
    {
      "type": "Feature",
      "geometry": {
        "type": "Point",
        "coordinates": [
          140.7347147,
          40.828365
        ]
      },
      "properties": {
        "内容": "バス停: 青森駅前",
        "name": "青森駅前",
        "operator": "事業者不明",
        "ref": "",
        "url": "",
        "url2": ""
      }
    },
    {
      "type": "Feature",
      "geometry": {
        "type": "Point",
        "coordinates": [
          140.7348505,
          40.8282492
        ]
      },
      "properties": {
        "内容": "バス停: 青森駅前",
        "name": "青森駅前",
        "operator": "事業者不明",
        "ref": "",
        "url": "",
        "url2": ""
      }
    },
    {
      "type": "Feature",
      "geometry": {
        "type": "Point",
        "coordinates": [
          140.7349175,
          40.8280401
        ]
      },
      "properties": {
        "内容": "バス停: 青森駅前",
        "name": "青森駅前",
        "operator": "事業者不明",
        "ref": "",
        "url": "",
        "url2": ""
      }
    },
    {
      "type": "Feature",
      "geometry": {
        "type": "Point",
        "coordinates": [
          140.7346245,
          40.8281822
        ]
      },
      "properties": {
        "内容": "バス停: 青森駅前",
        "name": "青森駅前",
        "operator": "事業者不明",
        "ref": "",
        "url": "",
        "url2": ""
      }
    },
    {
      "type": "Feature",
      "geometry": {
        "type": "Point",
        "coordinates": [
          140.6764109,
          40.6069354
        ]
      },
      "properties": {
        "内容": "バス停: 津軽伝承工芸館",
        "name": "津軽伝承工芸館",
        "operator": "事業者不明",
        "ref": "",
        "url": "",
        "url2": ""
      }
    },
    {
      "type": "Feature",
      "geometry": {
        "type": "Point",
        "coordinates": [
          141.377975,
          41.027583
        ]
      },
      "properties": {
        "内容": "バス停: 名称不明バス停",
        "name": "名称不明バス停",
        "operator": "事業者不明",
        "ref": "",
        "url": "",
        "url2": ""
      }
    },
    {
      "type": "Feature",
      "geometry": {
        "type": "Point",
        "coordinates": [
          141.256527,
          41.282345
        ]
      },
      "properties": {
        "内容": "バス停: 下田屋",
        "name": "下田屋",
        "operator": "事業者不明",
        "ref": "",
        "url": "",
        "url2": ""
      }
    },
    {
      "type": "Feature",
      "geometry": {
        "type": "Point",
        "coordinates": [
          141.208917,
          41.2962
        ]
      },
      "properties": {
        "内容": "バス停: 赤平",
        "name": "赤平",
        "operator": "事業者不明",
        "ref": "",
        "url": "",
        "url2": ""
      }
    },
    {
      "type": "Feature",
      "geometry": {
        "type": "Point",
        "coordinates": [
          141.281468,
          41.26927
        ]
      },
      "properties": {
        "内容": "バス停: 名称不明バス停",
        "name": "名称不明バス停",
        "operator": "事業者不明",
        "ref": "",
        "url": "",
        "url2": ""
      }
    },
    {
      "type": "Feature",
      "geometry": {
        "type": "Point",
        "coordinates": [
          141.1633065,
          41.3153223
        ]
      },
      "properties": {
        "内容": "バス停: 長坂",
        "name": "長坂",
        "operator": "事業者不明",
        "ref": "",
        "url": "",
        "url2": ""
      }
    },
    {
      "type": "Feature",
      "geometry": {
        "type": "Point",
        "coordinates": [
          141.231951,
          41.289843
        ]
      },
      "properties": {
        "内容": "バス停: 品の木",
        "name": "品の木",
        "operator": "事業者不明",
        "ref": "",
        "url": "",
        "url2": ""
      }
    },
    {
      "type": "Feature",
      "geometry": {
        "type": "Point",
        "coordinates": [
          141.193925,
          41.307794
        ]
      },
      "properties": {
        "内容": "バス停: 若菜",
        "name": "若菜",
        "operator": "事業者不明",
        "ref": "",
        "url": "",
        "url2": ""
      }
    },
    {
      "type": "Feature",
      "geometry": {
        "type": "Point",
        "coordinates": [
          140.923968,
          41.534848
        ]
      },
      "properties": {
        "内容": "バス停: 大間平",
        "name": "大間平",
        "operator": "事業者不明",
        "ref": "",
        "url": "",
        "url2": ""
      }
    },
    {
      "type": "Feature",
      "geometry": {
        "type": "Point",
        "coordinates": [
          140.921993,
          41.538539
        ]
      },
      "properties": {
        "内容": "バス停: 朝日町",
        "name": "朝日町",
        "operator": "事業者不明",
        "ref": "",
        "url": "",
        "url2": ""
      }
    },
    {
      "type": "Feature",
      "geometry": {
        "type": "Point",
        "coordinates": [
          141.022317,
          41.482589
        ]
      },
      "properties": {
        "内容": "バス停: 管の尻",
        "name": "管の尻",
        "operator": "事業者不明",
        "ref": "",
        "url": "",
        "url2": ""
      }
    },
    {
      "type": "Feature",
      "geometry": {
        "type": "Point",
        "coordinates": [
          141.037012,
          41.482501
        ]
      },
      "properties": {
        "内容": "バス停: 名称不明バス停",
        "name": "名称不明バス停",
        "operator": "事業者不明",
        "ref": "",
        "url": "",
        "url2": ""
      }
    },
    {
      "type": "Feature",
      "geometry": {
        "type": "Point",
        "coordinates": [
          141.128173,
          41.441214
        ]
      },
      "properties": {
        "内容": "バス停: 木野部",
        "name": "木野部",
        "operator": "事業者不明",
        "ref": "",
        "url": "",
        "url2": ""
      }
    },
    {
      "type": "Feature",
      "geometry": {
        "type": "Point",
        "coordinates": [
          141.137656,
          41.431331
        ]
      },
      "properties": {
        "内容": "バス停: 木野部峠",
        "name": "木野部峠",
        "operator": "事業者不明",
        "ref": "",
        "url": "",
        "url2": ""
      }
    },
    {
      "type": "Feature",
      "geometry": {
        "type": "Point",
        "coordinates": [
          141.155665,
          41.417537
        ]
      },
      "properties": {
        "内容": "バス停: 二枚橋",
        "name": "二枚橋",
        "operator": "事業者不明",
        "ref": "",
        "url": "",
        "url2": ""
      }
    },
    {
      "type": "Feature",
      "geometry": {
        "type": "Point",
        "coordinates": [
          141.221309,
          41.297966
        ]
      },
      "properties": {
        "内容": "バス停: 上川町",
        "name": "上川町",
        "operator": "事業者不明",
        "ref": "",
        "url": "",
        "url2": ""
      }
    },
    {
      "type": "Feature",
      "geometry": {
        "type": "Point",
        "coordinates": [
          141.209661,
          41.369623
        ]
      },
      "properties": {
        "内容": "バス停: 出戸",
        "name": "出戸",
        "operator": "事業者不明",
        "ref": "",
        "url": "",
        "url2": ""
      }
    },
    {
      "type": "Feature",
      "geometry": {
        "type": "Point",
        "coordinates": [
          141.218962,
          41.306883
        ]
      },
      "properties": {
        "内容": "バス停: 北前田",
        "name": "北前田",
        "operator": "事業者不明",
        "ref": "",
        "url": "",
        "url2": ""
      }
    },
    {
      "type": "Feature",
      "geometry": {
        "type": "Point",
        "coordinates": [
          140.741202,
          40.829383
        ]
      },
      "properties": {
        "内容": "バス停: アスパム前",
        "name": "アスパム前",
        "operator": "事業者不明",
        "ref": "",
        "url": "",
        "url2": ""
      }
    },
    {
      "type": "Feature",
      "geometry": {
        "type": "Point",
        "coordinates": [
          140.681362,
          40.851141
        ]
      },
      "properties": {
        "内容": "バス停: 野木和公園入口",
        "name": "野木和公園入口",
        "operator": "事業者不明",
        "ref": "",
        "url": "",
        "url2": ""
      }
    },
    {
      "type": "Feature",
      "geometry": {
        "type": "Point",
        "coordinates": [
          140.344549,
          41.257663
        ]
      },
      "properties": {
        "内容": "バス停: 龍飛崎灯台",
        "name": "龍飛崎灯台",
        "operator": "事業者不明",
        "ref": "",
        "url": "",
        "url2": ""
      }
    },
    {
      "type": "Feature",
      "geometry": {
        "type": "Point",
        "coordinates": [
          140.453877,
          40.92495
        ]
      },
      "properties": {
        "内容": "バス停: 川倉南口",
        "name": "川倉南口",
        "operator": "事業者不明",
        "ref": "",
        "url": "",
        "url2": ""
      }
    },
    {
      "type": "Feature",
      "geometry": {
        "type": "Point",
        "coordinates": [
          140.4581483,
          40.8401636
        ]
      },
      "properties": {
        "内容": "バス停: 桜田",
        "name": "桜田",
        "operator": "事業者不明",
        "ref": "",
        "url": "",
        "url2": ""
      }
    },
    {
      "type": "Feature",
      "geometry": {
        "type": "Point",
        "coordinates": [
          140.456172,
          40.83519
        ]
      },
      "properties": {
        "内容": "バス停: 沖飯詰",
        "name": "沖飯詰",
        "operator": "事業者不明",
        "ref": "",
        "url": "",
        "url2": ""
      }
    },
    {
      "type": "Feature",
      "geometry": {
        "type": "Point",
        "coordinates": [
          140.453283,
          40.819696
        ]
      },
      "properties": {
        "内容": "バス停: 十川橋前",
        "name": "十川橋前",
        "operator": "事業者不明",
        "ref": "",
        "url": "",
        "url2": ""
      }
    },
    {
      "type": "Feature",
      "geometry": {
        "type": "Point",
        "coordinates": [
          140.444932,
          40.801367
        ]
      },
      "properties": {
        "内容": "バス停: 市営住宅前",
        "name": "市営住宅前",
        "operator": "事業者不明",
        "ref": "",
        "url": "",
        "url2": ""
      }
    },
    {
      "type": "Feature",
      "geometry": {
        "type": "Point",
        "coordinates": [
          139.935481,
          40.562513
        ]
      },
      "properties": {
        "内容": "バス停: 森山",
        "name": "森山",
        "operator": "事業者不明",
        "ref": "",
        "url": "",
        "url2": ""
      }
    },
    {
      "type": "Feature",
      "geometry": {
        "type": "Point",
        "coordinates": [
          139.926594,
          40.581469
        ]
      },
      "properties": {
        "内容": "バス停: 岩崎支所前",
        "name": "岩崎支所前",
        "operator": "事業者不明",
        "ref": "",
        "url": "",
        "url2": ""
      }
    },
    {
      "type": "Feature",
      "geometry": {
        "type": "Point",
        "coordinates": [
          139.9476659,
          40.667875
        ]
      },
      "properties": {
        "内容": "バス停: 福祉センター前",
        "name": "福祉センター前",
        "operator": "事業者不明",
        "ref": "",
        "url": "",
        "url2": ""
      }
    },
    {
      "type": "Feature",
      "geometry": {
        "type": "Point",
        "coordinates": [
          139.929953,
          40.65278
        ]
      },
      "properties": {
        "内容": "バス停: 大岩入口",
        "name": "大岩入口",
        "operator": "事業者不明",
        "ref": "",
        "url": "",
        "url2": ""
      }
    },
    {
      "type": "Feature",
      "geometry": {
        "type": "Point",
        "coordinates": [
          139.9224765,
          40.6437413
        ]
      },
      "properties": {
        "内容": "バス停: 漁協前",
        "name": "漁協前",
        "operator": "事業者不明",
        "ref": "",
        "url": "",
        "url2": ""
      }
    },
    {
      "type": "Feature",
      "geometry": {
        "type": "Point",
        "coordinates": [
          140.4992515,
          40.5790542
        ]
      },
      "properties": {
        "内容": "バス停: 門外十文字",
        "name": "門外十文字",
        "operator": "事業者不明",
        "ref": "",
        "url": "",
        "url2": ""
      }
    },
    {
      "type": "Feature",
      "geometry": {
        "type": "Point",
        "coordinates": [
          140.4940269,
          40.5810919
        ]
      },
      "properties": {
        "内容": "バス停: 大清水",
        "name": "大清水",
        "operator": "事業者不明",
        "ref": "",
        "url": "",
        "url2": ""
      }
    },
    {
      "type": "Feature",
      "geometry": {
        "type": "Point",
        "coordinates": [
          140.483724,
          40.589117
        ]
      },
      "properties": {
        "内容": "バス停: 松森町角",
        "name": "松森町角",
        "operator": "事業者不明",
        "ref": "",
        "url": "",
        "url2": ""
      }
    },
    {
      "type": "Feature",
      "geometry": {
        "type": "Point",
        "coordinates": [
          140.4819669,
          40.5891819
        ]
      },
      "properties": {
        "内容": "バス停: 松森町角",
        "name": "松森町角",
        "operator": "事業者不明",
        "ref": "",
        "url": "",
        "url2": ""
      }
    },
    {
      "type": "Feature",
      "geometry": {
        "type": "Point",
        "coordinates": [
          140.477527,
          40.586745
        ]
      },
      "properties": {
        "内容": "バス停: 富田町",
        "name": "富田町",
        "operator": "事業者不明",
        "ref": "",
        "url": "",
        "url2": ""
      }
    },
    {
      "type": "Feature",
      "geometry": {
        "type": "Point",
        "coordinates": [
          140.469524,
          40.611029
        ]
      },
      "properties": {
        "内容": "バス停: 津軽藩ねぷた村 (弘南バス)",
        "name": "津軽藩ねぷた村",
        "operator": "弘南バス",
        "ref": "",
        "url": "",
        "url2": ""
      }
    },
    {
      "type": "Feature",
      "geometry": {
        "type": "Point",
        "coordinates": [
          140.468801,
          40.610861
        ]
      },
      "properties": {
        "内容": "バス停: 亀の甲町角 (弘南バス)",
        "name": "亀の甲町角",
        "operator": "弘南バス",
        "ref": "",
        "url": "",
        "url2": ""
      }
    },
    {
      "type": "Feature",
      "geometry": {
        "type": "Point",
        "coordinates": [
          141.5492555,
          40.5130226
        ]
      },
      "properties": {
        "内容": "バス停: 大久保通",
        "name": "大久保通",
        "operator": "事業者不明",
        "ref": "",
        "url": "",
        "url2": ""
      }
    },
    {
      "type": "Feature",
      "geometry": {
        "type": "Point",
        "coordinates": [
          141.5493038,
          40.5129097
        ]
      },
      "properties": {
        "内容": "バス停: 大久保通",
        "name": "大久保通",
        "operator": "事業者不明",
        "ref": "",
        "url": "",
        "url2": ""
      }
    },
    {
      "type": "Feature",
      "geometry": {
        "type": "Point",
        "coordinates": [
          141.5456264,
          40.512132
        ]
      },
      "properties": {
        "内容": "バス停: 北高校前",
        "name": "北高校前",
        "operator": "事業者不明",
        "ref": "",
        "url": "",
        "url2": ""
      }
    },
    {
      "type": "Feature",
      "geometry": {
        "type": "Point",
        "coordinates": [
          141.5450397,
          40.5118803
        ]
      },
      "properties": {
        "内容": "バス停: 北高校前",
        "name": "北高校前",
        "operator": "事業者不明",
        "ref": "",
        "url": "",
        "url2": ""
      }
    },
    {
      "type": "Feature",
      "geometry": {
        "type": "Point",
        "coordinates": [
          140.7895694,
          40.5137318
        ]
      },
      "properties": {
        "内容": "バス停: ぬる川",
        "name": "ぬる川",
        "operator": "事業者不明",
        "ref": "",
        "url": "",
        "url2": ""
      }
    },
    {
      "type": "Feature",
      "geometry": {
        "type": "Point",
        "coordinates": [
          141.2121,
          41.346867
        ]
      },
      "properties": {
        "内容": "バス停: 名称不明バス停",
        "name": "名称不明バス停",
        "operator": "事業者不明",
        "ref": "",
        "url": "",
        "url2": ""
      }
    },
    {
      "type": "Feature",
      "geometry": {
        "type": "Point",
        "coordinates": [
          141.11658,
          41.454994
        ]
      },
      "properties": {
        "内容": "バス停: 名称不明バス停",
        "name": "名称不明バス停",
        "operator": "事業者不明",
        "ref": "",
        "url": "",
        "url2": ""
      }
    },
    {
      "type": "Feature",
      "geometry": {
        "type": "Point",
        "coordinates": [
          141.0012972,
          41.4857407
        ]
      },
      "properties": {
        "内容": "バス停: 名称不明バス停",
        "name": "名称不明バス停",
        "operator": "事業者不明",
        "ref": "",
        "url": "",
        "url2": ""
      }
    },
    {
      "type": "Feature",
      "geometry": {
        "type": "Point",
        "coordinates": [
          140.9984842,
          41.4872026
        ]
      },
      "properties": {
        "内容": "バス停: 名称不明バス停",
        "name": "名称不明バス停",
        "operator": "事業者不明",
        "ref": "",
        "url": "",
        "url2": ""
      }
    },
    {
      "type": "Feature",
      "geometry": {
        "type": "Point",
        "coordinates": [
          140.4685749,
          40.6035357
        ]
      },
      "properties": {
        "内容": "バス停: 桜大通り",
        "name": "桜大通り",
        "operator": "事業者不明",
        "ref": "",
        "url": "",
        "url2": ""
      }
    },
    {
      "type": "Feature",
      "geometry": {
        "type": "Point",
        "coordinates": [
          140.4585406,
          40.6057181
        ]
      },
      "properties": {
        "内容": "バス停: 工業高校前",
        "name": "工業高校前",
        "operator": "事業者不明",
        "ref": "",
        "url": "",
        "url2": ""
      }
    },
    {
      "type": "Feature",
      "geometry": {
        "type": "Point",
        "coordinates": [
          140.4709467,
          40.6029934
        ]
      },
      "properties": {
        "内容": "バス停: 下土手町",
        "name": "下土手町",
        "operator": "事業者不明",
        "ref": "",
        "url": "",
        "url2": ""
      }
    },
    {
      "type": "Feature",
      "geometry": {
        "type": "Point",
        "coordinates": [
          141.4348235,
          40.5081741
        ]
      },
      "properties": {
        "内容": "バス停: 一番町",
        "name": "一番町",
        "operator": "事業者不明",
        "ref": "",
        "url": "",
        "url2": ""
      }
    },
    {
      "type": "Feature",
      "geometry": {
        "type": "Point",
        "coordinates": [
          141.4308032,
          40.51037
        ]
      },
      "properties": {
        "内容": "バス停: 名称不明バス停",
        "name": "名称不明バス停",
        "operator": "事業者不明",
        "ref": "",
        "url": "",
        "url2": ""
      }
    },
    {
      "type": "Feature",
      "geometry": {
        "type": "Point",
        "coordinates": [
          140.426847,
          40.592429
        ]
      },
      "properties": {
        "内容": "バス停: 悪戸 (弘南バス)",
        "name": "悪戸",
        "operator": "弘南バス",
        "ref": "",
        "url": "",
        "url2": ""
      }
    },
    {
      "type": "Feature",
      "geometry": {
        "type": "Point",
        "coordinates": [
          140.427678,
          40.592797
        ]
      },
      "properties": {
        "内容": "バス停: 悪戸 (弘南バス)",
        "name": "悪戸",
        "operator": "弘南バス",
        "ref": "",
        "url": "",
        "url2": ""
      }
    },
    {
      "type": "Feature",
      "geometry": {
        "type": "Point",
        "coordinates": [
          140.423798,
          40.589412
        ]
      },
      "properties": {
        "内容": "バス停: 青柳 (弘南バス)",
        "name": "青柳",
        "operator": "弘南バス",
        "ref": "",
        "url": "",
        "url2": ""
      }
    },
    {
      "type": "Feature",
      "geometry": {
        "type": "Point",
        "coordinates": [
          140.420436,
          40.587706
        ]
      },
      "properties": {
        "内容": "バス停: 下湯口 (弘南バス)",
        "name": "下湯口",
        "operator": "弘南バス",
        "ref": "",
        "url": "",
        "url2": ""
      }
    },
    {
      "type": "Feature",
      "geometry": {
        "type": "Point",
        "coordinates": [
          140.420453,
          40.587829
        ]
      },
      "properties": {
        "内容": "バス停: 下湯口 (弘南バス)",
        "name": "下湯口",
        "operator": "弘南バス",
        "ref": "",
        "url": "",
        "url2": ""
      }
    },
    {
      "type": "Feature",
      "geometry": {
        "type": "Point",
        "coordinates": [
          140.417544,
          40.588304
        ]
      },
      "properties": {
        "内容": "バス停: 神社入口 (弘南バス)",
        "name": "神社入口",
        "operator": "弘南バス",
        "ref": "",
        "url": "",
        "url2": ""
      }
    },
    {
      "type": "Feature",
      "geometry": {
        "type": "Point",
        "coordinates": [
          140.4151801,
          40.5916682
        ]
      },
      "properties": {
        "内容": "バス停: 下湯口南口 (弘南バス)",
        "name": "下湯口南口",
        "operator": "弘南バス",
        "ref": "",
        "url": "",
        "url2": ""
      }
    },
    {
      "type": "Feature",
      "geometry": {
        "type": "Point",
        "coordinates": [
          140.4265421,
          40.5929854
        ]
      },
      "properties": {
        "内容": "バス停: 悪戸 (弘南バス)",
        "name": "悪戸",
        "operator": "弘南バス",
        "ref": "",
        "url": "",
        "url2": ""
      }
    },
    {
      "type": "Feature",
      "geometry": {
        "type": "Point",
        "coordinates": [
          140.40018,
          40.587801
        ]
      },
      "properties": {
        "内容": "バス停: 黒滝 (弘南バス)",
        "name": "黒滝",
        "operator": "弘南バス",
        "ref": "",
        "url": "",
        "url2": ""
      }
    },
    {
      "type": "Feature",
      "geometry": {
        "type": "Point",
        "coordinates": [
          140.412605,
          40.588896
        ]
      },
      "properties": {
        "内容": "バス停: 湯口 (弘南バス)",
        "name": "湯口",
        "operator": "弘南バス",
        "ref": "",
        "url": "",
        "url2": ""
      }
    },
    {
      "type": "Feature",
      "geometry": {
        "type": "Point",
        "coordinates": [
          140.407322,
          40.589665
        ]
      },
      "properties": {
        "内容": "バス停: 野崎入口 (弘南バス)",
        "name": "野崎入口",
        "operator": "弘南バス",
        "ref": "",
        "url": "",
        "url2": ""
      }
    },
    {
      "type": "Feature",
      "geometry": {
        "type": "Point",
        "coordinates": [
          140.406759,
          40.589799
        ]
      },
      "properties": {
        "内容": "バス停: 野崎入口 (弘南バス)",
        "name": "野崎入口",
        "operator": "弘南バス",
        "ref": "",
        "url": "",
        "url2": ""
      }
    },
    {
      "type": "Feature",
      "geometry": {
        "type": "Point",
        "coordinates": [
          140.397438,
          40.585259
        ]
      },
      "properties": {
        "内容": "バス停: 相馬庁舎 (弘南バス)",
        "name": "相馬庁舎",
        "operator": "弘南バス",
        "ref": "",
        "url": "",
        "url2": ""
      }
    },
    {
      "type": "Feature",
      "geometry": {
        "type": "Point",
        "coordinates": [
          140.4546892,
          40.6019725
        ]
      },
      "properties": {
        "内容": "バス停: 南城西 (弘南バス)",
        "name": "南城西",
        "operator": "弘南バス",
        "ref": "",
        "url": "",
        "url2": ""
      }
    },
    {
      "type": "Feature",
      "geometry": {
        "type": "Point",
        "coordinates": [
          140.4545892,
          40.6018915
        ]
      },
      "properties": {
        "内容": "バス停: 南城西 (弘南バス)",
        "name": "南城西",
        "operator": "弘南バス",
        "ref": "",
        "url": "",
        "url2": ""
      }
    },
    {
      "type": "Feature",
      "geometry": {
        "type": "Point",
        "coordinates": [
          140.450823,
          40.601856
        ]
      },
      "properties": {
        "内容": "バス停: 県公舎前 (弘南バス)",
        "name": "県公舎前",
        "operator": "弘南バス",
        "ref": "",
        "url": "",
        "url2": ""
      }
    },
    {
      "type": "Feature",
      "geometry": {
        "type": "Point",
        "coordinates": [
          140.4605429,
          40.6020116
        ]
      },
      "properties": {
        "内容": "バス停: 南袋町入口 (弘南バス)",
        "name": "南袋町入口",
        "operator": "弘南バス",
        "ref": "",
        "url": "",
        "url2": ""
      }
    },
    {
      "type": "Feature",
      "geometry": {
        "type": "Point",
        "coordinates": [
          140.4602805,
          40.6019918
        ]
      },
      "properties": {
        "内容": "バス停: 南袋町入口 (弘南バス)",
        "name": "南袋町入口",
        "operator": "弘南バス",
        "ref": "",
        "url": "",
        "url2": ""
      }
    },
    {
      "type": "Feature",
      "geometry": {
        "type": "Point",
        "coordinates": [
          140.451914,
          40.601797
        ]
      },
      "properties": {
        "内容": "バス停: 県公舎前 (弘南バス)",
        "name": "県公舎前",
        "operator": "弘南バス",
        "ref": "",
        "url": "",
        "url2": ""
      }
    },
    {
      "type": "Feature",
      "geometry": {
        "type": "Point",
        "coordinates": [
          140.468241,
          40.608798
        ]
      },
      "properties": {
        "内容": "バス停: 中央高校前 (弘南バス)",
        "name": "中央高校前",
        "operator": "弘南バス",
        "ref": "",
        "url": "",
        "url2": ""
      }
    },
    {
      "type": "Feature",
      "geometry": {
        "type": "Point",
        "coordinates": [
          140.468358,
          40.600593
        ]
      },
      "properties": {
        "内容": "バス停: 本町 (弘南バス)",
        "name": "本町",
        "operator": "弘南バス",
        "ref": "",
        "url": "",
        "url2": ""
      }
    },
    {
      "type": "Feature",
      "geometry": {
        "type": "Point",
        "coordinates": [
          140.9500074,
          40.4874512
        ]
      },
      "properties": {
        "内容": "バス停: 銚子大滝",
        "name": "銚子大滝",
        "operator": "事業者不明",
        "ref": "",
        "url": "",
        "url2": ""
      }
    },
    {
      "type": "Feature",
      "geometry": {
        "type": "Point",
        "coordinates": [
          139.9737076,
          40.5654874
        ]
      },
      "properties": {
        "内容": "バス停: 十二湖養魚場前",
        "name": "十二湖養魚場前",
        "operator": "事業者不明",
        "ref": "",
        "url": "",
        "url2": ""
      }
    },
    {
      "type": "Feature",
      "geometry": {
        "type": "Point",
        "coordinates": [
          139.9690893,
          40.5631992
        ]
      },
      "properties": {
        "内容": "バス停: 王池前",
        "name": "王池前",
        "operator": "事業者不明",
        "ref": "",
        "url": "",
        "url2": ""
      }
    },
    {
      "type": "Feature",
      "geometry": {
        "type": "Point",
        "coordinates": [
          139.9624013,
          40.5595301
        ]
      },
      "properties": {
        "内容": "バス停: 日本キャニオン入口",
        "name": "日本キャニオン入口",
        "operator": "事業者不明",
        "ref": "",
        "url": "",
        "url2": ""
      }
    },
    {
      "type": "Feature",
      "geometry": {
        "type": "Point",
        "coordinates": [
          140.9842812,
          40.5760858
        ]
      },
      "properties": {
        "内容": "バス停: 焼山",
        "name": "焼山",
        "operator": "事業者不明",
        "ref": "",
        "url": "",
        "url2": ""
      }
    },
    {
      "type": "Feature",
      "geometry": {
        "type": "Point",
        "coordinates": [
          140.9842692,
          40.5764637
        ]
      },
      "properties": {
        "内容": "バス停: 焼山",
        "name": "焼山",
        "operator": "事業者不明",
        "ref": "",
        "url": "",
        "url2": ""
      }
    },
    {
      "type": "Feature",
      "geometry": {
        "type": "Point",
        "coordinates": [
          140.451071,
          40.594741
        ]
      },
      "properties": {
        "内容": "バス停: 茂森新町",
        "name": "茂森新町",
        "operator": "事業者不明",
        "ref": "",
        "url": "",
        "url2": ""
      }
    },
    {
      "type": "Feature",
      "geometry": {
        "type": "Point",
        "coordinates": [
          140.45118,
          40.594673
        ]
      },
      "properties": {
        "内容": "バス停: 茂森新町",
        "name": "茂森新町",
        "operator": "事業者不明",
        "ref": "",
        "url": "",
        "url2": ""
      }
    },
    {
      "type": "Feature",
      "geometry": {
        "type": "Point",
        "coordinates": [
          140.445121,
          40.593778
        ]
      },
      "properties": {
        "内容": "バス停: 常盤坂入口",
        "name": "常盤坂入口",
        "operator": "事業者不明",
        "ref": "",
        "url": "",
        "url2": ""
      }
    },
    {
      "type": "Feature",
      "geometry": {
        "type": "Point",
        "coordinates": [
          140.4443657,
          40.5937606
        ]
      },
      "properties": {
        "内容": "バス停: 常盤坂入口",
        "name": "常盤坂入口",
        "operator": "事業者不明",
        "ref": "",
        "url": "",
        "url2": ""
      }
    },
    {
      "type": "Feature",
      "geometry": {
        "type": "Point",
        "coordinates": [
          140.4423119,
          40.5938364
        ]
      },
      "properties": {
        "内容": "バス停: 常盤坂",
        "name": "常盤坂",
        "operator": "事業者不明",
        "ref": "",
        "url": "",
        "url2": ""
      }
    },
    {
      "type": "Feature",
      "geometry": {
        "type": "Point",
        "coordinates": [
          140.4351549,
          40.5934999
        ]
      },
      "properties": {
        "内容": "バス停: 悪戸東口",
        "name": "悪戸東口",
        "operator": "事業者不明",
        "ref": "",
        "url": "",
        "url2": ""
      }
    },
    {
      "type": "Feature",
      "geometry": {
        "type": "Point",
        "coordinates": [
          140.4335827,
          40.5931249
        ]
      },
      "properties": {
        "内容": "バス停: 悪戸東口",
        "name": "悪戸東口",
        "operator": "事業者不明",
        "ref": "",
        "url": "",
        "url2": ""
      }
    },
    {
      "type": "Feature",
      "geometry": {
        "type": "Point",
        "coordinates": [
          140.430962,
          40.5927104
        ]
      },
      "properties": {
        "内容": "バス停: 中央悪戸",
        "name": "中央悪戸",
        "operator": "事業者不明",
        "ref": "",
        "url": "",
        "url2": ""
      }
    },
    {
      "type": "Feature",
      "geometry": {
        "type": "Point",
        "coordinates": [
          141.163671,
          41.402265
        ]
      },
      "properties": {
        "内容": "バス停: 下北交通 大畑出張所 (下北交通)",
        "name": "下北交通 大畑出張所",
        "operator": "下北交通",
        "ref": "",
        "url": "",
        "url2": "Q11360643"
      }
    },
    {
      "type": "Feature",
      "geometry": {
        "type": "Point",
        "coordinates": [
          140.6162243,
          40.7243539
        ]
      },
      "properties": {
        "内容": "バス停: 名称不明バス停",
        "name": "名称不明バス停",
        "operator": "事業者不明",
        "ref": "",
        "url": "",
        "url2": ""
      }
    },
    {
      "type": "Feature",
      "geometry": {
        "type": "Point",
        "coordinates": [
          140.6156449,
          40.7242482
        ]
      },
      "properties": {
        "内容": "バス停: 名称不明バス停",
        "name": "名称不明バス停",
        "operator": "事業者不明",
        "ref": "",
        "url": "",
        "url2": ""
      }
    },
    {
      "type": "Feature",
      "geometry": {
        "type": "Point",
        "coordinates": [
          140.6893018,
          40.8186464
        ]
      },
      "properties": {
        "内容": "バス停: 三内霊園 (青森市交通部)",
        "name": "三内霊園",
        "operator": "青森市交通部",
        "ref": "",
        "url": "",
        "url2": ""
      }
    },
    {
      "type": "Feature",
      "geometry": {
        "type": "Point",
        "coordinates": [
          140.689275,
          40.8153169
        ]
      },
      "properties": {
        "内容": "バス停: 三内温泉前 (青森市交通部)",
        "name": "三内温泉前",
        "operator": "青森市交通部",
        "ref": "",
        "url": "",
        "url2": ""
      }
    },
    {
      "type": "Feature",
      "geometry": {
        "type": "Point",
        "coordinates": [
          140.6888968,
          40.8152905
        ]
      },
      "properties": {
        "内容": "バス停: 三内温泉前 (青森市交通部)",
        "name": "三内温泉前",
        "operator": "青森市交通部",
        "ref": "",
        "url": "",
        "url2": ""
      }
    },
    {
      "type": "Feature",
      "geometry": {
        "type": "Point",
        "coordinates": [
          140.6959497,
          40.8094856
        ]
      },
      "properties": {
        "内容": "バス停: 三内丸山遺跡前 (青森市交通部)",
        "name": "三内丸山遺跡前",
        "operator": "青森市交通部",
        "ref": "",
        "url": "",
        "url2": ""
      }
    },
    {
      "type": "Feature",
      "geometry": {
        "type": "Point",
        "coordinates": [
          140.6885642,
          40.8072636
        ]
      },
      "properties": {
        "内容": "バス停: 西部工業団地入口 (青森市交通部)",
        "name": "西部工業団地入口",
        "operator": "青森市交通部",
        "ref": "",
        "url": "",
        "url2": ""
      }
    },
    {
      "type": "Feature",
      "geometry": {
        "type": "Point",
        "coordinates": [
          140.6892388,
          40.8052049
        ]
      },
      "properties": {
        "内容": "バス停: 西部工業団地 (青森市交通部)",
        "name": "西部工業団地",
        "operator": "青森市交通部",
        "ref": "",
        "url": "",
        "url2": ""
      }
    },
    {
      "type": "Feature",
      "geometry": {
        "type": "Point",
        "coordinates": [
          140.6877569,
          40.8073925
        ]
      },
      "properties": {
        "内容": "バス停: 西部工業団地入口 (青森市交通部)",
        "name": "西部工業団地入口",
        "operator": "青森市交通部",
        "ref": "",
        "url": "",
        "url2": ""
      }
    },
    {
      "type": "Feature",
      "geometry": {
        "type": "Point",
        "coordinates": [
          141.5240616,
          40.5240092
        ]
      },
      "properties": {
        "内容": "バス停: 湊本町",
        "name": "湊本町",
        "operator": "事業者不明",
        "ref": "",
        "url": "",
        "url2": ""
      }
    },
    {
      "type": "Feature",
      "geometry": {
        "type": "Point",
        "coordinates": [
          141.5239029,
          40.5241086
        ]
      },
      "properties": {
        "内容": "バス停: 湊本町",
        "name": "湊本町",
        "operator": "事業者不明",
        "ref": "",
        "url": "",
        "url2": ""
      }
    },
    {
      "type": "Feature",
      "geometry": {
        "type": "Point",
        "coordinates": [
          141.5543245,
          40.5141522
        ]
      },
      "properties": {
        "内容": "バス停: 白銀台西口",
        "name": "白銀台西口",
        "operator": "事業者不明",
        "ref": "",
        "url": "",
        "url2": ""
      }
    },
    {
      "type": "Feature",
      "geometry": {
        "type": "Point",
        "coordinates": [
          141.564551,
          40.5217165
        ]
      },
      "properties": {
        "内容": "バス停: 岬台団地北口",
        "name": "岬台団地北口",
        "operator": "事業者不明",
        "ref": "",
        "url": "",
        "url2": ""
      }
    },
    {
      "type": "Feature",
      "geometry": {
        "type": "Point",
        "coordinates": [
          141.557452,
          40.5148505
        ]
      },
      "properties": {
        "内容": "バス停: 白銀台郵便局前",
        "name": "白銀台郵便局前",
        "operator": "事業者不明",
        "ref": "",
        "url": "",
        "url2": ""
      }
    },
    {
      "type": "Feature",
      "geometry": {
        "type": "Point",
        "coordinates": [
          141.5591355,
          40.5153946
        ]
      },
      "properties": {
        "内容": "バス停: 白銀台団地",
        "name": "白銀台団地",
        "operator": "事業者不明",
        "ref": "",
        "url": "",
        "url2": ""
      }
    },
    {
      "type": "Feature",
      "geometry": {
        "type": "Point",
        "coordinates": [
          141.5569284,
          40.5294594
        ]
      },
      "properties": {
        "内容": "バス停: 忍町",
        "name": "忍町",
        "operator": "事業者不明",
        "ref": "",
        "url": "",
        "url2": ""
      }
    },
    {
      "type": "Feature",
      "geometry": {
        "type": "Point",
        "coordinates": [
          141.5567858,
          40.5294152
        ]
      },
      "properties": {
        "内容": "バス停: 忍町",
        "name": "忍町",
        "operator": "事業者不明",
        "ref": "",
        "url": "",
        "url2": ""
      }
    },
    {
      "type": "Feature",
      "geometry": {
        "type": "Point",
        "coordinates": [
          141.5575122,
          40.5353341
        ]
      },
      "properties": {
        "内容": "バス停: 名称不明バス停",
        "name": "名称不明バス停",
        "operator": "事業者不明",
        "ref": "",
        "url": "",
        "url2": ""
      }
    },
    {
      "type": "Feature",
      "geometry": {
        "type": "Point",
        "coordinates": [
          141.56463,
          40.5224232
        ]
      },
      "properties": {
        "内容": "バス停: 岬台団地北口",
        "name": "岬台団地北口",
        "operator": "事業者不明",
        "ref": "",
        "url": "",
        "url2": ""
      }
    },
    {
      "type": "Feature",
      "geometry": {
        "type": "Point",
        "coordinates": [
          141.5574526,
          40.5355463
        ]
      },
      "properties": {
        "内容": "バス停: 名称不明バス停",
        "name": "名称不明バス停",
        "operator": "事業者不明",
        "ref": "",
        "url": "",
        "url2": ""
      }
    },
    {
      "type": "Feature",
      "geometry": {
        "type": "Point",
        "coordinates": [
          141.5589676,
          40.5371754
        ]
      },
      "properties": {
        "内容": "バス停: 蕪島海浜公園",
        "name": "蕪島海浜公園",
        "operator": "事業者不明",
        "ref": "",
        "url": "",
        "url2": ""
      }
    },
    {
      "type": "Feature",
      "geometry": {
        "type": "Point",
        "coordinates": [
          141.545801,
          40.5209833
        ]
      },
      "properties": {
        "内容": "バス停: 白銀小学校前",
        "name": "白銀小学校前",
        "operator": "事業者不明",
        "ref": "",
        "url": "",
        "url2": ""
      }
    },
    {
      "type": "Feature",
      "geometry": {
        "type": "Point",
        "coordinates": [
          141.4539027,
          40.5851783
        ]
      },
      "properties": {
        "内容": "バス停: 市川後",
        "name": "市川後",
        "operator": "事業者不明",
        "ref": "",
        "url": "",
        "url2": ""
      }
    },
    {
      "type": "Feature",
      "geometry": {
        "type": "Point",
        "coordinates": [
          141.4300524,
          40.5945864
        ]
      },
      "properties": {
        "内容": "バス停: 名称不明バス停",
        "name": "名称不明バス停",
        "operator": "事業者不明",
        "ref": "",
        "url": "",
        "url2": ""
      }
    },
    {
      "type": "Feature",
      "geometry": {
        "type": "Point",
        "coordinates": [
          141.4302959,
          40.5967576
        ]
      },
      "properties": {
        "内容": "バス停: 名称不明バス停",
        "name": "名称不明バス停",
        "operator": "事業者不明",
        "ref": "",
        "url": "",
        "url2": ""
      }
    },
    {
      "type": "Feature",
      "geometry": {
        "type": "Point",
        "coordinates": [
          141.4305635,
          40.6024072
        ]
      },
      "properties": {
        "内容": "バス停: 名称不明バス停",
        "name": "名称不明バス停",
        "operator": "事業者不明",
        "ref": "",
        "url": "",
        "url2": ""
      }
    },
    {
      "type": "Feature",
      "geometry": {
        "type": "Point",
        "coordinates": [
          141.5452347,
          40.5090197
        ]
      },
      "properties": {
        "内容": "バス停: さくら幼稚園前",
        "name": "さくら幼稚園前",
        "operator": "事業者不明",
        "ref": "",
        "url": "",
        "url2": ""
      }
    },
    {
      "type": "Feature",
      "geometry": {
        "type": "Point",
        "coordinates": [
          141.510455,
          40.5078182
        ]
      },
      "properties": {
        "内容": "バス停: 上明戸",
        "name": "上明戸",
        "operator": "事業者不明",
        "ref": "",
        "url": "",
        "url2": ""
      }
    },
    {
      "type": "Feature",
      "geometry": {
        "type": "Point",
        "coordinates": [
          141.4540606,
          40.585142
        ]
      },
      "properties": {
        "内容": "バス停: 市川後",
        "name": "市川後",
        "operator": "事業者不明",
        "ref": "",
        "url": "",
        "url2": ""
      }
    },
    {
      "type": "Feature",
      "geometry": {
        "type": "Point",
        "coordinates": [
          141.42998,
          40.6027536
        ]
      },
      "properties": {
        "内容": "バス停: 名称不明バス停",
        "name": "名称不明バス停",
        "operator": "事業者不明",
        "ref": "",
        "url": "",
        "url2": ""
      }
    },
    {
      "type": "Feature",
      "geometry": {
        "type": "Point",
        "coordinates": [
          141.5453515,
          40.5086866
        ]
      },
      "properties": {
        "内容": "バス停: さくら幼稚園前",
        "name": "さくら幼稚園前",
        "operator": "事業者不明",
        "ref": "",
        "url": "",
        "url2": ""
      }
    },
    {
      "type": "Feature",
      "geometry": {
        "type": "Point",
        "coordinates": [
          141.4306305,
          40.5988735
        ]
      },
      "properties": {
        "内容": "バス停: 名称不明バス停",
        "name": "名称不明バス停",
        "operator": "事業者不明",
        "ref": "",
        "url": "",
        "url2": ""
      }
    },
    {
      "type": "Feature",
      "geometry": {
        "type": "Point",
        "coordinates": [
          141.5542264,
          40.5140296
        ]
      },
      "properties": {
        "内容": "バス停: 白銀台西口",
        "name": "白銀台西口",
        "operator": "事業者不明",
        "ref": "",
        "url": "",
        "url2": ""
      }
    },
    {
      "type": "Feature",
      "geometry": {
        "type": "Point",
        "coordinates": [
          141.5586982,
          40.5151714
        ]
      },
      "properties": {
        "内容": "バス停: 白銀台団地",
        "name": "白銀台団地",
        "operator": "事業者不明",
        "ref": "",
        "url": "",
        "url2": ""
      }
    },
    {
      "type": "Feature",
      "geometry": {
        "type": "Point",
        "coordinates": [
          140.8365087,
          40.6558068
        ]
      },
      "properties": {
        "内容": "バス停: 名称不明バス停",
        "name": "名称不明バス停",
        "operator": "事業者不明",
        "ref": "",
        "url": "",
        "url2": ""
      }
    },
    {
      "type": "Feature",
      "geometry": {
        "type": "Point",
        "coordinates": [
          140.8501126,
          40.6499985
        ]
      },
      "properties": {
        "内容": "バス停: 名称不明バス停",
        "name": "名称不明バス停",
        "operator": "事業者不明",
        "ref": "",
        "url": "",
        "url2": ""
      }
    },
    {
      "type": "Feature",
      "geometry": {
        "type": "Point",
        "coordinates": [
          140.8888101,
          40.6318093
        ]
      },
      "properties": {
        "内容": "バス停: 名称不明バス停",
        "name": "名称不明バス停",
        "operator": "事業者不明",
        "ref": "",
        "url": "",
        "url2": ""
      }
    },
    {
      "type": "Feature",
      "geometry": {
        "type": "Point",
        "coordinates": [
          140.8224196,
          40.7059277
        ]
      },
      "properties": {
        "内容": "バス停: 名称不明バス停",
        "name": "名称不明バス停",
        "operator": "事業者不明",
        "ref": "",
        "url": "",
        "url2": ""
      }
    },
    {
      "type": "Feature",
      "geometry": {
        "type": "Point",
        "coordinates": [
          140.9090042,
          40.6312181
        ]
      },
      "properties": {
        "内容": "バス停: 名称不明バス停",
        "name": "名称不明バス停",
        "operator": "事業者不明",
        "ref": "",
        "url": "",
        "url2": ""
      }
    },
    {
      "type": "Feature",
      "geometry": {
        "type": "Point",
        "coordinates": [
          140.831206,
          40.680721
        ]
      },
      "properties": {
        "内容": "バス停: 名称不明バス停",
        "name": "名称不明バス停",
        "operator": "事業者不明",
        "ref": "",
        "url": "",
        "url2": ""
      }
    },
    {
      "type": "Feature",
      "geometry": {
        "type": "Point",
        "coordinates": [
          141.4664383,
          40.5838407
        ]
      },
      "properties": {
        "内容": "バス停: 下大谷地",
        "name": "下大谷地",
        "operator": "事業者不明",
        "ref": "",
        "url": "",
        "url2": ""
      }
    },
    {
      "type": "Feature",
      "geometry": {
        "type": "Point",
        "coordinates": [
          141.4658896,
          40.584479
        ]
      },
      "properties": {
        "内容": "バス停: 下大谷地",
        "name": "下大谷地",
        "operator": "事業者不明",
        "ref": "",
        "url": "",
        "url2": ""
      }
    },
    {
      "type": "Feature",
      "geometry": {
        "type": "Point",
        "coordinates": [
          141.5709191,
          40.5345716
        ]
      },
      "properties": {
        "内容": "バス停: 高等支援学校前",
        "name": "高等支援学校前",
        "operator": "事業者不明",
        "ref": "",
        "url": "",
        "url2": ""
      }
    },
    {
      "type": "Feature",
      "geometry": {
        "type": "Point",
        "coordinates": [
          141.563194,
          40.4803952
        ]
      },
      "properties": {
        "内容": "バス停: 名称不明バス停",
        "name": "名称不明バス停",
        "operator": "事業者不明",
        "ref": "",
        "url": "",
        "url2": ""
      }
    },
    {
      "type": "Feature",
      "geometry": {
        "type": "Point",
        "coordinates": [
          141.0936986,
          41.4670197
        ]
      },
      "properties": {
        "内容": "バス停: 下風呂",
        "name": "下風呂",
        "operator": "事業者不明",
        "ref": "",
        "url": "",
        "url2": ""
      }
    },
    {
      "type": "Feature",
      "geometry": {
        "type": "Point",
        "coordinates": [
          141.5128437,
          40.4942388
        ]
      },
      "properties": {
        "内容": "バス停: 市民病院",
        "name": "市民病院",
        "operator": "事業者不明",
        "ref": "",
        "url": "",
        "url2": ""
      }
    },
    {
      "type": "Feature",
      "geometry": {
        "type": "Point",
        "coordinates": [
          141.5141361,
          40.494696
        ]
      },
      "properties": {
        "内容": "バス停: 毘沙門前",
        "name": "毘沙門前",
        "operator": "事業者不明",
        "ref": "",
        "url": "",
        "url2": ""
      }
    },
    {
      "type": "Feature",
      "geometry": {
        "type": "Point",
        "coordinates": [
          141.5140566,
          40.4944868
        ]
      },
      "properties": {
        "内容": "バス停: 毘沙門前",
        "name": "毘沙門前",
        "operator": "事業者不明",
        "ref": "",
        "url": "",
        "url2": ""
      }
    },
    {
      "type": "Feature",
      "geometry": {
        "type": "Point",
        "coordinates": [
          141.510425,
          40.4926771
        ]
      },
      "properties": {
        "内容": "バス停: イオン田向店",
        "name": "イオン田向店",
        "operator": "事業者不明",
        "ref": "",
        "url": "",
        "url2": ""
      }
    },
    {
      "type": "Feature",
      "geometry": {
        "type": "Point",
        "coordinates": [
          141.4427637,
          40.5857705
        ]
      },
      "properties": {
        "内容": "バス停: 多賀台団地",
        "name": "多賀台団地",
        "operator": "事業者不明",
        "ref": "",
        "url": "",
        "url2": ""
      }
    },
    {
      "type": "Feature",
      "geometry": {
        "type": "Point",
        "coordinates": [
          141.4376272,
          40.5839994
        ]
      },
      "properties": {
        "内容": "バス停: 多賀台西口",
        "name": "多賀台西口",
        "operator": "事業者不明",
        "ref": "",
        "url": "",
        "url2": ""
      }
    },
    {
      "type": "Feature",
      "geometry": {
        "type": "Point",
        "coordinates": [
          141.4377908,
          40.5839566
        ]
      },
      "properties": {
        "内容": "バス停: 多賀台西口",
        "name": "多賀台西口",
        "operator": "事業者不明",
        "ref": "",
        "url": "",
        "url2": ""
      }
    },
    {
      "type": "Feature",
      "geometry": {
        "type": "Point",
        "coordinates": [
          141.4397622,
          40.5850892
        ]
      },
      "properties": {
        "内容": "バス停: 社宅前",
        "name": "社宅前",
        "operator": "事業者不明",
        "ref": "",
        "url": "",
        "url2": ""
      }
    },
    {
      "type": "Feature",
      "geometry": {
        "type": "Point",
        "coordinates": [
          141.4406943,
          40.5853173
        ]
      },
      "properties": {
        "内容": "バス停: 社宅前",
        "name": "社宅前",
        "operator": "事業者不明",
        "ref": "",
        "url": "",
        "url2": ""
      }
    },
    {
      "type": "Feature",
      "geometry": {
        "type": "Point",
        "coordinates": [
          141.4492937,
          40.5858479
        ]
      },
      "properties": {
        "内容": "バス停: 願成寺前",
        "name": "願成寺前",
        "operator": "事業者不明",
        "ref": "",
        "url": "",
        "url2": ""
      }
    },
    {
      "type": "Feature",
      "geometry": {
        "type": "Point",
        "coordinates": [
          141.4493216,
          40.5857234
        ]
      },
      "properties": {
        "内容": "バス停: 願成寺前",
        "name": "願成寺前",
        "operator": "事業者不明",
        "ref": "",
        "url": "",
        "url2": ""
      }
    },
    {
      "type": "Feature",
      "geometry": {
        "type": "Point",
        "coordinates": [
          141.4377646,
          40.5830154
        ]
      },
      "properties": {
        "内容": "バス停: 多賀台団地前 (十和田観光電鉄)",
        "name": "多賀台団地前",
        "operator": "十和田観光電鉄",
        "ref": "",
        "url": "",
        "url2": ""
      }
    },
    {
      "type": "Feature",
      "geometry": {
        "type": "Point",
        "coordinates": [
          141.4362741,
          40.5844039
        ]
      },
      "properties": {
        "内容": "バス停: 多賀台団地前 (十和田観光電鉄)",
        "name": "多賀台団地前",
        "operator": "十和田観光電鉄",
        "ref": "",
        "url": "",
        "url2": ""
      }
    },
    {
      "type": "Feature",
      "geometry": {
        "type": "Point",
        "coordinates": [
          141.4586292,
          40.587427
        ]
      },
      "properties": {
        "内容": "バス停: 市川",
        "name": "市川",
        "operator": "事業者不明",
        "ref": "",
        "url": "",
        "url2": ""
      }
    },
    {
      "type": "Feature",
      "geometry": {
        "type": "Point",
        "coordinates": [
          141.4585153,
          40.5872448
        ]
      },
      "properties": {
        "内容": "バス停: 市川",
        "name": "市川",
        "operator": "事業者不明",
        "ref": "",
        "url": "",
        "url2": ""
      }
    },
    {
      "type": "Feature",
      "geometry": {
        "type": "Point",
        "coordinates": [
          141.4521115,
          40.5843206
        ]
      },
      "properties": {
        "内容": "バス停: 多賀台東口",
        "name": "多賀台東口",
        "operator": "事業者不明",
        "ref": "",
        "url": "",
        "url2": ""
      }
    },
    {
      "type": "Feature",
      "geometry": {
        "type": "Point",
        "coordinates": [
          141.4513323,
          40.5841556
        ]
      },
      "properties": {
        "内容": "バス停: 多賀台東口",
        "name": "多賀台東口",
        "operator": "事業者不明",
        "ref": "",
        "url": "",
        "url2": ""
      }
    },
    {
      "type": "Feature",
      "geometry": {
        "type": "Point",
        "coordinates": [
          141.4434633,
          40.5793787
        ]
      },
      "properties": {
        "内容": "バス停: 市川中学校前",
        "name": "市川中学校前",
        "operator": "事業者不明",
        "ref": "",
        "url": "",
        "url2": ""
      }
    },
    {
      "type": "Feature",
      "geometry": {
        "type": "Point",
        "coordinates": [
          141.4437282,
          40.5794133
        ]
      },
      "properties": {
        "内容": "バス停: 市川中学校前",
        "name": "市川中学校前",
        "operator": "事業者不明",
        "ref": "",
        "url": "",
        "url2": ""
      }
    },
    {
      "type": "Feature",
      "geometry": {
        "type": "Point",
        "coordinates": [
          141.4408368,
          40.5788236
        ]
      },
      "properties": {
        "内容": "バス停: 赤畑",
        "name": "赤畑",
        "operator": "事業者不明",
        "ref": "",
        "url": "",
        "url2": ""
      }
    },
    {
      "type": "Feature",
      "geometry": {
        "type": "Point",
        "coordinates": [
          141.4401703,
          40.5783234
        ]
      },
      "properties": {
        "内容": "バス停: 赤畑",
        "name": "赤畑",
        "operator": "事業者不明",
        "ref": "",
        "url": "",
        "url2": ""
      }
    },
    {
      "type": "Feature",
      "geometry": {
        "type": "Point",
        "coordinates": [
          141.4403674,
          40.5779822
        ]
      },
      "properties": {
        "内容": "バス停: 赤畑",
        "name": "赤畑",
        "operator": "事業者不明",
        "ref": "",
        "url": "",
        "url2": ""
      }
    },
    {
      "type": "Feature",
      "geometry": {
        "type": "Point",
        "coordinates": [
          141.4405959,
          40.5753259
        ]
      },
      "properties": {
        "内容": "バス停: 尻引",
        "name": "尻引",
        "operator": "事業者不明",
        "ref": "",
        "url": "",
        "url2": ""
      }
    },
    {
      "type": "Feature",
      "geometry": {
        "type": "Point",
        "coordinates": [
          141.4403707,
          40.5752328
        ]
      },
      "properties": {
        "内容": "バス停: 尻引",
        "name": "尻引",
        "operator": "事業者不明",
        "ref": "",
        "url": "",
        "url2": ""
      }
    },
    {
      "type": "Feature",
      "geometry": {
        "type": "Point",
        "coordinates": [
          141.4493592,
          40.5557939
        ]
      },
      "properties": {
        "内容": "バス停: 陸上自衛隊前",
        "name": "陸上自衛隊前",
        "operator": "事業者不明",
        "ref": "",
        "url": "",
        "url2": ""
      }
    },
    {
      "type": "Feature",
      "geometry": {
        "type": "Point",
        "coordinates": [
          141.4484419,
          40.5548758
        ]
      },
      "properties": {
        "内容": "バス停: 陸上自衛隊前",
        "name": "陸上自衛隊前",
        "operator": "事業者不明",
        "ref": "",
        "url": "",
        "url2": ""
      }
    },
    {
      "type": "Feature",
      "geometry": {
        "type": "Point",
        "coordinates": [
          141.4512811,
          40.5512287
        ]
      },
      "properties": {
        "内容": "バス停: 松ケ丘",
        "name": "松ケ丘",
        "operator": "事業者不明",
        "ref": "",
        "url": "",
        "url2": ""
      }
    },
    {
      "type": "Feature",
      "geometry": {
        "type": "Point",
        "coordinates": [
          141.4510976,
          40.5507992
        ]
      },
      "properties": {
        "内容": "バス停: 松ケ丘",
        "name": "松ケ丘",
        "operator": "事業者不明",
        "ref": "",
        "url": "",
        "url2": ""
      }
    },
    {
      "type": "Feature",
      "geometry": {
        "type": "Point",
        "coordinates": [
          141.4526554,
          40.5452955
        ]
      },
      "properties": {
        "内容": "バス停: 西霊園入口",
        "name": "西霊園入口",
        "operator": "事業者不明",
        "ref": "",
        "url": "",
        "url2": ""
      }
    },
    {
      "type": "Feature",
      "geometry": {
        "type": "Point",
        "coordinates": [
          141.4528648,
          40.5452405
        ]
      },
      "properties": {
        "内容": "バス停: 西霊園入口",
        "name": "西霊園入口",
        "operator": "事業者不明",
        "ref": "",
        "url": "",
        "url2": ""
      }
    },
    {
      "type": "Feature",
      "geometry": {
        "type": "Point",
        "coordinates": [
          141.4555624,
          40.543431
        ]
      },
      "properties": {
        "内容": "バス停: 高館",
        "name": "高館",
        "operator": "事業者不明",
        "ref": "",
        "url": "",
        "url2": ""
      }
    },
    {
      "type": "Feature",
      "geometry": {
        "type": "Point",
        "coordinates": [
          141.4556862,
          40.5435162
        ]
      },
      "properties": {
        "内容": "バス停: 高館",
        "name": "高館",
        "operator": "事業者不明",
        "ref": "",
        "url": "",
        "url2": ""
      }
    },
    {
      "type": "Feature",
      "geometry": {
        "type": "Point",
        "coordinates": [
          141.4644364,
          40.5427248
        ]
      },
      "properties": {
        "内容": "バス停: 高館小学校前",
        "name": "高館小学校前",
        "operator": "事業者不明",
        "ref": "",
        "url": "",
        "url2": ""
      }
    },
    {
      "type": "Feature",
      "geometry": {
        "type": "Point",
        "coordinates": [
          140.492694,
          40.575933
        ]
      },
      "properties": {
        "内容": "バス停: マックスバリュ安原店",
        "name": "マックスバリュ安原店",
        "operator": "事業者不明",
        "ref": "",
        "url": "",
        "url2": ""
      }
    },
    {
      "type": "Feature",
      "geometry": {
        "type": "Point",
        "coordinates": [
          141.4820664,
          40.5057541
        ]
      },
      "properties": {
        "内容": "バス停: 新荒町",
        "name": "新荒町",
        "operator": "事業者不明",
        "ref": "",
        "url": "",
        "url2": ""
      }
    },
    {
      "type": "Feature",
      "geometry": {
        "type": "Point",
        "coordinates": [
          141.4830755,
          40.5062941
        ]
      },
      "properties": {
        "内容": "バス停: 新荒町",
        "name": "新荒町",
        "operator": "事業者不明",
        "ref": "",
        "url": "",
        "url2": ""
      }
    },
    {
      "type": "Feature",
      "geometry": {
        "type": "Point",
        "coordinates": [
          141.4847716,
          40.50669
        ]
      },
      "properties": {
        "内容": "バス停: 荒町",
        "name": "荒町",
        "operator": "事業者不明",
        "ref": "",
        "url": "",
        "url2": ""
      }
    },
    {
      "type": "Feature",
      "geometry": {
        "type": "Point",
        "coordinates": [
          141.4876431,
          40.5080288
        ]
      },
      "properties": {
        "内容": "バス停: 廿三日町",
        "name": "廿三日町",
        "operator": "事業者不明",
        "ref": "",
        "url": "",
        "url2": ""
      }
    },
    {
      "type": "Feature",
      "geometry": {
        "type": "Point",
        "coordinates": [
          141.4893285,
          40.5089658
        ]
      },
      "properties": {
        "内容": "バス停: 十三日町",
        "name": "十三日町",
        "operator": "事業者不明",
        "ref": "",
        "url": "",
        "url2": ""
      }
    },
    {
      "type": "Feature",
      "geometry": {
        "type": "Point",
        "coordinates": [
          141.4911062,
          40.5099555
        ]
      },
      "properties": {
        "内容": "バス停: 八戸中心街ターミナル１（三日町）",
        "name": "八戸中心街ターミナル１（三日町）",
        "operator": "事業者不明",
        "ref": "",
        "url": "",
        "url2": ""
      }
    },
    {
      "type": "Feature",
      "geometry": {
        "type": "Point",
        "coordinates": [
          141.4926129,
          40.5107965
        ]
      },
      "properties": {
        "内容": "バス停: 八戸中心街ターミナル２（八日町）",
        "name": "八戸中心街ターミナル２（八日町）",
        "operator": "事業者不明",
        "ref": "",
        "url": "",
        "url2": ""
      }
    },
    {
      "type": "Feature",
      "geometry": {
        "type": "Point",
        "coordinates": [
          141.4919874,
          40.5098372
        ]
      },
      "properties": {
        "内容": "バス停: 八戸中心街ターミナル３（中央通り）",
        "name": "八戸中心街ターミナル３（中央通り）",
        "operator": "事業者不明",
        "ref": "",
        "url": "",
        "url2": ""
      }
    },
    {
      "type": "Feature",
      "geometry": {
        "type": "Point",
        "coordinates": [
          141.4916685,
          40.5090734
        ]
      },
      "properties": {
        "内容": "バス停: 八戸中心街ターミナル５（六日町）",
        "name": "八戸中心街ターミナル５（六日町）",
        "operator": "事業者不明",
        "ref": "",
        "url": "",
        "url2": ""
      }
    },
    {
      "type": "Feature",
      "geometry": {
        "type": "Point",
        "coordinates": [
          141.4933253,
          40.5099892
        ]
      },
      "properties": {
        "内容": "バス停: 八戸中心街ターミナル４（朔日町）",
        "name": "八戸中心街ターミナル４（朔日町）",
        "operator": "事業者不明",
        "ref": "",
        "url": "",
        "url2": ""
      }
    },
    {
      "type": "Feature",
      "geometry": {
        "type": "Point",
        "coordinates": [
          141.4894062,
          40.5078081
        ]
      },
      "properties": {
        "内容": "バス停: 十六日町",
        "name": "十六日町",
        "operator": "事業者不明",
        "ref": "",
        "url": "",
        "url2": ""
      }
    },
    {
      "type": "Feature",
      "geometry": {
        "type": "Point",
        "coordinates": [
          141.4908937,
          40.5080173
        ]
      },
      "properties": {
        "内容": "バス停: 寺横町",
        "name": "寺横町",
        "operator": "事業者不明",
        "ref": "",
        "url": "",
        "url2": ""
      }
    },
    {
      "type": "Feature",
      "geometry": {
        "type": "Point",
        "coordinates": [
          141.4934692,
          40.5080598
        ]
      },
      "properties": {
        "内容": "バス停: 長横町",
        "name": "長横町",
        "operator": "事業者不明",
        "ref": "",
        "url": "",
        "url2": ""
      }
    },
    {
      "type": "Feature",
      "geometry": {
        "type": "Point",
        "coordinates": [
          141.489834,
          40.5127774
        ]
      },
      "properties": {
        "内容": "バス停: 市庁前",
        "name": "市庁前",
        "operator": "事業者不明",
        "ref": "",
        "url": "",
        "url2": ""
      }
    },
    {
      "type": "Feature",
      "geometry": {
        "type": "Point",
        "coordinates": [
          141.4899601,
          40.5118598
        ]
      },
      "properties": {
        "内容": "バス停: 市庁前",
        "name": "市庁前",
        "operator": "事業者不明",
        "ref": "",
        "url": "",
        "url2": ""
      }
    },
    {
      "type": "Feature",
      "geometry": {
        "type": "Point",
        "coordinates": [
          141.4890227,
          40.5164353
        ]
      },
      "properties": {
        "内容": "バス停: 本八戸駅 (八戸市交通部)",
        "name": "本八戸駅",
        "operator": "八戸市交通部",
        "ref": "",
        "url": "",
        "url2": ""
      }
    },
    {
      "type": "Feature",
      "geometry": {
        "type": "Point",
        "coordinates": [
          141.4892397,
          40.5166084
        ]
      },
      "properties": {
        "内容": "バス停: 本八戸駅",
        "name": "本八戸駅",
        "operator": "事業者不明",
        "ref": "",
        "url": "",
        "url2": ""
      }
    },
    {
      "type": "Feature",
      "geometry": {
        "type": "Point",
        "coordinates": [
          141.4961542,
          40.5127395
        ]
      },
      "properties": {
        "内容": "バス停: 二十八日町",
        "name": "二十八日町",
        "operator": "事業者不明",
        "ref": "",
        "url": "",
        "url2": ""
      }
    },
    {
      "type": "Feature",
      "geometry": {
        "type": "Point",
        "coordinates": [
          141.4949794,
          40.5062816
        ]
      },
      "properties": {
        "内容": "バス停: 東高校通",
        "name": "東高校通",
        "operator": "事業者不明",
        "ref": "",
        "url": "",
        "url2": ""
      }
    },
    {
      "type": "Feature",
      "geometry": {
        "type": "Point",
        "coordinates": [
          141.4942501,
          40.5071547
        ]
      },
      "properties": {
        "内容": "バス停: 新長横町",
        "name": "新長横町",
        "operator": "事業者不明",
        "ref": "",
        "url": "",
        "url2": ""
      }
    },
    {
      "type": "Feature",
      "geometry": {
        "type": "Point",
        "coordinates": [
          141.4968197,
          40.504082
        ]
      },
      "properties": {
        "内容": "バス停: 吹上",
        "name": "吹上",
        "operator": "事業者不明",
        "ref": "",
        "url": "",
        "url2": ""
      }
    },
    {
      "type": "Feature",
      "geometry": {
        "type": "Point",
        "coordinates": [
          141.5010611,
          40.502052
        ]
      },
      "properties": {
        "内容": "バス停: 一中前",
        "name": "一中前",
        "operator": "事業者不明",
        "ref": "",
        "url": "",
        "url2": ""
      }
    },
    {
      "type": "Feature",
      "geometry": {
        "type": "Point",
        "coordinates": [
          141.5003411,
          40.502235
        ]
      },
      "properties": {
        "内容": "バス停: 一中前",
        "name": "一中前",
        "operator": "事業者不明",
        "ref": "",
        "url": "",
        "url2": ""
      }
    },
    {
      "type": "Feature",
      "geometry": {
        "type": "Point",
        "coordinates": [
          141.4965152,
          40.503401
        ]
      },
      "properties": {
        "内容": "バス停: 吹上",
        "name": "吹上",
        "operator": "事業者不明",
        "ref": "",
        "url": "",
        "url2": ""
      }
    },
    {
      "type": "Feature",
      "geometry": {
        "type": "Point",
        "coordinates": [
          141.4926245,
          40.5062477
        ]
      },
      "properties": {
        "内容": "バス停: 鍛冶町",
        "name": "鍛冶町",
        "operator": "事業者不明",
        "ref": "",
        "url": "",
        "url2": ""
      }
    },
    {
      "type": "Feature",
      "geometry": {
        "type": "Point",
        "coordinates": [
          141.4911126,
          40.5061402
        ]
      },
      "properties": {
        "内容": "バス停: 鍛冶町",
        "name": "鍛冶町",
        "operator": "事業者不明",
        "ref": "",
        "url": "",
        "url2": ""
      }
    },
    {
      "type": "Feature",
      "geometry": {
        "type": "Point",
        "coordinates": [
          141.4917955,
          40.5064963
        ]
      },
      "properties": {
        "内容": "バス停: 鍛冶町",
        "name": "鍛冶町",
        "operator": "事業者不明",
        "ref": "",
        "url": "",
        "url2": ""
      }
    },
    {
      "type": "Feature",
      "geometry": {
        "type": "Point",
        "coordinates": [
          141.5417029,
          40.5226274
        ]
      },
      "properties": {
        "内容": "バス停: 白銀",
        "name": "白銀",
        "operator": "事業者不明",
        "ref": "",
        "url": "",
        "url2": ""
      }
    },
    {
      "type": "Feature",
      "geometry": {
        "type": "Point",
        "coordinates": [
          141.5369879,
          40.5228126
        ]
      },
      "properties": {
        "内容": "バス停: 三島下",
        "name": "三島下",
        "operator": "事業者不明",
        "ref": "",
        "url": "",
        "url2": ""
      }
    },
    {
      "type": "Feature",
      "geometry": {
        "type": "Point",
        "coordinates": [
          141.5322972,
          40.5237788
        ]
      },
      "properties": {
        "内容": "バス停: 大沢",
        "name": "大沢",
        "operator": "事業者不明",
        "ref": "",
        "url": "",
        "url2": ""
      }
    },
    {
      "type": "Feature",
      "geometry": {
        "type": "Point",
        "coordinates": [
          141.5017258,
          40.5257165
        ]
      },
      "properties": {
        "内容": "バス停: アクロスプラザ前",
        "name": "アクロスプラザ前",
        "operator": "事業者不明",
        "ref": "",
        "url": "",
        "url2": ""
      }
    },
    {
      "type": "Feature",
      "geometry": {
        "type": "Point",
        "coordinates": [
          141.5379987,
          40.507199
        ]
      },
      "properties": {
        "内容": "バス停: 平和病院前",
        "name": "平和病院前",
        "operator": "事業者不明",
        "ref": "",
        "url": "",
        "url2": ""
      }
    },
    {
      "type": "Feature",
      "geometry": {
        "type": "Point",
        "coordinates": [
          141.5377344,
          40.5071432
        ]
      },
      "properties": {
        "内容": "バス停: 平和病院前",
        "name": "平和病院前",
        "operator": "事業者不明",
        "ref": "",
        "url": "",
        "url2": ""
      }
    },
    {
      "type": "Feature",
      "geometry": {
        "type": "Point",
        "coordinates": [
          141.5380101,
          40.5031535
        ]
      },
      "properties": {
        "内容": "バス停: 市営旭ヶ丘営業所前 (南部バス)",
        "name": "市営旭ヶ丘営業所前",
        "operator": "南部バス",
        "ref": "",
        "url": "",
        "url2": ""
      }
    },
    {
      "type": "Feature",
      "geometry": {
        "type": "Point",
        "coordinates": [
          141.5381941,
          40.5033089
        ]
      },
      "properties": {
        "内容": "バス停: 市営旭ヶ丘営業所前 (南部バス)",
        "name": "市営旭ヶ丘営業所前",
        "operator": "南部バス",
        "ref": "",
        "url": "",
        "url2": ""
      }
    },
    {
      "type": "Feature",
      "geometry": {
        "type": "Point",
        "coordinates": [
          141.5176499,
          40.5008534
        ]
      },
      "properties": {
        "内容": "バス停: 名称不明バス停",
        "name": "名称不明バス停",
        "operator": "事業者不明",
        "ref": "",
        "url": "",
        "url2": ""
      }
    },
    {
      "type": "Feature",
      "geometry": {
        "type": "Point",
        "coordinates": [
          141.4540242,
          40.5263752
        ]
      },
      "properties": {
        "内容": "バス停: 八食センター",
        "name": "八食センター",
        "operator": "事業者不明",
        "ref": "",
        "url": "",
        "url2": ""
      }
    },
    {
      "type": "Feature",
      "geometry": {
        "type": "Point",
        "coordinates": [
          141.563826,
          40.5198193
        ]
      },
      "properties": {
        "内容": "バス停: 岬台団地入口",
        "name": "岬台団地入口",
        "operator": "事業者不明",
        "ref": "",
        "url": "",
        "url2": ""
      }
    },
    {
      "type": "Feature",
      "geometry": {
        "type": "Point",
        "coordinates": [
          141.5638851,
          40.5196723
        ]
      },
      "properties": {
        "内容": "バス停: 岬台団地入口",
        "name": "岬台団地入口",
        "operator": "事業者不明",
        "ref": "",
        "url": "",
        "url2": ""
      }
    },
    {
      "type": "Feature",
      "geometry": {
        "type": "Point",
        "coordinates": [
          141.562611,
          40.5175245
        ]
      },
      "properties": {
        "内容": "バス停: 岬台団地西口",
        "name": "岬台団地西口",
        "operator": "事業者不明",
        "ref": "",
        "url": "",
        "url2": ""
      }
    },
    {
      "type": "Feature",
      "geometry": {
        "type": "Point",
        "coordinates": [
          141.5629204,
          40.5178886
        ]
      },
      "properties": {
        "内容": "バス停: 岬台団地西口",
        "name": "岬台団地西口",
        "operator": "事業者不明",
        "ref": "",
        "url": "",
        "url2": ""
      }
    },
    {
      "type": "Feature",
      "geometry": {
        "type": "Point",
        "coordinates": [
          141.5651016,
          40.5219771
        ]
      },
      "properties": {
        "内容": "バス停: 岬台団地北口",
        "name": "岬台団地北口",
        "operator": "事業者不明",
        "ref": "",
        "url": "",
        "url2": ""
      }
    },
    {
      "type": "Feature",
      "geometry": {
        "type": "Point",
        "coordinates": [
          141.4671494,
          40.5196212
        ]
      },
      "properties": {
        "内容": "バス停: 長苗代",
        "name": "長苗代",
        "operator": "事業者不明",
        "ref": "",
        "url": "",
        "url2": ""
      }
    },
    {
      "type": "Feature",
      "geometry": {
        "type": "Point",
        "coordinates": [
          141.4676355,
          40.5183133
        ]
      },
      "properties": {
        "内容": "バス停: 内舟渡",
        "name": "内舟渡",
        "operator": "事業者不明",
        "ref": "",
        "url": "",
        "url2": ""
      }
    },
    {
      "type": "Feature",
      "geometry": {
        "type": "Point",
        "coordinates": [
          141.5411816,
          40.503126
        ]
      },
      "properties": {
        "内容": "バス停: 東運動公園",
        "name": "東運動公園",
        "operator": "事業者不明",
        "ref": "",
        "url": "",
        "url2": ""
      }
    },
    {
      "type": "Feature",
      "geometry": {
        "type": "Point",
        "coordinates": [
          141.6189837,
          40.4519539
        ]
      },
      "properties": {
        "内容": "バス停: 階上庁舎前",
        "name": "階上庁舎前",
        "operator": "事業者不明",
        "ref": "",
        "url": "",
        "url2": ""
      }
    },
    {
      "type": "Feature",
      "geometry": {
        "type": "Point",
        "coordinates": [
          141.5560323,
          40.5146148
        ]
      },
      "properties": {
        "内容": "バス停: 白銀台郵便局前",
        "name": "白銀台郵便局前",
        "operator": "事業者不明",
        "ref": "",
        "url": "",
        "url2": ""
      }
    },
    {
      "type": "Feature",
      "geometry": {
        "type": "Point",
        "coordinates": [
          141.619311,
          40.4520498
        ]
      },
      "properties": {
        "内容": "バス停: 階上庁舎前",
        "name": "階上庁舎前",
        "operator": "事業者不明",
        "ref": "",
        "url": "",
        "url2": ""
      }
    },
    {
      "type": "Feature",
      "geometry": {
        "type": "Point",
        "coordinates": [
          141.3652345,
          40.5817136
        ]
      },
      "properties": {
        "内容": "バス停: 名称不明バス停",
        "name": "名称不明バス停",
        "operator": "事業者不明",
        "ref": "",
        "url": "",
        "url2": ""
      }
    },
    {
      "type": "Feature",
      "geometry": {
        "type": "Point",
        "coordinates": [
          141.463045,
          40.4873389
        ]
      },
      "properties": {
        "内容": "バス停: 八戸インター",
        "name": "八戸インター",
        "operator": "事業者不明",
        "ref": "",
        "url": "",
        "url2": ""
      }
    },
    {
      "type": "Feature",
      "geometry": {
        "type": "Point",
        "coordinates": [
          141.4634146,
          40.4872423
        ]
      },
      "properties": {
        "内容": "バス停: 八戸インター",
        "name": "八戸インター",
        "operator": "事業者不明",
        "ref": "",
        "url": "",
        "url2": ""
      }
    },
    {
      "type": "Feature",
      "geometry": {
        "type": "Point",
        "coordinates": [
          141.465227,
          40.4871816
        ]
      },
      "properties": {
        "内容": "バス停: 東白山台",
        "name": "東白山台",
        "operator": "事業者不明",
        "ref": "",
        "url": "",
        "url2": ""
      }
    },
    {
      "type": "Feature",
      "geometry": {
        "type": "Point",
        "coordinates": [
          141.4651182,
          40.4870404
        ]
      },
      "properties": {
        "内容": "バス停: 東白山台",
        "name": "東白山台",
        "operator": "事業者不明",
        "ref": "",
        "url": "",
        "url2": ""
      }
    },
    {
      "type": "Feature",
      "geometry": {
        "type": "Point",
        "coordinates": [
          141.4663885,
          40.4866118
        ]
      },
      "properties": {
        "内容": "バス停: 東白山台",
        "name": "東白山台",
        "operator": "事業者不明",
        "ref": "",
        "url": "",
        "url2": ""
      }
    },
    {
      "type": "Feature",
      "geometry": {
        "type": "Point",
        "coordinates": [
          141.4660581,
          40.4863946
        ]
      },
      "properties": {
        "内容": "バス停: 東白山台",
        "name": "東白山台",
        "operator": "事業者不明",
        "ref": "",
        "url": "",
        "url2": ""
      }
    },
    {
      "type": "Feature",
      "geometry": {
        "type": "Point",
        "coordinates": [
          141.4671478,
          40.4894216
        ]
      },
      "properties": {
        "内容": "バス停: 北白山台",
        "name": "北白山台",
        "operator": "事業者不明",
        "ref": "",
        "url": "",
        "url2": ""
      }
    },
    {
      "type": "Feature",
      "geometry": {
        "type": "Point",
        "coordinates": [
          141.4673975,
          40.4892891
        ]
      },
      "properties": {
        "内容": "バス停: 北白山台",
        "name": "北白山台",
        "operator": "事業者不明",
        "ref": "",
        "url": "",
        "url2": ""
      }
    },
    {
      "type": "Feature",
      "geometry": {
        "type": "Point",
        "coordinates": [
          141.4685449,
          40.4883659
        ]
      },
      "properties": {
        "内容": "バス停: グランドサンピア八戸",
        "name": "グランドサンピア八戸",
        "operator": "事業者不明",
        "ref": "",
        "url": "",
        "url2": ""
      }
    },
    {
      "type": "Feature",
      "geometry": {
        "type": "Point",
        "coordinates": [
          141.4614349,
          40.4820742
        ]
      },
      "properties": {
        "内容": "バス停: ニュータウン中央",
        "name": "ニュータウン中央",
        "operator": "事業者不明",
        "ref": "",
        "url": "",
        "url2": ""
      }
    },
    {
      "type": "Feature",
      "geometry": {
        "type": "Point",
        "coordinates": [
          141.4613619,
          40.4819934
        ]
      },
      "properties": {
        "内容": "バス停: ニュータウン中央",
        "name": "ニュータウン中央",
        "operator": "事業者不明",
        "ref": "",
        "url": "",
        "url2": ""
      }
    },
    {
      "type": "Feature",
      "geometry": {
        "type": "Point",
        "coordinates": [
          141.4662045,
          40.4816208
        ]
      },
      "properties": {
        "内容": "バス停: 丹後平",
        "name": "丹後平",
        "operator": "事業者不明",
        "ref": "",
        "url": "",
        "url2": ""
      }
    },
    {
      "type": "Feature",
      "geometry": {
        "type": "Point",
        "coordinates": [
          141.4660054,
          40.4815399
        ]
      },
      "properties": {
        "内容": "バス停: 丹後平",
        "name": "丹後平",
        "operator": "事業者不明",
        "ref": "",
        "url": "",
        "url2": ""
      }
    },
    {
      "type": "Feature",
      "geometry": {
        "type": "Point",
        "coordinates": [
          141.4670401,
          40.4804809
        ]
      },
      "properties": {
        "内容": "バス停: 水道企業団前",
        "name": "水道企業団前",
        "operator": "事業者不明",
        "ref": "",
        "url": "",
        "url2": ""
      }
    },
    {
      "type": "Feature",
      "geometry": {
        "type": "Point",
        "coordinates": [
          141.4666239,
          40.4802793
        ]
      },
      "properties": {
        "内容": "バス停: 水道企業団前",
        "name": "水道企業団前",
        "operator": "事業者不明",
        "ref": "",
        "url": "",
        "url2": ""
      }
    },
    {
      "type": "Feature",
      "geometry": {
        "type": "Point",
        "coordinates": [
          141.4659315,
          40.4778548
        ]
      },
      "properties": {
        "内容": "バス停: 白山浄水場前",
        "name": "白山浄水場前",
        "operator": "事業者不明",
        "ref": "",
        "url": "",
        "url2": ""
      }
    },
    {
      "type": "Feature",
      "geometry": {
        "type": "Point",
        "coordinates": [
          141.4657435,
          40.477467
        ]
      },
      "properties": {
        "内容": "バス停: 白山浄水場前",
        "name": "白山浄水場前",
        "operator": "事業者不明",
        "ref": "",
        "url": "",
        "url2": ""
      }
    },
    {
      "type": "Feature",
      "geometry": {
        "type": "Point",
        "coordinates": [
          141.4646929,
          40.4764932
        ]
      },
      "properties": {
        "内容": "バス停: 南白山台",
        "name": "南白山台",
        "operator": "事業者不明",
        "ref": "",
        "url": "",
        "url2": ""
      }
    },
    {
      "type": "Feature",
      "geometry": {
        "type": "Point",
        "coordinates": [
          141.4646914,
          40.4763244
        ]
      },
      "properties": {
        "内容": "バス停: 南白山台",
        "name": "南白山台",
        "operator": "事業者不明",
        "ref": "",
        "url": "",
        "url2": ""
      }
    },
    {
      "type": "Feature",
      "geometry": {
        "type": "Point",
        "coordinates": [
          141.4620139,
          40.4765166
        ]
      },
      "properties": {
        "内容": "バス停: ニュータウン南",
        "name": "ニュータウン南",
        "operator": "事業者不明",
        "ref": "",
        "url": "",
        "url2": ""
      }
    },
    {
      "type": "Feature",
      "geometry": {
        "type": "Point",
        "coordinates": [
          141.461712,
          40.4764029
        ]
      },
      "properties": {
        "内容": "バス停: ニュータウン南",
        "name": "ニュータウン南",
        "operator": "事業者不明",
        "ref": "",
        "url": "",
        "url2": ""
      }
    },
    {
      "type": "Feature",
      "geometry": {
        "type": "Point",
        "coordinates": [
          141.4586078,
          40.4766771
        ]
      },
      "properties": {
        "内容": "バス停: 西白山台",
        "name": "西白山台",
        "operator": "事業者不明",
        "ref": "",
        "url": "",
        "url2": ""
      }
    },
    {
      "type": "Feature",
      "geometry": {
        "type": "Point",
        "coordinates": [
          141.4584707,
          40.4765344
        ]
      },
      "properties": {
        "内容": "バス停: 西白山台",
        "name": "西白山台",
        "operator": "事業者不明",
        "ref": "",
        "url": "",
        "url2": ""
      }
    },
    {
      "type": "Feature",
      "geometry": {
        "type": "Point",
        "coordinates": [
          141.4559997,
          40.4786235
        ]
      },
      "properties": {
        "内容": "バス停: 八戸ニュータウン",
        "name": "八戸ニュータウン",
        "operator": "事業者不明",
        "ref": "",
        "url": "",
        "url2": ""
      }
    },
    {
      "type": "Feature",
      "geometry": {
        "type": "Point",
        "coordinates": [
          141.4553481,
          40.4789469
        ]
      },
      "properties": {
        "内容": "バス停: 八戸ニュータウン",
        "name": "八戸ニュータウン",
        "operator": "事業者不明",
        "ref": "",
        "url": "",
        "url2": ""
      }
    },
    {
      "type": "Feature",
      "geometry": {
        "type": "Point",
        "coordinates": [
          141.4536504,
          40.4807644
        ]
      },
      "properties": {
        "内容": "バス停: 白山台中学校前",
        "name": "白山台中学校前",
        "operator": "事業者不明",
        "ref": "",
        "url": "",
        "url2": ""
      }
    },
    {
      "type": "Feature",
      "geometry": {
        "type": "Point",
        "coordinates": [
          141.4534163,
          40.4807984
        ]
      },
      "properties": {
        "内容": "バス停: 白山台中学校前",
        "name": "白山台中学校前",
        "operator": "事業者不明",
        "ref": "",
        "url": "",
        "url2": ""
      }
    },
    {
      "type": "Feature",
      "geometry": {
        "type": "Point",
        "coordinates": [
          141.4520271,
          40.4899296
        ]
      },
      "properties": {
        "内容": "バス停: 南田面木",
        "name": "南田面木",
        "operator": "事業者不明",
        "ref": "",
        "url": "",
        "url2": ""
      }
    },
    {
      "type": "Feature",
      "geometry": {
        "type": "Point",
        "coordinates": [
          141.4519311,
          40.4896647
        ]
      },
      "properties": {
        "内容": "バス停: 南田面木",
        "name": "南田面木",
        "operator": "事業者不明",
        "ref": "",
        "url": "",
        "url2": ""
      }
    },
    {
      "type": "Feature",
      "geometry": {
        "type": "Point",
        "coordinates": [
          141.5029733,
          40.5214764
        ]
      },
      "properties": {
        "内容": "バス停: 八戸ラピアバスターミナル",
        "name": "八戸ラピアバスターミナル",
        "operator": "事業者不明",
        "ref": "",
        "url": "",
        "url2": ""
      }
    },
    {
      "type": "Feature",
      "geometry": {
        "type": "Point",
        "coordinates": [
          141.4614842,
          40.4879485
        ]
      },
      "properties": {
        "内容": "バス停: 白山台団地前",
        "name": "白山台団地前",
        "operator": "事業者不明",
        "ref": "",
        "url": "",
        "url2": ""
      }
    },
    {
      "type": "Feature",
      "geometry": {
        "type": "Point",
        "coordinates": [
          141.4618048,
          40.4877738
        ]
      },
      "properties": {
        "内容": "バス停: 白山台団地前",
        "name": "白山台団地前",
        "operator": "事業者不明",
        "ref": "",
        "url": "",
        "url2": ""
      }
    },
    {
      "type": "Feature",
      "geometry": {
        "type": "Point",
        "coordinates": [
          141.2271082,
          40.7820606
        ]
      },
      "properties": {
        "内容": "バス停: 名称不明バス停",
        "name": "名称不明バス停",
        "operator": "事業者不明",
        "ref": "",
        "url": "",
        "url2": ""
      }
    },
    {
      "type": "Feature",
      "geometry": {
        "type": "Point",
        "coordinates": [
          141.2247069,
          40.7807473
        ]
      },
      "properties": {
        "内容": "バス停: 名称不明バス停",
        "name": "名称不明バス停",
        "operator": "事業者不明",
        "ref": "",
        "url": "",
        "url2": ""
      }
    },
    {
      "type": "Feature",
      "geometry": {
        "type": "Point",
        "coordinates": [
          141.2247276,
          40.7809615
        ]
      },
      "properties": {
        "内容": "バス停: 名称不明バス停",
        "name": "名称不明バス停",
        "operator": "事業者不明",
        "ref": "",
        "url": "",
        "url2": ""
      }
    },
    {
      "type": "Feature",
      "geometry": {
        "type": "Point",
        "coordinates": [
          141.2128909,
          40.7801244
        ]
      },
      "properties": {
        "内容": "バス停: 名称不明バス停",
        "name": "名称不明バス停",
        "operator": "事業者不明",
        "ref": "",
        "url": "",
        "url2": ""
      }
    },
    {
      "type": "Feature",
      "geometry": {
        "type": "Point",
        "coordinates": [
          140.4925799,
          40.5778894
        ]
      },
      "properties": {
        "内容": "バス停: 安原入口",
        "name": "安原入口",
        "operator": "事業者不明",
        "ref": "",
        "url": "",
        "url2": ""
      }
    },
    {
      "type": "Feature",
      "geometry": {
        "type": "Point",
        "coordinates": [
          140.4944776,
          40.5790213
        ]
      },
      "properties": {
        "内容": "バス停: 大清水4丁目",
        "name": "大清水4丁目",
        "operator": "事業者不明",
        "ref": "",
        "url": "",
        "url2": ""
      }
    },
    {
      "type": "Feature",
      "geometry": {
        "type": "Point",
        "coordinates": [
          140.4930647,
          40.5783758
        ]
      },
      "properties": {
        "内容": "バス停: 安原入口",
        "name": "安原入口",
        "operator": "事業者不明",
        "ref": "",
        "url": "",
        "url2": ""
      }
    },
    {
      "type": "Feature",
      "geometry": {
        "type": "Point",
        "coordinates": [
          140.4821495,
          40.6000745
        ]
      },
      "properties": {
        "内容": "バス停: バスターミナル前",
        "name": "バスターミナル前",
        "operator": "事業者不明",
        "ref": "",
        "url": "",
        "url2": ""
      }
    },
    {
      "type": "Feature",
      "geometry": {
        "type": "Point",
        "coordinates": [
          140.477995,
          40.6001225
        ]
      },
      "properties": {
        "内容": "バス停: 中央通り1丁目",
        "name": "中央通り1丁目",
        "operator": "事業者不明",
        "ref": "",
        "url": "",
        "url2": ""
      }
    },
    {
      "type": "Feature",
      "geometry": {
        "type": "Point",
        "coordinates": [
          140.476218,
          40.5986185
        ]
      },
      "properties": {
        "内容": "バス停: 上代官町 (弘南バス)",
        "name": "上代官町",
        "operator": "弘南バス",
        "ref": "",
        "url": "",
        "url2": ""
      }
    },
    {
      "type": "Feature",
      "geometry": {
        "type": "Point",
        "coordinates": [
          140.4776835,
          40.5961607
        ]
      },
      "properties": {
        "内容": "バス停: 上土手町",
        "name": "上土手町",
        "operator": "事業者不明",
        "ref": "",
        "url": "",
        "url2": ""
      }
    },
    {
      "type": "Feature",
      "geometry": {
        "type": "Point",
        "coordinates": [
          140.4812949,
          40.5920512
        ]
      },
      "properties": {
        "内容": "バス停: 中央松森町",
        "name": "中央松森町",
        "operator": "事業者不明",
        "ref": "",
        "url": "",
        "url2": ""
      }
    },
    {
      "type": "Feature",
      "geometry": {
        "type": "Point",
        "coordinates": [
          140.481925,
          40.5914932
        ]
      },
      "properties": {
        "内容": "バス停: 中央松森町",
        "name": "中央松森町",
        "operator": "事業者不明",
        "ref": "",
        "url": "",
        "url2": ""
      }
    },
    {
      "type": "Feature",
      "geometry": {
        "type": "Point",
        "coordinates": [
          140.4844359,
          40.5886408
        ]
      },
      "properties": {
        "内容": "バス停: 松森町角",
        "name": "松森町角",
        "operator": "事業者不明",
        "ref": "",
        "url": "",
        "url2": ""
      }
    },
    {
      "type": "Feature",
      "geometry": {
        "type": "Point",
        "coordinates": [
          140.4881711,
          40.5853648
        ]
      },
      "properties": {
        "内容": "バス停: 取上",
        "name": "取上",
        "operator": "事業者不明",
        "ref": "",
        "url": "",
        "url2": ""
      }
    },
    {
      "type": "Feature",
      "geometry": {
        "type": "Point",
        "coordinates": [
          140.4882967,
          40.5852089
        ]
      },
      "properties": {
        "内容": "バス停: 取上",
        "name": "取上",
        "operator": "事業者不明",
        "ref": "",
        "url": "",
        "url2": ""
      }
    },
    {
      "type": "Feature",
      "geometry": {
        "type": "Point",
        "coordinates": [
          140.4935466,
          40.5812892
        ]
      },
      "properties": {
        "内容": "バス停: 大清水",
        "name": "大清水",
        "operator": "事業者不明",
        "ref": "",
        "url": "",
        "url2": ""
      }
    },
    {
      "type": "Feature",
      "geometry": {
        "type": "Point",
        "coordinates": [
          140.4963196,
          40.579919
        ]
      },
      "properties": {
        "内容": "バス停: 大清水局前",
        "name": "大清水局前",
        "operator": "事業者不明",
        "ref": "",
        "url": "",
        "url2": ""
      }
    },
    {
      "type": "Feature",
      "geometry": {
        "type": "Point",
        "coordinates": [
          140.5002084,
          40.578962
        ]
      },
      "properties": {
        "内容": "バス停: 門外十文字",
        "name": "門外十文字",
        "operator": "事業者不明",
        "ref": "",
        "url": "",
        "url2": ""
      }
    },
    {
      "type": "Feature",
      "geometry": {
        "type": "Point",
        "coordinates": [
          140.491609,
          40.5596388
        ]
      },
      "properties": {
        "内容": "バス停: 弘前営業所",
        "name": "弘前営業所",
        "operator": "事業者不明",
        "ref": "",
        "url": "",
        "url2": ""
      }
    },
    {
      "type": "Feature",
      "geometry": {
        "type": "Point",
        "coordinates": [
          140.4739564,
          40.5895111
        ]
      },
      "properties": {
        "内容": "バス停: 弘前大学",
        "name": "弘前大学",
        "operator": "事業者不明",
        "ref": "",
        "url": "",
        "url2": ""
      }
    },
    {
      "type": "Feature",
      "geometry": {
        "type": "Point",
        "coordinates": [
          141.4642524,
          40.5867656
        ]
      },
      "properties": {
        "内容": "バス停: 浜市川",
        "name": "浜市川",
        "operator": "事業者不明",
        "ref": "",
        "url": "",
        "url2": ""
      }
    },
    {
      "type": "Feature",
      "geometry": {
        "type": "Point",
        "coordinates": [
          141.4646542,
          40.5863429
        ]
      },
      "properties": {
        "内容": "バス停: 浜市川",
        "name": "浜市川",
        "operator": "事業者不明",
        "ref": "",
        "url": "",
        "url2": ""
      }
    },
    {
      "type": "Feature",
      "geometry": {
        "type": "Point",
        "coordinates": [
          141.4696376,
          40.5798161
        ]
      },
      "properties": {
        "内容": "バス停: 海浜荘前",
        "name": "海浜荘前",
        "operator": "事業者不明",
        "ref": "",
        "url": "",
        "url2": ""
      }
    },
    {
      "type": "Feature",
      "geometry": {
        "type": "Point",
        "coordinates": [
          141.4694949,
          40.5798887
        ]
      },
      "properties": {
        "内容": "バス停: 海浜荘前",
        "name": "海浜荘前",
        "operator": "事業者不明",
        "ref": "",
        "url": "",
        "url2": ""
      }
    },
    {
      "type": "Feature",
      "geometry": {
        "type": "Point",
        "coordinates": [
          141.4714022,
          40.5762241
        ]
      },
      "properties": {
        "内容": "バス停: 市川変電所",
        "name": "市川変電所",
        "operator": "事業者不明",
        "ref": "",
        "url": "",
        "url2": ""
      }
    },
    {
      "type": "Feature",
      "geometry": {
        "type": "Point",
        "coordinates": [
          141.47124,
          40.5760607
        ]
      },
      "properties": {
        "内容": "バス停: 市川変電所",
        "name": "市川変電所",
        "operator": "事業者不明",
        "ref": "",
        "url": "",
        "url2": ""
      }
    },
    {
      "type": "Feature",
      "geometry": {
        "type": "Point",
        "coordinates": [
          141.470239,
          40.5763863
        ]
      },
      "properties": {
        "内容": "バス停: 市川変電所",
        "name": "市川変電所",
        "operator": "事業者不明",
        "ref": "",
        "url": "",
        "url2": ""
      }
    },
    {
      "type": "Feature",
      "geometry": {
        "type": "Point",
        "coordinates": [
          141.4628165,
          40.5728331
        ]
      },
      "properties": {
        "内容": "バス停: 桔梗野工業団地",
        "name": "桔梗野工業団地",
        "operator": "事業者不明",
        "ref": "",
        "url": "",
        "url2": ""
      }
    },
    {
      "type": "Feature",
      "geometry": {
        "type": "Point",
        "coordinates": [
          141.4627369,
          40.5730563
        ]
      },
      "properties": {
        "内容": "バス停: 桔梗野工業団地",
        "name": "桔梗野工業団地",
        "operator": "事業者不明",
        "ref": "",
        "url": "",
        "url2": ""
      }
    },
    {
      "type": "Feature",
      "geometry": {
        "type": "Point",
        "coordinates": [
          141.4580024,
          40.5703529
        ]
      },
      "properties": {
        "内容": "バス停: 車検登録事務所",
        "name": "車検登録事務所",
        "operator": "事業者不明",
        "ref": "",
        "url": "",
        "url2": ""
      }
    },
    {
      "type": "Feature",
      "geometry": {
        "type": "Point",
        "coordinates": [
          141.4581812,
          40.5691384
        ]
      },
      "properties": {
        "内容": "バス停: 車検登録事務所",
        "name": "車検登録事務所",
        "operator": "事業者不明",
        "ref": "",
        "url": "",
        "url2": ""
      }
    },
    {
      "type": "Feature",
      "geometry": {
        "type": "Point",
        "coordinates": [
          141.4554471,
          40.5675695
        ]
      },
      "properties": {
        "内容": "バス停: 八戸工科学院前",
        "name": "八戸工科学院前",
        "operator": "事業者不明",
        "ref": "",
        "url": "",
        "url2": ""
      }
    },
    {
      "type": "Feature",
      "geometry": {
        "type": "Point",
        "coordinates": [
          141.4549106,
          40.5681679
        ]
      },
      "properties": {
        "内容": "バス停: 堤下",
        "name": "堤下",
        "operator": "事業者不明",
        "ref": "",
        "url": "",
        "url2": ""
      }
    },
    {
      "type": "Feature",
      "geometry": {
        "type": "Point",
        "coordinates": [
          141.455975,
          40.5692999
        ]
      },
      "properties": {
        "内容": "バス停: 堤下",
        "name": "堤下",
        "operator": "事業者不明",
        "ref": "",
        "url": "",
        "url2": ""
      }
    },
    {
      "type": "Feature",
      "geometry": {
        "type": "Point",
        "coordinates": [
          141.4415898,
          40.5653295
        ]
      },
      "properties": {
        "内容": "バス停: 陸奥市川駅通",
        "name": "陸奥市川駅通",
        "operator": "事業者不明",
        "ref": "",
        "url": "",
        "url2": ""
      }
    },
    {
      "type": "Feature",
      "geometry": {
        "type": "Point",
        "coordinates": [
          141.4417814,
          40.5652018
        ]
      },
      "properties": {
        "内容": "バス停: 陸奥市川駅通",
        "name": "陸奥市川駅通",
        "operator": "事業者不明",
        "ref": "",
        "url": "",
        "url2": ""
      }
    },
    {
      "type": "Feature",
      "geometry": {
        "type": "Point",
        "coordinates": [
          141.4420879,
          40.5647554
        ]
      },
      "properties": {
        "内容": "バス停: 陸奥市川駅通",
        "name": "陸奥市川駅通",
        "operator": "事業者不明",
        "ref": "",
        "url": "",
        "url2": ""
      }
    },
    {
      "type": "Feature",
      "geometry": {
        "type": "Point",
        "coordinates": [
          141.4419432,
          40.5644417
        ]
      },
      "properties": {
        "内容": "バス停: 陸奥市川駅通",
        "name": "陸奥市川駅通",
        "operator": "事業者不明",
        "ref": "",
        "url": "",
        "url2": ""
      }
    },
    {
      "type": "Feature",
      "geometry": {
        "type": "Point",
        "coordinates": [
          141.4401358,
          40.5635085
        ]
      },
      "properties": {
        "内容": "バス停: 陸奥市川駅前",
        "name": "陸奥市川駅前",
        "operator": "事業者不明",
        "ref": "",
        "url": "",
        "url2": ""
      }
    },
    {
      "type": "Feature",
      "geometry": {
        "type": "Point",
        "coordinates": [
          141.4403721,
          40.563515
        ]
      },
      "properties": {
        "内容": "バス停: 陸奥市川駅前",
        "name": "陸奥市川駅前",
        "operator": "事業者不明",
        "ref": "",
        "url": "",
        "url2": ""
      }
    },
    {
      "type": "Feature",
      "geometry": {
        "type": "Point",
        "coordinates": [
          141.4474641,
          40.5620951
        ]
      },
      "properties": {
        "内容": "バス停: 前山",
        "name": "前山",
        "operator": "事業者不明",
        "ref": "",
        "url": "",
        "url2": ""
      }
    },
    {
      "type": "Feature",
      "geometry": {
        "type": "Point",
        "coordinates": [
          141.4479811,
          40.5614266
        ]
      },
      "properties": {
        "内容": "バス停: 前山",
        "name": "前山",
        "operator": "事業者不明",
        "ref": "",
        "url": "",
        "url2": ""
      }
    },
    {
      "type": "Feature",
      "geometry": {
        "type": "Point",
        "coordinates": [
          141.4491065,
          40.5604562
        ]
      },
      "properties": {
        "内容": "バス停: 桔梗野小学校通",
        "name": "桔梗野小学校通",
        "operator": "事業者不明",
        "ref": "",
        "url": "",
        "url2": ""
      }
    },
    {
      "type": "Feature",
      "geometry": {
        "type": "Point",
        "coordinates": [
          141.4490194,
          40.5604093
        ]
      },
      "properties": {
        "内容": "バス停: 桔梗野小学校通",
        "name": "桔梗野小学校通",
        "operator": "事業者不明",
        "ref": "",
        "url": "",
        "url2": ""
      }
    },
    {
      "type": "Feature",
      "geometry": {
        "type": "Point",
        "coordinates": [
          141.450649,
          40.5587778
        ]
      },
      "properties": {
        "内容": "バス停: 桔梗野",
        "name": "桔梗野",
        "operator": "事業者不明",
        "ref": "",
        "url": "",
        "url2": ""
      }
    },
    {
      "type": "Feature",
      "geometry": {
        "type": "Point",
        "coordinates": [
          141.4508879,
          40.5586555
        ]
      },
      "properties": {
        "内容": "バス停: 桔梗野",
        "name": "桔梗野",
        "operator": "事業者不明",
        "ref": "",
        "url": "",
        "url2": ""
      }
    },
    {
      "type": "Feature",
      "geometry": {
        "type": "Point",
        "coordinates": [
          141.4737779,
          40.572566
        ]
      },
      "properties": {
        "内容": "バス停: 三菱製紙前",
        "name": "三菱製紙前",
        "operator": "事業者不明",
        "ref": "",
        "url": "",
        "url2": ""
      }
    },
    {
      "type": "Feature",
      "geometry": {
        "type": "Point",
        "coordinates": [
          141.4743182,
          40.5721937
        ]
      },
      "properties": {
        "内容": "バス停: 三菱製紙前",
        "name": "三菱製紙前",
        "operator": "事業者不明",
        "ref": "",
        "url": "",
        "url2": ""
      }
    },
    {
      "type": "Feature",
      "geometry": {
        "type": "Point",
        "coordinates": [
          141.4827011,
          40.5620582
        ]
      },
      "properties": {
        "内容": "バス停: 上北沼",
        "name": "上北沼",
        "operator": "事業者不明",
        "ref": "",
        "url": "",
        "url2": ""
      }
    },
    {
      "type": "Feature",
      "geometry": {
        "type": "Point",
        "coordinates": [
          141.482583,
          40.5618846
        ]
      },
      "properties": {
        "内容": "バス停: 上北沼",
        "name": "上北沼",
        "operator": "事業者不明",
        "ref": "",
        "url": "",
        "url2": ""
      }
    },
    {
      "type": "Feature",
      "geometry": {
        "type": "Point",
        "coordinates": [
          141.4846992,
          40.5586648
        ]
      },
      "properties": {
        "内容": "バス停: 北沼",
        "name": "北沼",
        "operator": "事業者不明",
        "ref": "",
        "url": "",
        "url2": ""
      }
    },
    {
      "type": "Feature",
      "geometry": {
        "type": "Point",
        "coordinates": [
          141.4849992,
          40.5585631
        ]
      },
      "properties": {
        "内容": "バス停: 北沼",
        "name": "北沼",
        "operator": "事業者不明",
        "ref": "",
        "url": "",
        "url2": ""
      }
    },
    {
      "type": "Feature",
      "geometry": {
        "type": "Point",
        "coordinates": [
          141.4860673,
          40.5565905
        ]
      },
      "properties": {
        "内容": "バス停: みなと分庁舎前",
        "name": "みなと分庁舎前",
        "operator": "事業者不明",
        "ref": "",
        "url": "",
        "url2": ""
      }
    },
    {
      "type": "Feature",
      "geometry": {
        "type": "Point",
        "coordinates": [
          141.4864851,
          40.5563049
        ]
      },
      "properties": {
        "内容": "バス停: みなと分庁舎前",
        "name": "みなと分庁舎前",
        "operator": "事業者不明",
        "ref": "",
        "url": "",
        "url2": ""
      }
    },
    {
      "type": "Feature",
      "geometry": {
        "type": "Point",
        "coordinates": [
          141.4895,
          40.5516823
        ]
      },
      "properties": {
        "内容": "バス停: 精錬所前",
        "name": "精錬所前",
        "operator": "事業者不明",
        "ref": "",
        "url": "",
        "url2": ""
      }
    },
    {
      "type": "Feature",
      "geometry": {
        "type": "Point",
        "coordinates": [
          141.4899345,
          40.5514805
        ]
      },
      "properties": {
        "内容": "バス停: 精錬所前",
        "name": "精錬所前",
        "operator": "事業者不明",
        "ref": "",
        "url": "",
        "url2": ""
      }
    },
    {
      "type": "Feature",
      "geometry": {
        "type": "Point",
        "coordinates": [
          141.491162,
          40.5493622
        ]
      },
      "properties": {
        "内容": "バス停: 蓮沼",
        "name": "蓮沼",
        "operator": "事業者不明",
        "ref": "",
        "url": "",
        "url2": ""
      }
    },
    {
      "type": "Feature",
      "geometry": {
        "type": "Point",
        "coordinates": [
          141.4913296,
          40.5495242
        ]
      },
      "properties": {
        "内容": "バス停: 蓮沼",
        "name": "蓮沼",
        "operator": "事業者不明",
        "ref": "",
        "url": "",
        "url2": ""
      }
    },
    {
      "type": "Feature",
      "geometry": {
        "type": "Point",
        "coordinates": [
          141.4952345,
          40.5438206
        ]
      },
      "properties": {
        "内容": "バス停: 上浜名谷地",
        "name": "上浜名谷地",
        "operator": "事業者不明",
        "ref": "",
        "url": "",
        "url2": ""
      }
    },
    {
      "type": "Feature",
      "geometry": {
        "type": "Point",
        "coordinates": [
          141.4956246,
          40.5436097
        ]
      },
      "properties": {
        "内容": "バス停: 上浜名谷地",
        "name": "上浜名谷地",
        "operator": "事業者不明",
        "ref": "",
        "url": "",
        "url2": ""
      }
    },
    {
      "type": "Feature",
      "geometry": {
        "type": "Point",
        "coordinates": [
          141.4957042,
          40.5411185
        ]
      },
      "properties": {
        "内容": "バス停: 浜名谷地",
        "name": "浜名谷地",
        "operator": "事業者不明",
        "ref": "",
        "url": "",
        "url2": ""
      }
    },
    {
      "type": "Feature",
      "geometry": {
        "type": "Point",
        "coordinates": [
          141.4954655,
          40.5412365
        ]
      },
      "properties": {
        "内容": "バス停: 浜名谷地",
        "name": "浜名谷地",
        "operator": "事業者不明",
        "ref": "",
        "url": "",
        "url2": ""
      }
    },
    {
      "type": "Feature",
      "geometry": {
        "type": "Point",
        "coordinates": [
          141.4911753,
          40.5396106
        ]
      },
      "properties": {
        "内容": "バス停: 八太郎生活館前",
        "name": "八太郎生活館前",
        "operator": "事業者不明",
        "ref": "",
        "url": "",
        "url2": ""
      }
    },
    {
      "type": "Feature",
      "geometry": {
        "type": "Point",
        "coordinates": [
          141.4911599,
          40.5396884
        ]
      },
      "properties": {
        "内容": "バス停: 八太郎生活館前",
        "name": "八太郎生活館前",
        "operator": "事業者不明",
        "ref": "",
        "url": "",
        "url2": ""
      }
    },
    {
      "type": "Feature",
      "geometry": {
        "type": "Point",
        "coordinates": [
          141.4868811,
          40.5383263
        ]
      },
      "properties": {
        "内容": "バス停: 八太郎",
        "name": "八太郎",
        "operator": "事業者不明",
        "ref": "",
        "url": "",
        "url2": ""
      }
    },
    {
      "type": "Feature",
      "geometry": {
        "type": "Point",
        "coordinates": [
          141.4869393,
          40.5380151
        ]
      },
      "properties": {
        "内容": "バス停: 八太郎",
        "name": "八太郎",
        "operator": "事業者不明",
        "ref": "",
        "url": "",
        "url2": ""
      }
    },
    {
      "type": "Feature",
      "geometry": {
        "type": "Point",
        "coordinates": [
          141.4896237,
          40.5358113
        ]
      },
      "properties": {
        "内容": "バス停: 新大橋",
        "name": "新大橋",
        "operator": "事業者不明",
        "ref": "",
        "url": "",
        "url2": ""
      }
    },
    {
      "type": "Feature",
      "geometry": {
        "type": "Point",
        "coordinates": [
          141.4894354,
          40.5356829
        ]
      },
      "properties": {
        "内容": "バス停: 新大橋",
        "name": "新大橋",
        "operator": "事業者不明",
        "ref": "",
        "url": "",
        "url2": ""
      }
    },
    {
      "type": "Feature",
      "geometry": {
        "type": "Point",
        "coordinates": [
          141.4600015,
          40.5434479
        ]
      },
      "properties": {
        "内容": "バス停: 見立山",
        "name": "見立山",
        "operator": "事業者不明",
        "ref": "",
        "url": "",
        "url2": ""
      }
    },
    {
      "type": "Feature",
      "geometry": {
        "type": "Point",
        "coordinates": [
          141.4606316,
          40.5433197
        ]
      },
      "properties": {
        "内容": "バス停: 見立山",
        "name": "見立山",
        "operator": "事業者不明",
        "ref": "",
        "url": "",
        "url2": ""
      }
    },
    {
      "type": "Feature",
      "geometry": {
        "type": "Point",
        "coordinates": [
          141.4654589,
          40.5422583
        ]
      },
      "properties": {
        "内容": "バス停: 高館小学校前",
        "name": "高館小学校前",
        "operator": "事業者不明",
        "ref": "",
        "url": "",
        "url2": ""
      }
    },
    {
      "type": "Feature",
      "geometry": {
        "type": "Point",
        "coordinates": [
          141.4656633,
          40.5424355
        ]
      },
      "properties": {
        "内容": "バス停: 高館小学校前",
        "name": "高館小学校前",
        "operator": "事業者不明",
        "ref": "",
        "url": "",
        "url2": ""
      }
    },
    {
      "type": "Feature",
      "geometry": {
        "type": "Point",
        "coordinates": [
          141.4670372,
          40.5462636
        ]
      },
      "properties": {
        "内容": "バス停: 八戸基地",
        "name": "八戸基地",
        "operator": "事業者不明",
        "ref": "",
        "url": "",
        "url2": ""
      }
    },
    {
      "type": "Feature",
      "geometry": {
        "type": "Point",
        "coordinates": [
          141.4704729,
          40.5450981
        ]
      },
      "properties": {
        "内容": "バス停: 小田上",
        "name": "小田上",
        "operator": "事業者不明",
        "ref": "",
        "url": "",
        "url2": ""
      }
    },
    {
      "type": "Feature",
      "geometry": {
        "type": "Point",
        "coordinates": [
          141.4705806,
          40.544939
        ]
      },
      "properties": {
        "内容": "バス停: 小田上",
        "name": "小田上",
        "operator": "事業者不明",
        "ref": "",
        "url": "",
        "url2": ""
      }
    },
    {
      "type": "Feature",
      "geometry": {
        "type": "Point",
        "coordinates": [
          141.4766718,
          40.5475871
        ]
      },
      "properties": {
        "内容": "バス停: 日計ヶ丘",
        "name": "日計ヶ丘",
        "operator": "事業者不明",
        "ref": "",
        "url": "",
        "url2": ""
      }
    },
    {
      "type": "Feature",
      "geometry": {
        "type": "Point",
        "coordinates": [
          141.4764865,
          40.547529
        ]
      },
      "properties": {
        "内容": "バス停: 日計ヶ丘",
        "name": "日計ヶ丘",
        "operator": "事業者不明",
        "ref": "",
        "url": "",
        "url2": ""
      }
    },
    {
      "type": "Feature",
      "geometry": {
        "type": "Point",
        "coordinates": [
          141.480411,
          40.5491385
        ]
      },
      "properties": {
        "内容": "バス停: 官舎入口",
        "name": "官舎入口",
        "operator": "事業者不明",
        "ref": "",
        "url": "",
        "url2": ""
      }
    },
    {
      "type": "Feature",
      "geometry": {
        "type": "Point",
        "coordinates": [
          141.4802551,
          40.5490514
        ]
      },
      "properties": {
        "内容": "バス停: 官舎入口",
        "name": "官舎入口",
        "operator": "事業者不明",
        "ref": "",
        "url": "",
        "url2": ""
      }
    },
    {
      "type": "Feature",
      "geometry": {
        "type": "Point",
        "coordinates": [
          141.4830013,
          40.5523112
        ]
      },
      "properties": {
        "内容": "バス停: シルバークリニック入口",
        "name": "シルバークリニック入口",
        "operator": "事業者不明",
        "ref": "",
        "url": "",
        "url2": ""
      }
    },
    {
      "type": "Feature",
      "geometry": {
        "type": "Point",
        "coordinates": [
          141.483637,
          40.5519483
        ]
      },
      "properties": {
        "内容": "バス停: シルバークリニック",
        "name": "シルバークリニック",
        "operator": "事業者不明",
        "ref": "",
        "url": "",
        "url2": ""
      }
    },
    {
      "type": "Feature",
      "geometry": {
        "type": "Point",
        "coordinates": [
          141.4834783,
          40.5475824
        ]
      },
      "properties": {
        "内容": "バス停: 官舎集会所前",
        "name": "官舎集会所前",
        "operator": "事業者不明",
        "ref": "",
        "url": "",
        "url2": ""
      }
    },
    {
      "type": "Feature",
      "geometry": {
        "type": "Point",
        "coordinates": [
          141.4824768,
          40.545612
        ]
      },
      "properties": {
        "内容": "バス停: 八太郎山",
        "name": "八太郎山",
        "operator": "事業者不明",
        "ref": "",
        "url": "",
        "url2": ""
      }
    },
    {
      "type": "Feature",
      "geometry": {
        "type": "Point",
        "coordinates": [
          141.4694024,
          40.5389187
        ]
      },
      "properties": {
        "内容": "バス停: 小田",
        "name": "小田",
        "operator": "事業者不明",
        "ref": "",
        "url": "",
        "url2": ""
      }
    },
    {
      "type": "Feature",
      "geometry": {
        "type": "Point",
        "coordinates": [
          141.4696014,
          40.5387498
        ]
      },
      "properties": {
        "内容": "バス停: 小田",
        "name": "小田",
        "operator": "事業者不明",
        "ref": "",
        "url": "",
        "url2": ""
      }
    },
    {
      "type": "Feature",
      "geometry": {
        "type": "Point",
        "coordinates": [
          141.471519,
          40.5393059
        ]
      },
      "properties": {
        "内容": "バス停: 長寿温泉前",
        "name": "長寿温泉前",
        "operator": "事業者不明",
        "ref": "",
        "url": "",
        "url2": ""
      }
    },
    {
      "type": "Feature",
      "geometry": {
        "type": "Point",
        "coordinates": [
          141.4720256,
          40.5391709
        ]
      },
      "properties": {
        "内容": "バス停: 長寿温泉前",
        "name": "長寿温泉前",
        "operator": "事業者不明",
        "ref": "",
        "url": "",
        "url2": ""
      }
    },
    {
      "type": "Feature",
      "geometry": {
        "type": "Point",
        "coordinates": [
          141.474083,
          40.5396938
        ]
      },
      "properties": {
        "内容": "バス停: 小田前",
        "name": "小田前",
        "operator": "事業者不明",
        "ref": "",
        "url": "",
        "url2": ""
      }
    },
    {
      "type": "Feature",
      "geometry": {
        "type": "Point",
        "coordinates": [
          141.4740665,
          40.5394335
        ]
      },
      "properties": {
        "内容": "バス停: 小田前",
        "name": "小田前",
        "operator": "事業者不明",
        "ref": "",
        "url": "",
        "url2": ""
      }
    },
    {
      "type": "Feature",
      "geometry": {
        "type": "Point",
        "coordinates": [
          141.4770071,
          40.5400673
        ]
      },
      "properties": {
        "内容": "バス停: 日計",
        "name": "日計",
        "operator": "事業者不明",
        "ref": "",
        "url": "",
        "url2": ""
      }
    },
    {
      "type": "Feature",
      "geometry": {
        "type": "Point",
        "coordinates": [
          141.4788512,
          40.5401442
        ]
      },
      "properties": {
        "内容": "バス停: 日計",
        "name": "日計",
        "operator": "事業者不明",
        "ref": "",
        "url": "",
        "url2": ""
      }
    },
    {
      "type": "Feature",
      "geometry": {
        "type": "Point",
        "coordinates": [
          141.4809833,
          40.5407985
        ]
      },
      "properties": {
        "内容": "バス停: 根岸",
        "name": "根岸",
        "operator": "事業者不明",
        "ref": "",
        "url": "",
        "url2": ""
      }
    },
    {
      "type": "Feature",
      "geometry": {
        "type": "Point",
        "coordinates": [
          141.481392,
          40.5405338
        ]
      },
      "properties": {
        "内容": "バス停: 根岸",
        "name": "根岸",
        "operator": "事業者不明",
        "ref": "",
        "url": "",
        "url2": ""
      }
    },
    {
      "type": "Feature",
      "geometry": {
        "type": "Point",
        "coordinates": [
          141.4852968,
          40.5398072
        ]
      },
      "properties": {
        "内容": "バス停: 根岸小学校前",
        "name": "根岸小学校前",
        "operator": "事業者不明",
        "ref": "",
        "url": "",
        "url2": ""
      }
    },
    {
      "type": "Feature",
      "geometry": {
        "type": "Point",
        "coordinates": [
          141.484912,
          40.539868
        ]
      },
      "properties": {
        "内容": "バス停: 根岸小学校前",
        "name": "根岸小学校前",
        "operator": "事業者不明",
        "ref": "",
        "url": "",
        "url2": ""
      }
    },
    {
      "type": "Feature",
      "geometry": {
        "type": "Point",
        "coordinates": [
          141.4751561,
          40.5364739
        ]
      },
      "properties": {
        "内容": "バス停: 河原木団地",
        "name": "河原木団地",
        "operator": "事業者不明",
        "ref": "",
        "url": "",
        "url2": ""
      }
    },
    {
      "type": "Feature",
      "geometry": {
        "type": "Point",
        "coordinates": [
          141.4749366,
          40.53627
        ]
      },
      "properties": {
        "内容": "バス停: 河原木団地",
        "name": "河原木団地",
        "operator": "事業者不明",
        "ref": "",
        "url": "",
        "url2": ""
      }
    },
    {
      "type": "Feature",
      "geometry": {
        "type": "Point",
        "coordinates": [
          141.4770384,
          40.5340407
        ]
      },
      "properties": {
        "内容": "バス停: 河原木団地南口",
        "name": "河原木団地南口",
        "operator": "事業者不明",
        "ref": "",
        "url": "",
        "url2": ""
      }
    },
    {
      "type": "Feature",
      "geometry": {
        "type": "Point",
        "coordinates": [
          141.4771502,
          40.5334166
        ]
      },
      "properties": {
        "内容": "バス停: 河原木団地南口",
        "name": "河原木団地南口",
        "operator": "事業者不明",
        "ref": "",
        "url": "",
        "url2": ""
      }
    },
    {
      "type": "Feature",
      "geometry": {
        "type": "Point",
        "coordinates": [
          141.4737086,
          40.5303076
        ]
      },
      "properties": {
        "内容": "バス停: 石堂",
        "name": "石堂",
        "operator": "事業者不明",
        "ref": "",
        "url": "",
        "url2": ""
      }
    },
    {
      "type": "Feature",
      "geometry": {
        "type": "Point",
        "coordinates": [
          141.4732232,
          40.5296186
        ]
      },
      "properties": {
        "内容": "バス停: 石堂",
        "name": "石堂",
        "operator": "事業者不明",
        "ref": "",
        "url": "",
        "url2": ""
      }
    },
    {
      "type": "Feature",
      "geometry": {
        "type": "Point",
        "coordinates": [
          141.4711069,
          40.5281589
        ]
      },
      "properties": {
        "内容": "バス停: 石堂二丁目",
        "name": "石堂二丁目",
        "operator": "事業者不明",
        "ref": "",
        "url": "",
        "url2": ""
      }
    },
    {
      "type": "Feature",
      "geometry": {
        "type": "Point",
        "coordinates": [
          141.4705088,
          40.5273597
        ]
      },
      "properties": {
        "内容": "バス停: 石堂二丁目",
        "name": "石堂二丁目",
        "operator": "事業者不明",
        "ref": "",
        "url": "",
        "url2": ""
      }
    },
    {
      "type": "Feature",
      "geometry": {
        "type": "Point",
        "coordinates": [
          141.4682664,
          40.5258021
        ]
      },
      "properties": {
        "内容": "バス停: 長苗代二丁目",
        "name": "長苗代二丁目",
        "operator": "事業者不明",
        "ref": "",
        "url": "",
        "url2": ""
      }
    },
    {
      "type": "Feature",
      "geometry": {
        "type": "Point",
        "coordinates": [
          141.4686795,
          40.5258367
        ]
      },
      "properties": {
        "内容": "バス停: 長苗代二丁目",
        "name": "長苗代二丁目",
        "operator": "事業者不明",
        "ref": "",
        "url": "",
        "url2": ""
      }
    },
    {
      "type": "Feature",
      "geometry": {
        "type": "Point",
        "coordinates": [
          141.4665498,
          40.5244402
        ]
      },
      "properties": {
        "内容": "バス停: 千田",
        "name": "千田",
        "operator": "事業者不明",
        "ref": "",
        "url": "",
        "url2": ""
      }
    },
    {
      "type": "Feature",
      "geometry": {
        "type": "Point",
        "coordinates": [
          141.4663874,
          40.52425
        ]
      },
      "properties": {
        "内容": "バス停: 千田",
        "name": "千田",
        "operator": "事業者不明",
        "ref": "",
        "url": "",
        "url2": ""
      }
    },
    {
      "type": "Feature",
      "geometry": {
        "type": "Point",
        "coordinates": [
          141.4645596,
          40.5283607
        ]
      },
      "properties": {
        "内容": "バス停: 下長",
        "name": "下長",
        "operator": "事業者不明",
        "ref": "",
        "url": "",
        "url2": ""
      }
    },
    {
      "type": "Feature",
      "geometry": {
        "type": "Point",
        "coordinates": [
          141.4644093,
          40.528805
        ]
      },
      "properties": {
        "内容": "バス停: 下長",
        "name": "下長",
        "operator": "事業者不明",
        "ref": "",
        "url": "",
        "url2": ""
      }
    },
    {
      "type": "Feature",
      "geometry": {
        "type": "Point",
        "coordinates": [
          141.4663442,
          40.5282313
        ]
      },
      "properties": {
        "内容": "バス停: 下長",
        "name": "下長",
        "operator": "事業者不明",
        "ref": "",
        "url": "",
        "url2": ""
      }
    },
    {
      "type": "Feature",
      "geometry": {
        "type": "Point",
        "coordinates": [
          141.4664721,
          40.528627
        ]
      },
      "properties": {
        "内容": "バス停: 下長",
        "name": "下長",
        "operator": "事業者不明",
        "ref": "",
        "url": "",
        "url2": ""
      }
    },
    {
      "type": "Feature",
      "geometry": {
        "type": "Point",
        "coordinates": [
          141.4707118,
          40.5326186
        ]
      },
      "properties": {
        "内容": "バス停: 河原木",
        "name": "河原木",
        "operator": "事業者不明",
        "ref": "",
        "url": "",
        "url2": ""
      }
    },
    {
      "type": "Feature",
      "geometry": {
        "type": "Point",
        "coordinates": [
          141.4713846,
          40.5329468
        ]
      },
      "properties": {
        "内容": "バス停: 河原木",
        "name": "河原木",
        "operator": "事業者不明",
        "ref": "",
        "url": "",
        "url2": ""
      }
    },
    {
      "type": "Feature",
      "geometry": {
        "type": "Point",
        "coordinates": [
          141.468898,
          40.5378546
        ]
      },
      "properties": {
        "内容": "バス停: 小田",
        "name": "小田",
        "operator": "事業者不明",
        "ref": "",
        "url": "",
        "url2": ""
      }
    },
    {
      "type": "Feature",
      "geometry": {
        "type": "Point",
        "coordinates": [
          141.4692415,
          40.5375558
        ]
      },
      "properties": {
        "内容": "バス停: 小田",
        "name": "小田",
        "operator": "事業者不明",
        "ref": "",
        "url": "",
        "url2": ""
      }
    },
    {
      "type": "Feature",
      "geometry": {
        "type": "Point",
        "coordinates": [
          141.4672926,
          40.5197545
        ]
      },
      "properties": {
        "内容": "バス停: 長苗代",
        "name": "長苗代",
        "operator": "事業者不明",
        "ref": "",
        "url": "",
        "url2": ""
      }
    },
    {
      "type": "Feature",
      "geometry": {
        "type": "Point",
        "coordinates": [
          141.4681544,
          40.5180084
        ]
      },
      "properties": {
        "内容": "バス停: 内舟渡",
        "name": "内舟渡",
        "operator": "事業者不明",
        "ref": "",
        "url": "",
        "url2": ""
      }
    },
    {
      "type": "Feature",
      "geometry": {
        "type": "Point",
        "coordinates": [
          141.4676704,
          40.5170472
        ]
      },
      "properties": {
        "内容": "バス停: 内舟渡",
        "name": "内舟渡",
        "operator": "事業者不明",
        "ref": "",
        "url": "",
        "url2": ""
      }
    },
    {
      "type": "Feature",
      "geometry": {
        "type": "Point",
        "coordinates": [
          141.4660196,
          40.5167736
        ]
      },
      "properties": {
        "内容": "バス停: 内舟渡",
        "name": "内舟渡",
        "operator": "事業者不明",
        "ref": "",
        "url": "",
        "url2": ""
      }
    },
    {
      "type": "Feature",
      "geometry": {
        "type": "Point",
        "coordinates": [
          141.4602877,
          40.5148141
        ]
      },
      "properties": {
        "内容": "バス停: 元木",
        "name": "元木",
        "operator": "事業者不明",
        "ref": "",
        "url": "",
        "url2": ""
      }
    },
    {
      "type": "Feature",
      "geometry": {
        "type": "Point",
        "coordinates": [
          141.4602186,
          40.5150107
        ]
      },
      "properties": {
        "内容": "バス停: 元木",
        "name": "元木",
        "operator": "事業者不明",
        "ref": "",
        "url": "",
        "url2": ""
      }
    },
    {
      "type": "Feature",
      "geometry": {
        "type": "Point",
        "coordinates": [
          141.4540299,
          40.5130465
        ]
      },
      "properties": {
        "内容": "バス停: 前田",
        "name": "前田",
        "operator": "事業者不明",
        "ref": "",
        "url": "",
        "url2": ""
      }
    },
    {
      "type": "Feature",
      "geometry": {
        "type": "Point",
        "coordinates": [
          141.455292,
          40.513637
        ]
      },
      "properties": {
        "内容": "バス停: 前田",
        "name": "前田",
        "operator": "事業者不明",
        "ref": "",
        "url": "",
        "url2": ""
      }
    },
    {
      "type": "Feature",
      "geometry": {
        "type": "Point",
        "coordinates": [
          141.451112,
          40.5132633
        ]
      },
      "properties": {
        "内容": "バス停: 卸センター通",
        "name": "卸センター通",
        "operator": "事業者不明",
        "ref": "",
        "url": "",
        "url2": ""
      }
    },
    {
      "type": "Feature",
      "geometry": {
        "type": "Point",
        "coordinates": [
          141.4508556,
          40.5132176
        ]
      },
      "properties": {
        "内容": "バス停: 卸センター通",
        "name": "卸センター通",
        "operator": "事業者不明",
        "ref": "",
        "url": "",
        "url2": ""
      }
    },
    {
      "type": "Feature",
      "geometry": {
        "type": "Point",
        "coordinates": [
          141.4501421,
          40.5119175
        ]
      },
      "properties": {
        "内容": "バス停: 卸センター通",
        "name": "卸センター通",
        "operator": "事業者不明",
        "ref": "",
        "url": "",
        "url2": ""
      }
    },
    {
      "type": "Feature",
      "geometry": {
        "type": "Point",
        "coordinates": [
          141.4499089,
          40.5120626
        ]
      },
      "properties": {
        "内容": "バス停: 卸センター通",
        "name": "卸センター通",
        "operator": "事業者不明",
        "ref": "",
        "url": "",
        "url2": ""
      }
    },
    {
      "type": "Feature",
      "geometry": {
        "type": "Point",
        "coordinates": [
          141.4460468,
          40.5107194
        ]
      },
      "properties": {
        "内容": "バス停: 二日市",
        "name": "二日市",
        "operator": "事業者不明",
        "ref": "",
        "url": "",
        "url2": ""
      }
    },
    {
      "type": "Feature",
      "geometry": {
        "type": "Point",
        "coordinates": [
          141.4457954,
          40.510858
        ]
      },
      "properties": {
        "内容": "バス停: 二日市",
        "name": "二日市",
        "operator": "事業者不明",
        "ref": "",
        "url": "",
        "url2": ""
      }
    },
    {
      "type": "Feature",
      "geometry": {
        "type": "Point",
        "coordinates": [
          141.4406247,
          40.5095856
        ]
      },
      "properties": {
        "内容": "バス停: 合同庁舎前",
        "name": "合同庁舎前",
        "operator": "事業者不明",
        "ref": "",
        "url": "",
        "url2": ""
      }
    },
    {
      "type": "Feature",
      "geometry": {
        "type": "Point",
        "coordinates": [
          141.4400169,
          40.5092333
        ]
      },
      "properties": {
        "内容": "バス停: 合同庁舎前",
        "name": "合同庁舎前",
        "operator": "事業者不明",
        "ref": "",
        "url": "",
        "url2": ""
      }
    },
    {
      "type": "Feature",
      "geometry": {
        "type": "Point",
        "coordinates": [
          141.434798,
          40.5080004
        ]
      },
      "properties": {
        "内容": "バス停: 一番町",
        "name": "一番町",
        "operator": "事業者不明",
        "ref": "",
        "url": "",
        "url2": ""
      }
    },
    {
      "type": "Feature",
      "geometry": {
        "type": "Point",
        "coordinates": [
          141.4347368,
          40.5075974
        ]
      },
      "properties": {
        "内容": "バス停: 駅通り",
        "name": "駅通り",
        "operator": "事業者不明",
        "ref": "",
        "url": "",
        "url2": ""
      }
    },
    {
      "type": "Feature",
      "geometry": {
        "type": "Point",
        "coordinates": [
          141.4345904,
          40.5075284
        ]
      },
      "properties": {
        "内容": "バス停: 駅通り",
        "name": "駅通り",
        "operator": "事業者不明",
        "ref": "",
        "url": "",
        "url2": ""
      }
    },
    {
      "type": "Feature",
      "geometry": {
        "type": "Point",
        "coordinates": [
          141.4385676,
          40.5051906
        ]
      },
      "properties": {
        "内容": "バス停: 青龍寺",
        "name": "青龍寺",
        "operator": "事業者不明",
        "ref": "",
        "url": "",
        "url2": ""
      }
    },
    {
      "type": "Feature",
      "geometry": {
        "type": "Point",
        "coordinates": [
          141.4393701,
          40.5045678
        ]
      },
      "properties": {
        "内容": "バス停: 青龍寺",
        "name": "青龍寺",
        "operator": "事業者不明",
        "ref": "",
        "url": "",
        "url2": ""
      }
    },
    {
      "type": "Feature",
      "geometry": {
        "type": "Point",
        "coordinates": [
          141.4448743,
          40.4995214
        ]
      },
      "properties": {
        "内容": "バス停: 日赤入口",
        "name": "日赤入口",
        "operator": "事業者不明",
        "ref": "",
        "url": "",
        "url2": ""
      }
    },
    {
      "type": "Feature",
      "geometry": {
        "type": "Point",
        "coordinates": [
          141.444739,
          40.4993932
        ]
      },
      "properties": {
        "内容": "バス停: 日赤入口",
        "name": "日赤入口",
        "operator": "事業者不明",
        "ref": "",
        "url": "",
        "url2": ""
      }
    },
    {
      "type": "Feature",
      "geometry": {
        "type": "Point",
        "coordinates": [
          141.4453432,
          40.4999456
        ]
      },
      "properties": {
        "内容": "バス停: 日赤入口",
        "name": "日赤入口",
        "operator": "事業者不明",
        "ref": "",
        "url": "",
        "url2": ""
      }
    },
    {
      "type": "Feature",
      "geometry": {
        "type": "Point",
        "coordinates": [
          141.4479341,
          40.5006333
        ]
      },
      "properties": {
        "内容": "バス停: 日赤病院",
        "name": "日赤病院",
        "operator": "事業者不明",
        "ref": "",
        "url": "",
        "url2": ""
      }
    },
    {
      "type": "Feature",
      "geometry": {
        "type": "Point",
        "coordinates": [
          141.4468073,
          40.4987322
        ]
      },
      "properties": {
        "内容": "バス停: 田面木",
        "name": "田面木",
        "operator": "事業者不明",
        "ref": "",
        "url": "",
        "url2": ""
      }
    },
    {
      "type": "Feature",
      "geometry": {
        "type": "Point",
        "coordinates": [
          141.4483363,
          40.4989154
        ]
      },
      "properties": {
        "内容": "バス停: 田面木",
        "name": "田面木",
        "operator": "事業者不明",
        "ref": "",
        "url": "",
        "url2": ""
      }
    },
    {
      "type": "Feature",
      "geometry": {
        "type": "Point",
        "coordinates": [
          141.4498393,
          40.4990352
        ]
      },
      "properties": {
        "内容": "バス停: 田面木",
        "name": "田面木",
        "operator": "事業者不明",
        "ref": "",
        "url": "",
        "url2": ""
      }
    },
    {
      "type": "Feature",
      "geometry": {
        "type": "Point",
        "coordinates": [
          141.4485216,
          40.4971919
        ]
      },
      "properties": {
        "内容": "バス停: 田面木小学校前",
        "name": "田面木小学校前",
        "operator": "事業者不明",
        "ref": "",
        "url": "",
        "url2": ""
      }
    },
    {
      "type": "Feature",
      "geometry": {
        "type": "Point",
        "coordinates": [
          141.4487421,
          40.4970805
        ]
      },
      "properties": {
        "内容": "バス停: 田面木小学校前",
        "name": "田面木小学校前",
        "operator": "事業者不明",
        "ref": "",
        "url": "",
        "url2": ""
      }
    },
    {
      "type": "Feature",
      "geometry": {
        "type": "Point",
        "coordinates": [
          141.4503193,
          40.4924705
        ]
      },
      "properties": {
        "内容": "バス停: 高専前",
        "name": "高専前",
        "operator": "事業者不明",
        "ref": "",
        "url": "",
        "url2": ""
      }
    },
    {
      "type": "Feature",
      "geometry": {
        "type": "Point",
        "coordinates": [
          141.4504342,
          40.4924761
        ]
      },
      "properties": {
        "内容": "バス停: 高専前",
        "name": "高専前",
        "operator": "事業者不明",
        "ref": "",
        "url": "",
        "url2": ""
      }
    },
    {
      "type": "Feature",
      "geometry": {
        "type": "Point",
        "coordinates": [
          141.4532235,
          40.5014574
        ]
      },
      "properties": {
        "内容": "バス停: 松園町",
        "name": "松園町",
        "operator": "事業者不明",
        "ref": "",
        "url": "",
        "url2": ""
      }
    },
    {
      "type": "Feature",
      "geometry": {
        "type": "Point",
        "coordinates": [
          141.4532558,
          40.5011927
        ]
      },
      "properties": {
        "内容": "バス停: 松園町",
        "name": "松園町",
        "operator": "事業者不明",
        "ref": "",
        "url": "",
        "url2": ""
      }
    },
    {
      "type": "Feature",
      "geometry": {
        "type": "Point",
        "coordinates": [
          141.4576386,
          40.5038037
        ]
      },
      "properties": {
        "内容": "バス停: 馬場",
        "name": "馬場",
        "operator": "事業者不明",
        "ref": "",
        "url": "",
        "url2": ""
      }
    },
    {
      "type": "Feature",
      "geometry": {
        "type": "Point",
        "coordinates": [
          141.4578404,
          40.5036561
        ]
      },
      "properties": {
        "内容": "バス停: 馬場",
        "name": "馬場",
        "operator": "事業者不明",
        "ref": "",
        "url": "",
        "url2": ""
      }
    },
    {
      "type": "Feature",
      "geometry": {
        "type": "Point",
        "coordinates": [
          141.4579791,
          40.5049013
        ]
      },
      "properties": {
        "内容": "バス停: 根城大橋",
        "name": "根城大橋",
        "operator": "事業者不明",
        "ref": "",
        "url": "",
        "url2": ""
      }
    },
    {
      "type": "Feature",
      "geometry": {
        "type": "Point",
        "coordinates": [
          141.4579298,
          40.5047267
        ]
      },
      "properties": {
        "内容": "バス停: 根城大橋",
        "name": "根城大橋",
        "operator": "事業者不明",
        "ref": "",
        "url": "",
        "url2": ""
      }
    },
    {
      "type": "Feature",
      "geometry": {
        "type": "Point",
        "coordinates": [
          141.4526184,
          40.5102128
        ]
      },
      "properties": {
        "内容": "バス停: 整備団地前",
        "name": "整備団地前",
        "operator": "事業者不明",
        "ref": "",
        "url": "",
        "url2": ""
      }
    },
    {
      "type": "Feature",
      "geometry": {
        "type": "Point",
        "coordinates": [
          141.4523644,
          40.5101958
        ]
      },
      "properties": {
        "内容": "バス停: 整備団地前",
        "name": "整備団地前",
        "operator": "事業者不明",
        "ref": "",
        "url": "",
        "url2": ""
      }
    },
    {
      "type": "Feature",
      "geometry": {
        "type": "Point",
        "coordinates": [
          141.4657409,
          40.5077476
        ]
      },
      "properties": {
        "内容": "バス停: 根城（博物館前）",
        "name": "根城（博物館前）",
        "operator": "事業者不明",
        "ref": "",
        "url": "",
        "url2": ""
      }
    },
    {
      "type": "Feature",
      "geometry": {
        "type": "Point",
        "coordinates": [
          141.4662627,
          40.5076697
        ]
      },
      "properties": {
        "内容": "バス停: 根城（博物館前）",
        "name": "根城（博物館前）",
        "operator": "事業者不明",
        "ref": "",
        "url": "",
        "url2": ""
      }
    },
    {
      "type": "Feature",
      "geometry": {
        "type": "Point",
        "coordinates": [
          141.4675469,
          40.5079867
        ]
      },
      "properties": {
        "内容": "バス停: 司法センター前",
        "name": "司法センター前",
        "operator": "事業者不明",
        "ref": "",
        "url": "",
        "url2": ""
      }
    },
    {
      "type": "Feature",
      "geometry": {
        "type": "Point",
        "coordinates": [
          141.4691522,
          40.508046
        ]
      },
      "properties": {
        "内容": "バス停: 司法センター前",
        "name": "司法センター前",
        "operator": "事業者不明",
        "ref": "",
        "url": "",
        "url2": ""
      }
    },
    {
      "type": "Feature",
      "geometry": {
        "type": "Point",
        "coordinates": [
          141.4730985,
          40.5082935
        ]
      },
      "properties": {
        "内容": "バス停: 根城小学校前",
        "name": "根城小学校前",
        "operator": "事業者不明",
        "ref": "",
        "url": "",
        "url2": ""
      }
    },
    {
      "type": "Feature",
      "geometry": {
        "type": "Point",
        "coordinates": [
          141.4738075,
          40.5080579
        ]
      },
      "properties": {
        "内容": "バス停: 根城小学校前",
        "name": "根城小学校前",
        "operator": "事業者不明",
        "ref": "",
        "url": "",
        "url2": ""
      }
    },
    {
      "type": "Feature",
      "geometry": {
        "type": "Point",
        "coordinates": [
          141.4771585,
          40.507529
        ]
      },
      "properties": {
        "内容": "バス停: 新組町",
        "name": "新組町",
        "operator": "事業者不明",
        "ref": "",
        "url": "",
        "url2": ""
      }
    },
    {
      "type": "Feature",
      "geometry": {
        "type": "Point",
        "coordinates": [
          141.4773814,
          40.5073222
        ]
      },
      "properties": {
        "内容": "バス停: 新組町",
        "name": "新組町",
        "operator": "事業者不明",
        "ref": "",
        "url": "",
        "url2": ""
      }
    },
    {
      "type": "Feature",
      "geometry": {
        "type": "Point",
        "coordinates": [
          141.4768843,
          40.5090851
        ]
      },
      "properties": {
        "内容": "バス停: 南売市",
        "name": "南売市",
        "operator": "事業者不明",
        "ref": "",
        "url": "",
        "url2": ""
      }
    },
    {
      "type": "Feature",
      "geometry": {
        "type": "Point",
        "coordinates": [
          141.4766903,
          40.5095089
        ]
      },
      "properties": {
        "内容": "バス停: 南売市",
        "name": "南売市",
        "operator": "事業者不明",
        "ref": "",
        "url": "",
        "url2": ""
      }
    },
    {
      "type": "Feature",
      "geometry": {
        "type": "Point",
        "coordinates": [
          141.475464,
          40.5107379
        ]
      },
      "properties": {
        "内容": "バス停: 西売市",
        "name": "西売市",
        "operator": "事業者不明",
        "ref": "",
        "url": "",
        "url2": ""
      }
    },
    {
      "type": "Feature",
      "geometry": {
        "type": "Point",
        "coordinates": [
          141.4744763,
          40.5121549
        ]
      },
      "properties": {
        "内容": "バス停: 西売市",
        "name": "西売市",
        "operator": "事業者不明",
        "ref": "",
        "url": "",
        "url2": ""
      }
    },
    {
      "type": "Feature",
      "geometry": {
        "type": "Point",
        "coordinates": [
          141.4734507,
          40.513172
        ]
      },
      "properties": {
        "内容": "バス停: 緑ヶ丘",
        "name": "緑ヶ丘",
        "operator": "事業者不明",
        "ref": "",
        "url": "",
        "url2": ""
      }
    },
    {
      "type": "Feature",
      "geometry": {
        "type": "Point",
        "coordinates": [
          141.4736224,
          40.5131635
        ]
      },
      "properties": {
        "内容": "バス停: 緑ヶ丘",
        "name": "緑ヶ丘",
        "operator": "事業者不明",
        "ref": "",
        "url": "",
        "url2": ""
      }
    },
    {
      "type": "Feature",
      "geometry": {
        "type": "Point",
        "coordinates": [
          141.4800782,
          40.506915
        ]
      },
      "properties": {
        "内容": "バス停: 桜木町",
        "name": "桜木町",
        "operator": "事業者不明",
        "ref": "",
        "url": "",
        "url2": ""
      }
    },
    {
      "type": "Feature",
      "geometry": {
        "type": "Point",
        "coordinates": [
          141.4800192,
          40.5067751
        ]
      },
      "properties": {
        "内容": "バス停: 桜木町",
        "name": "桜木町",
        "operator": "事業者不明",
        "ref": "",
        "url": "",
        "url2": ""
      }
    },
    {
      "type": "Feature",
      "geometry": {
        "type": "Point",
        "coordinates": [
          141.4820448,
          40.5028127
        ]
      },
      "properties": {
        "内容": "バス停: 平中通",
        "name": "平中通",
        "operator": "事業者不明",
        "ref": "",
        "url": "",
        "url2": ""
      }
    },
    {
      "type": "Feature",
      "geometry": {
        "type": "Point",
        "coordinates": [
          141.4812887,
          40.5019069
        ]
      },
      "properties": {
        "内容": "バス停: 平中通",
        "name": "平中通",
        "operator": "事業者不明",
        "ref": "",
        "url": "",
        "url2": ""
      }
    },
    {
      "type": "Feature",
      "geometry": {
        "type": "Point",
        "coordinates": [
          141.4807845,
          40.5021156
        ]
      },
      "properties": {
        "内容": "バス停: 平中通",
        "name": "平中通",
        "operator": "事業者不明",
        "ref": "",
        "url": "",
        "url2": ""
      }
    },
    {
      "type": "Feature",
      "geometry": {
        "type": "Point",
        "coordinates": [
          141.482923,
          40.5021465
        ]
      },
      "properties": {
        "内容": "バス停: 平中通",
        "name": "平中通",
        "operator": "事業者不明",
        "ref": "",
        "url": "",
        "url2": ""
      }
    },
    {
      "type": "Feature",
      "geometry": {
        "type": "Point",
        "coordinates": [
          141.481805,
          40.5014973
        ]
      },
      "properties": {
        "内容": "バス停: 平中通",
        "name": "平中通",
        "operator": "事業者不明",
        "ref": "",
        "url": "",
        "url2": ""
      }
    },
    {
      "type": "Feature",
      "geometry": {
        "type": "Point",
        "coordinates": [
          141.4817806,
          40.4992962
        ]
      },
      "properties": {
        "内容": "バス停: 大杉平バスセンター",
        "name": "大杉平バスセンター",
        "operator": "事業者不明",
        "ref": "",
        "url": "",
        "url2": ""
      }
    },
    {
      "type": "Feature",
      "geometry": {
        "type": "Point",
        "coordinates": [
          141.4815163,
          40.4995065
        ]
      },
      "properties": {
        "内容": "バス停: 大杉平バスセンター",
        "name": "大杉平バスセンター",
        "operator": "事業者不明",
        "ref": "",
        "url": "",
        "url2": ""
      }
    },
    {
      "type": "Feature",
      "geometry": {
        "type": "Point",
        "coordinates": [
          141.4817298,
          40.4987676
        ]
      },
      "properties": {
        "内容": "バス停: 八高前",
        "name": "八高前",
        "operator": "事業者不明",
        "ref": "",
        "url": "",
        "url2": ""
      }
    },
    {
      "type": "Feature",
      "geometry": {
        "type": "Point",
        "coordinates": [
          141.4815611,
          40.4987259
        ]
      },
      "properties": {
        "内容": "バス停: 八高前",
        "name": "八高前",
        "operator": "事業者不明",
        "ref": "",
        "url": "",
        "url2": ""
      }
    },
    {
      "type": "Feature",
      "geometry": {
        "type": "Point",
        "coordinates": [
          141.4759908,
          40.5024404
        ]
      },
      "properties": {
        "内容": "バス停: 根城三丁目",
        "name": "根城三丁目",
        "operator": "事業者不明",
        "ref": "",
        "url": "",
        "url2": ""
      }
    },
    {
      "type": "Feature",
      "geometry": {
        "type": "Point",
        "coordinates": [
          141.4759261,
          40.5022717
        ]
      },
      "properties": {
        "内容": "バス停: 根城三丁目",
        "name": "根城三丁目",
        "operator": "事業者不明",
        "ref": "",
        "url": "",
        "url2": ""
      }
    },
    {
      "type": "Feature",
      "geometry": {
        "type": "Point",
        "coordinates": [
          141.4716509,
          40.5027391
        ]
      },
      "properties": {
        "内容": "バス停: 根城六丁目",
        "name": "根城六丁目",
        "operator": "事業者不明",
        "ref": "",
        "url": "",
        "url2": ""
      }
    },
    {
      "type": "Feature",
      "geometry": {
        "type": "Point",
        "coordinates": [
          141.4713588,
          40.502596
        ]
      },
      "properties": {
        "内容": "バス停: 根城六丁目",
        "name": "根城六丁目",
        "operator": "事業者不明",
        "ref": "",
        "url": "",
        "url2": ""
      }
    },
    {
      "type": "Feature",
      "geometry": {
        "type": "Point",
        "coordinates": [
          141.4685539,
          40.5029468
        ]
      },
      "properties": {
        "内容": "バス停: 根城七丁目",
        "name": "根城七丁目",
        "operator": "事業者不明",
        "ref": "",
        "url": "",
        "url2": ""
      }
    },
    {
      "type": "Feature",
      "geometry": {
        "type": "Point",
        "coordinates": [
          141.4680636,
          40.5028189
        ]
      },
      "properties": {
        "内容": "バス停: 根城七丁目",
        "name": "根城七丁目",
        "operator": "事業者不明",
        "ref": "",
        "url": "",
        "url2": ""
      }
    },
    {
      "type": "Feature",
      "geometry": {
        "type": "Point",
        "coordinates": [
          141.4652698,
          40.5032821
        ]
      },
      "properties": {
        "内容": "バス停: 総合福祉会館前",
        "name": "総合福祉会館前",
        "operator": "事業者不明",
        "ref": "",
        "url": "",
        "url2": ""
      }
    },
    {
      "type": "Feature",
      "geometry": {
        "type": "Point",
        "coordinates": [
          141.4651943,
          40.5031341
        ]
      },
      "properties": {
        "内容": "バス停: 総合福祉会館前",
        "name": "総合福祉会館前",
        "operator": "事業者不明",
        "ref": "",
        "url": "",
        "url2": ""
      }
    },
    {
      "type": "Feature",
      "geometry": {
        "type": "Point",
        "coordinates": [
          141.4625422,
          40.5038745
        ]
      },
      "properties": {
        "内容": "バス停: 報恩会館根城前",
        "name": "報恩会館根城前",
        "operator": "事業者不明",
        "ref": "",
        "url": "",
        "url2": ""
      }
    },
    {
      "type": "Feature",
      "geometry": {
        "type": "Point",
        "coordinates": [
          141.461795,
          40.5038638
        ]
      },
      "properties": {
        "内容": "バス停: 報恩会館根城前",
        "name": "報恩会館根城前",
        "operator": "事業者不明",
        "ref": "",
        "url": "",
        "url2": ""
      }
    },
    {
      "type": "Feature",
      "geometry": {
        "type": "Point",
        "coordinates": [
          141.4426163,
          40.4968578
        ]
      },
      "properties": {
        "内容": "バス停: 上田面木",
        "name": "上田面木",
        "operator": "事業者不明",
        "ref": "",
        "url": "",
        "url2": ""
      }
    },
    {
      "type": "Feature",
      "geometry": {
        "type": "Point",
        "coordinates": [
          141.4423216,
          40.4970635
        ]
      },
      "properties": {
        "内容": "バス停: 上田面木",
        "name": "上田面木",
        "operator": "事業者不明",
        "ref": "",
        "url": "",
        "url2": ""
      }
    },
    {
      "type": "Feature",
      "geometry": {
        "type": "Point",
        "coordinates": [
          141.4373732,
          40.4946709
        ]
      },
      "properties": {
        "内容": "バス停: 下八幡",
        "name": "下八幡",
        "operator": "事業者不明",
        "ref": "",
        "url": "",
        "url2": ""
      }
    },
    {
      "type": "Feature",
      "geometry": {
        "type": "Point",
        "coordinates": [
          141.4366527,
          40.4941956
        ]
      },
      "properties": {
        "内容": "バス停: 下八幡",
        "name": "下八幡",
        "operator": "事業者不明",
        "ref": "",
        "url": "",
        "url2": ""
      }
    },
    {
      "type": "Feature",
      "geometry": {
        "type": "Point",
        "coordinates": [
          141.433419,
          40.4904864
        ]
      },
      "properties": {
        "内容": "バス停: 櫛引八幡宮前",
        "name": "櫛引八幡宮前",
        "operator": "事業者不明",
        "ref": "",
        "url": "",
        "url2": ""
      }
    },
    {
      "type": "Feature",
      "geometry": {
        "type": "Point",
        "coordinates": [
          141.4333829,
          40.490713
        ]
      },
      "properties": {
        "内容": "バス停: 櫛引八幡宮前",
        "name": "櫛引八幡宮前",
        "operator": "事業者不明",
        "ref": "",
        "url": "",
        "url2": ""
      }
    },
    {
      "type": "Feature",
      "geometry": {
        "type": "Point",
        "coordinates": [
          141.4311579,
          40.4874106
        ]
      },
      "properties": {
        "内容": "バス停: 八幡",
        "name": "八幡",
        "operator": "事業者不明",
        "ref": "",
        "url": "",
        "url2": ""
      }
    },
    {
      "type": "Feature",
      "geometry": {
        "type": "Point",
        "coordinates": [
          141.4293853,
          40.4865958
        ]
      },
      "properties": {
        "内容": "バス停: 八幡",
        "name": "八幡",
        "operator": "事業者不明",
        "ref": "",
        "url": "",
        "url2": ""
      }
    },
    {
      "type": "Feature",
      "geometry": {
        "type": "Point",
        "coordinates": [
          141.4292918,
          40.4862959
        ]
      },
      "properties": {
        "内容": "バス停: 八幡",
        "name": "八幡",
        "operator": "事業者不明",
        "ref": "",
        "url": "",
        "url2": ""
      }
    },
    {
      "type": "Feature",
      "geometry": {
        "type": "Point",
        "coordinates": [
          141.4269623,
          40.485189
        ]
      },
      "properties": {
        "内容": "バス停: 一日市通",
        "name": "一日市通",
        "operator": "事業者不明",
        "ref": "",
        "url": "",
        "url2": ""
      }
    },
    {
      "type": "Feature",
      "geometry": {
        "type": "Point",
        "coordinates": [
          141.4267428,
          40.4852075
        ]
      },
      "properties": {
        "内容": "バス停: 一日市通",
        "name": "一日市通",
        "operator": "事業者不明",
        "ref": "",
        "url": "",
        "url2": ""
      }
    },
    {
      "type": "Feature",
      "geometry": {
        "type": "Point",
        "coordinates": [
          141.4263037,
          40.4867628
        ]
      },
      "properties": {
        "内容": "バス停: 一日市口",
        "name": "一日市口",
        "operator": "事業者不明",
        "ref": "",
        "url": "",
        "url2": ""
      }
    },
    {
      "type": "Feature",
      "geometry": {
        "type": "Point",
        "coordinates": [
          141.4257102,
          40.4889581
        ]
      },
      "properties": {
        "内容": "バス停: 一日市生活館前",
        "name": "一日市生活館前",
        "operator": "事業者不明",
        "ref": "",
        "url": "",
        "url2": ""
      }
    },
    {
      "type": "Feature",
      "geometry": {
        "type": "Point",
        "coordinates": [
          141.4243996,
          40.4922231
        ]
      },
      "properties": {
        "内容": "バス停: 一日市",
        "name": "一日市",
        "operator": "事業者不明",
        "ref": "",
        "url": "",
        "url2": ""
      }
    },
    {
      "type": "Feature",
      "geometry": {
        "type": "Point",
        "coordinates": [
          141.4298366,
          40.505917
        ]
      },
      "properties": {
        "内容": "バス停: 西公園前",
        "name": "西公園前",
        "operator": "事業者不明",
        "ref": "",
        "url": "",
        "url2": ""
      }
    },
    {
      "type": "Feature",
      "geometry": {
        "type": "Point",
        "coordinates": [
          141.4300306,
          40.506
        ]
      },
      "properties": {
        "内容": "バス停: 西公園前",
        "name": "西公園前",
        "operator": "事業者不明",
        "ref": "",
        "url": "",
        "url2": ""
      }
    },
    {
      "type": "Feature",
      "geometry": {
        "type": "Point",
        "coordinates": [
          141.4245675,
          40.5114504
        ]
      },
      "properties": {
        "内容": "バス停: 西高校前",
        "name": "西高校前",
        "operator": "事業者不明",
        "ref": "",
        "url": "",
        "url2": ""
      }
    },
    {
      "type": "Feature",
      "geometry": {
        "type": "Point",
        "coordinates": [
          141.4290081,
          40.5150561
        ]
      },
      "properties": {
        "内容": "バス停: 三条目",
        "name": "三条目",
        "operator": "事業者不明",
        "ref": "",
        "url": "",
        "url2": ""
      }
    },
    {
      "type": "Feature",
      "geometry": {
        "type": "Point",
        "coordinates": [
          141.4291939,
          40.5149584
        ]
      },
      "properties": {
        "内容": "バス停: 三条目",
        "name": "三条目",
        "operator": "事業者不明",
        "ref": "",
        "url": "",
        "url2": ""
      }
    },
    {
      "type": "Feature",
      "geometry": {
        "type": "Point",
        "coordinates": [
          141.4847834,
          40.5029032
        ]
      },
      "properties": {
        "内容": "バス停: 長者小学校前",
        "name": "長者小学校前",
        "operator": "事業者不明",
        "ref": "",
        "url": "",
        "url2": ""
      }
    },
    {
      "type": "Feature",
      "geometry": {
        "type": "Point",
        "coordinates": [
          141.4846366,
          40.5030345
        ]
      },
      "properties": {
        "内容": "バス停: 長者小学校前",
        "name": "長者小学校前",
        "operator": "事業者不明",
        "ref": "",
        "url": "",
        "url2": ""
      }
    },
    {
      "type": "Feature",
      "geometry": {
        "type": "Point",
        "coordinates": [
          141.486955,
          40.5043827
        ]
      },
      "properties": {
        "内容": "バス停: 図書館前",
        "name": "図書館前",
        "operator": "事業者不明",
        "ref": "",
        "url": "",
        "url2": ""
      }
    },
    {
      "type": "Feature",
      "geometry": {
        "type": "Point",
        "coordinates": [
          141.4871179,
          40.5047409
        ]
      },
      "properties": {
        "内容": "バス停: 図書館前",
        "name": "図書館前",
        "operator": "事業者不明",
        "ref": "",
        "url": "",
        "url2": ""
      }
    },
    {
      "type": "Feature",
      "geometry": {
        "type": "Point",
        "coordinates": [
          141.4894009,
          40.5058671
        ]
      },
      "properties": {
        "内容": "バス停: 常泉下",
        "name": "常泉下",
        "operator": "事業者不明",
        "ref": "",
        "url": "",
        "url2": ""
      }
    },
    {
      "type": "Feature",
      "geometry": {
        "type": "Point",
        "coordinates": [
          141.4893137,
          40.5056794
        ]
      },
      "properties": {
        "内容": "バス停: 常泉下",
        "name": "常泉下",
        "operator": "事業者不明",
        "ref": "",
        "url": "",
        "url2": ""
      }
    },
    {
      "type": "Feature",
      "geometry": {
        "type": "Point",
        "coordinates": [
          141.495154,
          40.5080327
        ]
      },
      "properties": {
        "内容": "バス停: 千葉高校通",
        "name": "千葉高校通",
        "operator": "事業者不明",
        "ref": "",
        "url": "",
        "url2": ""
      }
    },
    {
      "type": "Feature",
      "geometry": {
        "type": "Point",
        "coordinates": [
          141.4951858,
          40.5078686
        ]
      },
      "properties": {
        "内容": "バス停: 千葉高校通",
        "name": "千葉高校通",
        "operator": "事業者不明",
        "ref": "",
        "url": "",
        "url2": ""
      }
    },
    {
      "type": "Feature",
      "geometry": {
        "type": "Point",
        "coordinates": [
          141.4948213,
          40.5108245
        ]
      },
      "properties": {
        "内容": "バス停: 十一日町",
        "name": "十一日町",
        "operator": "事業者不明",
        "ref": "",
        "url": "",
        "url2": ""
      }
    },
    {
      "type": "Feature",
      "geometry": {
        "type": "Point",
        "coordinates": [
          141.4954407,
          40.5111595
        ]
      },
      "properties": {
        "内容": "バス停: 八戸十一日町",
        "name": "八戸十一日町",
        "operator": "事業者不明",
        "ref": "",
        "url": "",
        "url2": ""
      }
    },
    {
      "type": "Feature",
      "geometry": {
        "type": "Point",
        "coordinates": [
          141.4962989,
          40.5116425
        ]
      },
      "properties": {
        "内容": "バス停: 下大工町",
        "name": "下大工町",
        "operator": "事業者不明",
        "ref": "",
        "url": "",
        "url2": ""
      }
    },
    {
      "type": "Feature",
      "geometry": {
        "type": "Point",
        "coordinates": [
          141.4995206,
          40.5104479
        ]
      },
      "properties": {
        "内容": "バス停: 柏崎二丁目",
        "name": "柏崎二丁目",
        "operator": "事業者不明",
        "ref": "",
        "url": "",
        "url2": ""
      }
    },
    {
      "type": "Feature",
      "geometry": {
        "type": "Point",
        "coordinates": [
          141.4999997,
          40.5104697
        ]
      },
      "properties": {
        "内容": "バス停: 柏崎二丁目",
        "name": "柏崎二丁目",
        "operator": "事業者不明",
        "ref": "",
        "url": "",
        "url2": ""
      }
    },
    {
      "type": "Feature",
      "geometry": {
        "type": "Point",
        "coordinates": [
          141.5025702,
          40.5108729
        ]
      },
      "properties": {
        "内容": "バス停: 館花下",
        "name": "館花下",
        "operator": "事業者不明",
        "ref": "",
        "url": "",
        "url2": ""
      }
    },
    {
      "type": "Feature",
      "geometry": {
        "type": "Point",
        "coordinates": [
          141.5026473,
          40.5105516
        ]
      },
      "properties": {
        "内容": "バス停: 館花下",
        "name": "館花下",
        "operator": "事業者不明",
        "ref": "",
        "url": "",
        "url2": ""
      }
    },
    {
      "type": "Feature",
      "geometry": {
        "type": "Point",
        "coordinates": [
          141.5029181,
          40.5117747
        ]
      },
      "properties": {
        "内容": "バス停: 館花下",
        "name": "館花下",
        "operator": "事業者不明",
        "ref": "",
        "url": "",
        "url2": ""
      }
    },
    {
      "type": "Feature",
      "geometry": {
        "type": "Point",
        "coordinates": [
          141.5034505,
          40.5118085
        ]
      },
      "properties": {
        "内容": "バス停: 館花下",
        "name": "館花下",
        "operator": "事業者不明",
        "ref": "",
        "url": "",
        "url2": ""
      }
    },
    {
      "type": "Feature",
      "geometry": {
        "type": "Point",
        "coordinates": [
          141.5077142,
          40.5087408
        ]
      },
      "properties": {
        "内容": "バス停: 市民センター前",
        "name": "市民センター前",
        "operator": "事業者不明",
        "ref": "",
        "url": "",
        "url2": ""
      }
    },
    {
      "type": "Feature",
      "geometry": {
        "type": "Point",
        "coordinates": [
          141.5075416,
          40.5085205
        ]
      },
      "properties": {
        "内容": "バス停: 市民センター前",
        "name": "市民センター前",
        "operator": "事業者不明",
        "ref": "",
        "url": "",
        "url2": ""
      }
    },
    {
      "type": "Feature",
      "geometry": {
        "type": "Point",
        "coordinates": [
          141.5049636,
          40.507981
        ]
      },
      "properties": {
        "内容": "バス停: 市民センター前",
        "name": "市民センター前",
        "operator": "事業者不明",
        "ref": "",
        "url": "",
        "url2": ""
      }
    },
    {
      "type": "Feature",
      "geometry": {
        "type": "Point",
        "coordinates": [
          141.5052835,
          40.5067968
        ]
      },
      "properties": {
        "内容": "バス停: 市民センター前",
        "name": "市民センター前",
        "operator": "事業者不明",
        "ref": "",
        "url": "",
        "url2": ""
      }
    },
    {
      "type": "Feature",
      "geometry": {
        "type": "Point",
        "coordinates": [
          141.5075624,
          40.503578
        ]
      },
      "properties": {
        "内容": "バス停: コープるいけ店前",
        "name": "コープるいけ店前",
        "operator": "事業者不明",
        "ref": "",
        "url": "",
        "url2": ""
      }
    },
    {
      "type": "Feature",
      "geometry": {
        "type": "Point",
        "coordinates": [
          141.5075157,
          40.5034111
        ]
      },
      "properties": {
        "内容": "バス停: コープるいけ店前",
        "name": "コープるいけ店前",
        "operator": "事業者不明",
        "ref": "",
        "url": "",
        "url2": ""
      }
    },
    {
      "type": "Feature",
      "geometry": {
        "type": "Point",
        "coordinates": [
          141.5060657,
          40.5031856
        ]
      },
      "properties": {
        "内容": "バス停: 西村耳鼻咽喉科よしの整形外科入口",
        "name": "西村耳鼻咽喉科よしの整形外科入口",
        "operator": "事業者不明",
        "ref": "",
        "url": "",
        "url2": ""
      }
    },
    {
      "type": "Feature",
      "geometry": {
        "type": "Point",
        "coordinates": [
          141.5056851,
          40.5027222
        ]
      },
      "properties": {
        "内容": "バス停: 西村耳鼻咽喉科よしの整形外科入口",
        "name": "西村耳鼻咽喉科よしの整形外科入口",
        "operator": "事業者不明",
        "ref": "",
        "url": "",
        "url2": ""
      }
    },
    {
      "type": "Feature",
      "geometry": {
        "type": "Point",
        "coordinates": [
          141.5089772,
          40.5013864
        ]
      },
      "properties": {
        "内容": "バス停: 類家南団地",
        "name": "類家南団地",
        "operator": "事業者不明",
        "ref": "",
        "url": "",
        "url2": ""
      }
    },
    {
      "type": "Feature",
      "geometry": {
        "type": "Point",
        "coordinates": [
          141.5092714,
          40.501219
        ]
      },
      "properties": {
        "内容": "バス停: 類家南団地",
        "name": "類家南団地",
        "operator": "事業者不明",
        "ref": "",
        "url": "",
        "url2": ""
      }
    },
    {
      "type": "Feature",
      "geometry": {
        "type": "Point",
        "coordinates": [
          141.5101584,
          40.4999774
        ]
      },
      "properties": {
        "内容": "バス停: はちのへ９９クリニック前",
        "name": "はちのへ９９クリニック前",
        "operator": "事業者不明",
        "ref": "",
        "url": "",
        "url2": ""
      }
    },
    {
      "type": "Feature",
      "geometry": {
        "type": "Point",
        "coordinates": [
          141.5102525,
          40.4996206
        ]
      },
      "properties": {
        "内容": "バス停: はちのへ９９クリニック前",
        "name": "はちのへ９９クリニック前",
        "operator": "事業者不明",
        "ref": "",
        "url": "",
        "url2": ""
      }
    },
    {
      "type": "Feature",
      "geometry": {
        "type": "Point",
        "coordinates": [
          141.5109689,
          40.4986274
        ]
      },
      "properties": {
        "内容": "バス停: 向陵高校前",
        "name": "向陵高校前",
        "operator": "事業者不明",
        "ref": "",
        "url": "",
        "url2": ""
      }
    },
    {
      "type": "Feature",
      "geometry": {
        "type": "Point",
        "coordinates": [
          141.5114661,
          40.4981777
        ]
      },
      "properties": {
        "内容": "バス停: 向陵高校前",
        "name": "向陵高校前",
        "operator": "事業者不明",
        "ref": "",
        "url": "",
        "url2": ""
      }
    },
    {
      "type": "Feature",
      "geometry": {
        "type": "Point",
        "coordinates": [
          141.5052763,
          40.4993781
        ]
      },
      "properties": {
        "内容": "バス停: 田向",
        "name": "田向",
        "operator": "事業者不明",
        "ref": "",
        "url": "",
        "url2": ""
      }
    },
    {
      "type": "Feature",
      "geometry": {
        "type": "Point",
        "coordinates": [
          141.5063599,
          40.4984797
        ]
      },
      "properties": {
        "内容": "バス停: 田向",
        "name": "田向",
        "operator": "事業者不明",
        "ref": "",
        "url": "",
        "url2": ""
      }
    },
    {
      "type": "Feature",
      "geometry": {
        "type": "Point",
        "coordinates": [
          141.5087466,
          40.4954016
        ]
      },
      "properties": {
        "内容": "バス停: 間ノ田",
        "name": "間ノ田",
        "operator": "事業者不明",
        "ref": "",
        "url": "",
        "url2": ""
      }
    },
    {
      "type": "Feature",
      "geometry": {
        "type": "Point",
        "coordinates": [
          141.5086422,
          40.4952778
        ]
      },
      "properties": {
        "内容": "バス停: 間ノ田",
        "name": "間ノ田",
        "operator": "事業者不明",
        "ref": "",
        "url": "",
        "url2": ""
      }
    },
    {
      "type": "Feature",
      "geometry": {
        "type": "Point",
        "coordinates": [
          141.4893392,
          40.5183542
        ]
      },
      "properties": {
        "内容": "バス停: デーリー東北新聞社前",
        "name": "デーリー東北新聞社前",
        "operator": "事業者不明",
        "ref": "",
        "url": "",
        "url2": ""
      }
    },
    {
      "type": "Feature",
      "geometry": {
        "type": "Point",
        "coordinates": [
          141.4890465,
          40.5181071
        ]
      },
      "properties": {
        "内容": "バス停: デーリー東北新聞社前",
        "name": "デーリー東北新聞社前",
        "operator": "事業者不明",
        "ref": "",
        "url": "",
        "url2": ""
      }
    },
    {
      "type": "Feature",
      "geometry": {
        "type": "Point",
        "coordinates": [
          141.4894403,
          40.5167188
        ]
      },
      "properties": {
        "内容": "バス停: 本八戸駅前",
        "name": "本八戸駅前",
        "operator": "事業者不明",
        "ref": "",
        "url": "",
        "url2": ""
      }
    },
    {
      "type": "Feature",
      "geometry": {
        "type": "Point",
        "coordinates": [
          141.4908536,
          40.5192266
        ]
      },
      "properties": {
        "内容": "バス停: 城下一丁目",
        "name": "城下一丁目",
        "operator": "事業者不明",
        "ref": "",
        "url": "",
        "url2": ""
      }
    },
    {
      "type": "Feature",
      "geometry": {
        "type": "Point",
        "coordinates": [
          141.4908474,
          40.5199773
        ]
      },
      "properties": {
        "内容": "バス停: 城下一丁目",
        "name": "城下一丁目",
        "operator": "事業者不明",
        "ref": "",
        "url": "",
        "url2": ""
      }
    },
    {
      "type": "Feature",
      "geometry": {
        "type": "Point",
        "coordinates": [
          141.4922672,
          40.5186691
        ]
      },
      "properties": {
        "内容": "バス停: 城下一丁目",
        "name": "城下一丁目",
        "operator": "事業者不明",
        "ref": "",
        "url": "",
        "url2": ""
      }
    },
    {
      "type": "Feature",
      "geometry": {
        "type": "Point",
        "coordinates": [
          141.49194,
          40.5185872
        ]
      },
      "properties": {
        "内容": "バス停: 城下一丁目",
        "name": "城下一丁目",
        "operator": "事業者不明",
        "ref": "",
        "url": "",
        "url2": ""
      }
    },
    {
      "type": "Feature",
      "geometry": {
        "type": "Point",
        "coordinates": [
          141.4913647,
          40.5225633
        ]
      },
      "properties": {
        "内容": "バス停: 城下四丁目",
        "name": "城下四丁目",
        "operator": "事業者不明",
        "ref": "",
        "url": "",
        "url2": ""
      }
    },
    {
      "type": "Feature",
      "geometry": {
        "type": "Point",
        "coordinates": [
          141.4916841,
          40.5234161
        ]
      },
      "properties": {
        "内容": "バス停: 城下四丁目",
        "name": "城下四丁目",
        "operator": "事業者不明",
        "ref": "",
        "url": "",
        "url2": ""
      }
    },
    {
      "type": "Feature",
      "geometry": {
        "type": "Point",
        "coordinates": [
          141.4922406,
          40.5259826
        ]
      },
      "properties": {
        "内容": "バス停: 沼館一丁目",
        "name": "沼館一丁目",
        "operator": "事業者不明",
        "ref": "",
        "url": "",
        "url2": ""
      }
    },
    {
      "type": "Feature",
      "geometry": {
        "type": "Point",
        "coordinates": [
          141.491974,
          40.5257094
        ]
      },
      "properties": {
        "内容": "バス停: 沼館一丁目",
        "name": "沼館一丁目",
        "operator": "事業者不明",
        "ref": "",
        "url": "",
        "url2": ""
      }
    },
    {
      "type": "Feature",
      "geometry": {
        "type": "Point",
        "coordinates": [
          141.4930934,
          40.5298521
        ]
      },
      "properties": {
        "内容": "バス停: 沼館三丁目",
        "name": "沼館三丁目",
        "operator": "事業者不明",
        "ref": "",
        "url": "",
        "url2": ""
      }
    },
    {
      "type": "Feature",
      "geometry": {
        "type": "Point",
        "coordinates": [
          141.4927913,
          40.5298647
        ]
      },
      "properties": {
        "内容": "バス停: 沼館三丁目",
        "name": "沼館三丁目",
        "operator": "事業者不明",
        "ref": "",
        "url": "",
        "url2": ""
      }
    },
    {
      "type": "Feature",
      "geometry": {
        "type": "Point",
        "coordinates": [
          141.4954285,
          40.5301055
        ]
      },
      "properties": {
        "内容": "バス停: シンフォニープラザ",
        "name": "シンフォニープラザ",
        "operator": "事業者不明",
        "ref": "",
        "url": "",
        "url2": ""
      }
    },
    {
      "type": "Feature",
      "geometry": {
        "type": "Point",
        "coordinates": [
          141.4952684,
          40.5299994
        ]
      },
      "properties": {
        "内容": "バス停: シンフォニープラザ",
        "name": "シンフォニープラザ",
        "operator": "事業者不明",
        "ref": "",
        "url": "",
        "url2": ""
      }
    },
    {
      "type": "Feature",
      "geometry": {
        "type": "Point",
        "coordinates": [
          141.4975017,
          40.5261745
        ]
      },
      "properties": {
        "内容": "バス停: ピアドゥ前",
        "name": "ピアドゥ前",
        "operator": "事業者不明",
        "ref": "",
        "url": "",
        "url2": ""
      }
    },
    {
      "type": "Feature",
      "geometry": {
        "type": "Point",
        "coordinates": [
          141.4972729,
          40.5259926
        ]
      },
      "properties": {
        "内容": "バス停: ピアドゥ前",
        "name": "ピアドゥ前",
        "operator": "事業者不明",
        "ref": "",
        "url": "",
        "url2": ""
      }
    },
    {
      "type": "Feature",
      "geometry": {
        "type": "Point",
        "coordinates": [
          141.4982454,
          40.5277912
        ]
      },
      "properties": {
        "内容": "バス停: ピアドゥ東側広場前",
        "name": "ピアドゥ東側広場前",
        "operator": "事業者不明",
        "ref": "",
        "url": "",
        "url2": ""
      }
    },
    {
      "type": "Feature",
      "geometry": {
        "type": "Point",
        "coordinates": [
          141.5005682,
          40.5293314
        ]
      },
      "properties": {
        "内容": "バス停: ピアドゥベイパーク前",
        "name": "ピアドゥベイパーク前",
        "operator": "事業者不明",
        "ref": "",
        "url": "",
        "url2": ""
      }
    },
    {
      "type": "Feature",
      "geometry": {
        "type": "Point",
        "coordinates": [
          141.5002723,
          40.5257045
        ]
      },
      "properties": {
        "内容": "バス停: アクロスプラザ前",
        "name": "アクロスプラザ前",
        "operator": "事業者不明",
        "ref": "",
        "url": "",
        "url2": ""
      }
    },
    {
      "type": "Feature",
      "geometry": {
        "type": "Point",
        "coordinates": [
          141.5029484,
          40.5211095
        ]
      },
      "properties": {
        "内容": "バス停: ラピア",
        "name": "ラピア",
        "operator": "事業者不明",
        "ref": "",
        "url": "",
        "url2": ""
      }
    },
    {
      "type": "Feature",
      "geometry": {
        "type": "Point",
        "coordinates": [
          141.5035607,
          40.5209794
        ]
      },
      "properties": {
        "内容": "バス停: ラピア",
        "name": "ラピア",
        "operator": "事業者不明",
        "ref": "",
        "url": "",
        "url2": ""
      }
    },
    {
      "type": "Feature",
      "geometry": {
        "type": "Point",
        "coordinates": [
          141.503241,
          40.5211417
        ]
      },
      "properties": {
        "内容": "バス停: 八戸ラピアバスターミナル",
        "name": "八戸ラピアバスターミナル",
        "operator": "事業者不明",
        "ref": "1",
        "url": "",
        "url2": ""
      }
    },
    {
      "type": "Feature",
      "geometry": {
        "type": "Point",
        "coordinates": [
          141.5031285,
          40.5212518
        ]
      },
      "properties": {
        "内容": "バス停: 八戸ラピアバスターミナル",
        "name": "八戸ラピアバスターミナル",
        "operator": "事業者不明",
        "ref": "2",
        "url": "",
        "url2": ""
      }
    },
    {
      "type": "Feature",
      "geometry": {
        "type": "Point",
        "coordinates": [
          141.5030361,
          40.52137
        ]
      },
      "properties": {
        "内容": "バス停: 八戸ラピアバスターミナル",
        "name": "八戸ラピアバスターミナル",
        "operator": "事業者不明",
        "ref": "3",
        "url": "",
        "url2": ""
      }
    },
    {
      "type": "Feature",
      "geometry": {
        "type": "Point",
        "coordinates": [
          141.5028805,
          40.5214766
        ]
      },
      "properties": {
        "内容": "バス停: 八戸ラピアバスターミナル",
        "name": "八戸ラピアバスターミナル",
        "operator": "事業者不明",
        "ref": "4",
        "url": "",
        "url2": ""
      }
    },
    {
      "type": "Feature",
      "geometry": {
        "type": "Point",
        "coordinates": [
          141.4977179,
          40.518219
        ]
      },
      "properties": {
        "内容": "バス停: 郵便局通",
        "name": "郵便局通",
        "operator": "事業者不明",
        "ref": "",
        "url": "",
        "url2": ""
      }
    },
    {
      "type": "Feature",
      "geometry": {
        "type": "Point",
        "coordinates": [
          141.4977993,
          40.5183898
        ]
      },
      "properties": {
        "内容": "バス停: 郵便局通",
        "name": "郵便局通",
        "operator": "事業者不明",
        "ref": "",
        "url": "",
        "url2": ""
      }
    },
    {
      "type": "Feature",
      "geometry": {
        "type": "Point",
        "coordinates": [
          141.4992733,
          40.5190396
        ]
      },
      "properties": {
        "内容": "バス停: 工業高校前",
        "name": "工業高校前",
        "operator": "事業者不明",
        "ref": "",
        "url": "",
        "url2": ""
      }
    },
    {
      "type": "Feature",
      "geometry": {
        "type": "Point",
        "coordinates": [
          141.5005616,
          40.5194902
        ]
      },
      "properties": {
        "内容": "バス停: 工業高校前",
        "name": "工業高校前",
        "operator": "事業者不明",
        "ref": "",
        "url": "",
        "url2": ""
      }
    },
    {
      "type": "Feature",
      "geometry": {
        "type": "Point",
        "coordinates": [
          141.5061134,
          40.5223444
        ]
      },
      "properties": {
        "内容": "バス停: ラピアバスセンター",
        "name": "ラピアバスセンター",
        "operator": "事業者不明",
        "ref": "",
        "url": "",
        "url2": ""
      }
    },
    {
      "type": "Feature",
      "geometry": {
        "type": "Point",
        "coordinates": [
          141.5067314,
          40.5223807
        ]
      },
      "properties": {
        "内容": "バス停: ラピアバスセンター",
        "name": "ラピアバスセンター",
        "operator": "事業者不明",
        "ref": "",
        "url": "",
        "url2": ""
      }
    },
    {
      "type": "Feature",
      "geometry": {
        "type": "Point",
        "coordinates": [
          141.5101121,
          40.5245663
        ]
      },
      "properties": {
        "内容": "バス停: 舟見町",
        "name": "舟見町",
        "operator": "事業者不明",
        "ref": "",
        "url": "",
        "url2": ""
      }
    },
    {
      "type": "Feature",
      "geometry": {
        "type": "Point",
        "coordinates": [
          141.5135012,
          40.5247185
        ]
      },
      "properties": {
        "内容": "バス停: 八戸営業所 (十和田観光電鉄)",
        "name": "八戸営業所",
        "operator": "十和田観光電鉄",
        "ref": "",
        "url": "",
        "url2": ""
      }
    },
    {
      "type": "Feature",
      "geometry": {
        "type": "Point",
        "coordinates": [
          141.4996037,
          40.5146357
        ]
      },
      "properties": {
        "内容": "バス停: ＮＴＴ前",
        "name": "ＮＴＴ前",
        "operator": "事業者不明",
        "ref": "",
        "url": "",
        "url2": ""
      }
    },
    {
      "type": "Feature",
      "geometry": {
        "type": "Point",
        "coordinates": [
          141.4999586,
          40.5146819
        ]
      },
      "properties": {
        "内容": "バス停: ＮＴＴ前",
        "name": "ＮＴＴ前",
        "operator": "事業者不明",
        "ref": "",
        "url": "",
        "url2": ""
      }
    },
    {
      "type": "Feature",
      "geometry": {
        "type": "Point",
        "coordinates": [
          141.5009183,
          40.5142079
        ]
      },
      "properties": {
        "内容": "バス停: 柏崎新町",
        "name": "柏崎新町",
        "operator": "事業者不明",
        "ref": "",
        "url": "",
        "url2": ""
      }
    },
    {
      "type": "Feature",
      "geometry": {
        "type": "Point",
        "coordinates": [
          141.5021815,
          40.5160789
        ]
      },
      "properties": {
        "内容": "バス停: 下組町",
        "name": "下組町",
        "operator": "事業者不明",
        "ref": "",
        "url": "",
        "url2": ""
      }
    },
    {
      "type": "Feature",
      "geometry": {
        "type": "Point",
        "coordinates": [
          141.5031855,
          40.5164908
        ]
      },
      "properties": {
        "内容": "バス停: 下組町",
        "name": "下組町",
        "operator": "事業者不明",
        "ref": "",
        "url": "",
        "url2": ""
      }
    },
    {
      "type": "Feature",
      "geometry": {
        "type": "Point",
        "coordinates": [
          141.5039094,
          40.5157292
        ]
      },
      "properties": {
        "内容": "バス停: 緑町",
        "name": "緑町",
        "operator": "事業者不明",
        "ref": "",
        "url": "",
        "url2": ""
      }
    },
    {
      "type": "Feature",
      "geometry": {
        "type": "Point",
        "coordinates": [
          141.5055909,
          40.5163404
        ]
      },
      "properties": {
        "内容": "バス停: 盲ろう学校通",
        "name": "盲ろう学校通",
        "operator": "事業者不明",
        "ref": "",
        "url": "",
        "url2": ""
      }
    },
    {
      "type": "Feature",
      "geometry": {
        "type": "Point",
        "coordinates": [
          141.5057481,
          40.5172479
        ]
      },
      "properties": {
        "内容": "バス停: 栄町",
        "name": "栄町",
        "operator": "事業者不明",
        "ref": "",
        "url": "",
        "url2": ""
      }
    },
    {
      "type": "Feature",
      "geometry": {
        "type": "Point",
        "coordinates": [
          141.5049912,
          40.5181908
        ]
      },
      "properties": {
        "内容": "バス停: 栄町",
        "name": "栄町",
        "operator": "事業者不明",
        "ref": "",
        "url": "",
        "url2": ""
      }
    },
    {
      "type": "Feature",
      "geometry": {
        "type": "Point",
        "coordinates": [
          141.5059539,
          40.5180653
        ]
      },
      "properties": {
        "内容": "バス停: 栄町",
        "name": "栄町",
        "operator": "事業者不明",
        "ref": "",
        "url": "",
        "url2": ""
      }
    },
    {
      "type": "Feature",
      "geometry": {
        "type": "Point",
        "coordinates": [
          141.5072058,
          40.5184977
        ]
      },
      "properties": {
        "内容": "バス停: 栄町",
        "name": "栄町",
        "operator": "事業者不明",
        "ref": "",
        "url": "",
        "url2": ""
      }
    },
    {
      "type": "Feature",
      "geometry": {
        "type": "Point",
        "coordinates": [
          141.5071864,
          40.5167757
        ]
      },
      "properties": {
        "内容": "バス停: 小中野二丁目",
        "name": "小中野二丁目",
        "operator": "事業者不明",
        "ref": "",
        "url": "",
        "url2": ""
      }
    },
    {
      "type": "Feature",
      "geometry": {
        "type": "Point",
        "coordinates": [
          141.5102531,
          40.517605
        ]
      },
      "properties": {
        "内容": "バス停: 小中野三丁目",
        "name": "小中野三丁目",
        "operator": "事業者不明",
        "ref": "",
        "url": "",
        "url2": ""
      }
    },
    {
      "type": "Feature",
      "geometry": {
        "type": "Point",
        "coordinates": [
          141.5091836,
          40.5192236
        ]
      },
      "properties": {
        "内容": "バス停: 大町一丁目",
        "name": "大町一丁目",
        "operator": "事業者不明",
        "ref": "",
        "url": "",
        "url2": ""
      }
    },
    {
      "type": "Feature",
      "geometry": {
        "type": "Point",
        "coordinates": [
          141.5095097,
          40.5194803
        ]
      },
      "properties": {
        "内容": "バス停: 大町一丁目",
        "name": "大町一丁目",
        "operator": "事業者不明",
        "ref": "",
        "url": "",
        "url2": ""
      }
    },
    {
      "type": "Feature",
      "geometry": {
        "type": "Point",
        "coordinates": [
          141.5111459,
          40.5200794
        ]
      },
      "properties": {
        "内容": "バス停: 大町二丁目",
        "name": "大町二丁目",
        "operator": "事業者不明",
        "ref": "",
        "url": "",
        "url2": ""
      }
    },
    {
      "type": "Feature",
      "geometry": {
        "type": "Point",
        "coordinates": [
          141.5120088,
          40.5202768
        ]
      },
      "properties": {
        "内容": "バス停: 大町二丁目",
        "name": "大町二丁目",
        "operator": "事業者不明",
        "ref": "",
        "url": "",
        "url2": ""
      }
    },
    {
      "type": "Feature",
      "geometry": {
        "type": "Point",
        "coordinates": [
          141.5143773,
          40.5193103
        ]
      },
      "properties": {
        "内容": "バス停: 中条",
        "name": "中条",
        "operator": "事業者不明",
        "ref": "",
        "url": "",
        "url2": ""
      }
    },
    {
      "type": "Feature",
      "geometry": {
        "type": "Point",
        "coordinates": [
          141.5144999,
          40.5216357
        ]
      },
      "properties": {
        "内容": "バス停: 上左比代",
        "name": "上左比代",
        "operator": "事業者不明",
        "ref": "",
        "url": "",
        "url2": ""
      }
    },
    {
      "type": "Feature",
      "geometry": {
        "type": "Point",
        "coordinates": [
          141.5149258,
          40.5217068
        ]
      },
      "properties": {
        "内容": "バス停: 上左比代",
        "name": "上左比代",
        "operator": "事業者不明",
        "ref": "",
        "url": "",
        "url2": ""
      }
    },
    {
      "type": "Feature",
      "geometry": {
        "type": "Point",
        "coordinates": [
          141.516849,
          40.5226401
        ]
      },
      "properties": {
        "内容": "バス停: 新丁",
        "name": "新丁",
        "operator": "事業者不明",
        "ref": "",
        "url": "",
        "url2": ""
      }
    },
    {
      "type": "Feature",
      "geometry": {
        "type": "Point",
        "coordinates": [
          141.5190625,
          40.5228204
        ]
      },
      "properties": {
        "内容": "バス停: 新丁",
        "name": "新丁",
        "operator": "事業者不明",
        "ref": "",
        "url": "",
        "url2": ""
      }
    },
    {
      "type": "Feature",
      "geometry": {
        "type": "Point",
        "coordinates": [
          141.518685,
          40.5214762
        ]
      },
      "properties": {
        "内容": "バス停: 浦町",
        "name": "浦町",
        "operator": "事業者不明",
        "ref": "",
        "url": "",
        "url2": ""
      }
    },
    {
      "type": "Feature",
      "geometry": {
        "type": "Point",
        "coordinates": [
          141.5201725,
          40.5230276
        ]
      },
      "properties": {
        "内容": "バス停: 小中野",
        "name": "小中野",
        "operator": "事業者不明",
        "ref": "",
        "url": "",
        "url2": ""
      }
    },
    {
      "type": "Feature",
      "geometry": {
        "type": "Point",
        "coordinates": [
          141.5212616,
          40.523008
        ]
      },
      "properties": {
        "内容": "バス停: 小中野",
        "name": "小中野",
        "operator": "事業者不明",
        "ref": "",
        "url": "",
        "url2": ""
      }
    },
    {
      "type": "Feature",
      "geometry": {
        "type": "Point",
        "coordinates": [
          141.5218391,
          40.5217313
        ]
      },
      "properties": {
        "内容": "バス停: 南横町",
        "name": "南横町",
        "operator": "事業者不明",
        "ref": "",
        "url": "",
        "url2": ""
      }
    },
    {
      "type": "Feature",
      "geometry": {
        "type": "Point",
        "coordinates": [
          141.5227556,
          40.5220453
        ]
      },
      "properties": {
        "内容": "バス停: 柳町",
        "name": "柳町",
        "operator": "事業者不明",
        "ref": "",
        "url": "",
        "url2": ""
      }
    },
    {
      "type": "Feature",
      "geometry": {
        "type": "Point",
        "coordinates": [
          141.5243689,
          40.5228952
        ]
      },
      "properties": {
        "内容": "バス停: 柳町",
        "name": "柳町",
        "operator": "事業者不明",
        "ref": "",
        "url": "",
        "url2": ""
      }
    },
    {
      "type": "Feature",
      "geometry": {
        "type": "Point",
        "coordinates": [
          141.5273834,
          40.523408
        ]
      },
      "properties": {
        "内容": "バス停: 陸奥湊駅前",
        "name": "陸奥湊駅前",
        "operator": "事業者不明",
        "ref": "",
        "url": "",
        "url2": ""
      }
    },
    {
      "type": "Feature",
      "geometry": {
        "type": "Point",
        "coordinates": [
          141.5267908,
          40.5265018
        ]
      },
      "properties": {
        "内容": "バス停: 新湊二丁目",
        "name": "新湊二丁目",
        "operator": "事業者不明",
        "ref": "",
        "url": "",
        "url2": ""
      }
    },
    {
      "type": "Feature",
      "geometry": {
        "type": "Point",
        "coordinates": [
          141.5271169,
          40.5265976
        ]
      },
      "properties": {
        "内容": "バス停: 新湊二丁目",
        "name": "新湊二丁目",
        "operator": "事業者不明",
        "ref": "",
        "url": "",
        "url2": ""
      }
    },
    {
      "type": "Feature",
      "geometry": {
        "type": "Point",
        "coordinates": [
          141.5288521,
          40.5277808
        ]
      },
      "properties": {
        "内容": "バス停: 館鼻漁港前",
        "name": "館鼻漁港前",
        "operator": "事業者不明",
        "ref": "",
        "url": "",
        "url2": ""
      }
    },
    {
      "type": "Feature",
      "geometry": {
        "type": "Point",
        "coordinates": [
          141.5294052,
          40.5274769
        ]
      },
      "properties": {
        "内容": "バス停: 館鼻漁港前",
        "name": "館鼻漁港前",
        "operator": "事業者不明",
        "ref": "",
        "url": "",
        "url2": ""
      }
    },
    {
      "type": "Feature",
      "geometry": {
        "type": "Point",
        "coordinates": [
          141.5308559,
          40.5252679
        ]
      },
      "properties": {
        "内容": "バス停: 漁港通",
        "name": "漁港通",
        "operator": "事業者不明",
        "ref": "",
        "url": "",
        "url2": ""
      }
    },
    {
      "type": "Feature",
      "geometry": {
        "type": "Point",
        "coordinates": [
          141.5309706,
          40.5251416
        ]
      },
      "properties": {
        "内容": "バス停: 漁港通",
        "name": "漁港通",
        "operator": "事業者不明",
        "ref": "",
        "url": "",
        "url2": ""
      }
    },
    {
      "type": "Feature",
      "geometry": {
        "type": "Point",
        "coordinates": [
          141.532905,
          40.5235859
        ]
      },
      "properties": {
        "内容": "バス停: 大沢",
        "name": "大沢",
        "operator": "事業者不明",
        "ref": "",
        "url": "",
        "url2": ""
      }
    },
    {
      "type": "Feature",
      "geometry": {
        "type": "Point",
        "coordinates": [
          141.537414,
          40.5226914
        ]
      },
      "properties": {
        "内容": "バス停: 三島下",
        "name": "三島下",
        "operator": "事業者不明",
        "ref": "",
        "url": "",
        "url2": ""
      }
    },
    {
      "type": "Feature",
      "geometry": {
        "type": "Point",
        "coordinates": [
          141.5422167,
          40.522503
        ]
      },
      "properties": {
        "内容": "バス停: 白銀",
        "name": "白銀",
        "operator": "事業者不明",
        "ref": "",
        "url": "",
        "url2": ""
      }
    },
    {
      "type": "Feature",
      "geometry": {
        "type": "Point",
        "coordinates": [
          141.5460355,
          40.5247656
        ]
      },
      "properties": {
        "内容": "バス停: 清水川",
        "name": "清水川",
        "operator": "事業者不明",
        "ref": "",
        "url": "",
        "url2": ""
      }
    },
    {
      "type": "Feature",
      "geometry": {
        "type": "Point",
        "coordinates": [
          141.5459187,
          40.5247239
        ]
      },
      "properties": {
        "内容": "バス停: 清水川",
        "name": "清水川",
        "operator": "事業者不明",
        "ref": "",
        "url": "",
        "url2": ""
      }
    },
    {
      "type": "Feature",
      "geometry": {
        "type": "Point",
        "coordinates": [
          141.5529368,
          40.528032
        ]
      },
      "properties": {
        "内容": "バス停: 水産高校前",
        "name": "水産高校前",
        "operator": "事業者不明",
        "ref": "",
        "url": "",
        "url2": ""
      }
    },
    {
      "type": "Feature",
      "geometry": {
        "type": "Point",
        "coordinates": [
          141.4495841,
          40.4904451
        ]
      },
      "properties": {
        "内容": "バス停: 聖ウルスラ学院 (八戸市交通部)",
        "name": "聖ウルスラ学院",
        "operator": "八戸市交通部",
        "ref": "",
        "url": "",
        "url2": ""
      }
    },
    {
      "type": "Feature",
      "geometry": {
        "type": "Point",
        "coordinates": [
          141.4493222,
          40.4905415
        ]
      },
      "properties": {
        "内容": "バス停: 聖ウルスラ学院前 (南部バス)",
        "name": "聖ウルスラ学院前",
        "operator": "南部バス",
        "ref": "",
        "url": "",
        "url2": ""
      }
    },
    {
      "type": "Feature",
      "geometry": {
        "type": "Point",
        "coordinates": [
          141.4263822,
          40.5062403
        ]
      },
      "properties": {
        "内容": "バス停: 矢沢",
        "name": "矢沢",
        "operator": "事業者不明",
        "ref": "",
        "url": "",
        "url2": ""
      }
    },
    {
      "type": "Feature",
      "geometry": {
        "type": "Point",
        "coordinates": [
          141.450126,
          40.5162635
        ]
      },
      "properties": {
        "内容": "バス停: メディカルコート八戸西病院",
        "name": "メディカルコート八戸西病院",
        "operator": "事業者不明",
        "ref": "",
        "url": "",
        "url2": ""
      }
    },
    {
      "type": "Feature",
      "geometry": {
        "type": "Point",
        "coordinates": [
          141.4499097,
          40.5160872
        ]
      },
      "properties": {
        "内容": "バス停: メディカルコート八戸西病院",
        "name": "メディカルコート八戸西病院",
        "operator": "事業者不明",
        "ref": "",
        "url": "",
        "url2": ""
      }
    },
    {
      "type": "Feature",
      "geometry": {
        "type": "Point",
        "coordinates": [
          141.4483995,
          40.5212943
        ]
      },
      "properties": {
        "内容": "バス停: 卸センター入口",
        "name": "卸センター入口",
        "operator": "事業者不明",
        "ref": "",
        "url": "",
        "url2": ""
      }
    },
    {
      "type": "Feature",
      "geometry": {
        "type": "Point",
        "coordinates": [
          141.4487121,
          40.5224683
        ]
      },
      "properties": {
        "内容": "バス停: 卸センター入口",
        "name": "卸センター入口",
        "operator": "事業者不明",
        "ref": "",
        "url": "",
        "url2": ""
      }
    },
    {
      "type": "Feature",
      "geometry": {
        "type": "Point",
        "coordinates": [
          141.4490753,
          40.5221253
        ]
      },
      "properties": {
        "内容": "バス停: 卸センター入口",
        "name": "卸センター入口",
        "operator": "事業者不明",
        "ref": "",
        "url": "",
        "url2": ""
      }
    },
    {
      "type": "Feature",
      "geometry": {
        "type": "Point",
        "coordinates": [
          141.4491733,
          40.5219879
        ]
      },
      "properties": {
        "内容": "バス停: 卸センター入口",
        "name": "卸センター入口",
        "operator": "事業者不明",
        "ref": "",
        "url": "",
        "url2": ""
      }
    },
    {
      "type": "Feature",
      "geometry": {
        "type": "Point",
        "coordinates": [
          141.4522013,
          40.5227997
        ]
      },
      "properties": {
        "内容": "バス停: 卸センター",
        "name": "卸センター",
        "operator": "事業者不明",
        "ref": "",
        "url": "",
        "url2": ""
      }
    },
    {
      "type": "Feature",
      "geometry": {
        "type": "Point",
        "coordinates": [
          141.4524801,
          40.5227419
        ]
      },
      "properties": {
        "内容": "バス停: 卸センター",
        "name": "卸センター",
        "operator": "事業者不明",
        "ref": "",
        "url": "",
        "url2": ""
      }
    },
    {
      "type": "Feature",
      "geometry": {
        "type": "Point",
        "coordinates": [
          141.4551177,
          40.5232145
        ]
      },
      "properties": {
        "内容": "バス停: 卸センター公園前",
        "name": "卸センター公園前",
        "operator": "事業者不明",
        "ref": "",
        "url": "",
        "url2": ""
      }
    },
    {
      "type": "Feature",
      "geometry": {
        "type": "Point",
        "coordinates": [
          141.4521431,
          40.5276938
        ]
      },
      "properties": {
        "内容": "バス停: 中央市場",
        "name": "中央市場",
        "operator": "事業者不明",
        "ref": "",
        "url": "",
        "url2": ""
      }
    },
    {
      "type": "Feature",
      "geometry": {
        "type": "Point",
        "coordinates": [
          141.4517948,
          40.526845
        ]
      },
      "properties": {
        "内容": "バス停: 中央市場",
        "name": "中央市場",
        "operator": "事業者不明",
        "ref": "",
        "url": "",
        "url2": ""
      }
    },
    {
      "type": "Feature",
      "geometry": {
        "type": "Point",
        "coordinates": [
          141.4513708,
          40.5394112
        ]
      },
      "properties": {
        "内容": "バス停: 南部山公園通",
        "name": "南部山公園通",
        "operator": "事業者不明",
        "ref": "",
        "url": "",
        "url2": ""
      }
    },
    {
      "type": "Feature",
      "geometry": {
        "type": "Point",
        "coordinates": [
          141.4513396,
          40.5397738
        ]
      },
      "properties": {
        "内容": "バス停: 南部山公園通",
        "name": "南部山公園通",
        "operator": "事業者不明",
        "ref": "",
        "url": "",
        "url2": ""
      }
    },
    {
      "type": "Feature",
      "geometry": {
        "type": "Point",
        "coordinates": [
          141.4388147,
          40.5484967
        ]
      },
      "properties": {
        "内容": "バス停: ハイテクパーク入口",
        "name": "ハイテクパーク入口",
        "operator": "事業者不明",
        "ref": "",
        "url": "",
        "url2": ""
      }
    },
    {
      "type": "Feature",
      "geometry": {
        "type": "Point",
        "coordinates": [
          141.4383906,
          40.548032
        ]
      },
      "properties": {
        "内容": "バス停: ハイテクパーク入口",
        "name": "ハイテクパーク入口",
        "operator": "事業者不明",
        "ref": "",
        "url": "",
        "url2": ""
      }
    },
    {
      "type": "Feature",
      "geometry": {
        "type": "Point",
        "coordinates": [
          141.436395,
          40.5478644
        ]
      },
      "properties": {
        "内容": "バス停: インテリジェントプラザ",
        "name": "インテリジェントプラザ",
        "operator": "事業者不明",
        "ref": "",
        "url": "",
        "url2": ""
      }
    },
    {
      "type": "Feature",
      "geometry": {
        "type": "Point",
        "coordinates": [
          141.4356535,
          40.5483023
        ]
      },
      "properties": {
        "内容": "バス停: インテリジェントプラザ",
        "name": "インテリジェントプラザ",
        "operator": "事業者不明",
        "ref": "",
        "url": "",
        "url2": ""
      }
    },
    {
      "type": "Feature",
      "geometry": {
        "type": "Point",
        "coordinates": [
          141.4349095,
          40.5462871
        ]
      },
      "properties": {
        "内容": "バス停: ハイテクパーク",
        "name": "ハイテクパーク",
        "operator": "事業者不明",
        "ref": "",
        "url": "",
        "url2": ""
      }
    },
    {
      "type": "Feature",
      "geometry": {
        "type": "Point",
        "coordinates": [
          141.4723265,
          40.5064738
        ]
      },
      "properties": {
        "内容": "バス停: 根城五丁目",
        "name": "根城五丁目",
        "operator": "事業者不明",
        "ref": "",
        "url": "",
        "url2": ""
      }
    },
    {
      "type": "Feature",
      "geometry": {
        "type": "Point",
        "coordinates": [
          141.4724817,
          40.506454
        ]
      },
      "properties": {
        "内容": "バス停: 根城五丁目",
        "name": "根城五丁目",
        "operator": "事業者不明",
        "ref": "",
        "url": "",
        "url2": ""
      }
    },
    {
      "type": "Feature",
      "geometry": {
        "type": "Point",
        "coordinates": [
          141.4728614,
          40.5017875
        ]
      },
      "properties": {
        "内容": "バス停: 根城六丁目",
        "name": "根城六丁目",
        "operator": "事業者不明",
        "ref": "",
        "url": "",
        "url2": ""
      }
    },
    {
      "type": "Feature",
      "geometry": {
        "type": "Point",
        "coordinates": [
          141.4726858,
          40.5016944
        ]
      },
      "properties": {
        "内容": "バス停: 根城六丁目",
        "name": "根城六丁目",
        "operator": "事業者不明",
        "ref": "",
        "url": "",
        "url2": ""
      }
    },
    {
      "type": "Feature",
      "geometry": {
        "type": "Point",
        "coordinates": [
          141.4721791,
          40.4990033
        ]
      },
      "properties": {
        "内容": "バス停: 鍋久保",
        "name": "鍋久保",
        "operator": "事業者不明",
        "ref": "",
        "url": "",
        "url2": ""
      }
    },
    {
      "type": "Feature",
      "geometry": {
        "type": "Point",
        "coordinates": [
          141.4729462,
          40.4993849
        ]
      },
      "properties": {
        "内容": "バス停: 鍋久保",
        "name": "鍋久保",
        "operator": "事業者不明",
        "ref": "",
        "url": "",
        "url2": ""
      }
    },
    {
      "type": "Feature",
      "geometry": {
        "type": "Point",
        "coordinates": [
          141.470671,
          40.4958054
        ]
      },
      "properties": {
        "内容": "バス停: 羽仁記念館前",
        "name": "羽仁記念館前",
        "operator": "事業者不明",
        "ref": "",
        "url": "",
        "url2": ""
      }
    },
    {
      "type": "Feature",
      "geometry": {
        "type": "Point",
        "coordinates": [
          141.4704149,
          40.495785
        ]
      },
      "properties": {
        "内容": "バス停: 羽仁記念館前",
        "name": "羽仁記念館前",
        "operator": "事業者不明",
        "ref": "",
        "url": "",
        "url2": ""
      }
    },
    {
      "type": "Feature",
      "geometry": {
        "type": "Point",
        "coordinates": [
          141.4705865,
          40.4933897
        ]
      },
      "properties": {
        "内容": "バス停: 根城エレンシア前",
        "name": "根城エレンシア前",
        "operator": "事業者不明",
        "ref": "",
        "url": "",
        "url2": ""
      }
    },
    {
      "type": "Feature",
      "geometry": {
        "type": "Point",
        "coordinates": [
          141.4709147,
          40.4936802
        ]
      },
      "properties": {
        "内容": "バス停: 根城エレンシア前",
        "name": "根城エレンシア前",
        "operator": "事業者不明",
        "ref": "",
        "url": "",
        "url2": ""
      }
    },
    {
      "type": "Feature",
      "geometry": {
        "type": "Point",
        "coordinates": [
          141.4814392,
          40.4969479
        ]
      },
      "properties": {
        "内容": "バス停: 上大杉平",
        "name": "上大杉平",
        "operator": "事業者不明",
        "ref": "",
        "url": "",
        "url2": ""
      }
    },
    {
      "type": "Feature",
      "geometry": {
        "type": "Point",
        "coordinates": [
          141.4815997,
          40.497255
        ]
      },
      "properties": {
        "内容": "バス停: 上大杉平",
        "name": "上大杉平",
        "operator": "事業者不明",
        "ref": "",
        "url": "",
        "url2": ""
      }
    },
    {
      "type": "Feature",
      "geometry": {
        "type": "Point",
        "coordinates": [
          141.4791671,
          40.4910772
        ]
      },
      "properties": {
        "内容": "バス停: 長者中学校前",
        "name": "長者中学校前",
        "operator": "事業者不明",
        "ref": "",
        "url": "",
        "url2": ""
      }
    },
    {
      "type": "Feature",
      "geometry": {
        "type": "Point",
        "coordinates": [
          141.4790126,
          40.4902451
        ]
      },
      "properties": {
        "内容": "バス停: 長者中学校前",
        "name": "長者中学校前",
        "operator": "事業者不明",
        "ref": "",
        "url": "",
        "url2": ""
      }
    },
    {
      "type": "Feature",
      "geometry": {
        "type": "Point",
        "coordinates": [
          141.4796615,
          40.4862671
        ]
      },
      "properties": {
        "内容": "バス停: 二ツ家",
        "name": "二ツ家",
        "operator": "事業者不明",
        "ref": "",
        "url": "",
        "url2": ""
      }
    },
    {
      "type": "Feature",
      "geometry": {
        "type": "Point",
        "coordinates": [
          141.4794311,
          40.4865844
        ]
      },
      "properties": {
        "内容": "バス停: 二ツ家",
        "name": "二ツ家",
        "operator": "事業者不明",
        "ref": "",
        "url": "",
        "url2": ""
      }
    },
    {
      "type": "Feature",
      "geometry": {
        "type": "Point",
        "coordinates": [
          141.4800786,
          40.4839394
        ]
      },
      "properties": {
        "内容": "バス停: 八戸営業所 (南部バス)",
        "name": "八戸営業所",
        "operator": "南部バス",
        "ref": "",
        "url": "",
        "url2": ""
      }
    },
    {
      "type": "Feature",
      "geometry": {
        "type": "Point",
        "coordinates": [
          141.4798763,
          40.4844607
        ]
      },
      "properties": {
        "内容": "バス停: 八戸営業所 (南部バス)",
        "name": "八戸営業所",
        "operator": "南部バス",
        "ref": "",
        "url": "",
        "url2": ""
      }
    },
    {
      "type": "Feature",
      "geometry": {
        "type": "Point",
        "coordinates": [
          141.4798862,
          40.4846882
        ]
      },
      "properties": {
        "内容": "バス停: 上二ツ家 (八戸市交通部)",
        "name": "上二ツ家",
        "operator": "八戸市交通部",
        "ref": "",
        "url": "",
        "url2": ""
      }
    },
    {
      "type": "Feature",
      "geometry": {
        "type": "Point",
        "coordinates": [
          141.5124315,
          40.5077586
        ]
      },
      "properties": {
        "内容": "バス停: 上明戸",
        "name": "上明戸",
        "operator": "事業者不明",
        "ref": "",
        "url": "",
        "url2": ""
      }
    },
    {
      "type": "Feature",
      "geometry": {
        "type": "Point",
        "coordinates": [
          141.5148226,
          40.50742
        ]
      },
      "properties": {
        "内容": "バス停: 明戸",
        "name": "明戸",
        "operator": "事業者不明",
        "ref": "",
        "url": "",
        "url2": ""
      }
    },
    {
      "type": "Feature",
      "geometry": {
        "type": "Point",
        "coordinates": [
          141.5158374,
          40.5075832
        ]
      },
      "properties": {
        "内容": "バス停: 明戸",
        "name": "明戸",
        "operator": "事業者不明",
        "ref": "",
        "url": "",
        "url2": ""
      }
    },
    {
      "type": "Feature",
      "geometry": {
        "type": "Point",
        "coordinates": [
          141.5228072,
          40.507279
        ]
      },
      "properties": {
        "内容": "バス停: 新井田大橋",
        "name": "新井田大橋",
        "operator": "事業者不明",
        "ref": "",
        "url": "",
        "url2": ""
      }
    },
    {
      "type": "Feature",
      "geometry": {
        "type": "Point",
        "coordinates": [
          141.5242609,
          40.5074581
        ]
      },
      "properties": {
        "内容": "バス停: 新井田大橋",
        "name": "新井田大橋",
        "operator": "事業者不明",
        "ref": "",
        "url": "",
        "url2": ""
      }
    },
    {
      "type": "Feature",
      "geometry": {
        "type": "Point",
        "coordinates": [
          141.5276296,
          40.5067588
        ]
      },
      "properties": {
        "内容": "バス停: 四本松",
        "name": "四本松",
        "operator": "事業者不明",
        "ref": "",
        "url": "",
        "url2": ""
      }
    },
    {
      "type": "Feature",
      "geometry": {
        "type": "Point",
        "coordinates": [
          141.5298754,
          40.5058081
        ]
      },
      "properties": {
        "内容": "バス停: 四本松",
        "name": "四本松",
        "operator": "事業者不明",
        "ref": "",
        "url": "",
        "url2": ""
      }
    },
    {
      "type": "Feature",
      "geometry": {
        "type": "Point",
        "coordinates": [
          141.5309128,
          40.5063099
        ]
      },
      "properties": {
        "内容": "バス停: 四本松",
        "name": "四本松",
        "operator": "事業者不明",
        "ref": "",
        "url": "",
        "url2": ""
      }
    },
    {
      "type": "Feature",
      "geometry": {
        "type": "Point",
        "coordinates": [
          141.5345671,
          40.504839
        ]
      },
      "properties": {
        "内容": "バス停: 湊病院前",
        "name": "湊病院前",
        "operator": "事業者不明",
        "ref": "",
        "url": "",
        "url2": ""
      }
    },
    {
      "type": "Feature",
      "geometry": {
        "type": "Point",
        "coordinates": [
          141.5342235,
          40.5052475
        ]
      },
      "properties": {
        "内容": "バス停: 湊病院前",
        "name": "湊病院前",
        "operator": "事業者不明",
        "ref": "",
        "url": "",
        "url2": ""
      }
    },
    {
      "type": "Feature",
      "geometry": {
        "type": "Point",
        "coordinates": [
          141.5409142,
          40.5029682
        ]
      },
      "properties": {
        "内容": "バス停: 東運動公園",
        "name": "東運動公園",
        "operator": "事業者不明",
        "ref": "",
        "url": "",
        "url2": ""
      }
    },
    {
      "type": "Feature",
      "geometry": {
        "type": "Point",
        "coordinates": [
          141.5414576,
          40.4990166
        ]
      },
      "properties": {
        "内容": "バス停: 旭ヶ丘東口",
        "name": "旭ヶ丘東口",
        "operator": "事業者不明",
        "ref": "",
        "url": "",
        "url2": ""
      }
    },
    {
      "type": "Feature",
      "geometry": {
        "type": "Point",
        "coordinates": [
          141.5421898,
          40.4973023
        ]
      },
      "properties": {
        "内容": "バス停: 旭ヶ丘東口",
        "name": "旭ヶ丘東口",
        "operator": "事業者不明",
        "ref": "",
        "url": "",
        "url2": ""
      }
    },
    {
      "type": "Feature",
      "geometry": {
        "type": "Point",
        "coordinates": [
          141.5432412,
          40.4982824
        ]
      },
      "properties": {
        "内容": "バス停: 旭ヶ丘東口",
        "name": "旭ヶ丘東口",
        "operator": "事業者不明",
        "ref": "",
        "url": "",
        "url2": ""
      }
    },
    {
      "type": "Feature",
      "geometry": {
        "type": "Point",
        "coordinates": [
          141.5453679,
          40.4981051
        ]
      },
      "properties": {
        "内容": "バス停: 桜ヶ丘",
        "name": "桜ヶ丘",
        "operator": "事業者不明",
        "ref": "",
        "url": "",
        "url2": ""
      }
    },
    {
      "type": "Feature",
      "geometry": {
        "type": "Point",
        "coordinates": [
          141.5458531,
          40.4984977
        ]
      },
      "properties": {
        "内容": "バス停: 桜ヶ丘",
        "name": "桜ヶ丘",
        "operator": "事業者不明",
        "ref": "",
        "url": "",
        "url2": ""
      }
    },
    {
      "type": "Feature",
      "geometry": {
        "type": "Point",
        "coordinates": [
          141.5457658,
          40.4983958
        ]
      },
      "properties": {
        "内容": "バス停: 桜ヶ丘",
        "name": "桜ヶ丘",
        "operator": "事業者不明",
        "ref": "",
        "url": "",
        "url2": ""
      }
    },
    {
      "type": "Feature",
      "geometry": {
        "type": "Point",
        "coordinates": [
          141.5459521,
          40.4978069
        ]
      },
      "properties": {
        "内容": "バス停: 桜ヶ丘",
        "name": "桜ヶ丘",
        "operator": "事業者不明",
        "ref": "",
        "url": "",
        "url2": ""
      }
    },
    {
      "type": "Feature",
      "geometry": {
        "type": "Point",
        "coordinates": [
          141.5391861,
          40.4985001
        ]
      },
      "properties": {
        "内容": "バス停: 旭ヶ丘四丁目",
        "name": "旭ヶ丘四丁目",
        "operator": "事業者不明",
        "ref": "",
        "url": "",
        "url2": ""
      }
    },
    {
      "type": "Feature",
      "geometry": {
        "type": "Point",
        "coordinates": [
          141.5395334,
          40.4984328
        ]
      },
      "properties": {
        "内容": "バス停: 旭ヶ丘四丁目",
        "name": "旭ヶ丘四丁目",
        "operator": "事業者不明",
        "ref": "",
        "url": "",
        "url2": ""
      }
    },
    {
      "type": "Feature",
      "geometry": {
        "type": "Point",
        "coordinates": [
          141.5354953,
          40.4979881
        ]
      },
      "properties": {
        "内容": "バス停: 旭ヶ丘団地",
        "name": "旭ヶ丘団地",
        "operator": "事業者不明",
        "ref": "",
        "url": "",
        "url2": ""
      }
    },
    {
      "type": "Feature",
      "geometry": {
        "type": "Point",
        "coordinates": [
          141.5328594,
          40.4980477
        ]
      },
      "properties": {
        "内容": "バス停: 旭ヶ丘西口",
        "name": "旭ヶ丘西口",
        "operator": "事業者不明",
        "ref": "",
        "url": "",
        "url2": ""
      }
    },
    {
      "type": "Feature",
      "geometry": {
        "type": "Point",
        "coordinates": [
          141.5323901,
          40.4977417
        ]
      },
      "properties": {
        "内容": "バス停: 旭ヶ丘西口",
        "name": "旭ヶ丘西口",
        "operator": "事業者不明",
        "ref": "",
        "url": "",
        "url2": ""
      }
    },
    {
      "type": "Feature",
      "geometry": {
        "type": "Point",
        "coordinates": [
          141.5292209,
          40.496377
        ]
      },
      "properties": {
        "内容": "バス停: 見晴台",
        "name": "見晴台",
        "operator": "事業者不明",
        "ref": "",
        "url": "",
        "url2": ""
      }
    },
    {
      "type": "Feature",
      "geometry": {
        "type": "Point",
        "coordinates": [
          141.5288642,
          40.4963404
        ]
      },
      "properties": {
        "内容": "バス停: 見晴台",
        "name": "見晴台",
        "operator": "事業者不明",
        "ref": "",
        "url": "",
        "url2": ""
      }
    },
    {
      "type": "Feature",
      "geometry": {
        "type": "Point",
        "coordinates": [
          141.5245192,
          40.4950604
        ]
      },
      "properties": {
        "内容": "バス停: 新井田団地前",
        "name": "新井田団地前",
        "operator": "事業者不明",
        "ref": "",
        "url": "",
        "url2": ""
      }
    },
    {
      "type": "Feature",
      "geometry": {
        "type": "Point",
        "coordinates": [
          141.5249002,
          40.4949418
        ]
      },
      "properties": {
        "内容": "バス停: 新井田団地前",
        "name": "新井田団地前",
        "operator": "事業者不明",
        "ref": "",
        "url": "",
        "url2": ""
      }
    },
    {
      "type": "Feature",
      "geometry": {
        "type": "Point",
        "coordinates": [
          141.5206858,
          40.495547
        ]
      },
      "properties": {
        "内容": "バス停: 中町 (南部バス)",
        "name": "中町",
        "operator": "南部バス",
        "ref": "",
        "url": "",
        "url2": ""
      }
    },
    {
      "type": "Feature",
      "geometry": {
        "type": "Point",
        "coordinates": [
          141.5211311,
          40.4951626
        ]
      },
      "properties": {
        "内容": "バス停: 中町 (八戸市交通部)",
        "name": "中町",
        "operator": "八戸市交通部",
        "ref": "",
        "url": "",
        "url2": ""
      }
    },
    {
      "type": "Feature",
      "geometry": {
        "type": "Point",
        "coordinates": [
          141.5212344,
          40.4951024
        ]
      },
      "properties": {
        "内容": "バス停: 中町 (八戸市交通部)",
        "name": "中町",
        "operator": "八戸市交通部",
        "ref": "",
        "url": "",
        "url2": ""
      }
    },
    {
      "type": "Feature",
      "geometry": {
        "type": "Point",
        "coordinates": [
          141.5197683,
          40.493773
        ]
      },
      "properties": {
        "内容": "バス停: 新井田",
        "name": "新井田",
        "operator": "事業者不明",
        "ref": "",
        "url": "",
        "url2": ""
      }
    },
    {
      "type": "Feature",
      "geometry": {
        "type": "Point",
        "coordinates": [
          141.519002,
          40.4938969
        ]
      },
      "properties": {
        "内容": "バス停: 新井田",
        "name": "新井田",
        "operator": "事業者不明",
        "ref": "",
        "url": "",
        "url2": ""
      }
    },
    {
      "type": "Feature",
      "geometry": {
        "type": "Point",
        "coordinates": [
          141.517697,
          40.4954534
        ]
      },
      "properties": {
        "内容": "バス停: 新井田畑中 (八戸市交通部)",
        "name": "新井田畑中",
        "operator": "八戸市交通部",
        "ref": "",
        "url": "",
        "url2": ""
      }
    },
    {
      "type": "Feature",
      "geometry": {
        "type": "Point",
        "coordinates": [
          141.5175495,
          40.4952566
        ]
      },
      "properties": {
        "内容": "バス停: 新井田畑中 (八戸市交通部)",
        "name": "新井田畑中",
        "operator": "八戸市交通部",
        "ref": "",
        "url": "",
        "url2": ""
      }
    },
    {
      "type": "Feature",
      "geometry": {
        "type": "Point",
        "coordinates": [
          141.5175669,
          40.4953882
        ]
      },
      "properties": {
        "内容": "バス停: 大里脳神経リハビリテーションクリニック・はしもと小児科前 (南部バス)",
        "name": "大里脳神経リハビリテーションクリニック・はしもと小児科前",
        "operator": "南部バス",
        "ref": "",
        "url": "",
        "url2": ""
      }
    },
    {
      "type": "Feature",
      "geometry": {
        "type": "Point",
        "coordinates": [
          141.4971524,
          40.5011473
        ]
      },
      "properties": {
        "内容": "バス停: 吹上仲町",
        "name": "吹上仲町",
        "operator": "事業者不明",
        "ref": "",
        "url": "",
        "url2": ""
      }
    },
    {
      "type": "Feature",
      "geometry": {
        "type": "Point",
        "coordinates": [
          141.4971116,
          40.5017391
        ]
      },
      "properties": {
        "内容": "バス停: 吹上仲町",
        "name": "吹上仲町",
        "operator": "事業者不明",
        "ref": "",
        "url": "",
        "url2": ""
      }
    },
    {
      "type": "Feature",
      "geometry": {
        "type": "Point",
        "coordinates": [
          141.4969175,
          40.4993068
        ]
      },
      "properties": {
        "内容": "バス停: 吹上栄町",
        "name": "吹上栄町",
        "operator": "事業者不明",
        "ref": "",
        "url": "",
        "url2": ""
      }
    },
    {
      "type": "Feature",
      "geometry": {
        "type": "Point",
        "coordinates": [
          141.4969156,
          40.4987017
        ]
      },
      "properties": {
        "内容": "バス停: 吹上栄町",
        "name": "吹上栄町",
        "operator": "事業者不明",
        "ref": "",
        "url": "",
        "url2": ""
      }
    },
    {
      "type": "Feature",
      "geometry": {
        "type": "Point",
        "coordinates": [
          141.4978336,
          40.4960479
        ]
      },
      "properties": {
        "内容": "バス停: 藤覚",
        "name": "藤覚",
        "operator": "事業者不明",
        "ref": "",
        "url": "",
        "url2": ""
      }
    },
    {
      "type": "Feature",
      "geometry": {
        "type": "Point",
        "coordinates": [
          141.4978627,
          40.4957085
        ]
      },
      "properties": {
        "内容": "バス停: 藤覚",
        "name": "藤覚",
        "operator": "事業者不明",
        "ref": "",
        "url": "",
        "url2": ""
      }
    },
    {
      "type": "Feature",
      "geometry": {
        "type": "Point",
        "coordinates": [
          141.4983713,
          40.4943653
        ]
      },
      "properties": {
        "内容": "バス停: 春日町",
        "name": "春日町",
        "operator": "事業者不明",
        "ref": "",
        "url": "",
        "url2": ""
      }
    },
    {
      "type": "Feature",
      "geometry": {
        "type": "Point",
        "coordinates": [
          141.4981927,
          40.4939682
        ]
      },
      "properties": {
        "内容": "バス停: 春日町",
        "name": "春日町",
        "operator": "事業者不明",
        "ref": "",
        "url": "",
        "url2": ""
      }
    },
    {
      "type": "Feature",
      "geometry": {
        "type": "Point",
        "coordinates": [
          141.4987265,
          40.4914796
        ]
      },
      "properties": {
        "内容": "バス停: 道合",
        "name": "道合",
        "operator": "事業者不明",
        "ref": "",
        "url": "",
        "url2": ""
      }
    },
    {
      "type": "Feature",
      "geometry": {
        "type": "Point",
        "coordinates": [
          141.4988546,
          40.4912907
        ]
      },
      "properties": {
        "内容": "バス停: 道合",
        "name": "道合",
        "operator": "事業者不明",
        "ref": "",
        "url": "",
        "url2": ""
      }
    },
    {
      "type": "Feature",
      "geometry": {
        "type": "Point",
        "coordinates": [
          141.5012129,
          40.4892291
        ]
      },
      "properties": {
        "内容": "バス停: 中居林",
        "name": "中居林",
        "operator": "事業者不明",
        "ref": "",
        "url": "",
        "url2": ""
      }
    },
    {
      "type": "Feature",
      "geometry": {
        "type": "Point",
        "coordinates": [
          141.5026967,
          40.4889539
        ]
      },
      "properties": {
        "内容": "バス停: 中居林",
        "name": "中居林",
        "operator": "事業者不明",
        "ref": "",
        "url": "",
        "url2": ""
      }
    },
    {
      "type": "Feature",
      "geometry": {
        "type": "Point",
        "coordinates": [
          141.5019197,
          40.4880796
        ]
      },
      "properties": {
        "内容": "バス停: 中居林",
        "name": "中居林",
        "operator": "事業者不明",
        "ref": "",
        "url": "",
        "url2": ""
      }
    },
    {
      "type": "Feature",
      "geometry": {
        "type": "Point",
        "coordinates": [
          141.5054047,
          40.4884325
        ]
      },
      "properties": {
        "内容": "バス停: 梨子ノ木平",
        "name": "梨子ノ木平",
        "operator": "事業者不明",
        "ref": "",
        "url": "",
        "url2": ""
      }
    },
    {
      "type": "Feature",
      "geometry": {
        "type": "Point",
        "coordinates": [
          141.5052705,
          40.4885847
        ]
      },
      "properties": {
        "内容": "バス停: 梨子ノ木平",
        "name": "梨子ノ木平",
        "operator": "事業者不明",
        "ref": "",
        "url": "",
        "url2": ""
      }
    },
    {
      "type": "Feature",
      "geometry": {
        "type": "Point",
        "coordinates": [
          141.5070503,
          40.4882852
        ]
      },
      "properties": {
        "内容": "バス停: 石手洗団地前",
        "name": "石手洗団地前",
        "operator": "事業者不明",
        "ref": "",
        "url": "",
        "url2": ""
      }
    },
    {
      "type": "Feature",
      "geometry": {
        "type": "Point",
        "coordinates": [
          141.507112,
          40.4881297
        ]
      },
      "properties": {
        "内容": "バス停: 石手洗団地前",
        "name": "石手洗団地前",
        "operator": "事業者不明",
        "ref": "",
        "url": "",
        "url2": ""
      }
    },
    {
      "type": "Feature",
      "geometry": {
        "type": "Point",
        "coordinates": [
          141.5086086,
          40.4884438
        ]
      },
      "properties": {
        "内容": "バス停: 石手洗団地前",
        "name": "石手洗団地前",
        "operator": "事業者不明",
        "ref": "",
        "url": "",
        "url2": ""
      }
    },
    {
      "type": "Feature",
      "geometry": {
        "type": "Point",
        "coordinates": [
          141.5095604,
          40.4906606
        ]
      },
      "properties": {
        "内容": "バス停: 松ヶ崎",
        "name": "松ヶ崎",
        "operator": "事業者不明",
        "ref": "",
        "url": "",
        "url2": ""
      }
    },
    {
      "type": "Feature",
      "geometry": {
        "type": "Point",
        "coordinates": [
          141.5095036,
          40.49087
        ]
      },
      "properties": {
        "内容": "バス停: 松ヶ崎",
        "name": "松ヶ崎",
        "operator": "事業者不明",
        "ref": "",
        "url": "",
        "url2": ""
      }
    },
    {
      "type": "Feature",
      "geometry": {
        "type": "Point",
        "coordinates": [
          141.5107045,
          40.4858074
        ]
      },
      "properties": {
        "内容": "バス停: 花水河原",
        "name": "花水河原",
        "operator": "事業者不明",
        "ref": "",
        "url": "",
        "url2": ""
      }
    },
    {
      "type": "Feature",
      "geometry": {
        "type": "Point",
        "coordinates": [
          141.5108787,
          40.4858381
        ]
      },
      "properties": {
        "内容": "バス停: 花水河原",
        "name": "花水河原",
        "operator": "事業者不明",
        "ref": "",
        "url": "",
        "url2": ""
      }
    },
    {
      "type": "Feature",
      "geometry": {
        "type": "Point",
        "coordinates": [
          141.5104444,
          40.4826153
        ]
      },
      "properties": {
        "内容": "バス停: 斎場前",
        "name": "斎場前",
        "operator": "事業者不明",
        "ref": "",
        "url": "",
        "url2": ""
      }
    },
    {
      "type": "Feature",
      "geometry": {
        "type": "Point",
        "coordinates": [
          141.5106062,
          40.4825278
        ]
      },
      "properties": {
        "内容": "バス停: 斎場前",
        "name": "斎場前",
        "operator": "事業者不明",
        "ref": "",
        "url": "",
        "url2": ""
      }
    },
    {
      "type": "Feature",
      "geometry": {
        "type": "Point",
        "coordinates": [
          141.5110788,
          40.4799144
        ]
      },
      "properties": {
        "内容": "バス停: こどもの国通",
        "name": "こどもの国通",
        "operator": "事業者不明",
        "ref": "",
        "url": "",
        "url2": ""
      }
    },
    {
      "type": "Feature",
      "geometry": {
        "type": "Point",
        "coordinates": [
          141.5108553,
          40.4798399
        ]
      },
      "properties": {
        "内容": "バス停: こどもの国通",
        "name": "こどもの国通",
        "operator": "事業者不明",
        "ref": "",
        "url": "",
        "url2": ""
      }
    },
    {
      "type": "Feature",
      "geometry": {
        "type": "Point",
        "coordinates": [
          141.5123349,
          40.4762271
        ]
      },
      "properties": {
        "内容": "バス停: こどもの国前",
        "name": "こどもの国前",
        "operator": "事業者不明",
        "ref": "",
        "url": "",
        "url2": ""
      }
    },
    {
      "type": "Feature",
      "geometry": {
        "type": "Point",
        "coordinates": [
          141.512518,
          40.4759162
        ]
      },
      "properties": {
        "内容": "バス停: こどもの国前",
        "name": "こどもの国前",
        "operator": "事業者不明",
        "ref": "",
        "url": "",
        "url2": ""
      }
    },
    {
      "type": "Feature",
      "geometry": {
        "type": "Point",
        "coordinates": [
          141.5129948,
          40.4754271
        ]
      },
      "properties": {
        "内容": "バス停: こどもの国入口",
        "name": "こどもの国入口",
        "operator": "事業者不明",
        "ref": "",
        "url": "",
        "url2": ""
      }
    },
    {
      "type": "Feature",
      "geometry": {
        "type": "Point",
        "coordinates": [
          141.5108892,
          40.4765008
        ]
      },
      "properties": {
        "内容": "バス停: 商業高校前",
        "name": "商業高校前",
        "operator": "事業者不明",
        "ref": "",
        "url": "",
        "url2": ""
      }
    },
    {
      "type": "Feature",
      "geometry": {
        "type": "Point",
        "coordinates": [
          141.5102774,
          40.4758893
        ]
      },
      "properties": {
        "内容": "バス停: 商業高校前",
        "name": "商業高校前",
        "operator": "事業者不明",
        "ref": "",
        "url": "",
        "url2": ""
      }
    },
    {
      "type": "Feature",
      "geometry": {
        "type": "Point",
        "coordinates": [
          141.5089118,
          40.4738956
        ]
      },
      "properties": {
        "内容": "バス停: 楢館",
        "name": "楢館",
        "operator": "事業者不明",
        "ref": "",
        "url": "",
        "url2": ""
      }
    },
    {
      "type": "Feature",
      "geometry": {
        "type": "Point",
        "coordinates": [
          141.5091845,
          40.4741158
        ]
      },
      "properties": {
        "内容": "バス停: 楢館",
        "name": "楢館",
        "operator": "事業者不明",
        "ref": "",
        "url": "",
        "url2": ""
      }
    },
    {
      "type": "Feature",
      "geometry": {
        "type": "Point",
        "coordinates": [
          141.5063191,
          40.4696499
        ]
      },
      "properties": {
        "内容": "バス停: 志民",
        "name": "志民",
        "operator": "事業者不明",
        "ref": "",
        "url": "",
        "url2": ""
      }
    },
    {
      "type": "Feature",
      "geometry": {
        "type": "Point",
        "coordinates": [
          141.5064897,
          40.4692392
        ]
      },
      "properties": {
        "内容": "バス停: 志民",
        "name": "志民",
        "operator": "事業者不明",
        "ref": "",
        "url": "",
        "url2": ""
      }
    },
    {
      "type": "Feature",
      "geometry": {
        "type": "Point",
        "coordinates": [
          141.5048268,
          40.4651155
        ]
      },
      "properties": {
        "内容": "バス停: 岩ノ沢",
        "name": "岩ノ沢",
        "operator": "事業者不明",
        "ref": "",
        "url": "",
        "url2": ""
      }
    },
    {
      "type": "Feature",
      "geometry": {
        "type": "Point",
        "coordinates": [
          141.5038816,
          40.4642916
        ]
      },
      "properties": {
        "内容": "バス停: 岩ノ沢",
        "name": "岩ノ沢",
        "operator": "事業者不明",
        "ref": "",
        "url": "",
        "url2": ""
      }
    },
    {
      "type": "Feature",
      "geometry": {
        "type": "Point",
        "coordinates": [
          141.5038117,
          40.4647877
        ]
      },
      "properties": {
        "内容": "バス停: 岩ノ沢",
        "name": "岩ノ沢",
        "operator": "事業者不明",
        "ref": "",
        "url": "",
        "url2": ""
      }
    },
    {
      "type": "Feature",
      "geometry": {
        "type": "Point",
        "coordinates": [
          141.5027325,
          40.4655689
        ]
      },
      "properties": {
        "内容": "バス停: 是川団地一丁目",
        "name": "是川団地一丁目",
        "operator": "事業者不明",
        "ref": "",
        "url": "",
        "url2": ""
      }
    },
    {
      "type": "Feature",
      "geometry": {
        "type": "Point",
        "coordinates": [
          141.5023288,
          40.4661197
        ]
      },
      "properties": {
        "内容": "バス停: 是川団地一丁目",
        "name": "是川団地一丁目",
        "operator": "事業者不明",
        "ref": "",
        "url": "",
        "url2": ""
      }
    },
    {
      "type": "Feature",
      "geometry": {
        "type": "Point",
        "coordinates": [
          141.5000676,
          40.4674468
        ]
      },
      "properties": {
        "内容": "バス停: 是川団地二丁目",
        "name": "是川団地二丁目",
        "operator": "事業者不明",
        "ref": "",
        "url": "",
        "url2": ""
      }
    },
    {
      "type": "Feature",
      "geometry": {
        "type": "Point",
        "coordinates": [
          141.4994621,
          40.4679595
        ]
      },
      "properties": {
        "内容": "バス停: 是川団地二丁目",
        "name": "是川団地二丁目",
        "operator": "事業者不明",
        "ref": "",
        "url": "",
        "url2": ""
      }
    },
    {
      "type": "Feature",
      "geometry": {
        "type": "Point",
        "coordinates": [
          141.4976531,
          40.4690744
        ]
      },
      "properties": {
        "内容": "バス停: 是川団地",
        "name": "是川団地",
        "operator": "事業者不明",
        "ref": "",
        "url": "",
        "url2": ""
      }
    },
    {
      "type": "Feature",
      "geometry": {
        "type": "Point",
        "coordinates": [
          141.4974299,
          40.4691999
        ]
      },
      "properties": {
        "内容": "バス停: 是川団地",
        "name": "是川団地",
        "operator": "事業者不明",
        "ref": "",
        "url": "",
        "url2": ""
      }
    },
    {
      "type": "Feature",
      "geometry": {
        "type": "Point",
        "coordinates": [
          141.4973639,
          40.4697698
        ]
      },
      "properties": {
        "内容": "バス停: 是川団地",
        "name": "是川団地",
        "operator": "事業者不明",
        "ref": "",
        "url": "",
        "url2": ""
      }
    },
    {
      "type": "Feature",
      "geometry": {
        "type": "Point",
        "coordinates": [
          141.5066791,
          40.5130027
        ]
      },
      "properties": {
        "内容": "バス停: 蟇平",
        "name": "蟇平",
        "operator": "事業者不明",
        "ref": "",
        "url": "",
        "url2": ""
      }
    },
    {
      "type": "Feature",
      "geometry": {
        "type": "Point",
        "coordinates": [
          141.5080105,
          40.5124309
        ]
      },
      "properties": {
        "内容": "バス停: 蟇平",
        "name": "蟇平",
        "operator": "事業者不明",
        "ref": "",
        "url": "",
        "url2": ""
      }
    },
    {
      "type": "Feature",
      "geometry": {
        "type": "Point",
        "coordinates": [
          141.5078662,
          40.5125375
        ]
      },
      "properties": {
        "内容": "バス停: 蟇平",
        "name": "蟇平",
        "operator": "事業者不明",
        "ref": "",
        "url": "",
        "url2": ""
      }
    },
    {
      "type": "Feature",
      "geometry": {
        "type": "Point",
        "coordinates": [
          141.5085085,
          40.513593
        ]
      },
      "properties": {
        "内容": "バス停: 蟇平",
        "name": "蟇平",
        "operator": "事業者不明",
        "ref": "",
        "url": "",
        "url2": ""
      }
    },
    {
      "type": "Feature",
      "geometry": {
        "type": "Point",
        "coordinates": [
          141.5107588,
          40.5139438
        ]
      },
      "properties": {
        "内容": "バス停: 健診センター前",
        "name": "健診センター前",
        "operator": "事業者不明",
        "ref": "",
        "url": "",
        "url2": ""
      }
    },
    {
      "type": "Feature",
      "geometry": {
        "type": "Point",
        "coordinates": [
          141.5116227,
          40.5143132
        ]
      },
      "properties": {
        "内容": "バス停: 健診センター前",
        "name": "健診センター前",
        "operator": "事業者不明",
        "ref": "",
        "url": "",
        "url2": ""
      }
    },
    {
      "type": "Feature",
      "geometry": {
        "type": "Point",
        "coordinates": [
          141.514312,
          40.5148788
        ]
      },
      "properties": {
        "内容": "バス停: 諏訪",
        "name": "諏訪",
        "operator": "事業者不明",
        "ref": "",
        "url": "",
        "url2": ""
      }
    },
    {
      "type": "Feature",
      "geometry": {
        "type": "Point",
        "coordinates": [
          141.5154178,
          40.5141262
        ]
      },
      "properties": {
        "内容": "バス停: 諏訪",
        "name": "諏訪",
        "operator": "事業者不明",
        "ref": "",
        "url": "",
        "url2": ""
      }
    },
    {
      "type": "Feature",
      "geometry": {
        "type": "Point",
        "coordinates": [
          141.5150092,
          40.5164396
        ]
      },
      "properties": {
        "内容": "バス停: 諏訪",
        "name": "諏訪",
        "operator": "事業者不明",
        "ref": "",
        "url": "",
        "url2": ""
      }
    },
    {
      "type": "Feature",
      "geometry": {
        "type": "Point",
        "coordinates": [
          141.5167594,
          40.5164257
        ]
      },
      "properties": {
        "内容": "バス停: 諏訪",
        "name": "諏訪",
        "operator": "事業者不明",
        "ref": "",
        "url": "",
        "url2": ""
      }
    },
    {
      "type": "Feature",
      "geometry": {
        "type": "Point",
        "coordinates": [
          141.5177879,
          40.5168274
        ]
      },
      "properties": {
        "内容": "バス停: 諏訪河原",
        "name": "諏訪河原",
        "operator": "事業者不明",
        "ref": "",
        "url": "",
        "url2": ""
      }
    },
    {
      "type": "Feature",
      "geometry": {
        "type": "Point",
        "coordinates": [
          141.5186864,
          40.5175429
        ]
      },
      "properties": {
        "内容": "バス停: 諏訪河原",
        "name": "諏訪河原",
        "operator": "事業者不明",
        "ref": "",
        "url": "",
        "url2": ""
      }
    },
    {
      "type": "Feature",
      "geometry": {
        "type": "Point",
        "coordinates": [
          141.5147063,
          40.5179246
        ]
      },
      "properties": {
        "内容": "バス停: ユニバース小中野店前",
        "name": "ユニバース小中野店前",
        "operator": "事業者不明",
        "ref": "",
        "url": "",
        "url2": ""
      }
    },
    {
      "type": "Feature",
      "geometry": {
        "type": "Point",
        "coordinates": [
          141.5145711,
          40.5177594
        ]
      },
      "properties": {
        "内容": "バス停: ユニバース小中野店前",
        "name": "ユニバース小中野店前",
        "operator": "事業者不明",
        "ref": "",
        "url": "",
        "url2": ""
      }
    },
    {
      "type": "Feature",
      "geometry": {
        "type": "Point",
        "coordinates": [
          141.5221273,
          40.5199694
        ]
      },
      "properties": {
        "内容": "バス停: 柳橋",
        "name": "柳橋",
        "operator": "事業者不明",
        "ref": "",
        "url": "",
        "url2": ""
      }
    },
    {
      "type": "Feature",
      "geometry": {
        "type": "Point",
        "coordinates": [
          141.522482,
          40.5201285
        ]
      },
      "properties": {
        "内容": "バス停: 柳橋",
        "name": "柳橋",
        "operator": "事業者不明",
        "ref": "",
        "url": "",
        "url2": ""
      }
    },
    {
      "type": "Feature",
      "geometry": {
        "type": "Point",
        "coordinates": [
          141.5253908,
          40.5209583
        ]
      },
      "properties": {
        "内容": "バス停: 上柳町",
        "name": "上柳町",
        "operator": "事業者不明",
        "ref": "",
        "url": "",
        "url2": ""
      }
    },
    {
      "type": "Feature",
      "geometry": {
        "type": "Point",
        "coordinates": [
          141.5253725,
          40.5206477
        ]
      },
      "properties": {
        "内容": "バス停: 上柳町",
        "name": "上柳町",
        "operator": "事業者不明",
        "ref": "",
        "url": "",
        "url2": ""
      }
    },
    {
      "type": "Feature",
      "geometry": {
        "type": "Point",
        "coordinates": [
          141.5264844,
          40.5221342
        ]
      },
      "properties": {
        "内容": "バス停: 上柳町",
        "name": "上柳町",
        "operator": "事業者不明",
        "ref": "",
        "url": "",
        "url2": ""
      }
    },
    {
      "type": "Feature",
      "geometry": {
        "type": "Point",
        "coordinates": [
          141.5260576,
          40.5220863
        ]
      },
      "properties": {
        "内容": "バス停: 上柳町",
        "name": "上柳町",
        "operator": "事業者不明",
        "ref": "",
        "url": "",
        "url2": ""
      }
    },
    {
      "type": "Feature",
      "geometry": {
        "type": "Point",
        "coordinates": [
          141.5286025,
          40.5227137
        ]
      },
      "properties": {
        "内容": "バス停: 上中道",
        "name": "上中道",
        "operator": "事業者不明",
        "ref": "",
        "url": "",
        "url2": ""
      }
    },
    {
      "type": "Feature",
      "geometry": {
        "type": "Point",
        "coordinates": [
          141.5287591,
          40.5226411
        ]
      },
      "properties": {
        "内容": "バス停: 上中道",
        "name": "上中道",
        "operator": "事業者不明",
        "ref": "",
        "url": "",
        "url2": ""
      }
    },
    {
      "type": "Feature",
      "geometry": {
        "type": "Point",
        "coordinates": [
          141.5317208,
          40.5224016
        ]
      },
      "properties": {
        "内容": "バス停: 中道",
        "name": "中道",
        "operator": "事業者不明",
        "ref": "",
        "url": "",
        "url2": ""
      }
    },
    {
      "type": "Feature",
      "geometry": {
        "type": "Point",
        "coordinates": [
          141.5321253,
          40.5221698
        ]
      },
      "properties": {
        "内容": "バス停: 中道",
        "name": "中道",
        "operator": "事業者不明",
        "ref": "",
        "url": "",
        "url2": ""
      }
    },
    {
      "type": "Feature",
      "geometry": {
        "type": "Point",
        "coordinates": [
          141.5350829,
          40.5211608
        ]
      },
      "properties": {
        "内容": "バス停: 工大一高前",
        "name": "工大一高前",
        "operator": "事業者不明",
        "ref": "",
        "url": "",
        "url2": ""
      }
    },
    {
      "type": "Feature",
      "geometry": {
        "type": "Point",
        "coordinates": [
          141.5361399,
          40.5207559
        ]
      },
      "properties": {
        "内容": "バス停: 工大一高前",
        "name": "工大一高前",
        "operator": "事業者不明",
        "ref": "",
        "url": "",
        "url2": ""
      }
    },
    {
      "type": "Feature",
      "geometry": {
        "type": "Point",
        "coordinates": [
          141.539496,
          40.5199385
        ]
      },
      "properties": {
        "内容": "バス停: 三島上",
        "name": "三島上",
        "operator": "事業者不明",
        "ref": "",
        "url": "",
        "url2": ""
      }
    },
    {
      "type": "Feature",
      "geometry": {
        "type": "Point",
        "coordinates": [
          141.5390955,
          40.5199555
        ]
      },
      "properties": {
        "内容": "バス停: 三島上",
        "name": "三島上",
        "operator": "事業者不明",
        "ref": "",
        "url": "",
        "url2": ""
      }
    },
    {
      "type": "Feature",
      "geometry": {
        "type": "Point",
        "coordinates": [
          141.5427687,
          40.5197963
        ]
      },
      "properties": {
        "内容": "バス停: 労災病院通",
        "name": "労災病院通",
        "operator": "事業者不明",
        "ref": "",
        "url": "",
        "url2": ""
      }
    },
    {
      "type": "Feature",
      "geometry": {
        "type": "Point",
        "coordinates": [
          141.542854,
          40.5196557
        ]
      },
      "properties": {
        "内容": "バス停: 労災病院通",
        "name": "労災病院通",
        "operator": "事業者不明",
        "ref": "",
        "url": "",
        "url2": ""
      }
    },
    {
      "type": "Feature",
      "geometry": {
        "type": "Point",
        "coordinates": [
          141.5438948,
          40.5199354
        ]
      },
      "properties": {
        "内容": "バス停: 労災病院通",
        "name": "労災病院通",
        "operator": "事業者不明",
        "ref": "",
        "url": "",
        "url2": ""
      }
    },
    {
      "type": "Feature",
      "geometry": {
        "type": "Point",
        "coordinates": [
          141.5433927,
          40.5174336
        ]
      },
      "properties": {
        "内容": "バス停: 労災病院前",
        "name": "労災病院前",
        "operator": "事業者不明",
        "ref": "",
        "url": "",
        "url2": ""
      }
    },
    {
      "type": "Feature",
      "geometry": {
        "type": "Point",
        "coordinates": [
          141.5435879,
          40.5164662
        ]
      },
      "properties": {
        "内容": "バス停: 労災病院前",
        "name": "労災病院前",
        "operator": "事業者不明",
        "ref": "",
        "url": "",
        "url2": ""
      }
    },
    {
      "type": "Feature",
      "geometry": {
        "type": "Point",
        "coordinates": [
          141.5439192,
          40.5140972
        ]
      },
      "properties": {
        "内容": "バス停: 小松平",
        "name": "小松平",
        "operator": "事業者不明",
        "ref": "",
        "url": "",
        "url2": ""
      }
    },
    {
      "type": "Feature",
      "geometry": {
        "type": "Point",
        "coordinates": [
          141.5438521,
          40.513768
        ]
      },
      "properties": {
        "内容": "バス停: 小松平",
        "name": "小松平",
        "operator": "事業者不明",
        "ref": "",
        "url": "",
        "url2": ""
      }
    },
    {
      "type": "Feature",
      "geometry": {
        "type": "Point",
        "coordinates": [
          141.5441001,
          40.5123416
        ]
      },
      "properties": {
        "内容": "バス停: 北高校通",
        "name": "北高校通",
        "operator": "事業者不明",
        "ref": "",
        "url": "",
        "url2": ""
      }
    },
    {
      "type": "Feature",
      "geometry": {
        "type": "Point",
        "coordinates": [
          141.5440127,
          40.5122365
        ]
      },
      "properties": {
        "内容": "バス停: 北高校通",
        "name": "北高校通",
        "operator": "事業者不明",
        "ref": "",
        "url": "",
        "url2": ""
      }
    },
    {
      "type": "Feature",
      "geometry": {
        "type": "Point",
        "coordinates": [
          141.5468626,
          40.507427
        ]
      },
      "properties": {
        "内容": "バス停: 巻目",
        "name": "巻目",
        "operator": "事業者不明",
        "ref": "",
        "url": "",
        "url2": ""
      }
    },
    {
      "type": "Feature",
      "geometry": {
        "type": "Point",
        "coordinates": [
          141.5472895,
          40.5072864
        ]
      },
      "properties": {
        "内容": "バス停: 巻目",
        "name": "巻目",
        "operator": "事業者不明",
        "ref": "",
        "url": "",
        "url2": ""
      }
    },
    {
      "type": "Feature",
      "geometry": {
        "type": "Point",
        "coordinates": [
          141.5499524,
          40.5052076
        ]
      },
      "properties": {
        "内容": "バス停: 東霊園",
        "name": "東霊園",
        "operator": "事業者不明",
        "ref": "",
        "url": "",
        "url2": ""
      }
    },
    {
      "type": "Feature",
      "geometry": {
        "type": "Point",
        "coordinates": [
          141.5499828,
          40.5053374
        ]
      },
      "properties": {
        "内容": "バス停: 東霊園",
        "name": "東霊園",
        "operator": "事業者不明",
        "ref": "",
        "url": "",
        "url2": ""
      }
    },
    {
      "type": "Feature",
      "geometry": {
        "type": "Point",
        "coordinates": [
          141.5504829,
          40.501546
        ]
      },
      "properties": {
        "内容": "バス停: 西の平",
        "name": "西の平",
        "operator": "事業者不明",
        "ref": "",
        "url": "",
        "url2": ""
      }
    },
    {
      "type": "Feature",
      "geometry": {
        "type": "Point",
        "coordinates": [
          141.5497572,
          40.5011704
        ]
      },
      "properties": {
        "内容": "バス停: 西の平",
        "name": "西の平",
        "operator": "事業者不明",
        "ref": "",
        "url": "",
        "url2": ""
      }
    },
    {
      "type": "Feature",
      "geometry": {
        "type": "Point",
        "coordinates": [
          141.5478912,
          40.5000513
        ]
      },
      "properties": {
        "内容": "バス停: 霊園南口",
        "name": "霊園南口",
        "operator": "事業者不明",
        "ref": "",
        "url": "",
        "url2": ""
      }
    },
    {
      "type": "Feature",
      "geometry": {
        "type": "Point",
        "coordinates": [
          141.5480909,
          40.5003288
        ]
      },
      "properties": {
        "内容": "バス停: 霊園南口",
        "name": "霊園南口",
        "operator": "事業者不明",
        "ref": "",
        "url": "",
        "url2": ""
      }
    },
    {
      "type": "Feature",
      "geometry": {
        "type": "Point",
        "coordinates": [
          141.5506819,
          40.5118125
        ]
      },
      "properties": {
        "内容": "バス停: 大久保",
        "name": "大久保",
        "operator": "事業者不明",
        "ref": "",
        "url": "",
        "url2": ""
      }
    },
    {
      "type": "Feature",
      "geometry": {
        "type": "Point",
        "coordinates": [
          141.5531049,
          40.5095926
        ]
      },
      "properties": {
        "内容": "バス停: 松美ヶ丘",
        "name": "松美ヶ丘",
        "operator": "事業者不明",
        "ref": "",
        "url": "",
        "url2": ""
      }
    },
    {
      "type": "Feature",
      "geometry": {
        "type": "Point",
        "coordinates": [
          141.5530897,
          40.509531
        ]
      },
      "properties": {
        "内容": "バス停: 松美ヶ丘",
        "name": "松美ヶ丘",
        "operator": "事業者不明",
        "ref": "",
        "url": "",
        "url2": ""
      }
    },
    {
      "type": "Feature",
      "geometry": {
        "type": "Point",
        "coordinates": [
          141.5550379,
          40.5077221
        ]
      },
      "properties": {
        "内容": "バス停: 東給食センター",
        "name": "東給食センター",
        "operator": "事業者不明",
        "ref": "",
        "url": "",
        "url2": ""
      }
    },
    {
      "type": "Feature",
      "geometry": {
        "type": "Point",
        "coordinates": [
          141.5550312,
          40.5078134
        ]
      },
      "properties": {
        "内容": "バス停: 東給食センター",
        "name": "東給食センター",
        "operator": "事業者不明",
        "ref": "",
        "url": "",
        "url2": ""
      }
    },
    {
      "type": "Feature",
      "geometry": {
        "type": "Point",
        "coordinates": [
          141.5564438,
          40.5058259
        ]
      },
      "properties": {
        "内容": "バス停: 上大久保",
        "name": "上大久保",
        "operator": "事業者不明",
        "ref": "",
        "url": "",
        "url2": ""
      }
    },
    {
      "type": "Feature",
      "geometry": {
        "type": "Point",
        "coordinates": [
          141.5566465,
          40.5057193
        ]
      },
      "properties": {
        "内容": "バス停: 上大久保",
        "name": "上大久保",
        "operator": "事業者不明",
        "ref": "",
        "url": "",
        "url2": ""
      }
    },
    {
      "type": "Feature",
      "geometry": {
        "type": "Point",
        "coordinates": [
          141.5637002,
          40.5028486
        ]
      },
      "properties": {
        "内容": "バス停: 平庭",
        "name": "平庭",
        "operator": "事業者不明",
        "ref": "",
        "url": "",
        "url2": ""
      }
    },
    {
      "type": "Feature",
      "geometry": {
        "type": "Point",
        "coordinates": [
          141.5328926,
          40.5091837
        ]
      },
      "properties": {
        "内容": "バス停: 湊高台一丁目",
        "name": "湊高台一丁目",
        "operator": "事業者不明",
        "ref": "",
        "url": "",
        "url2": ""
      }
    },
    {
      "type": "Feature",
      "geometry": {
        "type": "Point",
        "coordinates": [
          141.5330807,
          40.509026
        ]
      },
      "properties": {
        "内容": "バス停: 湊高台一丁目",
        "name": "湊高台一丁目",
        "operator": "事業者不明",
        "ref": "",
        "url": "",
        "url2": ""
      }
    },
    {
      "type": "Feature",
      "geometry": {
        "type": "Point",
        "coordinates": [
          141.5406999,
          40.5060725
        ]
      },
      "properties": {
        "内容": "バス停: 湊高台二丁目",
        "name": "湊高台二丁目",
        "operator": "事業者不明",
        "ref": "",
        "url": "",
        "url2": ""
      }
    },
    {
      "type": "Feature",
      "geometry": {
        "type": "Point",
        "coordinates": [
          141.5408211,
          40.5061196
        ]
      },
      "properties": {
        "内容": "バス停: 湊高台二丁目",
        "name": "湊高台二丁目",
        "operator": "事業者不明",
        "ref": "",
        "url": "",
        "url2": ""
      }
    },
    {
      "type": "Feature",
      "geometry": {
        "type": "Point",
        "coordinates": [
          141.5384155,
          40.5096655
        ]
      },
      "properties": {
        "内容": "バス停: 湊高台四丁目",
        "name": "湊高台四丁目",
        "operator": "事業者不明",
        "ref": "",
        "url": "",
        "url2": ""
      }
    },
    {
      "type": "Feature",
      "geometry": {
        "type": "Point",
        "coordinates": [
          141.5385964,
          40.5097605
        ]
      },
      "properties": {
        "内容": "バス停: 湊高台四丁目",
        "name": "湊高台四丁目",
        "operator": "事業者不明",
        "ref": "",
        "url": "",
        "url2": ""
      }
    },
    {
      "type": "Feature",
      "geometry": {
        "type": "Point",
        "coordinates": [
          141.5356367,
          40.5117704
        ]
      },
      "properties": {
        "内容": "バス停: 湊高台五丁目",
        "name": "湊高台五丁目",
        "operator": "事業者不明",
        "ref": "",
        "url": "",
        "url2": ""
      }
    },
    {
      "type": "Feature",
      "geometry": {
        "type": "Point",
        "coordinates": [
          141.5356276,
          40.5115958
        ]
      },
      "properties": {
        "内容": "バス停: 湊高台五丁目",
        "name": "湊高台五丁目",
        "operator": "事業者不明",
        "ref": "",
        "url": "",
        "url2": ""
      }
    },
    {
      "type": "Feature",
      "geometry": {
        "type": "Point",
        "coordinates": [
          141.5339546,
          40.5116236
        ]
      },
      "properties": {
        "内容": "バス停: 新井田道",
        "name": "新井田道",
        "operator": "事業者不明",
        "ref": "",
        "url": "",
        "url2": ""
      }
    },
    {
      "type": "Feature",
      "geometry": {
        "type": "Point",
        "coordinates": [
          141.53342,
          40.510565
        ]
      },
      "properties": {
        "内容": "バス停: 新井田道",
        "name": "新井田道",
        "operator": "事業者不明",
        "ref": "",
        "url": "",
        "url2": ""
      }
    },
    {
      "type": "Feature",
      "geometry": {
        "type": "Point",
        "coordinates": [
          141.5356261,
          40.5138641
        ]
      },
      "properties": {
        "内容": "バス停: 光星高校前",
        "name": "光星高校前",
        "operator": "事業者不明",
        "ref": "",
        "url": "",
        "url2": ""
      }
    },
    {
      "type": "Feature",
      "geometry": {
        "type": "Point",
        "coordinates": [
          141.5352541,
          40.5130072
        ]
      },
      "properties": {
        "内容": "バス停: 光星高校前",
        "name": "光星高校前",
        "operator": "事業者不明",
        "ref": "",
        "url": "",
        "url2": ""
      }
    },
    {
      "type": "Feature",
      "geometry": {
        "type": "Point",
        "coordinates": [
          141.5384356,
          40.5175959
        ]
      },
      "properties": {
        "内容": "バス停: 岩淵通",
        "name": "岩淵通",
        "operator": "事業者不明",
        "ref": "",
        "url": "",
        "url2": ""
      }
    },
    {
      "type": "Feature",
      "geometry": {
        "type": "Point",
        "coordinates": [
          141.5379627,
          40.5166241
        ]
      },
      "properties": {
        "内容": "バス停: 岩淵通",
        "name": "岩淵通",
        "operator": "事業者不明",
        "ref": "",
        "url": "",
        "url2": ""
      }
    },
    {
      "type": "Feature",
      "geometry": {
        "type": "Point",
        "coordinates": [
          141.5465078,
          40.5211316
        ]
      },
      "properties": {
        "内容": "バス停: 白銀小学校前",
        "name": "白銀小学校前",
        "operator": "事業者不明",
        "ref": "",
        "url": "",
        "url2": ""
      }
    },
    {
      "type": "Feature",
      "geometry": {
        "type": "Point",
        "coordinates": [
          141.5489975,
          40.5224068
        ]
      },
      "properties": {
        "内容": "バス停: ユニバース白銀店前",
        "name": "ユニバース白銀店前",
        "operator": "事業者不明",
        "ref": "",
        "url": "",
        "url2": ""
      }
    },
    {
      "type": "Feature",
      "geometry": {
        "type": "Point",
        "coordinates": [
          141.5487255,
          40.5223562
        ]
      },
      "properties": {
        "内容": "バス停: ユニバース白銀店前",
        "name": "ユニバース白銀店前",
        "operator": "事業者不明",
        "ref": "",
        "url": "",
        "url2": ""
      }
    },
    {
      "type": "Feature",
      "geometry": {
        "type": "Point",
        "coordinates": [
          141.5502592,
          40.5246775
        ]
      },
      "properties": {
        "内容": "バス停: 砂森",
        "name": "砂森",
        "operator": "事業者不明",
        "ref": "",
        "url": "",
        "url2": ""
      }
    },
    {
      "type": "Feature",
      "geometry": {
        "type": "Point",
        "coordinates": [
          141.5510113,
          40.5254006
        ]
      },
      "properties": {
        "内容": "バス停: 砂森",
        "name": "砂森",
        "operator": "事業者不明",
        "ref": "",
        "url": "",
        "url2": ""
      }
    },
    {
      "type": "Feature",
      "geometry": {
        "type": "Point",
        "coordinates": [
          141.5535497,
          40.5270139
        ]
      },
      "properties": {
        "内容": "バス停: 人形沢",
        "name": "人形沢",
        "operator": "事業者不明",
        "ref": "",
        "url": "",
        "url2": ""
      }
    },
    {
      "type": "Feature",
      "geometry": {
        "type": "Point",
        "coordinates": [
          141.5533698,
          40.5270031
        ]
      },
      "properties": {
        "内容": "バス停: 人形沢",
        "name": "人形沢",
        "operator": "事業者不明",
        "ref": "",
        "url": "",
        "url2": ""
      }
    },
    {
      "type": "Feature",
      "geometry": {
        "type": "Point",
        "coordinates": [
          141.5560411,
          40.5293505
        ]
      },
      "properties": {
        "内容": "バス停: 忍町",
        "name": "忍町",
        "operator": "事業者不明",
        "ref": "",
        "url": "",
        "url2": ""
      }
    },
    {
      "type": "Feature",
      "geometry": {
        "type": "Point",
        "coordinates": [
          141.5560611,
          40.5295496
        ]
      },
      "properties": {
        "内容": "バス停: 忍町",
        "name": "忍町",
        "operator": "事業者不明",
        "ref": "",
        "url": "",
        "url2": ""
      }
    },
    {
      "type": "Feature",
      "geometry": {
        "type": "Point",
        "coordinates": [
          141.555944,
          40.5299817
        ]
      },
      "properties": {
        "内容": "バス停: 忍町",
        "name": "忍町",
        "operator": "事業者不明",
        "ref": "",
        "url": "",
        "url2": ""
      }
    },
    {
      "type": "Feature",
      "geometry": {
        "type": "Point",
        "coordinates": [
          141.556085,
          40.5309341
        ]
      },
      "properties": {
        "内容": "バス停: 鮫",
        "name": "鮫",
        "operator": "事業者不明",
        "ref": "",
        "url": "",
        "url2": ""
      }
    },
    {
      "type": "Feature",
      "geometry": {
        "type": "Point",
        "coordinates": [
          141.5581014,
          40.5338977
        ]
      },
      "properties": {
        "内容": "バス停: 上鮫",
        "name": "上鮫",
        "operator": "事業者不明",
        "ref": "",
        "url": "",
        "url2": ""
      }
    },
    {
      "type": "Feature",
      "geometry": {
        "type": "Point",
        "coordinates": [
          141.5578667,
          40.5336227
        ]
      },
      "properties": {
        "内容": "バス停: 上鮫",
        "name": "上鮫",
        "operator": "事業者不明",
        "ref": "",
        "url": "",
        "url2": ""
      }
    },
    {
      "type": "Feature",
      "geometry": {
        "type": "Point",
        "coordinates": [
          141.5595504,
          40.5360202
        ]
      },
      "properties": {
        "内容": "バス停: 蕪島町",
        "name": "蕪島町",
        "operator": "事業者不明",
        "ref": "",
        "url": "",
        "url2": ""
      }
    },
    {
      "type": "Feature",
      "geometry": {
        "type": "Point",
        "coordinates": [
          141.562521,
          40.5384401
        ]
      },
      "properties": {
        "内容": "バス停: 岬町",
        "name": "岬町",
        "operator": "事業者不明",
        "ref": "",
        "url": "",
        "url2": ""
      }
    },
    {
      "type": "Feature",
      "geometry": {
        "type": "Point",
        "coordinates": [
          141.5660795,
          40.5401363
        ]
      },
      "properties": {
        "内容": "バス停: 恵比須浜",
        "name": "恵比須浜",
        "operator": "事業者不明",
        "ref": "",
        "url": "",
        "url2": ""
      }
    },
    {
      "type": "Feature",
      "geometry": {
        "type": "Point",
        "coordinates": [
          141.5710966,
          40.5413685
        ]
      },
      "properties": {
        "内容": "バス停: 小舟渡",
        "name": "小舟渡",
        "operator": "事業者不明",
        "ref": "",
        "url": "",
        "url2": ""
      }
    },
    {
      "type": "Feature",
      "geometry": {
        "type": "Point",
        "coordinates": [
          141.5717336,
          40.5388226
        ]
      },
      "properties": {
        "内容": "バス停: 名称不明バス停",
        "name": "名称不明バス停",
        "operator": "事業者不明",
        "ref": "シーガルビューホテル",
        "url": "",
        "url2": ""
      }
    },
    {
      "type": "Feature",
      "geometry": {
        "type": "Point",
        "coordinates": [
          140.5116162,
          40.6041293
        ]
      },
      "properties": {
        "内容": "バス停: 北早稲田",
        "name": "北早稲田",
        "operator": "事業者不明",
        "ref": "",
        "url": "",
        "url2": ""
      }
    },
    {
      "type": "Feature",
      "geometry": {
        "type": "Point",
        "coordinates": [
          140.5122066,
          40.6040105
        ]
      },
      "properties": {
        "内容": "バス停: 北早稲田",
        "name": "北早稲田",
        "operator": "事業者不明",
        "ref": "",
        "url": "",
        "url2": ""
      }
    },
    {
      "type": "Feature",
      "geometry": {
        "type": "Point",
        "coordinates": [
          140.5136837,
          40.6027579
        ]
      },
      "properties": {
        "内容": "バス停: 城東タウンプラザ前",
        "name": "城東タウンプラザ前",
        "operator": "事業者不明",
        "ref": "",
        "url": "",
        "url2": ""
      }
    },
    {
      "type": "Feature",
      "geometry": {
        "type": "Point",
        "coordinates": [
          140.5135361,
          40.6020635
        ]
      },
      "properties": {
        "内容": "バス停: 城東タウンプラザ前",
        "name": "城東タウンプラザ前",
        "operator": "事業者不明",
        "ref": "",
        "url": "",
        "url2": ""
      }
    },
    {
      "type": "Feature",
      "geometry": {
        "type": "Point",
        "coordinates": [
          140.5079445,
          40.6041836
        ]
      },
      "properties": {
        "内容": "バス停: 田園",
        "name": "田園",
        "operator": "事業者不明",
        "ref": "",
        "url": "",
        "url2": ""
      }
    },
    {
      "type": "Feature",
      "geometry": {
        "type": "Point",
        "coordinates": [
          140.5077326,
          40.6041045
        ]
      },
      "properties": {
        "内容": "バス停: 田園",
        "name": "田園",
        "operator": "事業者不明",
        "ref": "",
        "url": "",
        "url2": ""
      }
    },
    {
      "type": "Feature",
      "geometry": {
        "type": "Point",
        "coordinates": [
          140.5033673,
          40.6039671
        ]
      },
      "properties": {
        "内容": "バス停: 総合学習センター前",
        "name": "総合学習センター前",
        "operator": "事業者不明",
        "ref": "",
        "url": "",
        "url2": ""
      }
    },
    {
      "type": "Feature",
      "geometry": {
        "type": "Point",
        "coordinates": [
          140.5033002,
          40.6038744
        ]
      },
      "properties": {
        "内容": "バス停: 総合学習センター前",
        "name": "総合学習センター前",
        "operator": "事業者不明",
        "ref": "",
        "url": "",
        "url2": ""
      }
    },
    {
      "type": "Feature",
      "geometry": {
        "type": "Point",
        "coordinates": [
          140.5146095,
          41.1446263
        ]
      },
      "properties": {
        "内容": "バス停: 名称不明バス停",
        "name": "名称不明バス停",
        "operator": "事業者不明",
        "ref": "",
        "url": "",
        "url2": ""
      }
    },
    {
      "type": "Feature",
      "geometry": {
        "type": "Point",
        "coordinates": [
          140.443998,
          41.1853892
        ]
      },
      "properties": {
        "内容": "バス停: 三厩駅前 (外ヶ浜町)",
        "name": "三厩駅前",
        "operator": "外ヶ浜町",
        "ref": "",
        "url": "",
        "url2": ""
      }
    },
    {
      "type": "Feature",
      "geometry": {
        "type": "Point",
        "coordinates": [
          140.7485093,
          40.8271097
        ]
      },
      "properties": {
        "内容": "バス停: 県立郷土館前(ねぶたん号)バス停",
        "name": "県立郷土館前(ねぶたん号)バス停",
        "operator": "事業者不明",
        "ref": "",
        "url": "",
        "url2": ""
      }
    },
    {
      "type": "Feature",
      "geometry": {
        "type": "Point",
        "coordinates": [
          141.4978874,
          40.5247689
        ]
      },
      "properties": {
        "内容": "バス停: ニトリ前",
        "name": "ニトリ前",
        "operator": "事業者不明",
        "ref": "",
        "url": "",
        "url2": ""
      }
    },
    {
      "type": "Feature",
      "geometry": {
        "type": "Point",
        "coordinates": [
          141.4975172,
          40.5225526
        ]
      },
      "properties": {
        "内容": "バス停: ジェームス前",
        "name": "ジェームス前",
        "operator": "事業者不明",
        "ref": "",
        "url": "",
        "url2": ""
      }
    },
    {
      "type": "Feature",
      "geometry": {
        "type": "Point",
        "coordinates": [
          141.4831902,
          40.5052903
        ]
      },
      "properties": {
        "内容": "バス停: 新荒町",
        "name": "新荒町",
        "operator": "事業者不明",
        "ref": "",
        "url": "",
        "url2": ""
      }
    },
    {
      "type": "Feature",
      "geometry": {
        "type": "Point",
        "coordinates": [
          141.214204,
          41.2962573
        ]
      },
      "properties": {
        "内容": "バス停: 下北交通 むつバスターミナル",
        "name": "下北交通 むつバスターミナル",
        "operator": "事業者不明",
        "ref": "",
        "url": "",
        "url2": ""
      }
    },
    {
      "type": "Feature",
      "geometry": {
        "type": "Point",
        "coordinates": [
          141.431205,
          40.5100786
        ]
      },
      "properties": {
        "内容": "バス停: 名称不明バス停",
        "name": "名称不明バス停",
        "operator": "事業者不明",
        "ref": "",
        "url": "",
        "url2": ""
      }
    },
    {
      "type": "Feature",
      "geometry": {
        "type": "Point",
        "coordinates": [
          141.4313512,
          40.5102091
        ]
      },
      "properties": {
        "内容": "バス停: 名称不明バス停",
        "name": "名称不明バス停",
        "operator": "事業者不明",
        "ref": "",
        "url": "",
        "url2": ""
      }
    },
    {
      "type": "Feature",
      "geometry": {
        "type": "Point",
        "coordinates": [
          141.4314732,
          40.5103264
        ]
      },
      "properties": {
        "内容": "バス停: 名称不明バス停",
        "name": "名称不明バス停",
        "operator": "事業者不明",
        "ref": "",
        "url": "",
        "url2": ""
      }
    },
    {
      "type": "Feature",
      "geometry": {
        "type": "Point",
        "coordinates": [
          140.4789216,
          40.5976152
        ]
      },
      "properties": {
        "内容": "バス停: 市立病院前",
        "name": "市立病院前",
        "operator": "事業者不明",
        "ref": "",
        "url": "",
        "url2": ""
      }
    },
    {
      "type": "Feature",
      "geometry": {
        "type": "Point",
        "coordinates": [
          140.6004516,
          40.6404175
        ]
      },
      "properties": {
        "内容": "バス停: 山形町",
        "name": "山形町",
        "operator": "事業者不明",
        "ref": "",
        "url": "",
        "url2": ""
      }
    },
    {
      "type": "Feature",
      "geometry": {
        "type": "Point",
        "coordinates": [
          140.6212683,
          40.63384
        ]
      },
      "properties": {
        "内容": "バス停: 牡丹平高速道入口",
        "name": "牡丹平高速道入口",
        "operator": "事業者不明",
        "ref": "",
        "url": "",
        "url2": ""
      }
    },
    {
      "type": "Feature",
      "geometry": {
        "type": "Point",
        "coordinates": [
          140.6564589,
          40.6150934
        ]
      },
      "properties": {
        "内容": "バス停: 中村",
        "name": "中村",
        "operator": "事業者不明",
        "ref": "",
        "url": "",
        "url2": ""
      }
    },
    {
      "type": "Feature",
      "geometry": {
        "type": "Point",
        "coordinates": [
          140.644751,
          40.6228045
        ]
      },
      "properties": {
        "内容": "バス停: 下花巻",
        "name": "下花巻",
        "operator": "事業者不明",
        "ref": "",
        "url": "",
        "url2": ""
      }
    },
    {
      "type": "Feature",
      "geometry": {
        "type": "Point",
        "coordinates": [
          140.6351882,
          40.6291966
        ]
      },
      "properties": {
        "内容": "バス停: 墓地公園前",
        "name": "墓地公園前",
        "operator": "事業者不明",
        "ref": "",
        "url": "",
        "url2": ""
      }
    },
    {
      "type": "Feature",
      "geometry": {
        "type": "Point",
        "coordinates": [
          140.6582298,
          40.6135164
        ]
      },
      "properties": {
        "内容": "バス停: 毛内入口",
        "name": "毛内入口",
        "operator": "事業者不明",
        "ref": "",
        "url": "",
        "url2": ""
      }
    },
    {
      "type": "Feature",
      "geometry": {
        "type": "Point",
        "coordinates": [
          140.6735294,
          40.6066839
        ]
      },
      "properties": {
        "内容": "バス停: 袋",
        "name": "袋",
        "operator": "事業者不明",
        "ref": "",
        "url": "",
        "url2": ""
      }
    },
    {
      "type": "Feature",
      "geometry": {
        "type": "Point",
        "coordinates": [
          140.6260122,
          40.6322147
        ]
      },
      "properties": {
        "内容": "バス停: 牡丹平",
        "name": "牡丹平",
        "operator": "事業者不明",
        "ref": "",
        "url": "",
        "url2": ""
      }
    },
    {
      "type": "Feature",
      "geometry": {
        "type": "Point",
        "coordinates": [
          140.6294706,
          40.6303732
        ]
      },
      "properties": {
        "内容": "バス停: 石名坂",
        "name": "石名坂",
        "operator": "事業者不明",
        "ref": "",
        "url": "",
        "url2": ""
      }
    },
    {
      "type": "Feature",
      "geometry": {
        "type": "Point",
        "coordinates": [
          140.5965,
          40.644481
        ]
      },
      "properties": {
        "内容": "バス停: 中町",
        "name": "中町",
        "operator": "事業者不明",
        "ref": "",
        "url": "",
        "url2": ""
      }
    },
    {
      "type": "Feature",
      "geometry": {
        "type": "Point",
        "coordinates": [
          140.5972087,
          40.6466395
        ]
      },
      "properties": {
        "内容": "バス停: 浜町",
        "name": "浜町",
        "operator": "事業者不明",
        "ref": "",
        "url": "",
        "url2": ""
      }
    },
    {
      "type": "Feature",
      "geometry": {
        "type": "Point",
        "coordinates": [
          140.6626656,
          40.610614
        ]
      },
      "properties": {
        "内容": "バス停: 築館",
        "name": "築館",
        "operator": "事業者不明",
        "ref": "",
        "url": "",
        "url2": ""
      }
    },
    {
      "type": "Feature",
      "geometry": {
        "type": "Point",
        "coordinates": [
          140.6142328,
          40.6364939
        ]
      },
      "properties": {
        "内容": "バス停: りんご研究所前",
        "name": "りんご研究所前",
        "operator": "事業者不明",
        "ref": "",
        "url": "",
        "url2": ""
      }
    },
    {
      "type": "Feature",
      "geometry": {
        "type": "Point",
        "coordinates": [
          140.6657726,
          40.6079911
        ]
      },
      "properties": {
        "内容": "バス停: 下温湯",
        "name": "下温湯",
        "operator": "事業者不明",
        "ref": "",
        "url": "",
        "url2": ""
      }
    },
    {
      "type": "Feature",
      "geometry": {
        "type": "Point",
        "coordinates": [
          140.6497003,
          40.6206951
        ]
      },
      "properties": {
        "内容": "バス停: 花巻",
        "name": "花巻",
        "operator": "事業者不明",
        "ref": "",
        "url": "",
        "url2": ""
      }
    },
    {
      "type": "Feature",
      "geometry": {
        "type": "Point",
        "coordinates": [
          140.668787,
          40.6069278
        ]
      },
      "properties": {
        "内容": "バス停: 上温湯",
        "name": "上温湯",
        "operator": "事業者不明",
        "ref": "",
        "url": "",
        "url2": ""
      }
    },
    {
      "type": "Feature",
      "geometry": {
        "type": "Point",
        "coordinates": [
          140.6637814,
          40.6103394
        ]
      },
      "properties": {
        "内容": "バス停: 築館",
        "name": "築館",
        "operator": "事業者不明",
        "ref": "",
        "url": "",
        "url2": ""
      }
    },
    {
      "type": "Feature",
      "geometry": {
        "type": "Point",
        "coordinates": [
          140.6704817,
          40.6068236
        ]
      },
      "properties": {
        "内容": "バス停: 温湯東口",
        "name": "温湯東口",
        "operator": "事業者不明",
        "ref": "",
        "url": "",
        "url2": ""
      }
    },
    {
      "type": "Feature",
      "geometry": {
        "type": "Point",
        "coordinates": [
          140.6402144,
          40.6254548
        ]
      },
      "properties": {
        "内容": "バス停: 山形保育所前",
        "name": "山形保育所前",
        "operator": "事業者不明",
        "ref": "",
        "url": "",
        "url2": ""
      }
    },
    {
      "type": "Feature",
      "geometry": {
        "type": "Point",
        "coordinates": [
          140.6054877,
          40.6387916
        ]
      },
      "properties": {
        "内容": "バス停: 柵の木一丁目",
        "name": "柵の木一丁目",
        "operator": "事業者不明",
        "ref": "",
        "url": "",
        "url2": ""
      }
    },
    {
      "type": "Feature",
      "geometry": {
        "type": "Point",
        "coordinates": [
          140.6102996,
          40.6372606
        ]
      },
      "properties": {
        "内容": "バス停: 黒石中学校前",
        "name": "黒石中学校前",
        "operator": "事業者不明",
        "ref": "",
        "url": "",
        "url2": ""
      }
    },
    {
      "type": "Feature",
      "geometry": {
        "type": "Point",
        "coordinates": [
          140.6008836,
          40.640229
        ]
      },
      "properties": {
        "内容": "バス停: 山形町",
        "name": "山形町",
        "operator": "事業者不明",
        "ref": "",
        "url": "",
        "url2": ""
      }
    },
    {
      "type": "Feature",
      "geometry": {
        "type": "Point",
        "coordinates": [
          140.5943924,
          40.6419106
        ]
      },
      "properties": {
        "内容": "バス停: 黒石市役所前",
        "name": "黒石市役所前",
        "operator": "事業者不明",
        "ref": "",
        "url": "",
        "url2": ""
      }
    },
    {
      "type": "Feature",
      "geometry": {
        "type": "Point",
        "coordinates": [
          140.4951942,
          40.6066891
        ]
      },
      "properties": {
        "内容": "バス停: さくら野弘前店 (弘南バス)",
        "name": "さくら野弘前店",
        "operator": "弘南バス",
        "ref": "",
        "url": "",
        "url2": ""
      }
    },
    {
      "type": "Feature",
      "geometry": {
        "type": "Point",
        "coordinates": [
          140.4740575,
          40.5895411
        ]
      },
      "properties": {
        "内容": "バス停: 弘前大学 (弘南バス)",
        "name": "弘前大学",
        "operator": "弘南バス",
        "ref": "",
        "url": "",
        "url2": ""
      }
    },
    {
      "type": "Feature",
      "geometry": {
        "type": "Point",
        "coordinates": [
          140.4746595,
          40.5868535
        ]
      },
      "properties": {
        "内容": "バス停: 弘大農学生命科学前",
        "name": "弘大農学生命科学前",
        "operator": "事業者不明",
        "ref": "",
        "url": "",
        "url2": ""
      }
    },
    {
      "type": "Feature",
      "geometry": {
        "type": "Point",
        "coordinates": [
          140.4748025,
          40.58672
        ]
      },
      "properties": {
        "内容": "バス停: 弘大農学生命科学前",
        "name": "弘大農学生命科学前",
        "operator": "事業者不明",
        "ref": "",
        "url": "",
        "url2": ""
      }
    },
    {
      "type": "Feature",
      "geometry": {
        "type": "Point",
        "coordinates": [
          140.474402,
          40.5847527
        ]
      },
      "properties": {
        "内容": "バス停: 桝形",
        "name": "桝形",
        "operator": "事業者不明",
        "ref": "",
        "url": "",
        "url2": ""
      }
    },
    {
      "type": "Feature",
      "geometry": {
        "type": "Point",
        "coordinates": [
          140.4750375,
          40.5838952
        ]
      },
      "properties": {
        "内容": "バス停: 三中校前",
        "name": "三中校前",
        "operator": "事業者不明",
        "ref": "",
        "url": "",
        "url2": ""
      }
    },
    {
      "type": "Feature",
      "geometry": {
        "type": "Point",
        "coordinates": [
          140.4752414,
          40.5836059
        ]
      },
      "properties": {
        "内容": "バス停: 三中校前",
        "name": "三中校前",
        "operator": "事業者不明",
        "ref": "",
        "url": "",
        "url2": ""
      }
    },
    {
      "type": "Feature",
      "geometry": {
        "type": "Point",
        "coordinates": [
          140.4876548,
          40.6058957
        ]
      },
      "properties": {
        "内容": "バス停: 和徳東口",
        "name": "和徳東口",
        "operator": "事業者不明",
        "ref": "",
        "url": "",
        "url2": ""
      }
    },
    {
      "type": "Feature",
      "geometry": {
        "type": "Point",
        "coordinates": [
          140.4889652,
          40.6064539
        ]
      },
      "properties": {
        "内容": "バス停: 和徳東口",
        "name": "和徳東口",
        "operator": "事業者不明",
        "ref": "",
        "url": "",
        "url2": ""
      }
    },
    {
      "type": "Feature",
      "geometry": {
        "type": "Point",
        "coordinates": [
          140.5004051,
          40.6104098
        ]
      },
      "properties": {
        "内容": "バス停: 福村入口",
        "name": "福村入口",
        "operator": "事業者不明",
        "ref": "",
        "url": "",
        "url2": ""
      }
    },
    {
      "type": "Feature",
      "geometry": {
        "type": "Point",
        "coordinates": [
          140.5004381,
          40.6102465
        ]
      },
      "properties": {
        "内容": "バス停: 福村入口",
        "name": "福村入口",
        "operator": "事業者不明",
        "ref": "",
        "url": "",
        "url2": ""
      }
    },
    {
      "type": "Feature",
      "geometry": {
        "type": "Point",
        "coordinates": [
          140.4974702,
          40.6100678
        ]
      },
      "properties": {
        "内容": "バス停: 小野病院前",
        "name": "小野病院前",
        "operator": "事業者不明",
        "ref": "",
        "url": "",
        "url2": ""
      }
    },
    {
      "type": "Feature",
      "geometry": {
        "type": "Point",
        "coordinates": [
          140.4973155,
          40.6098072
        ]
      },
      "properties": {
        "内容": "バス停: 小野病院前",
        "name": "小野病院前",
        "operator": "事業者不明",
        "ref": "",
        "url": "",
        "url2": ""
      }
    },
    {
      "type": "Feature",
      "geometry": {
        "type": "Point",
        "coordinates": [
          140.4920137,
          40.6084036
        ]
      },
      "properties": {
        "内容": "バス停: 高崎入口",
        "name": "高崎入口",
        "operator": "事業者不明",
        "ref": "",
        "url": "",
        "url2": ""
      }
    },
    {
      "type": "Feature",
      "geometry": {
        "type": "Point",
        "coordinates": [
          140.4920719,
          40.6087181
        ]
      },
      "properties": {
        "内容": "バス停: 高崎入口",
        "name": "高崎入口",
        "operator": "事業者不明",
        "ref": "",
        "url": "",
        "url2": ""
      }
    },
    {
      "type": "Feature",
      "geometry": {
        "type": "Point",
        "coordinates": [
          140.4953647,
          40.6098591
        ]
      },
      "properties": {
        "内容": "バス停: 高崎2丁目",
        "name": "高崎2丁目",
        "operator": "事業者不明",
        "ref": "",
        "url": "",
        "url2": ""
      }
    },
    {
      "type": "Feature",
      "geometry": {
        "type": "Point",
        "coordinates": [
          141.2125316,
          40.6161315
        ]
      },
      "properties": {
        "内容": "バス停: 官庁街通",
        "name": "官庁街通",
        "operator": "事業者不明",
        "ref": "",
        "url": "",
        "url2": ""
      }
    },
    {
      "type": "Feature",
      "geometry": {
        "type": "Point",
        "coordinates": [
          140.7393058,
          40.7988011
        ]
      },
      "properties": {
        "内容": "バス停: 前田通り",
        "name": "前田通り",
        "operator": "事業者不明",
        "ref": "",
        "url": "",
        "url2": ""
      }
    },
    {
      "type": "Feature",
      "geometry": {
        "type": "Point",
        "coordinates": [
          140.7403249,
          40.8011009
        ]
      },
      "properties": {
        "内容": "バス停: 大野若宮",
        "name": "大野若宮",
        "operator": "事業者不明",
        "ref": "",
        "url": "",
        "url2": ""
      }
    },
    {
      "type": "Feature",
      "geometry": {
        "type": "Point",
        "coordinates": [
          140.7400874,
          40.7991974
        ]
      },
      "properties": {
        "内容": "バス停: 農協会館前",
        "name": "農協会館前",
        "operator": "事業者不明",
        "ref": "",
        "url": "",
        "url2": ""
      }
    },
    {
      "type": "Feature",
      "geometry": {
        "type": "Point",
        "coordinates": [
          140.4629618,
          40.6034832
        ]
      },
      "properties": {
        "内容": "バス停: 市役所前",
        "name": "市役所前",
        "operator": "事業者不明",
        "ref": "",
        "url": "",
        "url2": ""
      }
    },
    {
      "type": "Feature",
      "geometry": {
        "type": "Point",
        "coordinates": [
          140.4636888,
          40.6034681
        ]
      },
      "properties": {
        "内容": "バス停: 市役所前",
        "name": "市役所前",
        "operator": "事業者不明",
        "ref": "",
        "url": "",
        "url2": ""
      }
    },
    {
      "type": "Feature",
      "geometry": {
        "type": "Point",
        "coordinates": [
          140.4754332,
          40.600814
        ]
      },
      "properties": {
        "内容": "バス停: 南瓦ヶ町",
        "name": "南瓦ヶ町",
        "operator": "事業者不明",
        "ref": "",
        "url": "",
        "url2": ""
      }
    },
    {
      "type": "Feature",
      "geometry": {
        "type": "Point",
        "coordinates": [
          140.4757629,
          40.600754
        ]
      },
      "properties": {
        "内容": "バス停: 名称不明バス停",
        "name": "名称不明バス停",
        "operator": "事業者不明",
        "ref": "",
        "url": "",
        "url2": ""
      }
    },
    {
      "type": "Feature",
      "geometry": {
        "type": "Point",
        "coordinates": [
          140.7500901,
          40.7967785
        ]
      },
      "properties": {
        "内容": "バス停: スケート場",
        "name": "スケート場",
        "operator": "事業者不明",
        "ref": "",
        "url": "",
        "url2": ""
      }
    },
    {
      "type": "Feature",
      "geometry": {
        "type": "Point",
        "coordinates": [
          140.7525359,
          40.7999746
        ]
      },
      "properties": {
        "内容": "バス停: サンドーム通り",
        "name": "サンドーム通り",
        "operator": "事業者不明",
        "ref": "",
        "url": "",
        "url2": ""
      }
    },
    {
      "type": "Feature",
      "geometry": {
        "type": "Point",
        "coordinates": [
          140.7532654,
          40.7973664
        ]
      },
      "properties": {
        "内容": "バス停: サンドーム前",
        "name": "サンドーム前",
        "operator": "事業者不明",
        "ref": "",
        "url": "",
        "url2": ""
      }
    },
    {
      "type": "Feature",
      "geometry": {
        "type": "Point",
        "coordinates": [
          140.7567042,
          40.8018778
        ]
      },
      "properties": {
        "内容": "バス停: 下玉川",
        "name": "下玉川",
        "operator": "事業者不明",
        "ref": "",
        "url": "",
        "url2": ""
      }
    },
    {
      "type": "Feature",
      "geometry": {
        "type": "Point",
        "coordinates": [
          140.7409745,
          40.8065021
        ]
      },
      "properties": {
        "内容": "バス停: 大野十文字",
        "name": "大野十文字",
        "operator": "事業者不明",
        "ref": "",
        "url": "",
        "url2": ""
      }
    },
    {
      "type": "Feature",
      "geometry": {
        "type": "Point",
        "coordinates": [
          140.7582654,
          40.7975998
        ]
      },
      "properties": {
        "内容": "バス停: 上玉川",
        "name": "上玉川",
        "operator": "事業者不明",
        "ref": "",
        "url": "",
        "url2": ""
      }
    },
    {
      "type": "Feature",
      "geometry": {
        "type": "Point",
        "coordinates": [
          140.7539612,
          40.8051526
        ]
      },
      "properties": {
        "内容": "バス停: DCM青森中央店前",
        "name": "DCM青森中央店前",
        "operator": "事業者不明",
        "ref": "",
        "url": "",
        "url2": ""
      }
    },
    {
      "type": "Feature",
      "geometry": {
        "type": "Point",
        "coordinates": [
          140.7490361,
          40.8001862
        ]
      },
      "properties": {
        "内容": "バス停: シーナシーナ青森前",
        "name": "シーナシーナ青森前",
        "operator": "事業者不明",
        "ref": "",
        "url": "",
        "url2": ""
      }
    },
    {
      "type": "Feature",
      "geometry": {
        "type": "Point",
        "coordinates": [
          140.7553601,
          40.8054937
        ]
      },
      "properties": {
        "内容": "バス停: DCM青森中央店前",
        "name": "DCM青森中央店前",
        "operator": "事業者不明",
        "ref": "",
        "url": "",
        "url2": ""
      }
    },
    {
      "type": "Feature",
      "geometry": {
        "type": "Point",
        "coordinates": [
          140.7553278,
          40.815955
        ]
      },
      "properties": {
        "内容": "バス停: 市民病院前",
        "name": "市民病院前",
        "operator": "事業者不明",
        "ref": "",
        "url": "",
        "url2": ""
      }
    },
    {
      "type": "Feature",
      "geometry": {
        "type": "Point",
        "coordinates": [
          140.7575645,
          40.8149753
        ]
      },
      "properties": {
        "内容": "バス停: 自動車会議所前",
        "name": "自動車会議所前",
        "operator": "事業者不明",
        "ref": "",
        "url": "",
        "url2": ""
      }
    },
    {
      "type": "Feature",
      "geometry": {
        "type": "Point",
        "coordinates": [
          140.7629434,
          40.8205416
        ]
      },
      "properties": {
        "内容": "バス停: 棟方志功記念館通り",
        "name": "棟方志功記念館通り",
        "operator": "事業者不明",
        "ref": "",
        "url": "",
        "url2": ""
      }
    },
    {
      "type": "Feature",
      "geometry": {
        "type": "Point",
        "coordinates": [
          140.7556985,
          40.8173349
        ]
      },
      "properties": {
        "内容": "バス停: 市民病院通り",
        "name": "市民病院通り",
        "operator": "事業者不明",
        "ref": "",
        "url": "",
        "url2": ""
      }
    },
    {
      "type": "Feature",
      "geometry": {
        "type": "Point",
        "coordinates": [
          140.7549864,
          40.827088
        ]
      },
      "properties": {
        "内容": "バス停: 青柳二丁目",
        "name": "青柳二丁目",
        "operator": "事業者不明",
        "ref": "",
        "url": "",
        "url2": ""
      }
    },
    {
      "type": "Feature",
      "geometry": {
        "type": "Point",
        "coordinates": [
          140.7524226,
          40.8148893
        ]
      },
      "properties": {
        "内容": "バス停: 勝田一丁目",
        "name": "勝田一丁目",
        "operator": "事業者不明",
        "ref": "",
        "url": "",
        "url2": ""
      }
    },
    {
      "type": "Feature",
      "geometry": {
        "type": "Point",
        "coordinates": [
          140.763007,
          40.8157729
        ]
      },
      "properties": {
        "内容": "バス停: 奥野二丁目",
        "name": "奥野二丁目",
        "operator": "事業者不明",
        "ref": "",
        "url": "",
        "url2": ""
      }
    },
    {
      "type": "Feature",
      "geometry": {
        "type": "Point",
        "coordinates": [
          140.761737,
          40.823617
        ]
      },
      "properties": {
        "内容": "バス停: 堤橋",
        "name": "堤橋",
        "operator": "事業者不明",
        "ref": "",
        "url": "",
        "url2": ""
      }
    },
    {
      "type": "Feature",
      "geometry": {
        "type": "Point",
        "coordinates": [
          140.758916,
          40.8271566
        ]
      },
      "properties": {
        "内容": "バス停: 青柳橋",
        "name": "青柳橋",
        "operator": "事業者不明",
        "ref": "",
        "url": "",
        "url2": ""
      }
    },
    {
      "type": "Feature",
      "geometry": {
        "type": "Point",
        "coordinates": [
          140.754645,
          40.8244882
        ]
      },
      "properties": {
        "内容": "バス停: 橋本小学校前",
        "name": "橋本小学校前",
        "operator": "事業者不明",
        "ref": "",
        "url": "",
        "url2": ""
      }
    },
    {
      "type": "Feature",
      "geometry": {
        "type": "Point",
        "coordinates": [
          140.7501257,
          40.8270292
        ]
      },
      "properties": {
        "内容": "バス停: 本町五丁目",
        "name": "本町五丁目",
        "operator": "事業者不明",
        "ref": "",
        "url": "",
        "url2": ""
      }
    },
    {
      "type": "Feature",
      "geometry": {
        "type": "Point",
        "coordinates": [
          140.7462978,
          40.82696
        ]
      },
      "properties": {
        "内容": "バス停: 本町二丁目",
        "name": "本町二丁目",
        "operator": "事業者不明",
        "ref": "",
        "url": "",
        "url2": ""
      }
    },
    {
      "type": "Feature",
      "geometry": {
        "type": "Point",
        "coordinates": [
          140.7378494,
          40.8271284
        ]
      },
      "properties": {
        "内容": "バス停: 新町1丁目",
        "name": "新町1丁目",
        "operator": "事業者不明",
        "ref": "",
        "url": "",
        "url2": ""
      }
    },
    {
      "type": "Feature",
      "geometry": {
        "type": "Point",
        "coordinates": [
          140.7357865,
          40.8244743
        ]
      },
      "properties": {
        "内容": "バス停: 古川",
        "name": "古川",
        "operator": "事業者不明",
        "ref": "",
        "url": "",
        "url2": ""
      }
    },
    {
      "type": "Feature",
      "geometry": {
        "type": "Point",
        "coordinates": [
          140.7360384,
          40.8264958
        ]
      },
      "properties": {
        "内容": "バス停: 古川一丁目",
        "name": "古川一丁目",
        "operator": "事業者不明",
        "ref": "",
        "url": "",
        "url2": ""
      }
    },
    {
      "type": "Feature",
      "geometry": {
        "type": "Point",
        "coordinates": [
          140.7379779,
          40.8262092
        ]
      },
      "properties": {
        "内容": "バス停: 新町1丁目",
        "name": "新町1丁目",
        "operator": "事業者不明",
        "ref": "",
        "url": "",
        "url2": ""
      }
    },
    {
      "type": "Feature",
      "geometry": {
        "type": "Point",
        "coordinates": [
          140.7330827,
          40.823347
        ]
      },
      "properties": {
        "内容": "バス停: 古川小学校前",
        "name": "古川小学校前",
        "operator": "事業者不明",
        "ref": "",
        "url": "",
        "url2": ""
      }
    },
    {
      "type": "Feature",
      "geometry": {
        "type": "Point",
        "coordinates": [
          140.7344689,
          40.817823
        ]
      },
      "properties": {
        "内容": "バス停: 南旭町",
        "name": "南旭町",
        "operator": "事業者不明",
        "ref": "",
        "url": "",
        "url2": ""
      }
    },
    {
      "type": "Feature",
      "geometry": {
        "type": "Point",
        "coordinates": [
          140.7390625,
          40.8266798
        ]
      },
      "properties": {
        "内容": "バス停: 新町一丁目",
        "name": "新町一丁目",
        "operator": "事業者不明",
        "ref": "",
        "url": "",
        "url2": ""
      }
    },
    {
      "type": "Feature",
      "geometry": {
        "type": "Point",
        "coordinates": [
          140.7356978,
          40.8242402
        ]
      },
      "properties": {
        "内容": "バス停: 古川",
        "name": "古川",
        "operator": "事業者不明",
        "ref": "",
        "url": "",
        "url2": ""
      }
    },
    {
      "type": "Feature",
      "geometry": {
        "type": "Point",
        "coordinates": [
          140.7360341,
          40.8241883
        ]
      },
      "properties": {
        "内容": "バス停: 古川",
        "name": "古川",
        "operator": "事業者不明",
        "ref": "",
        "url": "",
        "url2": ""
      }
    },
    {
      "type": "Feature",
      "geometry": {
        "type": "Point",
        "coordinates": [
          140.730211,
          40.8192904
        ]
      },
      "properties": {
        "内容": "バス停: 古川中学校前",
        "name": "古川中学校前",
        "operator": "事業者不明",
        "ref": "",
        "url": "",
        "url2": ""
      }
    },
    {
      "type": "Feature",
      "geometry": {
        "type": "Point",
        "coordinates": [
          140.4860535,
          40.5987549
        ]
      },
      "properties": {
        "内容": "バス停: 弘前駅城東口",
        "name": "弘前駅城東口",
        "operator": "事業者不明",
        "ref": "",
        "url": "",
        "url2": ""
      }
    },
    {
      "type": "Feature",
      "geometry": {
        "type": "Point",
        "coordinates": [
          140.4939728,
          40.5918617
        ]
      },
      "properties": {
        "内容": "バス停: 小比内団地",
        "name": "小比内団地",
        "operator": "事業者不明",
        "ref": "",
        "url": "",
        "url2": ""
      }
    },
    {
      "type": "Feature",
      "geometry": {
        "type": "Point",
        "coordinates": [
          140.4967499,
          40.581337
        ]
      },
      "properties": {
        "内容": "バス停: 大清水2丁目",
        "name": "大清水2丁目",
        "operator": "事業者不明",
        "ref": "",
        "url": "",
        "url2": ""
      }
    },
    {
      "type": "Feature",
      "geometry": {
        "type": "Point",
        "coordinates": [
          140.5031128,
          40.5885963
        ]
      },
      "properties": {
        "内容": "バス停: 運動公園前駅前",
        "name": "運動公園前駅前",
        "operator": "事業者不明",
        "ref": "",
        "url": "",
        "url2": ""
      }
    },
    {
      "type": "Feature",
      "geometry": {
        "type": "Point",
        "coordinates": [
          140.4933014,
          40.5858688
        ]
      },
      "properties": {
        "内容": "バス停: 川先南口",
        "name": "川先南口",
        "operator": "事業者不明",
        "ref": "",
        "url": "",
        "url2": ""
      }
    },
    {
      "type": "Feature",
      "geometry": {
        "type": "Point",
        "coordinates": [
          140.5017548,
          40.5859947
        ]
      },
      "properties": {
        "内容": "バス停: 健生病院前",
        "name": "健生病院前",
        "operator": "事業者不明",
        "ref": "",
        "url": "",
        "url2": ""
      }
    },
    {
      "type": "Feature",
      "geometry": {
        "type": "Point",
        "coordinates": [
          140.4990387,
          40.5855446
        ]
      },
      "properties": {
        "内容": "バス停: アルカディア入口",
        "name": "アルカディア入口",
        "operator": "事業者不明",
        "ref": "",
        "url": "",
        "url2": ""
      }
    },
    {
      "type": "Feature",
      "geometry": {
        "type": "Point",
        "coordinates": [
          140.4942169,
          40.595623
        ]
      },
      "properties": {
        "内容": "バス停: 外崎",
        "name": "外崎",
        "operator": "事業者不明",
        "ref": "",
        "url": "",
        "url2": ""
      }
    },
    {
      "type": "Feature",
      "geometry": {
        "type": "Point",
        "coordinates": [
          140.4990791,
          40.5854741
        ]
      },
      "properties": {
        "内容": "バス停: アルカディア入口",
        "name": "アルカディア入口",
        "operator": "事業者不明",
        "ref": "",
        "url": "",
        "url2": ""
      }
    },
    {
      "type": "Feature",
      "geometry": {
        "type": "Point",
        "coordinates": [
          140.494812,
          40.5892982
        ]
      },
      "properties": {
        "内容": "バス停: 小比内4丁目",
        "name": "小比内4丁目",
        "operator": "事業者不明",
        "ref": "",
        "url": "",
        "url2": ""
      }
    },
    {
      "type": "Feature",
      "geometry": {
        "type": "Point",
        "coordinates": [
          140.493988,
          40.5839043
        ]
      },
      "properties": {
        "内容": "バス停: 小比内5丁目",
        "name": "小比内5丁目",
        "operator": "事業者不明",
        "ref": "",
        "url": "",
        "url2": ""
      }
    },
    {
      "type": "Feature",
      "geometry": {
        "type": "Point",
        "coordinates": [
          140.4979553,
          40.5974274
        ]
      },
      "properties": {
        "内容": "バス停: 外崎2丁目",
        "name": "外崎2丁目",
        "operator": "事業者不明",
        "ref": "",
        "url": "",
        "url2": ""
      }
    },
    {
      "type": "Feature",
      "geometry": {
        "type": "Point",
        "coordinates": [
          140.4905701,
          40.5990105
        ]
      },
      "properties": {
        "内容": "バス停: 城東中央1丁目",
        "name": "城東中央1丁目",
        "operator": "事業者不明",
        "ref": "",
        "url": "",
        "url2": ""
      }
    },
    {
      "type": "Feature",
      "geometry": {
        "type": "Point",
        "coordinates": [
          140.5040741,
          40.5861397
        ]
      },
      "properties": {
        "内容": "バス停: 弘前脳卒中センター前",
        "name": "弘前脳卒中センター前",
        "operator": "事業者不明",
        "ref": "",
        "url": "",
        "url2": ""
      }
    },
    {
      "type": "Feature",
      "geometry": {
        "type": "Point",
        "coordinates": [
          140.4859467,
          40.5990601
        ]
      },
      "properties": {
        "内容": "バス停: 弘前駅城東口",
        "name": "弘前駅城東口",
        "operator": "事業者不明",
        "ref": "",
        "url": "",
        "url2": ""
      }
    },
    {
      "type": "Feature",
      "geometry": {
        "type": "Point",
        "coordinates": [
          140.4860077,
          40.5988998
        ]
      },
      "properties": {
        "内容": "バス停: 弘前駅城東口",
        "name": "弘前駅城東口",
        "operator": "事業者不明",
        "ref": "",
        "url": "",
        "url2": ""
      }
    },
    {
      "type": "Feature",
      "geometry": {
        "type": "Point",
        "coordinates": [
          140.4940033,
          40.5995674
        ]
      },
      "properties": {
        "内容": "バス停: 城東中央3丁目",
        "name": "城東中央3丁目",
        "operator": "事業者不明",
        "ref": "",
        "url": "",
        "url2": ""
      }
    },
    {
      "type": "Feature",
      "geometry": {
        "type": "Point",
        "coordinates": [
          140.4932098,
          40.5941467
        ]
      },
      "properties": {
        "内容": "バス停: 弘前年金事務所前",
        "name": "弘前年金事務所前",
        "operator": "事業者不明",
        "ref": "",
        "url": "",
        "url2": ""
      }
    },
    {
      "type": "Feature",
      "geometry": {
        "type": "Point",
        "coordinates": [
          140.4964905,
          40.5823135
        ]
      },
      "properties": {
        "内容": "バス停: 大清水1丁目",
        "name": "大清水1丁目",
        "operator": "事業者不明",
        "ref": "",
        "url": "",
        "url2": ""
      }
    },
    {
      "type": "Feature",
      "geometry": {
        "type": "Point",
        "coordinates": [
          140.5007477,
          40.5869713
        ]
      },
      "properties": {
        "内容": "バス停: 医療福祉大学前",
        "name": "医療福祉大学前",
        "operator": "事業者不明",
        "ref": "",
        "url": "",
        "url2": ""
      }
    },
    {
      "type": "Feature",
      "geometry": {
        "type": "Point",
        "coordinates": [
          140.4926605,
          40.5878143
        ]
      },
      "properties": {
        "内容": "バス停: 川先3丁目",
        "name": "川先3丁目",
        "operator": "事業者不明",
        "ref": "",
        "url": "",
        "url2": ""
      }
    },
    {
      "type": "Feature",
      "geometry": {
        "type": "Point",
        "coordinates": [
          140.4971924,
          40.6000671
        ]
      },
      "properties": {
        "内容": "バス停: 城東中央4丁目",
        "name": "城東中央4丁目",
        "operator": "事業者不明",
        "ref": "",
        "url": "",
        "url2": ""
      }
    },
    {
      "type": "Feature",
      "geometry": {
        "type": "Point",
        "coordinates": [
          140.723515,
          40.8147265
        ]
      },
      "properties": {
        "内容": "バス停: 富永",
        "name": "富永",
        "operator": "事業者不明",
        "ref": "",
        "url": "",
        "url2": ""
      }
    },
    {
      "type": "Feature",
      "geometry": {
        "type": "Point",
        "coordinates": [
          140.7212667,
          40.8131758
        ]
      },
      "properties": {
        "内容": "バス停: 浪館前田",
        "name": "浪館前田",
        "operator": "事業者不明",
        "ref": "",
        "url": "",
        "url2": ""
      }
    },
    {
      "type": "Feature",
      "geometry": {
        "type": "Point",
        "coordinates": [
          140.7127373,
          40.8145297
        ]
      },
      "properties": {
        "内容": "バス停: 自衛隊宿舎入口",
        "name": "自衛隊宿舎入口",
        "operator": "事業者不明",
        "ref": "",
        "url": "",
        "url2": ""
      }
    },
    {
      "type": "Feature",
      "geometry": {
        "type": "Point",
        "coordinates": [
          140.7346352,
          40.8170196
        ]
      },
      "properties": {
        "内容": "バス停: 南旭町",
        "name": "南旭町",
        "operator": "事業者不明",
        "ref": "",
        "url": "",
        "url2": ""
      }
    },
    {
      "type": "Feature",
      "geometry": {
        "type": "Point",
        "coordinates": [
          140.7359177,
          40.8140164
        ]
      },
      "properties": {
        "内容": "バス停: 甲田町",
        "name": "甲田町",
        "operator": "事業者不明",
        "ref": "",
        "url": "",
        "url2": ""
      }
    },
    {
      "type": "Feature",
      "geometry": {
        "type": "Point",
        "coordinates": [
          140.7078449,
          40.8172755
        ]
      },
      "properties": {
        "内容": "バス停: 三内西小学校前",
        "name": "三内西小学校前",
        "operator": "事業者不明",
        "ref": "",
        "url": "",
        "url2": ""
      }
    },
    {
      "type": "Feature",
      "geometry": {
        "type": "Point",
        "coordinates": [
          140.7352481,
          40.8159102
        ]
      },
      "properties": {
        "内容": "バス停: 常盤町",
        "name": "常盤町",
        "operator": "事業者不明",
        "ref": "",
        "url": "",
        "url2": ""
      }
    },
    {
      "type": "Feature",
      "geometry": {
        "type": "Point",
        "coordinates": [
          140.7262195,
          40.8165919
        ]
      },
      "properties": {
        "内容": "バス停: 久須志四丁目",
        "name": "久須志四丁目",
        "operator": "事業者不明",
        "ref": "",
        "url": "",
        "url2": ""
      }
    },
    {
      "type": "Feature",
      "geometry": {
        "type": "Point",
        "coordinates": [
          140.7037144,
          40.814021
        ]
      },
      "properties": {
        "内容": "バス停: 丸山市民館前",
        "name": "丸山市民館前",
        "operator": "事業者不明",
        "ref": "",
        "url": "",
        "url2": ""
      }
    },
    {
      "type": "Feature",
      "geometry": {
        "type": "Point",
        "coordinates": [
          140.7105729,
          40.8045308
        ]
      },
      "properties": {
        "内容": "バス停: 下安田",
        "name": "下安田",
        "operator": "事業者不明",
        "ref": "",
        "url": "",
        "url2": ""
      }
    },
    {
      "type": "Feature",
      "geometry": {
        "type": "Point",
        "coordinates": [
          140.7112591,
          40.8019554
        ]
      },
      "properties": {
        "内容": "バス停: 安田近野",
        "name": "安田近野",
        "operator": "事業者不明",
        "ref": "",
        "url": "",
        "url2": ""
      }
    },
    {
      "type": "Feature",
      "geometry": {
        "type": "Point",
        "coordinates": [
          140.7066584,
          40.7991229
        ]
      },
      "properties": {
        "内容": "バス停: 仙寿鶴亀温泉前",
        "name": "仙寿鶴亀温泉前",
        "operator": "事業者不明",
        "ref": "",
        "url": "",
        "url2": ""
      }
    },
    {
      "type": "Feature",
      "geometry": {
        "type": "Point",
        "coordinates": [
          140.7113828,
          40.8000165
        ]
      },
      "properties": {
        "内容": "バス停: 上安田",
        "name": "上安田",
        "operator": "事業者不明",
        "ref": "",
        "url": "",
        "url2": ""
      }
    },
    {
      "type": "Feature",
      "geometry": {
        "type": "Point",
        "coordinates": [
          140.717052,
          40.8102184
        ]
      },
      "properties": {
        "内容": "バス停: 浪館",
        "name": "浪館",
        "operator": "事業者不明",
        "ref": "",
        "url": "",
        "url2": ""
      }
    },
    {
      "type": "Feature",
      "geometry": {
        "type": "Point",
        "coordinates": [
          140.7207381,
          40.8098644
        ]
      },
      "properties": {
        "内容": "バス停: 西中学校入口",
        "name": "西中学校入口",
        "operator": "事業者不明",
        "ref": "",
        "url": "",
        "url2": ""
      }
    },
    {
      "type": "Feature",
      "geometry": {
        "type": "Point",
        "coordinates": [
          140.7109442,
          40.8085183
        ]
      },
      "properties": {
        "内容": "バス停: 総合運動公園前",
        "name": "総合運動公園前",
        "operator": "事業者不明",
        "ref": "",
        "url": "",
        "url2": ""
      }
    },
    {
      "type": "Feature",
      "geometry": {
        "type": "Point",
        "coordinates": [
          140.7064214,
          40.8033265
        ]
      },
      "properties": {
        "内容": "バス停: 慈恵会病院前",
        "name": "慈恵会病院前",
        "operator": "事業者不明",
        "ref": "",
        "url": "",
        "url2": ""
      }
    },
    {
      "type": "Feature",
      "geometry": {
        "type": "Point",
        "coordinates": [
          140.7082154,
          40.8213501
        ]
      },
      "properties": {
        "内容": "バス停: 滝内福祉館前",
        "name": "滝内福祉館前",
        "operator": "事業者不明",
        "ref": "",
        "url": "",
        "url2": ""
      }
    },
    {
      "type": "Feature",
      "geometry": {
        "type": "Point",
        "coordinates": [
          140.7502709,
          40.8085675
        ]
      },
      "properties": {
        "内容": "バス停: 南奥野",
        "name": "南奥野",
        "operator": "事業者不明",
        "ref": "",
        "url": "",
        "url2": ""
      }
    },
    {
      "type": "Feature",
      "geometry": {
        "type": "Point",
        "coordinates": [
          140.7061024,
          40.8246306
        ]
      },
      "properties": {
        "内容": "バス停: ダイハツ石江店前",
        "name": "ダイハツ石江店前",
        "operator": "事業者不明",
        "ref": "",
        "url": "",
        "url2": ""
      }
    },
    {
      "type": "Feature",
      "geometry": {
        "type": "Point",
        "coordinates": [
          140.7267186,
          40.809052
        ]
      },
      "properties": {
        "内容": "バス停: 金沢",
        "name": "金沢",
        "operator": "事業者不明",
        "ref": "",
        "url": "",
        "url2": ""
      }
    },
    {
      "type": "Feature",
      "geometry": {
        "type": "Point",
        "coordinates": [
          140.7298855,
          40.8087731
        ]
      },
      "properties": {
        "内容": "バス停: 金沢小学校前",
        "name": "金沢小学校前",
        "operator": "事業者不明",
        "ref": "",
        "url": "",
        "url2": ""
      }
    },
    {
      "type": "Feature",
      "geometry": {
        "type": "Point",
        "coordinates": [
          140.73398,
          40.8049096
        ]
      },
      "properties": {
        "内容": "バス停: 大野市民センター前",
        "name": "大野市民センター前",
        "operator": "事業者不明",
        "ref": "",
        "url": "",
        "url2": ""
      }
    },
    {
      "type": "Feature",
      "geometry": {
        "type": "Point",
        "coordinates": [
          140.7486415,
          40.7902894
        ]
      },
      "properties": {
        "内容": "バス停: 産業会館前",
        "name": "産業会館前",
        "operator": "事業者不明",
        "ref": "",
        "url": "",
        "url2": ""
      }
    },
    {
      "type": "Feature",
      "geometry": {
        "type": "Point",
        "coordinates": [
          140.7486422,
          40.8055916
        ]
      },
      "properties": {
        "内容": "バス停: 青森山田中学・高校前",
        "name": "青森山田中学・高校前",
        "operator": "事業者不明",
        "ref": "",
        "url": "",
        "url2": ""
      }
    },
    {
      "type": "Feature",
      "geometry": {
        "type": "Point",
        "coordinates": [
          140.7365303,
          40.8082558
        ]
      },
      "properties": {
        "内容": "バス停: 金沢小学校通り",
        "name": "金沢小学校通り",
        "operator": "事業者不明",
        "ref": "",
        "url": "",
        "url2": ""
      }
    },
    {
      "type": "Feature",
      "geometry": {
        "type": "Point",
        "coordinates": [
          140.7317763,
          40.8028708
        ]
      },
      "properties": {
        "内容": "バス停: 下山下",
        "name": "下山下",
        "operator": "事業者不明",
        "ref": "",
        "url": "",
        "url2": ""
      }
    },
    {
      "type": "Feature",
      "geometry": {
        "type": "Point",
        "coordinates": [
          140.7315923,
          40.79935
        ]
      },
      "properties": {
        "内容": "バス停: 大野",
        "name": "大野",
        "operator": "事業者不明",
        "ref": "",
        "url": "",
        "url2": ""
      }
    },
    {
      "type": "Feature",
      "geometry": {
        "type": "Point",
        "coordinates": [
          140.7604304,
          40.7916307
        ]
      },
      "properties": {
        "内容": "バス停: 妙見",
        "name": "妙見",
        "operator": "事業者不明",
        "ref": "",
        "url": "",
        "url2": ""
      }
    },
    {
      "type": "Feature",
      "geometry": {
        "type": "Point",
        "coordinates": [
          140.7622354,
          40.7881839
        ]
      },
      "properties": {
        "内容": "バス停: 問屋町入口",
        "name": "問屋町入口",
        "operator": "事業者不明",
        "ref": "",
        "url": "",
        "url2": ""
      }
    },
    {
      "type": "Feature",
      "geometry": {
        "type": "Point",
        "coordinates": [
          140.754226,
          40.7917582
        ]
      },
      "properties": {
        "内容": "バス停: やはぎ",
        "name": "やはぎ",
        "operator": "事業者不明",
        "ref": "",
        "url": "",
        "url2": ""
      }
    },
    {
      "type": "Feature",
      "geometry": {
        "type": "Point",
        "coordinates": [
          140.7383812,
          40.8089412
        ]
      },
      "properties": {
        "内容": "バス停: 南片岡",
        "name": "南片岡",
        "operator": "事業者不明",
        "ref": "",
        "url": "",
        "url2": ""
      }
    },
    {
      "type": "Feature",
      "geometry": {
        "type": "Point",
        "coordinates": [
          140.7367441,
          40.8068725
        ]
      },
      "properties": {
        "内容": "バス停: 中大野",
        "name": "中大野",
        "operator": "事業者不明",
        "ref": "",
        "url": "",
        "url2": ""
      }
    },
    {
      "type": "Feature",
      "geometry": {
        "type": "Point",
        "coordinates": [
          140.7245263,
          40.8026243
        ]
      },
      "properties": {
        "内容": "バス停: 西大野",
        "name": "西大野",
        "operator": "事業者不明",
        "ref": "",
        "url": "",
        "url2": ""
      }
    },
    {
      "type": "Feature",
      "geometry": {
        "type": "Point",
        "coordinates": [
          140.7509392,
          40.7920648
        ]
      },
      "properties": {
        "内容": "バス停: やはぎ宿舎前",
        "name": "やはぎ宿舎前",
        "operator": "事業者不明",
        "ref": "",
        "url": "",
        "url2": ""
      }
    },
    {
      "type": "Feature",
      "geometry": {
        "type": "Point",
        "coordinates": [
          140.7305034,
          40.8017056
        ]
      },
      "properties": {
        "内容": "バス停: 大野山下",
        "name": "大野山下",
        "operator": "事業者不明",
        "ref": "",
        "url": "",
        "url2": ""
      }
    },
    {
      "type": "Feature",
      "geometry": {
        "type": "Point",
        "coordinates": [
          140.7579202,
          40.7884892
        ]
      },
      "properties": {
        "内容": "バス停: 問屋町大通り",
        "name": "問屋町大通り",
        "operator": "事業者不明",
        "ref": "",
        "url": "",
        "url2": ""
      }
    },
    {
      "type": "Feature",
      "geometry": {
        "type": "Point",
        "coordinates": [
          140.7555737,
          40.7882258
        ]
      },
      "properties": {
        "内容": "バス停: 問屋町会館前",
        "name": "問屋町会館前",
        "operator": "事業者不明",
        "ref": "",
        "url": "",
        "url2": ""
      }
    },
    {
      "type": "Feature",
      "geometry": {
        "type": "Point",
        "coordinates": [
          140.7461064,
          40.8025677
        ]
      },
      "properties": {
        "内容": "バス停: 大野小学校通り",
        "name": "大野小学校通り",
        "operator": "事業者不明",
        "ref": "",
        "url": "",
        "url2": ""
      }
    },
    {
      "type": "Feature",
      "geometry": {
        "type": "Point",
        "coordinates": [
          140.7367338,
          40.8113121
        ]
      },
      "properties": {
        "内容": "バス停: 甲田中学校通り",
        "name": "甲田中学校通り",
        "operator": "事業者不明",
        "ref": "",
        "url": "",
        "url2": ""
      }
    },
    {
      "type": "Feature",
      "geometry": {
        "type": "Point",
        "coordinates": [
          140.7244749,
          40.8066546
        ]
      },
      "properties": {
        "内容": "バス停: 南高校通り",
        "name": "南高校通り",
        "operator": "事業者不明",
        "ref": "",
        "url": "",
        "url2": ""
      }
    },
    {
      "type": "Feature",
      "geometry": {
        "type": "Point",
        "coordinates": [
          140.7429035,
          40.8101394
        ]
      },
      "properties": {
        "内容": "バス停: 片岡",
        "name": "片岡",
        "operator": "事業者不明",
        "ref": "",
        "url": "",
        "url2": ""
      }
    },
    {
      "type": "Feature",
      "geometry": {
        "type": "Point",
        "coordinates": [
          140.7413807,
          40.8090828
        ]
      },
      "properties": {
        "内容": "バス停: 中央大橋通り",
        "name": "中央大橋通り",
        "operator": "事業者不明",
        "ref": "",
        "url": "",
        "url2": ""
      }
    },
    {
      "type": "Feature",
      "geometry": {
        "type": "Point",
        "coordinates": [
          140.7365331,
          40.8217141
        ]
      },
      "properties": {
        "内容": "バス停: 古川三丁目",
        "name": "古川三丁目",
        "operator": "事業者不明",
        "ref": "",
        "url": "",
        "url2": ""
      }
    },
    {
      "type": "Feature",
      "geometry": {
        "type": "Point",
        "coordinates": [
          140.7374612,
          40.8239762
        ]
      },
      "properties": {
        "内容": "バス停: 古川",
        "name": "古川",
        "operator": "事業者不明",
        "ref": "",
        "url": "",
        "url2": ""
      }
    },
    {
      "type": "Feature",
      "geometry": {
        "type": "Point",
        "coordinates": [
          140.7399713,
          40.8238853
        ]
      },
      "properties": {
        "内容": "バス停: 県庁前",
        "name": "県庁前",
        "operator": "事業者不明",
        "ref": "",
        "url": "",
        "url2": ""
      }
    },
    {
      "type": "Feature",
      "geometry": {
        "type": "Point",
        "coordinates": [
          140.7363869,
          40.8235905
        ]
      },
      "properties": {
        "内容": "バス停: 古川9",
        "name": "古川9",
        "operator": "事業者不明",
        "ref": "",
        "url": "",
        "url2": ""
      }
    },
    {
      "type": "Feature",
      "geometry": {
        "type": "Point",
        "coordinates": [
          140.7381465,
          40.8238853
        ]
      },
      "properties": {
        "内容": "バス停: 古川",
        "name": "古川",
        "operator": "事業者不明",
        "ref": "",
        "url": "",
        "url2": ""
      }
    },
    {
      "type": "Feature",
      "geometry": {
        "type": "Point",
        "coordinates": [
          140.4636045,
          40.5881397
        ]
      },
      "properties": {
        "内容": "バス停: 桔梗野十文字",
        "name": "桔梗野十文字",
        "operator": "事業者不明",
        "ref": "",
        "url": "",
        "url2": ""
      }
    },
    {
      "type": "Feature",
      "geometry": {
        "type": "Point",
        "coordinates": [
          140.4518992,
          40.5814982
        ]
      },
      "properties": {
        "内容": "バス停: 清水3丁目",
        "name": "清水3丁目",
        "operator": "事業者不明",
        "ref": "",
        "url": "",
        "url2": ""
      }
    },
    {
      "type": "Feature",
      "geometry": {
        "type": "Point",
        "coordinates": [
          140.4761965,
          40.57833
        ]
      },
      "properties": {
        "内容": "バス停: 実業高校前",
        "name": "実業高校前",
        "operator": "事業者不明",
        "ref": "",
        "url": "",
        "url2": ""
      }
    },
    {
      "type": "Feature",
      "geometry": {
        "type": "Point",
        "coordinates": [
          140.454298,
          40.5867846
        ]
      },
      "properties": {
        "内容": "バス停: 若葉1丁目",
        "name": "若葉1丁目",
        "operator": "事業者不明",
        "ref": "",
        "url": "",
        "url2": ""
      }
    },
    {
      "type": "Feature",
      "geometry": {
        "type": "Point",
        "coordinates": [
          140.4754939,
          40.581275
        ]
      },
      "properties": {
        "内容": "バス停: 中野",
        "name": "中野",
        "operator": "事業者不明",
        "ref": "",
        "url": "",
        "url2": ""
      }
    },
    {
      "type": "Feature",
      "geometry": {
        "type": "Point",
        "coordinates": [
          140.4784553,
          40.5741942
        ]
      },
      "properties": {
        "内容": "バス停: 松原",
        "name": "松原",
        "operator": "事業者不明",
        "ref": "",
        "url": "",
        "url2": ""
      }
    },
    {
      "type": "Feature",
      "geometry": {
        "type": "Point",
        "coordinates": [
          140.478155,
          40.5745408
        ]
      },
      "properties": {
        "内容": "バス停: 松原",
        "name": "松原",
        "operator": "事業者不明",
        "ref": "",
        "url": "",
        "url2": ""
      }
    },
    {
      "type": "Feature",
      "geometry": {
        "type": "Point",
        "coordinates": [
          140.4455644,
          40.5770705
        ]
      },
      "properties": {
        "内容": "バス停: 大開2丁目",
        "name": "大開2丁目",
        "operator": "事業者不明",
        "ref": "",
        "url": "",
        "url2": ""
      }
    },
    {
      "type": "Feature",
      "geometry": {
        "type": "Point",
        "coordinates": [
          140.464553,
          40.5922742
        ]
      },
      "properties": {
        "内容": "バス停: 桔梗野",
        "name": "桔梗野",
        "operator": "事業者不明",
        "ref": "",
        "url": "",
        "url2": ""
      }
    },
    {
      "type": "Feature",
      "geometry": {
        "type": "Point",
        "coordinates": [
          140.4479911,
          40.5757754
        ]
      },
      "properties": {
        "内容": "バス停: 清水交流センター前",
        "name": "清水交流センター前",
        "operator": "事業者不明",
        "ref": "",
        "url": "",
        "url2": ""
      }
    },
    {
      "type": "Feature",
      "geometry": {
        "type": "Point",
        "coordinates": [
          140.4693012,
          40.6026598
        ]
      },
      "properties": {
        "内容": "バス停: 青森銀行前",
        "name": "青森銀行前",
        "operator": "事業者不明",
        "ref": "",
        "url": "",
        "url2": ""
      }
    },
    {
      "type": "Feature",
      "geometry": {
        "type": "Point",
        "coordinates": [
          140.4817409,
          40.5744991
        ]
      },
      "properties": {
        "内容": "バス停: 松原小学校前",
        "name": "松原小学校前",
        "operator": "事業者不明",
        "ref": "",
        "url": "",
        "url2": ""
      }
    },
    {
      "type": "Feature",
      "geometry": {
        "type": "Point",
        "coordinates": [
          140.45278,
          40.5779298
        ]
      },
      "properties": {
        "内容": "バス停: 桜ヶ丘案内所",
        "name": "桜ヶ丘案内所",
        "operator": "事業者不明",
        "ref": "",
        "url": "",
        "url2": ""
      }
    },
    {
      "type": "Feature",
      "geometry": {
        "type": "Point",
        "coordinates": [
          140.4667419,
          40.5970082
        ]
      },
      "properties": {
        "内容": "バス停: 弘前高校前",
        "name": "弘前高校前",
        "operator": "事業者不明",
        "ref": "",
        "url": "",
        "url2": ""
      }
    },
    {
      "type": "Feature",
      "geometry": {
        "type": "Point",
        "coordinates": [
          140.481637,
          40.5745477
        ]
      },
      "properties": {
        "内容": "バス停: 松原小学校前",
        "name": "松原小学校前",
        "operator": "事業者不明",
        "ref": "",
        "url": "",
        "url2": ""
      }
    },
    {
      "type": "Feature",
      "geometry": {
        "type": "Point",
        "coordinates": [
          140.454775,
          40.576129
        ]
      },
      "properties": {
        "内容": "バス停: 県営住宅前",
        "name": "県営住宅前",
        "operator": "事業者不明",
        "ref": "",
        "url": "",
        "url2": ""
      }
    },
    {
      "type": "Feature",
      "geometry": {
        "type": "Point",
        "coordinates": [
          140.4531952,
          40.5841356
        ]
      },
      "properties": {
        "内容": "バス停: ゴールドパック前",
        "name": "ゴールドパック前",
        "operator": "事業者不明",
        "ref": "",
        "url": "",
        "url2": ""
      }
    },
    {
      "type": "Feature",
      "geometry": {
        "type": "Point",
        "coordinates": [
          140.475436,
          40.5805738
        ]
      },
      "properties": {
        "内容": "バス停: 中野",
        "name": "中野",
        "operator": "事業者不明",
        "ref": "",
        "url": "",
        "url2": ""
      }
    },
    {
      "type": "Feature",
      "geometry": {
        "type": "Point",
        "coordinates": [
          140.4512612,
          40.5748398
        ]
      },
      "properties": {
        "内容": "バス停: 桜ヶ丘1丁目",
        "name": "桜ヶ丘1丁目",
        "operator": "事業者不明",
        "ref": "",
        "url": "",
        "url2": ""
      }
    },
    {
      "type": "Feature",
      "geometry": {
        "type": "Point",
        "coordinates": [
          140.4686973,
          40.6001038
        ]
      },
      "properties": {
        "内容": "バス停: 本町",
        "name": "本町",
        "operator": "事業者不明",
        "ref": "",
        "url": "",
        "url2": ""
      }
    },
    {
      "type": "Feature",
      "geometry": {
        "type": "Point",
        "coordinates": [
          140.4417651,
          40.5817786
        ]
      },
      "properties": {
        "内容": "バス停: 金属団地入口",
        "name": "金属団地入口",
        "operator": "事業者不明",
        "ref": "",
        "url": "",
        "url2": ""
      }
    },
    {
      "type": "Feature",
      "geometry": {
        "type": "Point",
        "coordinates": [
          140.4764972,
          40.577981
        ]
      },
      "properties": {
        "内容": "バス停: 実業高校前",
        "name": "実業高校前",
        "operator": "事業者不明",
        "ref": "",
        "url": "",
        "url2": ""
      }
    },
    {
      "type": "Feature",
      "geometry": {
        "type": "Point",
        "coordinates": [
          140.482628,
          40.58942
        ]
      },
      "properties": {
        "内容": "バス停: 松森町角",
        "name": "松森町角",
        "operator": "事業者不明",
        "ref": "",
        "url": "",
        "url2": ""
      }
    },
    {
      "type": "Feature",
      "geometry": {
        "type": "Point",
        "coordinates": [
          140.4495088,
          40.5747394
        ]
      },
      "properties": {
        "内容": "バス停: 桜ヶ丘団地",
        "name": "桜ヶ丘団地",
        "operator": "事業者不明",
        "ref": "",
        "url": "",
        "url2": ""
      }
    },
    {
      "type": "Feature",
      "geometry": {
        "type": "Point",
        "coordinates": [
          140.44139,
          40.5776574
        ]
      },
      "properties": {
        "内容": "バス停: 児童公園前",
        "name": "児童公園前",
        "operator": "事業者不明",
        "ref": "",
        "url": "",
        "url2": ""
      }
    },
    {
      "type": "Feature",
      "geometry": {
        "type": "Point",
        "coordinates": [
          140.4644913,
          40.5958744
        ]
      },
      "properties": {
        "内容": "バス停: 新寺町",
        "name": "新寺町",
        "operator": "事業者不明",
        "ref": "",
        "url": "",
        "url2": ""
      }
    },
    {
      "type": "Feature",
      "geometry": {
        "type": "Point",
        "coordinates": [
          140.4618753,
          40.5867574
        ]
      },
      "properties": {
        "内容": "バス停: 緑ヶ丘",
        "name": "緑ヶ丘",
        "operator": "事業者不明",
        "ref": "",
        "url": "",
        "url2": ""
      }
    },
    {
      "type": "Feature",
      "geometry": {
        "type": "Point",
        "coordinates": [
          140.44125,
          40.5803417
        ]
      },
      "properties": {
        "内容": "バス停: 金属団地",
        "name": "金属団地",
        "operator": "事業者不明",
        "ref": "",
        "url": "",
        "url2": ""
      }
    },
    {
      "type": "Feature",
      "geometry": {
        "type": "Point",
        "coordinates": [
          140.4804063,
          40.5882337
        ]
      },
      "properties": {
        "内容": "バス停: 大富町入口",
        "name": "大富町入口",
        "operator": "事業者不明",
        "ref": "",
        "url": "",
        "url2": ""
      }
    },
    {
      "type": "Feature",
      "geometry": {
        "type": "Point",
        "coordinates": [
          140.4403594,
          40.5788075
        ]
      },
      "properties": {
        "内容": "バス停: 青樹町",
        "name": "青樹町",
        "operator": "事業者不明",
        "ref": "",
        "url": "",
        "url2": ""
      }
    },
    {
      "type": "Feature",
      "geometry": {
        "type": "Point",
        "coordinates": [
          140.4829481,
          40.5947426
        ]
      },
      "properties": {
        "内容": "バス停: 大町1丁目",
        "name": "大町1丁目",
        "operator": "事業者不明",
        "ref": "",
        "url": "",
        "url2": ""
      }
    },
    {
      "type": "Feature",
      "geometry": {
        "type": "Point",
        "coordinates": [
          140.4459804,
          40.5807689
        ]
      },
      "properties": {
        "内容": "バス停: 南高校",
        "name": "南高校",
        "operator": "事業者不明",
        "ref": "",
        "url": "",
        "url2": ""
      }
    },
    {
      "type": "Feature",
      "geometry": {
        "type": "Point",
        "coordinates": [
          140.4580703,
          40.5872629
        ]
      },
      "properties": {
        "内容": "バス停: 高等技術専門校前",
        "name": "高等技術専門校前",
        "operator": "事業者不明",
        "ref": "",
        "url": "",
        "url2": ""
      }
    },
    {
      "type": "Feature",
      "geometry": {
        "type": "Point",
        "coordinates": [
          140.483005,
          40.5949584
        ]
      },
      "properties": {
        "内容": "バス停: 大町1丁目",
        "name": "大町1丁目",
        "operator": "事業者不明",
        "ref": "",
        "url": "",
        "url2": ""
      }
    },
    {
      "type": "Feature",
      "geometry": {
        "type": "Point",
        "coordinates": [
          140.725959,
          40.8310841
        ]
      },
      "properties": {
        "内容": "バス停: 森林博物館前",
        "name": "森林博物館前",
        "operator": "事業者不明",
        "ref": "",
        "url": "",
        "url2": ""
      }
    },
    {
      "type": "Feature",
      "geometry": {
        "type": "Point",
        "coordinates": [
          141.4079671,
          40.5922342
        ]
      },
      "properties": {
        "内容": "バス停: 下田駅",
        "name": "下田駅",
        "operator": "事業者不明",
        "ref": "",
        "url": "",
        "url2": ""
      }
    },
    {
      "type": "Feature",
      "geometry": {
        "type": "Point",
        "coordinates": [
          140.7233813,
          40.8330534
        ]
      },
      "properties": {
        "内容": "バス停: 沖館仲通り",
        "name": "沖館仲通り",
        "operator": "事業者不明",
        "ref": "",
        "url": "",
        "url2": ""
      }
    },
    {
      "type": "Feature",
      "geometry": {
        "type": "Point",
        "coordinates": [
          140.7231088,
          40.8359347
        ]
      },
      "properties": {
        "内容": "バス停: 沖館消防署前",
        "name": "沖館消防署前",
        "operator": "事業者不明",
        "ref": "",
        "url": "",
        "url2": ""
      }
    },
    {
      "type": "Feature",
      "geometry": {
        "type": "Point",
        "coordinates": [
          140.6920491,
          40.8578092
        ]
      },
      "properties": {
        "内容": "バス停: 油川駅前",
        "name": "油川駅前",
        "operator": "事業者不明",
        "ref": "",
        "url": "",
        "url2": ""
      }
    },
    {
      "type": "Feature",
      "geometry": {
        "type": "Point",
        "coordinates": [
          140.6899895,
          40.8617714
        ]
      },
      "properties": {
        "内容": "バス停: 西田沢",
        "name": "西田沢",
        "operator": "事業者不明",
        "ref": "",
        "url": "",
        "url2": ""
      }
    },
    {
      "type": "Feature",
      "geometry": {
        "type": "Point",
        "coordinates": [
          140.7164171,
          40.8405458
        ]
      },
      "properties": {
        "内容": "バス停: 新田",
        "name": "新田",
        "operator": "事業者不明",
        "ref": "",
        "url": "",
        "url2": ""
      }
    },
    {
      "type": "Feature",
      "geometry": {
        "type": "Point",
        "coordinates": [
          140.690093,
          40.8543523
        ]
      },
      "properties": {
        "内容": "バス停: 油川中学校前",
        "name": "油川中学校前",
        "operator": "事業者不明",
        "ref": "",
        "url": "",
        "url2": ""
      }
    },
    {
      "type": "Feature",
      "geometry": {
        "type": "Point",
        "coordinates": [
          140.6999871,
          40.8508853
        ]
      },
      "properties": {
        "内容": "バス停: 油川浪返",
        "name": "油川浪返",
        "operator": "事業者不明",
        "ref": "",
        "url": "",
        "url2": ""
      }
    },
    {
      "type": "Feature",
      "geometry": {
        "type": "Point",
        "coordinates": [
          140.6930965,
          40.8497054
        ]
      },
      "properties": {
        "内容": "バス停: 油川小学校前",
        "name": "油川小学校前",
        "operator": "事業者不明",
        "ref": "",
        "url": "",
        "url2": ""
      }
    },
    {
      "type": "Feature",
      "geometry": {
        "type": "Point",
        "coordinates": [
          140.7210309,
          40.8374075
        ]
      },
      "properties": {
        "内容": "バス停: 沖館",
        "name": "沖館",
        "operator": "事業者不明",
        "ref": "",
        "url": "",
        "url2": ""
      }
    },
    {
      "type": "Feature",
      "geometry": {
        "type": "Point",
        "coordinates": [
          140.6924788,
          40.8584085
        ]
      },
      "properties": {
        "内容": "バス停: 油川駅通り",
        "name": "油川駅通り",
        "operator": "事業者不明",
        "ref": "",
        "url": "",
        "url2": ""
      }
    },
    {
      "type": "Feature",
      "geometry": {
        "type": "Point",
        "coordinates": [
          140.6939028,
          40.856258
        ]
      },
      "properties": {
        "内容": "バス停: 油川中学校通り",
        "name": "油川中学校通り",
        "operator": "事業者不明",
        "ref": "",
        "url": "",
        "url2": ""
      }
    },
    {
      "type": "Feature",
      "geometry": {
        "type": "Point",
        "coordinates": [
          140.6831423,
          40.8518232
        ]
      },
      "properties": {
        "内容": "バス停: 油川市民センター前",
        "name": "油川市民センター前",
        "operator": "事業者不明",
        "ref": "",
        "url": "",
        "url2": ""
      }
    },
    {
      "type": "Feature",
      "geometry": {
        "type": "Point",
        "coordinates": [
          140.6980558,
          40.852557
        ]
      },
      "properties": {
        "内容": "バス停: 浄満寺前",
        "name": "浄満寺前",
        "operator": "事業者不明",
        "ref": "",
        "url": "",
        "url2": ""
      }
    },
    {
      "type": "Feature",
      "geometry": {
        "type": "Point",
        "coordinates": [
          140.7019106,
          40.8491599
        ]
      },
      "properties": {
        "内容": "バス停: 油川下町",
        "name": "油川下町",
        "operator": "事業者不明",
        "ref": "",
        "url": "",
        "url2": ""
      }
    },
    {
      "type": "Feature",
      "geometry": {
        "type": "Point",
        "coordinates": [
          140.7092405,
          40.8444117
        ]
      },
      "properties": {
        "内容": "バス停: 木材港前",
        "name": "木材港前",
        "operator": "事業者不明",
        "ref": "",
        "url": "",
        "url2": ""
      }
    },
    {
      "type": "Feature",
      "geometry": {
        "type": "Point",
        "coordinates": [
          140.6854335,
          40.8568817
        ]
      },
      "properties": {
        "内容": "バス停: 新生町",
        "name": "新生町",
        "operator": "事業者不明",
        "ref": "",
        "url": "",
        "url2": ""
      }
    },
    {
      "type": "Feature",
      "geometry": {
        "type": "Point",
        "coordinates": [
          140.686128,
          40.8529606
        ]
      },
      "properties": {
        "内容": "バス停: 北高校前",
        "name": "北高校前",
        "operator": "事業者不明",
        "ref": "",
        "url": "",
        "url2": ""
      }
    },
    {
      "type": "Feature",
      "geometry": {
        "type": "Point",
        "coordinates": [
          140.6813638,
          40.8557543
        ]
      },
      "properties": {
        "内容": "バス停: 羽白沢田",
        "name": "羽白沢田",
        "operator": "事業者不明",
        "ref": "",
        "url": "",
        "url2": ""
      }
    },
    {
      "type": "Feature",
      "geometry": {
        "type": "Point",
        "coordinates": [
          140.70561,
          40.8464967
        ]
      },
      "properties": {
        "内容": "バス停: 油川新井田",
        "name": "油川新井田",
        "operator": "事業者不明",
        "ref": "",
        "url": "",
        "url2": ""
      }
    },
    {
      "type": "Feature",
      "geometry": {
        "type": "Point",
        "coordinates": [
          140.7067318,
          40.8284625
        ]
      },
      "properties": {
        "内容": "バス停: 西郵便局前",
        "name": "西郵便局前",
        "operator": "事業者不明",
        "ref": "",
        "url": "",
        "url2": ""
      }
    },
    {
      "type": "Feature",
      "geometry": {
        "type": "Point",
        "coordinates": [
          140.7187121,
          40.8388782
        ]
      },
      "properties": {
        "内容": "バス停: 森林管理局宿舎前",
        "name": "森林管理局宿舎前",
        "operator": "事業者不明",
        "ref": "",
        "url": "",
        "url2": ""
      }
    },
    {
      "type": "Feature",
      "geometry": {
        "type": "Point",
        "coordinates": [
          140.4816608,
          40.5669387
        ]
      },
      "properties": {
        "内容": "バス停: 上松原",
        "name": "上松原",
        "operator": "事業者不明",
        "ref": "",
        "url": "",
        "url2": ""
      }
    },
    {
      "type": "Feature",
      "geometry": {
        "type": "Point",
        "coordinates": [
          140.4667492,
          40.5769314
        ]
      },
      "properties": {
        "内容": "バス停: 城南3丁目",
        "name": "城南3丁目",
        "operator": "事業者不明",
        "ref": "",
        "url": "",
        "url2": ""
      }
    },
    {
      "type": "Feature",
      "geometry": {
        "type": "Point",
        "coordinates": [
          140.4634626,
          40.577306
        ]
      },
      "properties": {
        "内容": "バス停: 館野2丁目",
        "name": "館野2丁目",
        "operator": "事業者不明",
        "ref": "",
        "url": "",
        "url2": ""
      }
    },
    {
      "type": "Feature",
      "geometry": {
        "type": "Point",
        "coordinates": [
          140.4825125,
          40.5673613
        ]
      },
      "properties": {
        "内容": "バス停: 上松原",
        "name": "上松原",
        "operator": "事業者不明",
        "ref": "",
        "url": "",
        "url2": ""
      }
    },
    {
      "type": "Feature",
      "geometry": {
        "type": "Point",
        "coordinates": [
          140.4594455,
          40.5901965
        ]
      },
      "properties": {
        "内容": "バス停: 四中校前",
        "name": "四中校前",
        "operator": "事業者不明",
        "ref": "",
        "url": "",
        "url2": ""
      }
    },
    {
      "type": "Feature",
      "geometry": {
        "type": "Point",
        "coordinates": [
          140.4861534,
          40.5717626
        ]
      },
      "properties": {
        "内容": "バス停: 松原東5丁目",
        "name": "松原東5丁目",
        "operator": "事業者不明",
        "ref": "",
        "url": "",
        "url2": ""
      }
    },
    {
      "type": "Feature",
      "geometry": {
        "type": "Point",
        "coordinates": [
          140.4844954,
          40.5699274
        ]
      },
      "properties": {
        "内容": "バス停: 松原東4丁目",
        "name": "松原東4丁目",
        "operator": "事業者不明",
        "ref": "",
        "url": "",
        "url2": ""
      }
    },
    {
      "type": "Feature",
      "geometry": {
        "type": "Point",
        "coordinates": [
          140.4845158,
          40.5698212
        ]
      },
      "properties": {
        "内容": "バス停: 松原東4丁目",
        "name": "松原東4丁目",
        "operator": "事業者不明",
        "ref": "",
        "url": "",
        "url2": ""
      }
    },
    {
      "type": "Feature",
      "geometry": {
        "type": "Point",
        "coordinates": [
          140.4718279,
          40.5932224
        ]
      },
      "properties": {
        "内容": "バス停: 富士見町",
        "name": "富士見町",
        "operator": "事業者不明",
        "ref": "",
        "url": "",
        "url2": ""
      }
    },
    {
      "type": "Feature",
      "geometry": {
        "type": "Point",
        "coordinates": [
          140.4732961,
          40.5926473
        ]
      },
      "properties": {
        "内容": "バス停: 富田3丁目",
        "name": "富田3丁目",
        "operator": "事業者不明",
        "ref": "",
        "url": "",
        "url2": ""
      }
    },
    {
      "type": "Feature",
      "geometry": {
        "type": "Point",
        "coordinates": [
          140.4710254,
          40.5908341
        ]
      },
      "properties": {
        "内容": "バス停: 弘前大学入口",
        "name": "弘前大学入口",
        "operator": "事業者不明",
        "ref": "",
        "url": "",
        "url2": ""
      }
    },
    {
      "type": "Feature",
      "geometry": {
        "type": "Point",
        "coordinates": [
          140.4798028,
          40.5713177
        ]
      },
      "properties": {
        "内容": "バス停: 松原東3丁目",
        "name": "松原東3丁目",
        "operator": "事業者不明",
        "ref": "",
        "url": "",
        "url2": ""
      }
    },
    {
      "type": "Feature",
      "geometry": {
        "type": "Point",
        "coordinates": [
          140.4878634,
          40.5733525
        ]
      },
      "properties": {
        "内容": "バス停: 安原3丁目",
        "name": "安原3丁目",
        "operator": "事業者不明",
        "ref": "",
        "url": "",
        "url2": ""
      }
    },
    {
      "type": "Feature",
      "geometry": {
        "type": "Point",
        "coordinates": [
          140.4687947,
          40.5809355
        ]
      },
      "properties": {
        "内容": "バス停: 城南2丁目",
        "name": "城南2丁目",
        "operator": "事業者不明",
        "ref": "",
        "url": "",
        "url2": ""
      }
    },
    {
      "type": "Feature",
      "geometry": {
        "type": "Point",
        "coordinates": [
          140.4820652,
          40.5680815
        ]
      },
      "properties": {
        "内容": "バス停: 上松原",
        "name": "上松原",
        "operator": "事業者不明",
        "ref": "",
        "url": "",
        "url2": ""
      }
    },
    {
      "type": "Feature",
      "geometry": {
        "type": "Point",
        "coordinates": [
          140.4881516,
          40.5737046
        ]
      },
      "properties": {
        "内容": "バス停: 安原3丁目",
        "name": "安原3丁目",
        "operator": "事業者不明",
        "ref": "",
        "url": "",
        "url2": ""
      }
    },
    {
      "type": "Feature",
      "geometry": {
        "type": "Point",
        "coordinates": [
          140.474001,
          40.5970089
        ]
      },
      "properties": {
        "内容": "バス停: 住吉入口",
        "name": "住吉入口",
        "operator": "事業者不明",
        "ref": "",
        "url": "",
        "url2": ""
      }
    },
    {
      "type": "Feature",
      "geometry": {
        "type": "Point",
        "coordinates": [
          140.4884911,
          40.6082762
        ]
      },
      "properties": {
        "内容": "バス停: 本和徳集会所前",
        "name": "本和徳集会所前",
        "operator": "事業者不明",
        "ref": "",
        "url": "",
        "url2": ""
      }
    },
    {
      "type": "Feature",
      "geometry": {
        "type": "Point",
        "coordinates": [
          140.4602901,
          40.5996527
        ]
      },
      "properties": {
        "内容": "バス停: 茂森町長勝寺入口",
        "name": "茂森町長勝寺入口",
        "operator": "事業者不明",
        "ref": "",
        "url": "",
        "url2": ""
      }
    },
    {
      "type": "Feature",
      "geometry": {
        "type": "Point",
        "coordinates": [
          140.4602375,
          40.5989389
        ]
      },
      "properties": {
        "内容": "バス停: 茂森町長勝寺入口",
        "name": "茂森町長勝寺入口",
        "operator": "事業者不明",
        "ref": "",
        "url": "",
        "url2": ""
      }
    },
    {
      "type": "Feature",
      "geometry": {
        "type": "Point",
        "coordinates": [
          140.4597147,
          40.5946333
        ]
      },
      "properties": {
        "内容": "バス停: 新寺町角",
        "name": "新寺町角",
        "operator": "事業者不明",
        "ref": "",
        "url": "",
        "url2": ""
      }
    },
    {
      "type": "Feature",
      "geometry": {
        "type": "Point",
        "coordinates": [
          140.4827743,
          40.6058327
        ]
      },
      "properties": {
        "内容": "バス停: 東和徳",
        "name": "東和徳",
        "operator": "事業者不明",
        "ref": "",
        "url": "",
        "url2": ""
      }
    },
    {
      "type": "Feature",
      "geometry": {
        "type": "Point",
        "coordinates": [
          140.4858363,
          40.5715321
        ]
      },
      "properties": {
        "内容": "バス停: 松原東5丁目",
        "name": "松原東5丁目",
        "operator": "事業者不明",
        "ref": "",
        "url": "",
        "url2": ""
      }
    },
    {
      "type": "Feature",
      "geometry": {
        "type": "Point",
        "coordinates": [
          140.4916243,
          40.6120004
        ]
      },
      "properties": {
        "内容": "バス停: マルエス団地入口",
        "name": "マルエス団地入口",
        "operator": "事業者不明",
        "ref": "",
        "url": "",
        "url2": ""
      }
    },
    {
      "type": "Feature",
      "geometry": {
        "type": "Point",
        "coordinates": [
          140.4904045,
          40.610031
        ]
      },
      "properties": {
        "内容": "バス停: 進修児童館前",
        "name": "進修児童館前",
        "operator": "事業者不明",
        "ref": "",
        "url": "",
        "url2": ""
      }
    },
    {
      "type": "Feature",
      "geometry": {
        "type": "Point",
        "coordinates": [
          140.4650618,
          40.5770953
        ]
      },
      "properties": {
        "内容": "バス停: 館野1丁目",
        "name": "館野1丁目",
        "operator": "事業者不明",
        "ref": "",
        "url": "",
        "url2": ""
      }
    },
    {
      "type": "Feature",
      "geometry": {
        "type": "Point",
        "coordinates": [
          140.4823849,
          40.5678349
        ]
      },
      "properties": {
        "内容": "バス停: 上松原",
        "name": "上松原",
        "operator": "事業者不明",
        "ref": "",
        "url": "",
        "url2": ""
      }
    },
    {
      "type": "Feature",
      "geometry": {
        "type": "Point",
        "coordinates": [
          140.4733949,
          40.5925318
        ]
      },
      "properties": {
        "内容": "バス停: 富田3丁目",
        "name": "富田3丁目",
        "operator": "事業者不明",
        "ref": "",
        "url": "",
        "url2": ""
      }
    },
    {
      "type": "Feature",
      "geometry": {
        "type": "Point",
        "coordinates": [
          140.4563952,
          40.5899238
        ]
      },
      "properties": {
        "内容": "バス停: 樹木1丁目",
        "name": "樹木1丁目",
        "operator": "事業者不明",
        "ref": "",
        "url": "",
        "url2": ""
      }
    },
    {
      "type": "Feature",
      "geometry": {
        "type": "Point",
        "coordinates": [
          140.4742068,
          40.5971563
        ]
      },
      "properties": {
        "内容": "バス停: 住吉入口",
        "name": "住吉入口",
        "operator": "事業者不明",
        "ref": "",
        "url": "",
        "url2": ""
      }
    },
    {
      "type": "Feature",
      "geometry": {
        "type": "Point",
        "coordinates": [
          140.4802115,
          40.5707144
        ]
      },
      "properties": {
        "内容": "バス停: 松原東3丁目",
        "name": "松原東3丁目",
        "operator": "事業者不明",
        "ref": "",
        "url": "",
        "url2": ""
      }
    },
    {
      "type": "Feature",
      "geometry": {
        "type": "Point",
        "coordinates": [
          140.459442,
          40.5966075
        ]
      },
      "properties": {
        "内容": "バス停: 茂森南口",
        "name": "茂森南口",
        "operator": "事業者不明",
        "ref": "",
        "url": "",
        "url2": ""
      }
    },
    {
      "type": "Feature",
      "geometry": {
        "type": "Point",
        "coordinates": [
          140.4596022,
          40.5901722
        ]
      },
      "properties": {
        "内容": "バス停: 四中校前",
        "name": "四中校前",
        "operator": "事業者不明",
        "ref": "",
        "url": "",
        "url2": ""
      }
    },
    {
      "type": "Feature",
      "geometry": {
        "type": "Point",
        "coordinates": [
          140.4555308,
          40.5897343
        ]
      },
      "properties": {
        "内容": "バス停: 樹木1丁目",
        "name": "樹木1丁目",
        "operator": "事業者不明",
        "ref": "",
        "url": "",
        "url2": ""
      }
    },
    {
      "type": "Feature",
      "geometry": {
        "type": "Point",
        "coordinates": [
          140.4696364,
          40.5821621
        ]
      },
      "properties": {
        "内容": "バス停: 城南1丁目",
        "name": "城南1丁目",
        "operator": "事業者不明",
        "ref": "",
        "url": "",
        "url2": ""
      }
    },
    {
      "type": "Feature",
      "geometry": {
        "type": "Point",
        "coordinates": [
          140.4679272,
          40.5789649
        ]
      },
      "properties": {
        "内容": "バス停: 城南局前",
        "name": "城南局前",
        "operator": "事業者不明",
        "ref": "",
        "url": "",
        "url2": ""
      }
    },
    {
      "type": "Feature",
      "geometry": {
        "type": "Point",
        "coordinates": [
          140.4816289,
          40.5835651
        ]
      },
      "properties": {
        "内容": "バス停: 北園1丁目",
        "name": "北園1丁目",
        "operator": "事業者不明",
        "ref": "",
        "url": "",
        "url2": ""
      }
    },
    {
      "type": "Feature",
      "geometry": {
        "type": "Point",
        "coordinates": [
          140.47159,
          40.5847109
        ]
      },
      "properties": {
        "内容": "バス停: 西弘前駅前",
        "name": "西弘前駅前",
        "operator": "事業者不明",
        "ref": "",
        "url": "",
        "url2": ""
      }
    },
    {
      "type": "Feature",
      "geometry": {
        "type": "Point",
        "coordinates": [
          140.4827776,
          40.5869743
        ]
      },
      "properties": {
        "内容": "バス停: 取上2丁目",
        "name": "取上2丁目",
        "operator": "事業者不明",
        "ref": "",
        "url": "",
        "url2": ""
      }
    },
    {
      "type": "Feature",
      "geometry": {
        "type": "Point",
        "coordinates": [
          140.4709192,
          40.5841408
        ]
      },
      "properties": {
        "内容": "バス停: 西弘前駅前",
        "name": "西弘前駅前",
        "operator": "事業者不明",
        "ref": "",
        "url": "",
        "url2": ""
      }
    },
    {
      "type": "Feature",
      "geometry": {
        "type": "Point",
        "coordinates": [
          140.4848333,
          40.582941
        ]
      },
      "properties": {
        "内容": "バス停: 柴田幼稚園前",
        "name": "柴田幼稚園前",
        "operator": "事業者不明",
        "ref": "",
        "url": "",
        "url2": ""
      }
    },
    {
      "type": "Feature",
      "geometry": {
        "type": "Point",
        "coordinates": [
          140.4811845,
          40.5803866
        ]
      },
      "properties": {
        "内容": "バス停: 学園町",
        "name": "学園町",
        "operator": "事業者不明",
        "ref": "",
        "url": "",
        "url2": ""
      }
    },
    {
      "type": "Feature",
      "geometry": {
        "type": "Point",
        "coordinates": [
          140.4596651,
          40.5764898
        ]
      },
      "properties": {
        "内容": "バス停: おうよう園前",
        "name": "おうよう園前",
        "operator": "事業者不明",
        "ref": "",
        "url": "",
        "url2": ""
      }
    },
    {
      "type": "Feature",
      "geometry": {
        "type": "Point",
        "coordinates": [
          140.4682806,
          40.5858867
        ]
      },
      "properties": {
        "内容": "バス停: 西ヶ丘",
        "name": "西ヶ丘",
        "operator": "事業者不明",
        "ref": "",
        "url": "",
        "url2": ""
      }
    },
    {
      "type": "Feature",
      "geometry": {
        "type": "Point",
        "coordinates": [
          140.4793592,
          40.582209
        ]
      },
      "properties": {
        "内容": "バス停: 北園町",
        "name": "北園町",
        "operator": "事業者不明",
        "ref": "",
        "url": "",
        "url2": ""
      }
    },
    {
      "type": "Feature",
      "geometry": {
        "type": "Point",
        "coordinates": [
          140.4890487,
          40.5820638
        ]
      },
      "properties": {
        "内容": "バス停: 児童公園前",
        "name": "児童公園前",
        "operator": "事業者不明",
        "ref": "",
        "url": "",
        "url2": ""
      }
    },
    {
      "type": "Feature",
      "geometry": {
        "type": "Point",
        "coordinates": [
          140.4816515,
          40.5785293
        ]
      },
      "properties": {
        "内容": "バス停: 附属小学校",
        "name": "附属小学校",
        "operator": "事業者不明",
        "ref": "",
        "url": "",
        "url2": ""
      }
    },
    {
      "type": "Feature",
      "geometry": {
        "type": "Point",
        "coordinates": [
          140.4827906,
          40.6010546
        ]
      },
      "properties": {
        "内容": "バス停: 駅前2丁目",
        "name": "駅前2丁目",
        "operator": "事業者不明",
        "ref": "",
        "url": "",
        "url2": ""
      }
    },
    {
      "type": "Feature",
      "geometry": {
        "type": "Point",
        "coordinates": [
          140.47711,
          40.601964
        ]
      },
      "properties": {
        "内容": "バス停: 郵便局前",
        "name": "郵便局前",
        "operator": "事業者不明",
        "ref": "",
        "url": "",
        "url2": ""
      }
    },
    {
      "type": "Feature",
      "geometry": {
        "type": "Point",
        "coordinates": [
          140.493884,
          40.614768
        ]
      },
      "properties": {
        "内容": "バス停: さくら団地",
        "name": "さくら団地",
        "operator": "事業者不明",
        "ref": "",
        "url": "",
        "url2": ""
      }
    },
    {
      "type": "Feature",
      "geometry": {
        "type": "Point",
        "coordinates": [
          140.4892488,
          40.5705911
        ]
      },
      "properties": {
        "内容": "バス停: 広野2丁目",
        "name": "広野2丁目",
        "operator": "事業者不明",
        "ref": "",
        "url": "",
        "url2": ""
      }
    },
    {
      "type": "Feature",
      "geometry": {
        "type": "Point",
        "coordinates": [
          140.4926082,
          40.6134305
        ]
      },
      "properties": {
        "内容": "バス停: さくら団地口",
        "name": "さくら団地口",
        "operator": "事業者不明",
        "ref": "",
        "url": "",
        "url2": ""
      }
    },
    {
      "type": "Feature",
      "geometry": {
        "type": "Point",
        "coordinates": [
          140.4778522,
          40.6047478
        ]
      },
      "properties": {
        "内容": "バス停: 萱町",
        "name": "萱町",
        "operator": "事業者不明",
        "ref": "",
        "url": "",
        "url2": ""
      }
    },
    {
      "type": "Feature",
      "geometry": {
        "type": "Point",
        "coordinates": [
          140.479406,
          40.6074807
        ]
      },
      "properties": {
        "内容": "バス停: 野田1丁目",
        "name": "野田1丁目",
        "operator": "事業者不明",
        "ref": "",
        "url": "",
        "url2": ""
      }
    },
    {
      "type": "Feature",
      "geometry": {
        "type": "Point",
        "coordinates": [
          140.492598,
          40.6162863
        ]
      },
      "properties": {
        "内容": "バス停: 堅田",
        "name": "堅田",
        "operator": "事業者不明",
        "ref": "",
        "url": "",
        "url2": ""
      }
    },
    {
      "type": "Feature",
      "geometry": {
        "type": "Point",
        "coordinates": [
          140.4863359,
          40.5697653
        ]
      },
      "properties": {
        "内容": "バス停: 広野1丁目",
        "name": "広野1丁目",
        "operator": "事業者不明",
        "ref": "",
        "url": "",
        "url2": ""
      }
    },
    {
      "type": "Feature",
      "geometry": {
        "type": "Point",
        "coordinates": [
          140.4781157,
          40.6045276
        ]
      },
      "properties": {
        "内容": "バス停: 萱町",
        "name": "萱町",
        "operator": "事業者不明",
        "ref": "",
        "url": "",
        "url2": ""
      }
    },
    {
      "type": "Feature",
      "geometry": {
        "type": "Point",
        "coordinates": [
          140.4923721,
          40.6162079
        ]
      },
      "properties": {
        "内容": "バス停: 堅田",
        "name": "堅田",
        "operator": "事業者不明",
        "ref": "",
        "url": "",
        "url2": ""
      }
    },
    {
      "type": "Feature",
      "geometry": {
        "type": "Point",
        "coordinates": [
          140.4793685,
          40.6127291
        ]
      },
      "properties": {
        "内容": "バス停: 田町四丁目",
        "name": "田町四丁目",
        "operator": "事業者不明",
        "ref": "",
        "url": "",
        "url2": ""
      }
    },
    {
      "type": "Feature",
      "geometry": {
        "type": "Point",
        "coordinates": [
          140.4560952,
          40.5743846
        ]
      },
      "properties": {
        "内容": "バス停: 鷹揚郷前",
        "name": "鷹揚郷前",
        "operator": "事業者不明",
        "ref": "",
        "url": "",
        "url2": ""
      }
    },
    {
      "type": "Feature",
      "geometry": {
        "type": "Point",
        "coordinates": [
          140.4779868,
          40.6077576
        ]
      },
      "properties": {
        "内容": "バス停: 横町",
        "name": "横町",
        "operator": "事業者不明",
        "ref": "",
        "url": "",
        "url2": ""
      }
    },
    {
      "type": "Feature",
      "geometry": {
        "type": "Point",
        "coordinates": [
          140.4848393,
          40.6174375
        ]
      },
      "properties": {
        "内容": "バス停: 警察署前",
        "name": "警察署前",
        "operator": "事業者不明",
        "ref": "",
        "url": "",
        "url2": ""
      }
    },
    {
      "type": "Feature",
      "geometry": {
        "type": "Point",
        "coordinates": [
          140.4798187,
          40.6076695
        ]
      },
      "properties": {
        "内容": "バス停: 野田1丁目",
        "name": "野田1丁目",
        "operator": "事業者不明",
        "ref": "",
        "url": "",
        "url2": ""
      }
    },
    {
      "type": "Feature",
      "geometry": {
        "type": "Point",
        "coordinates": [
          140.5059742,
          40.5780742
        ]
      },
      "properties": {
        "内容": "バス停: 門外 (弘南バス)",
        "name": "門外",
        "operator": "弘南バス",
        "ref": "",
        "url": "",
        "url2": ""
      }
    },
    {
      "type": "Feature",
      "geometry": {
        "type": "Point",
        "coordinates": [
          140.5057963,
          40.5781585
        ]
      },
      "properties": {
        "内容": "バス停: 門外 (弘南バス)",
        "name": "門外",
        "operator": "弘南バス",
        "ref": "",
        "url": "",
        "url2": ""
      }
    },
    {
      "type": "Feature",
      "geometry": {
        "type": "Point",
        "coordinates": [
          140.5065665,
          40.5773313
        ]
      },
      "properties": {
        "内容": "バス停: 門外西口 (弘南バス)",
        "name": "門外西口",
        "operator": "弘南バス",
        "ref": "",
        "url": "",
        "url2": ""
      }
    },
    {
      "type": "Feature",
      "geometry": {
        "type": "Point",
        "coordinates": [
          140.4995337,
          40.5750026
        ]
      },
      "properties": {
        "内容": "バス停: 清水森入口 (弘南バス)",
        "name": "清水森入口",
        "operator": "弘南バス",
        "ref": "",
        "url": "",
        "url2": ""
      }
    },
    {
      "type": "Feature",
      "geometry": {
        "type": "Point",
        "coordinates": [
          140.7024715,
          40.8296327
        ]
      },
      "properties": {
        "内容": "バス停: 岡部",
        "name": "岡部",
        "operator": "事業者不明",
        "ref": "",
        "url": "",
        "url2": ""
      }
    },
    {
      "type": "Feature",
      "geometry": {
        "type": "Point",
        "coordinates": [
          140.6810219,
          40.8378566
        ]
      },
      "properties": {
        "内容": "バス停: 消防学校前",
        "name": "消防学校前",
        "operator": "事業者不明",
        "ref": "",
        "url": "",
        "url2": ""
      }
    },
    {
      "type": "Feature",
      "geometry": {
        "type": "Point",
        "coordinates": [
          140.6900985,
          40.8321202
        ]
      },
      "properties": {
        "内容": "バス停: 石江高間",
        "name": "石江高間",
        "operator": "事業者不明",
        "ref": "",
        "url": "",
        "url2": ""
      }
    },
    {
      "type": "Feature",
      "geometry": {
        "type": "Point",
        "coordinates": [
          140.6687328,
          40.8328454
        ]
      },
      "properties": {
        "内容": "バス停: 平和台団地",
        "name": "平和台団地",
        "operator": "事業者不明",
        "ref": "",
        "url": "",
        "url2": ""
      }
    },
    {
      "type": "Feature",
      "geometry": {
        "type": "Point",
        "coordinates": [
          140.6945935,
          40.8333512
        ]
      },
      "properties": {
        "内容": "バス停: 健康ランド前",
        "name": "健康ランド前",
        "operator": "事業者不明",
        "ref": "",
        "url": "",
        "url2": ""
      }
    },
    {
      "type": "Feature",
      "geometry": {
        "type": "Point",
        "coordinates": [
          140.6919493,
          40.8294276
        ]
      },
      "properties": {
        "内容": "バス停: 新青森駅西口通り",
        "name": "新青森駅西口通り",
        "operator": "事業者不明",
        "ref": "",
        "url": "",
        "url2": ""
      }
    },
    {
      "type": "Feature",
      "geometry": {
        "type": "Point",
        "coordinates": [
          140.6954871,
          40.831781
        ]
      },
      "properties": {
        "内容": "バス停: 石神",
        "name": "石神",
        "operator": "事業者不明",
        "ref": "",
        "url": "",
        "url2": ""
      }
    },
    {
      "type": "Feature",
      "geometry": {
        "type": "Point",
        "coordinates": [
          140.6829537,
          40.8262461
        ]
      },
      "properties": {
        "内容": "バス停: 西高校前",
        "name": "西高校前",
        "operator": "事業者不明",
        "ref": "",
        "url": "",
        "url2": ""
      }
    },
    {
      "type": "Feature",
      "geometry": {
        "type": "Point",
        "coordinates": [
          140.6720074,
          40.8262568
        ]
      },
      "properties": {
        "内容": "バス停: 緑ヶ丘団地入口",
        "name": "緑ヶ丘団地入口",
        "operator": "事業者不明",
        "ref": "",
        "url": "",
        "url2": ""
      }
    },
    {
      "type": "Feature",
      "geometry": {
        "type": "Point",
        "coordinates": [
          140.668435,
          40.8329644
        ]
      },
      "properties": {
        "内容": "バス停: 平和台団地",
        "name": "平和台団地",
        "operator": "事業者不明",
        "ref": "",
        "url": "",
        "url2": ""
      }
    },
    {
      "type": "Feature",
      "geometry": {
        "type": "Point",
        "coordinates": [
          140.6776185,
          40.8356182
        ]
      },
      "properties": {
        "内容": "バス停: 厚生病院前",
        "name": "厚生病院前",
        "operator": "事業者不明",
        "ref": "",
        "url": "",
        "url2": ""
      }
    },
    {
      "type": "Feature",
      "geometry": {
        "type": "Point",
        "coordinates": [
          140.7023686,
          40.8294112
        ]
      },
      "properties": {
        "内容": "バス停: 岡部",
        "name": "岡部",
        "operator": "事業者不明",
        "ref": "",
        "url": "",
        "url2": ""
      }
    },
    {
      "type": "Feature",
      "geometry": {
        "type": "Point",
        "coordinates": [
          140.6866213,
          40.8254376
        ]
      },
      "properties": {
        "内容": "バス停: 松丘保養園前",
        "name": "松丘保養園前",
        "operator": "事業者不明",
        "ref": "",
        "url": "",
        "url2": ""
      }
    },
    {
      "type": "Feature",
      "geometry": {
        "type": "Point",
        "coordinates": [
          140.677968,
          40.8271774
        ]
      },
      "properties": {
        "内容": "バス停: 西部市民センター前",
        "name": "西部市民センター前",
        "operator": "事業者不明",
        "ref": "",
        "url": "",
        "url2": ""
      }
    },
    {
      "type": "Feature",
      "geometry": {
        "type": "Point",
        "coordinates": [
          140.6921274,
          40.825636
        ]
      },
      "properties": {
        "内容": "バス停: 三内霊園入口",
        "name": "三内霊園入口",
        "operator": "事業者不明",
        "ref": "",
        "url": "",
        "url2": ""
      }
    },
    {
      "type": "Feature",
      "geometry": {
        "type": "Point",
        "coordinates": [
          140.6733438,
          40.8286887
        ]
      },
      "properties": {
        "内容": "バス停: 新城駅前",
        "name": "新城駅前",
        "operator": "事業者不明",
        "ref": "",
        "url": "",
        "url2": ""
      }
    },
    {
      "type": "Feature",
      "geometry": {
        "type": "Point",
        "coordinates": [
          140.6745828,
          40.8315217
        ]
      },
      "properties": {
        "内容": "バス停: 新城下町",
        "name": "新城下町",
        "operator": "事業者不明",
        "ref": "",
        "url": "",
        "url2": ""
      }
    },
    {
      "type": "Feature",
      "geometry": {
        "type": "Point",
        "coordinates": [
          140.6954415,
          40.8166642
        ]
      },
      "properties": {
        "内容": "バス停: 上三内",
        "name": "上三内",
        "operator": "事業者不明",
        "ref": "",
        "url": "",
        "url2": ""
      }
    },
    {
      "type": "Feature",
      "geometry": {
        "type": "Point",
        "coordinates": [
          140.69972,
          40.8176932
        ]
      },
      "properties": {
        "内容": "バス停: 中三内",
        "name": "中三内",
        "operator": "事業者不明",
        "ref": "",
        "url": "",
        "url2": ""
      }
    },
    {
      "type": "Feature",
      "geometry": {
        "type": "Point",
        "coordinates": [
          140.7043302,
          40.8195533
        ]
      },
      "properties": {
        "内容": "バス停: 下三内",
        "name": "下三内",
        "operator": "事業者不明",
        "ref": "",
        "url": "",
        "url2": ""
      }
    },
    {
      "type": "Feature",
      "geometry": {
        "type": "Point",
        "coordinates": [
          141.5640709,
          40.5187847
        ]
      },
      "properties": {
        "内容": "バス停: 岬台団地入口",
        "name": "岬台団地入口",
        "operator": "事業者不明",
        "ref": "",
        "url": "",
        "url2": ""
      }
    },
    {
      "type": "Feature",
      "geometry": {
        "type": "Point",
        "coordinates": [
          141.5636967,
          40.518852
        ]
      },
      "properties": {
        "内容": "バス停: 岬台団地入口",
        "name": "岬台団地入口",
        "operator": "事業者不明",
        "ref": "",
        "url": "",
        "url2": ""
      }
    },
    {
      "type": "Feature",
      "geometry": {
        "type": "Point",
        "coordinates": [
          141.5660986,
          40.5184401
        ]
      },
      "properties": {
        "内容": "バス停: 岬台団地",
        "name": "岬台団地",
        "operator": "事業者不明",
        "ref": "",
        "url": "",
        "url2": ""
      }
    },
    {
      "type": "Feature",
      "geometry": {
        "type": "Point",
        "coordinates": [
          140.4945922,
          40.6041986
        ]
      },
      "properties": {
        "内容": "バス停: 城東北3丁目",
        "name": "城東北3丁目",
        "operator": "事業者不明",
        "ref": "",
        "url": "",
        "url2": ""
      }
    },
    {
      "type": "Feature",
      "geometry": {
        "type": "Point",
        "coordinates": [
          140.4544343,
          40.5867381
        ]
      },
      "properties": {
        "内容": "バス停: 若葉1丁目",
        "name": "若葉1丁目",
        "operator": "事業者不明",
        "ref": "",
        "url": "",
        "url2": ""
      }
    },
    {
      "type": "Feature",
      "geometry": {
        "type": "Point",
        "coordinates": [
          140.4648479,
          40.5952912
        ]
      },
      "properties": {
        "内容": "バス停: 新寺町",
        "name": "新寺町",
        "operator": "事業者不明",
        "ref": "",
        "url": "",
        "url2": ""
      }
    },
    {
      "type": "Feature",
      "geometry": {
        "type": "Point",
        "coordinates": [
          140.4768533,
          40.6058656
        ]
      },
      "properties": {
        "内容": "バス停: 横町入口",
        "name": "横町入口",
        "operator": "事業者不明",
        "ref": "",
        "url": "",
        "url2": ""
      }
    },
    {
      "type": "Feature",
      "geometry": {
        "type": "Point",
        "coordinates": [
          140.4431336,
          40.5902359
        ]
      },
      "properties": {
        "内容": "バス停: 弘前りんご公園",
        "name": "弘前りんご公園",
        "operator": "事業者不明",
        "ref": "1",
        "url": "",
        "url2": ""
      }
    },
    {
      "type": "Feature",
      "geometry": {
        "type": "Point",
        "coordinates": [
          140.4607943,
          40.6012102
        ]
      },
      "properties": {
        "内容": "バス停: 覚仙町",
        "name": "覚仙町",
        "operator": "事業者不明",
        "ref": "",
        "url": "",
        "url2": ""
      }
    },
    {
      "type": "Feature",
      "geometry": {
        "type": "Point",
        "coordinates": [
          140.4948539,
          40.6038282
        ]
      },
      "properties": {
        "内容": "バス停: 城東北3丁目",
        "name": "城東北3丁目",
        "operator": "事業者不明",
        "ref": "",
        "url": "",
        "url2": ""
      }
    },
    {
      "type": "Feature",
      "geometry": {
        "type": "Point",
        "coordinates": [
          140.5071601,
          40.6005895
        ]
      },
      "properties": {
        "内容": "バス停: 高田3丁目",
        "name": "高田3丁目",
        "operator": "事業者不明",
        "ref": "",
        "url": "",
        "url2": ""
      }
    },
    {
      "type": "Feature",
      "geometry": {
        "type": "Point",
        "coordinates": [
          140.4702135,
          40.6060388
        ]
      },
      "properties": {
        "内容": "バス停: 文化センター前",
        "name": "文化センター前",
        "operator": "事業者不明",
        "ref": "",
        "url": "",
        "url2": ""
      }
    },
    {
      "type": "Feature",
      "geometry": {
        "type": "Point",
        "coordinates": [
          140.4768338,
          40.6057555
        ]
      },
      "properties": {
        "内容": "バス停: 横町入口",
        "name": "横町入口",
        "operator": "事業者不明",
        "ref": "",
        "url": "",
        "url2": ""
      }
    },
    {
      "type": "Feature",
      "geometry": {
        "type": "Point",
        "coordinates": [
          140.4588755,
          40.5870724
        ]
      },
      "properties": {
        "内容": "バス停: 高等技術専門校前",
        "name": "高等技術専門校前",
        "operator": "事業者不明",
        "ref": "",
        "url": "",
        "url2": ""
      }
    },
    {
      "type": "Feature",
      "geometry": {
        "type": "Point",
        "coordinates": [
          140.4871944,
          40.5766544
        ]
      },
      "properties": {
        "内容": "バス停: 安原団地",
        "name": "安原団地",
        "operator": "事業者不明",
        "ref": "",
        "url": "",
        "url2": ""
      }
    },
    {
      "type": "Feature",
      "geometry": {
        "type": "Point",
        "coordinates": [
          140.4809774,
          40.6033053
        ]
      },
      "properties": {
        "内容": "バス停: 和徳小学校通り",
        "name": "和徳小学校通り",
        "operator": "事業者不明",
        "ref": "",
        "url": "",
        "url2": ""
      }
    },
    {
      "type": "Feature",
      "geometry": {
        "type": "Point",
        "coordinates": [
          140.4619017,
          40.5866481
        ]
      },
      "properties": {
        "内容": "バス停: 緑ヶ丘",
        "name": "緑ヶ丘",
        "operator": "事業者不明",
        "ref": "",
        "url": "",
        "url2": ""
      }
    },
    {
      "type": "Feature",
      "geometry": {
        "type": "Point",
        "coordinates": [
          140.497514,
          40.602895
        ]
      },
      "properties": {
        "内容": "バス停: 城東中央5丁目",
        "name": "城東中央5丁目",
        "operator": "事業者不明",
        "ref": "",
        "url": "",
        "url2": ""
      }
    },
    {
      "type": "Feature",
      "geometry": {
        "type": "Point",
        "coordinates": [
          140.4810928,
          40.6033475
        ]
      },
      "properties": {
        "内容": "バス停: 和徳小学校通り",
        "name": "和徳小学校通り",
        "operator": "事業者不明",
        "ref": "",
        "url": "",
        "url2": ""
      }
    },
    {
      "type": "Feature",
      "geometry": {
        "type": "Point",
        "coordinates": [
          140.4528816,
          40.594787
        ]
      },
      "properties": {
        "内容": "バス停: 茂森新町",
        "name": "茂森新町",
        "operator": "事業者不明",
        "ref": "",
        "url": "",
        "url2": ""
      }
    },
    {
      "type": "Feature",
      "geometry": {
        "type": "Point",
        "coordinates": [
          140.4610052,
          40.6012417
        ]
      },
      "properties": {
        "内容": "バス停: 覚仙町",
        "name": "覚仙町",
        "operator": "事業者不明",
        "ref": "",
        "url": "",
        "url2": ""
      }
    },
    {
      "type": "Feature",
      "geometry": {
        "type": "Point",
        "coordinates": [
          140.4715711,
          40.6069718
        ]
      },
      "properties": {
        "内容": "バス停: 文化センター前",
        "name": "文化センター前",
        "operator": "事業者不明",
        "ref": "",
        "url": "",
        "url2": ""
      }
    },
    {
      "type": "Feature",
      "geometry": {
        "type": "Point",
        "coordinates": [
          140.4938548,
          40.602923
        ]
      },
      "properties": {
        "内容": "バス停: 長四郎公園",
        "name": "長四郎公園",
        "operator": "事業者不明",
        "ref": "",
        "url": "",
        "url2": ""
      }
    },
    {
      "type": "Feature",
      "geometry": {
        "type": "Point",
        "coordinates": [
          140.5012319,
          40.603819
        ]
      },
      "properties": {
        "内容": "バス停: 末広2丁目",
        "name": "末広2丁目",
        "operator": "事業者不明",
        "ref": "",
        "url": "",
        "url2": ""
      }
    },
    {
      "type": "Feature",
      "geometry": {
        "type": "Point",
        "coordinates": [
          140.4645323,
          40.591469
        ]
      },
      "properties": {
        "内容": "バス停: 桔梗野",
        "name": "桔梗野",
        "operator": "事業者不明",
        "ref": "",
        "url": "",
        "url2": ""
      }
    },
    {
      "type": "Feature",
      "geometry": {
        "type": "Point",
        "coordinates": [
          140.5104109,
          40.6016821
        ]
      },
      "properties": {
        "内容": "バス停: 南早稲田",
        "name": "南早稲田",
        "operator": "事業者不明",
        "ref": "",
        "url": "",
        "url2": ""
      }
    },
    {
      "type": "Feature",
      "geometry": {
        "type": "Point",
        "coordinates": [
          140.4937506,
          40.6030168
        ]
      },
      "properties": {
        "内容": "バス停: 長四郎公園",
        "name": "長四郎公園",
        "operator": "事業者不明",
        "ref": "",
        "url": "",
        "url2": ""
      }
    },
    {
      "type": "Feature",
      "geometry": {
        "type": "Point",
        "coordinates": [
          140.4515384,
          40.5807436
        ]
      },
      "properties": {
        "内容": "バス停: 清水3丁目",
        "name": "清水3丁目",
        "operator": "事業者不明",
        "ref": "",
        "url": "",
        "url2": ""
      }
    },
    {
      "type": "Feature",
      "geometry": {
        "type": "Point",
        "coordinates": [
          140.5011579,
          40.6037206
        ]
      },
      "properties": {
        "内容": "バス停: 末広2丁目",
        "name": "末広2丁目",
        "operator": "事業者不明",
        "ref": "",
        "url": "",
        "url2": ""
      }
    },
    {
      "type": "Feature",
      "geometry": {
        "type": "Point",
        "coordinates": [
          140.4531812,
          40.5836826
        ]
      },
      "properties": {
        "内容": "バス停: ゴールドパック前",
        "name": "ゴールドパック前",
        "operator": "事業者不明",
        "ref": "",
        "url": "",
        "url2": ""
      }
    },
    {
      "type": "Feature",
      "geometry": {
        "type": "Point",
        "coordinates": [
          140.4952865,
          40.6096717
        ]
      },
      "properties": {
        "内容": "バス停: 高崎2丁目",
        "name": "高崎2丁目",
        "operator": "事業者不明",
        "ref": "",
        "url": "",
        "url2": ""
      }
    },
    {
      "type": "Feature",
      "geometry": {
        "type": "Point",
        "coordinates": [
          140.4661582,
          40.5967503
        ]
      },
      "properties": {
        "内容": "バス停: 弘前高校前",
        "name": "弘前高校前",
        "operator": "事業者不明",
        "ref": "",
        "url": "",
        "url2": ""
      }
    },
    {
      "type": "Feature",
      "geometry": {
        "type": "Point",
        "coordinates": [
          140.4873355,
          40.5766708
        ]
      },
      "properties": {
        "内容": "バス停: 安原団地",
        "name": "安原団地",
        "operator": "事業者不明",
        "ref": "",
        "url": "",
        "url2": ""
      }
    },
    {
      "type": "Feature",
      "geometry": {
        "type": "Point",
        "coordinates": [
          140.4703652,
          40.6086148
        ]
      },
      "properties": {
        "内容": "バス停: 中央高校前",
        "name": "中央高校前",
        "operator": "事業者不明",
        "ref": "",
        "url": "",
        "url2": ""
      }
    },
    {
      "type": "Feature",
      "geometry": {
        "type": "Point",
        "coordinates": [
          140.4637415,
          40.5885066
        ]
      },
      "properties": {
        "内容": "バス停: 桔梗野十文字",
        "name": "桔梗野十文字",
        "operator": "事業者不明",
        "ref": "",
        "url": "",
        "url2": ""
      }
    },
    {
      "type": "Feature",
      "geometry": {
        "type": "Point",
        "coordinates": [
          140.5105454,
          40.6015916
        ]
      },
      "properties": {
        "内容": "バス停: 南早稲田",
        "name": "南早稲田",
        "operator": "事業者不明",
        "ref": "",
        "url": "",
        "url2": ""
      }
    },
    {
      "type": "Feature",
      "geometry": {
        "type": "Point",
        "coordinates": [
          140.4557232,
          40.5962026
        ]
      },
      "properties": {
        "内容": "バス停: 山観通り",
        "name": "山観通り",
        "operator": "事業者不明",
        "ref": "",
        "url": "",
        "url2": ""
      }
    },
    {
      "type": "Feature",
      "geometry": {
        "type": "Point",
        "coordinates": [
          140.459004,
          40.5969169
        ]
      },
      "properties": {
        "内容": "バス停: 茂森南口",
        "name": "茂森南口",
        "operator": "事業者不明",
        "ref": "",
        "url": "",
        "url2": ""
      }
    },
    {
      "type": "Feature",
      "geometry": {
        "type": "Point",
        "coordinates": [
          140.5072878,
          40.6005267
        ]
      },
      "properties": {
        "内容": "バス停: 高田3丁目",
        "name": "高田3丁目",
        "operator": "事業者不明",
        "ref": "",
        "url": "",
        "url2": ""
      }
    },
    {
      "type": "Feature",
      "geometry": {
        "type": "Point",
        "coordinates": [
          140.4432609,
          40.5902633
        ]
      },
      "properties": {
        "内容": "バス停: 弘前りんご公園",
        "name": "弘前りんご公園",
        "operator": "事業者不明",
        "ref": "2",
        "url": "",
        "url2": ""
      }
    },
    {
      "type": "Feature",
      "geometry": {
        "type": "Point",
        "coordinates": [
          140.4645477,
          40.6024557
        ]
      },
      "properties": {
        "内容": "バス停: 市役所前",
        "name": "市役所前",
        "operator": "事業者不明",
        "ref": "",
        "url": "",
        "url2": ""
      }
    },
    {
      "type": "Feature",
      "geometry": {
        "type": "Point",
        "coordinates": [
          140.4853462,
          40.5653318
        ]
      },
      "properties": {
        "内容": "バス停: 千年公民館前",
        "name": "千年公民館前",
        "operator": "事業者不明",
        "ref": "",
        "url": "",
        "url2": ""
      }
    },
    {
      "type": "Feature",
      "geometry": {
        "type": "Point",
        "coordinates": [
          140.4876436,
          40.5609184
        ]
      },
      "properties": {
        "内容": "バス停: 小栗山",
        "name": "小栗山",
        "operator": "事業者不明",
        "ref": "",
        "url": "",
        "url2": ""
      }
    },
    {
      "type": "Feature",
      "geometry": {
        "type": "Point",
        "coordinates": [
          140.4948069,
          40.600889
        ]
      },
      "properties": {
        "内容": "バス停: あらい眼科小児科前",
        "name": "あらい眼科小児科前",
        "operator": "事業者不明",
        "ref": "",
        "url": "",
        "url2": ""
      }
    },
    {
      "type": "Feature",
      "geometry": {
        "type": "Point",
        "coordinates": [
          140.4925332,
          40.5878139
        ]
      },
      "properties": {
        "内容": "バス停: 川先3丁目",
        "name": "川先3丁目",
        "operator": "事業者不明",
        "ref": "",
        "url": "",
        "url2": ""
      }
    },
    {
      "type": "Feature",
      "geometry": {
        "type": "Point",
        "coordinates": [
          140.4962324,
          40.5810429
        ]
      },
      "properties": {
        "内容": "バス停: 大清水2丁目",
        "name": "大清水2丁目",
        "operator": "事業者不明",
        "ref": "",
        "url": "",
        "url2": ""
      }
    },
    {
      "type": "Feature",
      "geometry": {
        "type": "Point",
        "coordinates": [
          140.4938165,
          40.583995
        ]
      },
      "properties": {
        "内容": "バス停: 小比内5丁目",
        "name": "小比内5丁目",
        "operator": "事業者不明",
        "ref": "",
        "url": "",
        "url2": ""
      }
    },
    {
      "type": "Feature",
      "geometry": {
        "type": "Point",
        "coordinates": [
          140.5010401,
          40.5739078
        ]
      },
      "properties": {
        "内容": "バス停: 清水森北口",
        "name": "清水森北口",
        "operator": "事業者不明",
        "ref": "",
        "url": "",
        "url2": ""
      }
    },
    {
      "type": "Feature",
      "geometry": {
        "type": "Point",
        "coordinates": [
          140.4902573,
          40.5988724
        ]
      },
      "properties": {
        "内容": "バス停: 城東中央1丁目",
        "name": "城東中央1丁目",
        "operator": "事業者不明",
        "ref": "",
        "url": "",
        "url2": ""
      }
    },
    {
      "type": "Feature",
      "geometry": {
        "type": "Point",
        "coordinates": [
          140.5023048,
          40.5564993
        ]
      },
      "properties": {
        "内容": "バス停: 下松木平",
        "name": "下松木平",
        "operator": "事業者不明",
        "ref": "",
        "url": "",
        "url2": ""
      }
    },
    {
      "type": "Feature",
      "geometry": {
        "type": "Point",
        "coordinates": [
          140.485438,
          40.5653741
        ]
      },
      "properties": {
        "内容": "バス停: 千年公民館前",
        "name": "千年公民館前",
        "operator": "事業者不明",
        "ref": "",
        "url": "",
        "url2": ""
      }
    },
    {
      "type": "Feature",
      "geometry": {
        "type": "Point",
        "coordinates": [
          140.4965576,
          40.5998821
        ]
      },
      "properties": {
        "内容": "バス停: 城東中央4丁目",
        "name": "城東中央4丁目",
        "operator": "事業者不明",
        "ref": "",
        "url": "",
        "url2": ""
      }
    },
    {
      "type": "Feature",
      "geometry": {
        "type": "Point",
        "coordinates": [
          140.494994,
          40.5958788
        ]
      },
      "properties": {
        "内容": "バス停: 外崎",
        "name": "外崎",
        "operator": "事業者不明",
        "ref": "",
        "url": "",
        "url2": ""
      }
    },
    {
      "type": "Feature",
      "geometry": {
        "type": "Point",
        "coordinates": [
          140.4998925,
          40.5551265
        ]
      },
      "properties": {
        "内容": "バス停: 松木平",
        "name": "松木平",
        "operator": "事業者不明",
        "ref": "",
        "url": "",
        "url2": ""
      }
    },
    {
      "type": "Feature",
      "geometry": {
        "type": "Point",
        "coordinates": [
          140.4964931,
          40.5822074
        ]
      },
      "properties": {
        "内容": "バス停: 大清水1丁目",
        "name": "大清水1丁目",
        "operator": "事業者不明",
        "ref": "",
        "url": "",
        "url2": ""
      }
    },
    {
      "type": "Feature",
      "geometry": {
        "type": "Point",
        "coordinates": [
          140.4937937,
          40.599429
        ]
      },
      "properties": {
        "内容": "バス停: 城東中央3丁目",
        "name": "城東中央3丁目",
        "operator": "事業者不明",
        "ref": "",
        "url": "",
        "url2": ""
      }
    },
    {
      "type": "Feature",
      "geometry": {
        "type": "Point",
        "coordinates": [
          140.4919479,
          40.5585866
        ]
      },
      "properties": {
        "内容": "バス停: 東部りんごセンター前",
        "name": "東部りんごセンター前",
        "operator": "事業者不明",
        "ref": "",
        "url": "",
        "url2": ""
      }
    },
    {
      "type": "Feature",
      "geometry": {
        "type": "Point",
        "coordinates": [
          140.493217,
          40.5857601
        ]
      },
      "properties": {
        "内容": "バス停: 川先南口",
        "name": "川先南口",
        "operator": "事業者不明",
        "ref": "",
        "url": "",
        "url2": ""
      }
    },
    {
      "type": "Feature",
      "geometry": {
        "type": "Point",
        "coordinates": [
          140.4946829,
          40.6009982
        ]
      },
      "properties": {
        "内容": "バス停: あらい眼科小児科前",
        "name": "あらい眼科小児科前",
        "operator": "事業者不明",
        "ref": "",
        "url": "",
        "url2": ""
      }
    },
    {
      "type": "Feature",
      "geometry": {
        "type": "Point",
        "coordinates": [
          140.5017807,
          40.5678158
        ]
      },
      "properties": {
        "内容": "バス停: 清水森南口",
        "name": "清水森南口",
        "operator": "事業者不明",
        "ref": "",
        "url": "",
        "url2": ""
      }
    },
    {
      "type": "Feature",
      "geometry": {
        "type": "Point",
        "coordinates": [
          140.4960136,
          40.5570446
        ]
      },
      "properties": {
        "内容": "バス停: 松木平南口",
        "name": "松木平南口",
        "operator": "事業者不明",
        "ref": "",
        "url": "",
        "url2": ""
      }
    },
    {
      "type": "Feature",
      "geometry": {
        "type": "Point",
        "coordinates": [
          140.4946402,
          40.5893283
        ]
      },
      "properties": {
        "内容": "バス停: 小比内4丁目",
        "name": "小比内4丁目",
        "operator": "事業者不明",
        "ref": "",
        "url": "",
        "url2": ""
      }
    },
    {
      "type": "Feature",
      "geometry": {
        "type": "Point",
        "coordinates": [
          140.4939766,
          40.5915654
        ]
      },
      "properties": {
        "内容": "バス停: 小比内団地",
        "name": "小比内団地",
        "operator": "事業者不明",
        "ref": "",
        "url": "",
        "url2": ""
      }
    },
    {
      "type": "Feature",
      "geometry": {
        "type": "Point",
        "coordinates": [
          140.4982572,
          40.5562095
        ]
      },
      "properties": {
        "内容": "バス停: 中央松木平",
        "name": "中央松木平",
        "operator": "事業者不明",
        "ref": "",
        "url": "",
        "url2": ""
      }
    },
    {
      "type": "Feature",
      "geometry": {
        "type": "Point",
        "coordinates": [
          140.4978788,
          40.5976438
        ]
      },
      "properties": {
        "内容": "バス停: 外崎2丁目",
        "name": "外崎2丁目",
        "operator": "事業者不明",
        "ref": "",
        "url": "",
        "url2": ""
      }
    },
    {
      "type": "Feature",
      "geometry": {
        "type": "Point",
        "coordinates": [
          140.4974094,
          40.5602379
        ]
      },
      "properties": {
        "内容": "バス停: 松木平駅前",
        "name": "松木平駅前",
        "operator": "事業者不明",
        "ref": "",
        "url": "",
        "url2": ""
      }
    },
    {
      "type": "Feature",
      "geometry": {
        "type": "Point",
        "coordinates": [
          140.4931694,
          40.5939173
        ]
      },
      "properties": {
        "内容": "バス停: 弘前年金事務所前",
        "name": "弘前年金事務所前",
        "operator": "事業者不明",
        "ref": "",
        "url": "",
        "url2": ""
      }
    },
    {
      "type": "Feature",
      "geometry": {
        "type": "Point",
        "coordinates": [
          140.5037246,
          40.5704519
        ]
      },
      "properties": {
        "内容": "バス停: 清水森",
        "name": "清水森",
        "operator": "事業者不明",
        "ref": "",
        "url": "",
        "url2": ""
      }
    },
    {
      "type": "Feature",
      "geometry": {
        "type": "Point",
        "coordinates": [
          140.4880506,
          40.5802617
        ]
      },
      "properties": {
        "内容": "バス停: 清原2丁目",
        "name": "清原2丁目",
        "operator": "事業者不明",
        "ref": "",
        "url": "",
        "url2": ""
      }
    },
    {
      "type": "Feature",
      "geometry": {
        "type": "Point",
        "coordinates": [
          140.5949489,
          40.7234086
        ]
      },
      "properties": {
        "内容": "バス停: ザビック浪岡店",
        "name": "ザビック浪岡店",
        "operator": "事業者不明",
        "ref": "",
        "url": "",
        "url2": ""
      }
    },
    {
      "type": "Feature",
      "geometry": {
        "type": "Point",
        "coordinates": [
          141.5664536,
          40.5341987
        ]
      },
      "properties": {
        "内容": "バス停: 鮫中学校前",
        "name": "鮫中学校前",
        "operator": "事業者不明",
        "ref": "",
        "url": "",
        "url2": ""
      }
    },
    {
      "type": "Feature",
      "geometry": {
        "type": "Point",
        "coordinates": [
          141.5665353,
          40.5341403
        ]
      },
      "properties": {
        "内容": "バス停: 鮫中学校前",
        "name": "鮫中学校前",
        "operator": "事業者不明",
        "ref": "",
        "url": "",
        "url2": ""
      }
    },
    {
      "type": "Feature",
      "geometry": {
        "type": "Point",
        "coordinates": [
          141.5647483,
          40.5357497
        ]
      },
      "properties": {
        "内容": "バス停: さめ保育園前",
        "name": "さめ保育園前",
        "operator": "事業者不明",
        "ref": "",
        "url": "",
        "url2": ""
      }
    },
    {
      "type": "Feature",
      "geometry": {
        "type": "Point",
        "coordinates": [
          141.5571631,
          40.5308169
        ]
      },
      "properties": {
        "内容": "バス停: 鮫小学校通",
        "name": "鮫小学校通",
        "operator": "事業者不明",
        "ref": "",
        "url": "",
        "url2": ""
      }
    },
    {
      "type": "Feature",
      "geometry": {
        "type": "Point",
        "coordinates": [
          141.5599406,
          40.4899592
        ]
      },
      "properties": {
        "内容": "バス停: 第二桜ヶ丘",
        "name": "第二桜ヶ丘",
        "operator": "事業者不明",
        "ref": "",
        "url": "",
        "url2": ""
      }
    },
    {
      "type": "Feature",
      "geometry": {
        "type": "Point",
        "coordinates": [
          141.5535168,
          40.4911188
        ]
      },
      "properties": {
        "内容": "バス停: 町畑",
        "name": "町畑",
        "operator": "事業者不明",
        "ref": "",
        "url": "",
        "url2": ""
      }
    },
    {
      "type": "Feature",
      "geometry": {
        "type": "Point",
        "coordinates": [
          141.5520599,
          40.492803
        ]
      },
      "properties": {
        "内容": "バス停: 町畑小学校前",
        "name": "町畑小学校前",
        "operator": "事業者不明",
        "ref": "",
        "url": "",
        "url2": ""
      }
    },
    {
      "type": "Feature",
      "geometry": {
        "type": "Point",
        "coordinates": [
          141.5463341,
          40.4935385
        ]
      },
      "properties": {
        "内容": "バス停: 小久保",
        "name": "小久保",
        "operator": "事業者不明",
        "ref": "",
        "url": "",
        "url2": ""
      }
    },
    {
      "type": "Feature",
      "geometry": {
        "type": "Point",
        "coordinates": [
          141.5592616,
          40.5278712
        ]
      },
      "properties": {
        "内容": "バス停: 小長根",
        "name": "小長根",
        "operator": "事業者不明",
        "ref": "",
        "url": "",
        "url2": ""
      }
    },
    {
      "type": "Feature",
      "geometry": {
        "type": "Point",
        "coordinates": [
          141.5593607,
          40.527899
        ]
      },
      "properties": {
        "内容": "バス停: 小長根",
        "name": "小長根",
        "operator": "事業者不明",
        "ref": "",
        "url": "",
        "url2": ""
      }
    },
    {
      "type": "Feature",
      "geometry": {
        "type": "Point",
        "coordinates": [
          141.5645303,
          40.5253141
        ]
      },
      "properties": {
        "内容": "バス停: 鮫消防分署前",
        "name": "鮫消防分署前",
        "operator": "事業者不明",
        "ref": "",
        "url": "",
        "url2": ""
      }
    },
    {
      "type": "Feature",
      "geometry": {
        "type": "Point",
        "coordinates": [
          141.5647301,
          40.5252988
        ]
      },
      "properties": {
        "内容": "バス停: 鮫消防分署前",
        "name": "鮫消防分署前",
        "operator": "事業者不明",
        "ref": "",
        "url": "",
        "url2": ""
      }
    },
    {
      "type": "Feature",
      "geometry": {
        "type": "Point",
        "coordinates": [
          140.3431734,
          40.6192129
        ]
      },
      "properties": {
        "内容": "バス停: 岩木山神社前 (弘前バス)",
        "name": "岩木山神社前",
        "operator": "弘前バス",
        "ref": "",
        "url": "",
        "url2": ""
      }
    },
    {
      "type": "Feature",
      "geometry": {
        "type": "Point",
        "coordinates": [
          140.4552886,
          40.6192378
        ]
      },
      "properties": {
        "内容": "バス停: 田中",
        "name": "田中",
        "operator": "事業者不明",
        "ref": "",
        "url": "",
        "url2": ""
      }
    },
    {
      "type": "Feature",
      "geometry": {
        "type": "Point",
        "coordinates": [
          140.4827097,
          40.6124538
        ]
      },
      "properties": {
        "内容": "バス停: 弘前職業能力開発校前",
        "name": "弘前職業能力開発校前",
        "operator": "事業者不明",
        "ref": "",
        "url": "",
        "url2": ""
      }
    },
    {
      "type": "Feature",
      "geometry": {
        "type": "Point",
        "coordinates": [
          140.4675802,
          40.6173062
        ]
      },
      "properties": {
        "内容": "バス停: 栄町2丁目",
        "name": "栄町2丁目",
        "operator": "事業者不明",
        "ref": "",
        "url": "",
        "url2": ""
      }
    },
    {
      "type": "Feature",
      "geometry": {
        "type": "Point",
        "coordinates": [
          140.4757416,
          40.6213664
        ]
      },
      "properties": {
        "内容": "バス停: 向外瀬入口",
        "name": "向外瀬入口",
        "operator": "事業者不明",
        "ref": "",
        "url": "",
        "url2": ""
      }
    },
    {
      "type": "Feature",
      "geometry": {
        "type": "Point",
        "coordinates": [
          140.4634498,
          40.6126128
        ]
      },
      "properties": {
        "内容": "バス停: 紺屋町角",
        "name": "紺屋町角",
        "operator": "事業者不明",
        "ref": "",
        "url": "",
        "url2": ""
      }
    },
    {
      "type": "Feature",
      "geometry": {
        "type": "Point",
        "coordinates": [
          140.4668024,
          40.5665821
        ]
      },
      "properties": {
        "内容": "バス停: 南中学校前",
        "name": "南中学校前",
        "operator": "事業者不明",
        "ref": "",
        "url": "",
        "url2": ""
      }
    },
    {
      "type": "Feature",
      "geometry": {
        "type": "Point",
        "coordinates": [
          140.4794905,
          40.6032418
        ]
      },
      "properties": {
        "内容": "バス停: 代官町",
        "name": "代官町",
        "operator": "事業者不明",
        "ref": "",
        "url": "",
        "url2": ""
      }
    },
    {
      "type": "Feature",
      "geometry": {
        "type": "Point",
        "coordinates": [
          140.4845267,
          40.6200739
        ]
      },
      "properties": {
        "内容": "バス停: 神田",
        "name": "神田",
        "operator": "事業者不明",
        "ref": "",
        "url": "",
        "url2": ""
      }
    },
    {
      "type": "Feature",
      "geometry": {
        "type": "Point",
        "coordinates": [
          140.4477643,
          40.5763647
        ]
      },
      "properties": {
        "内容": "バス停: 清水交流センター前",
        "name": "清水交流センター前",
        "operator": "事業者不明",
        "ref": "",
        "url": "",
        "url2": ""
      }
    },
    {
      "type": "Feature",
      "geometry": {
        "type": "Point",
        "coordinates": [
          140.46984,
          40.6161735
        ]
      },
      "properties": {
        "内容": "バス停: 西城北1丁目",
        "name": "西城北1丁目",
        "operator": "事業者不明",
        "ref": "",
        "url": "",
        "url2": ""
      }
    },
    {
      "type": "Feature",
      "geometry": {
        "type": "Point",
        "coordinates": [
          140.4699204,
          40.6173546
        ]
      },
      "properties": {
        "内容": "バス停: 栄町3丁目",
        "name": "栄町3丁目",
        "operator": "事業者不明",
        "ref": "",
        "url": "",
        "url2": ""
      }
    },
    {
      "type": "Feature",
      "geometry": {
        "type": "Point",
        "coordinates": [
          140.4749778,
          40.5655548
        ]
      },
      "properties": {
        "内容": "バス停: 原ヶ平",
        "name": "原ヶ平",
        "operator": "事業者不明",
        "ref": "",
        "url": "",
        "url2": ""
      }
    },
    {
      "type": "Feature",
      "geometry": {
        "type": "Point",
        "coordinates": [
          140.4769396,
          40.6196839
        ]
      },
      "properties": {
        "内容": "バス停: 宮園市営住宅前",
        "name": "宮園市営住宅前",
        "operator": "事業者不明",
        "ref": "",
        "url": "",
        "url2": ""
      }
    },
    {
      "type": "Feature",
      "geometry": {
        "type": "Point",
        "coordinates": [
          140.471182,
          40.611805
        ]
      },
      "properties": {
        "内容": "バス停: 亀の甲町角",
        "name": "亀の甲町角",
        "operator": "事業者不明",
        "ref": "",
        "url": "",
        "url2": ""
      }
    },
    {
      "type": "Feature",
      "geometry": {
        "type": "Point",
        "coordinates": [
          140.4829222,
          40.613099
        ]
      },
      "properties": {
        "内容": "バス停: 弘前職業能力開発校前",
        "name": "弘前職業能力開発校前",
        "operator": "事業者不明",
        "ref": "",
        "url": "",
        "url2": ""
      }
    },
    {
      "type": "Feature",
      "geometry": {
        "type": "Point",
        "coordinates": [
          140.4821054,
          40.6228805
        ]
      },
      "properties": {
        "内容": "バス停: 宮園公園前",
        "name": "宮園公園前",
        "operator": "事業者不明",
        "ref": "",
        "url": "",
        "url2": ""
      }
    },
    {
      "type": "Feature",
      "geometry": {
        "type": "Point",
        "coordinates": [
          140.4813758,
          40.6250727
        ]
      },
      "properties": {
        "内容": "バス停: 青山公園入口",
        "name": "青山公園入口",
        "operator": "事業者不明",
        "ref": "",
        "url": "",
        "url2": ""
      }
    },
    {
      "type": "Feature",
      "geometry": {
        "type": "Point",
        "coordinates": [
          140.4788996,
          40.5655896
        ]
      },
      "properties": {
        "内容": "バス停: 千年",
        "name": "千年",
        "operator": "事業者不明",
        "ref": "",
        "url": "",
        "url2": ""
      }
    },
    {
      "type": "Feature",
      "geometry": {
        "type": "Point",
        "coordinates": [
          140.4757667,
          40.6212915
        ]
      },
      "properties": {
        "内容": "バス停: 向外瀬入口",
        "name": "向外瀬入口",
        "operator": "事業者不明",
        "ref": "",
        "url": "",
        "url2": ""
      }
    },
    {
      "type": "Feature",
      "geometry": {
        "type": "Point",
        "coordinates": [
          140.4749218,
          40.6108698
        ]
      },
      "properties": {
        "内容": "バス停: 田茂木町",
        "name": "田茂木町",
        "operator": "事業者不明",
        "ref": "",
        "url": "",
        "url2": ""
      }
    },
    {
      "type": "Feature",
      "geometry": {
        "type": "Point",
        "coordinates": [
          140.4699159,
          40.618654
        ]
      },
      "properties": {
        "内容": "バス停: 児童公園前",
        "name": "児童公園前",
        "operator": "事業者不明",
        "ref": "",
        "url": "",
        "url2": ""
      }
    },
    {
      "type": "Feature",
      "geometry": {
        "type": "Point",
        "coordinates": [
          140.4767689,
          40.6185069
        ]
      },
      "properties": {
        "内容": "バス停: 宮園5丁目県営住宅前",
        "name": "宮園5丁目県営住宅前",
        "operator": "事業者不明",
        "ref": "",
        "url": "",
        "url2": ""
      }
    },
    {
      "type": "Feature",
      "geometry": {
        "type": "Point",
        "coordinates": [
          140.4620921,
          40.6142525
        ]
      },
      "properties": {
        "内容": "バス停: 富士見橋前",
        "name": "富士見橋前",
        "operator": "事業者不明",
        "ref": "",
        "url": "",
        "url2": ""
      }
    },
    {
      "type": "Feature",
      "geometry": {
        "type": "Point",
        "coordinates": [
          140.4664769,
          40.6122348
        ]
      },
      "properties": {
        "内容": "バス停: 亀の甲門前",
        "name": "亀の甲門前",
        "operator": "事業者不明",
        "ref": "",
        "url": "",
        "url2": ""
      }
    },
    {
      "type": "Feature",
      "geometry": {
        "type": "Point",
        "coordinates": [
          140.4699115,
          40.6116815
        ]
      },
      "properties": {
        "内容": "バス停: 亀の甲町角",
        "name": "亀の甲町角",
        "operator": "事業者不明",
        "ref": "",
        "url": "",
        "url2": ""
      }
    },
    {
      "type": "Feature",
      "geometry": {
        "type": "Point",
        "coordinates": [
          140.4602351,
          40.6186035
        ]
      },
      "properties": {
        "内容": "バス停: 浜の町",
        "name": "浜の町",
        "operator": "事業者不明",
        "ref": "",
        "url": "",
        "url2": ""
      }
    },
    {
      "type": "Feature",
      "geometry": {
        "type": "Point",
        "coordinates": [
          140.4716681,
          40.6180022
        ]
      },
      "properties": {
        "内容": "バス停: 西城北2丁目",
        "name": "西城北2丁目",
        "operator": "事業者不明",
        "ref": "",
        "url": "",
        "url2": ""
      }
    },
    {
      "type": "Feature",
      "geometry": {
        "type": "Point",
        "coordinates": [
          140.4809288,
          40.6218464
        ]
      },
      "properties": {
        "内容": "バス停: 公園西口",
        "name": "公園西口",
        "operator": "事業者不明",
        "ref": "",
        "url": "",
        "url2": ""
      }
    },
    {
      "type": "Feature",
      "geometry": {
        "type": "Point",
        "coordinates": [
          140.478803,
          40.6015443
        ]
      },
      "properties": {
        "内容": "バス停: 代官町",
        "name": "代官町",
        "operator": "事業者不明",
        "ref": "",
        "url": "",
        "url2": ""
      }
    },
    {
      "type": "Feature",
      "geometry": {
        "type": "Point",
        "coordinates": [
          140.4729235,
          40.6197974
        ]
      },
      "properties": {
        "内容": "バス停: 城北3丁目",
        "name": "城北3丁目",
        "operator": "事業者不明",
        "ref": "",
        "url": "",
        "url2": ""
      }
    },
    {
      "type": "Feature",
      "geometry": {
        "type": "Point",
        "coordinates": [
          140.471781,
          40.6182692
        ]
      },
      "properties": {
        "内容": "バス停: 西城北2丁目",
        "name": "西城北2丁目",
        "operator": "事業者不明",
        "ref": "",
        "url": "",
        "url2": ""
      }
    },
    {
      "type": "Feature",
      "geometry": {
        "type": "Point",
        "coordinates": [
          140.4847946,
          40.6151206
        ]
      },
      "properties": {
        "内容": "バス停: 弘愛会病院前",
        "name": "弘愛会病院前",
        "operator": "事業者不明",
        "ref": "",
        "url": "",
        "url2": ""
      }
    },
    {
      "type": "Feature",
      "geometry": {
        "type": "Point",
        "coordinates": [
          140.4849329,
          40.6221239
        ]
      },
      "properties": {
        "内容": "バス停: ユニバース堅田店前",
        "name": "ユニバース堅田店前",
        "operator": "事業者不明",
        "ref": "",
        "url": "",
        "url2": ""
      }
    },
    {
      "type": "Feature",
      "geometry": {
        "type": "Point",
        "coordinates": [
          140.4806023,
          40.6202182
        ]
      },
      "properties": {
        "内容": "バス停: 青山1丁目",
        "name": "青山1丁目",
        "operator": "事業者不明",
        "ref": "",
        "url": "",
        "url2": ""
      }
    },
    {
      "type": "Feature",
      "geometry": {
        "type": "Point",
        "coordinates": [
          140.4620025,
          40.6142325
        ]
      },
      "properties": {
        "内容": "バス停: 富士見橋前",
        "name": "富士見橋前",
        "operator": "事業者不明",
        "ref": "",
        "url": "",
        "url2": ""
      }
    },
    {
      "type": "Feature",
      "geometry": {
        "type": "Point",
        "coordinates": [
          140.459181,
          40.6201249
        ]
      },
      "properties": {
        "内容": "バス停: 浜の町2丁目",
        "name": "浜の町2丁目",
        "operator": "事業者不明",
        "ref": "",
        "url": "",
        "url2": ""
      }
    },
    {
      "type": "Feature",
      "geometry": {
        "type": "Point",
        "coordinates": [
          140.4682239,
          40.6155063
        ]
      },
      "properties": {
        "内容": "バス停: 春日町入口",
        "name": "春日町入口",
        "operator": "事業者不明",
        "ref": "",
        "url": "",
        "url2": ""
      }
    },
    {
      "type": "Feature",
      "geometry": {
        "type": "Point",
        "coordinates": [
          140.4651997,
          40.6158735
        ]
      },
      "properties": {
        "内容": "バス停: 栄町1丁目",
        "name": "栄町1丁目",
        "operator": "事業者不明",
        "ref": "",
        "url": "",
        "url2": ""
      }
    },
    {
      "type": "Feature",
      "geometry": {
        "type": "Point",
        "coordinates": [
          140.4723489,
          40.5660748
        ]
      },
      "properties": {
        "内容": "バス停: 原ヶ平西口",
        "name": "原ヶ平西口",
        "operator": "事業者不明",
        "ref": "",
        "url": "",
        "url2": ""
      }
    },
    {
      "type": "Feature",
      "geometry": {
        "type": "Point",
        "coordinates": [
          140.4798392,
          40.6051743
        ]
      },
      "properties": {
        "内容": "バス停: 和徳十文字",
        "name": "和徳十文字",
        "operator": "事業者不明",
        "ref": "",
        "url": "",
        "url2": ""
      }
    },
    {
      "type": "Feature",
      "geometry": {
        "type": "Point",
        "coordinates": [
          140.458496,
          40.6213544
        ]
      },
      "properties": {
        "内容": "バス停: 浜の町2丁目",
        "name": "浜の町2丁目",
        "operator": "事業者不明",
        "ref": "",
        "url": "",
        "url2": ""
      }
    },
    {
      "type": "Feature",
      "geometry": {
        "type": "Point",
        "coordinates": [
          140.4811563,
          40.6235568
        ]
      },
      "properties": {
        "内容": "バス停: 青山3丁目",
        "name": "青山3丁目",
        "operator": "事業者不明",
        "ref": "",
        "url": "",
        "url2": ""
      }
    },
    {
      "type": "Feature",
      "geometry": {
        "type": "Point",
        "coordinates": [
          140.4779899,
          40.6211174
        ]
      },
      "properties": {
        "内容": "バス停: 宮園県営住宅前",
        "name": "宮園県営住宅前",
        "operator": "事業者不明",
        "ref": "",
        "url": "",
        "url2": ""
      }
    },
    {
      "type": "Feature",
      "geometry": {
        "type": "Point",
        "coordinates": [
          140.4641832,
          40.5681157
        ]
      },
      "properties": {
        "内容": "バス停: 自衛隊",
        "name": "自衛隊",
        "operator": "事業者不明",
        "ref": "",
        "url": "",
        "url2": ""
      }
    },
    {
      "type": "Feature",
      "geometry": {
        "type": "Point",
        "coordinates": [
          140.4810595,
          40.6235237
        ]
      },
      "properties": {
        "内容": "バス停: 青山3丁目",
        "name": "青山3丁目",
        "operator": "事業者不明",
        "ref": "",
        "url": "",
        "url2": ""
      }
    },
    {
      "type": "Feature",
      "geometry": {
        "type": "Point",
        "coordinates": [
          140.472023,
          40.615968
        ]
      },
      "properties": {
        "内容": "バス停: 城北",
        "name": "城北",
        "operator": "事業者不明",
        "ref": "",
        "url": "",
        "url2": ""
      }
    },
    {
      "type": "Feature",
      "geometry": {
        "type": "Point",
        "coordinates": [
          140.4812711,
          40.6251209
        ]
      },
      "properties": {
        "内容": "バス停: 青山公園入口",
        "name": "青山公園入口",
        "operator": "事業者不明",
        "ref": "",
        "url": "",
        "url2": ""
      }
    },
    {
      "type": "Feature",
      "geometry": {
        "type": "Point",
        "coordinates": [
          140.4810821,
          40.6093045
        ]
      },
      "properties": {
        "内容": "バス停: 保健センター前",
        "name": "保健センター前",
        "operator": "事業者不明",
        "ref": "",
        "url": "",
        "url2": ""
      }
    },
    {
      "type": "Feature",
      "geometry": {
        "type": "Point",
        "coordinates": [
          140.4808163,
          40.6094278
        ]
      },
      "properties": {
        "内容": "バス停: 保健センター前",
        "name": "保健センター前",
        "operator": "事業者不明",
        "ref": "",
        "url": "",
        "url2": ""
      }
    },
    {
      "type": "Feature",
      "geometry": {
        "type": "Point",
        "coordinates": [
          140.4606533,
          40.6177276
        ]
      },
      "properties": {
        "内容": "バス停: 浜の町",
        "name": "浜の町",
        "operator": "事業者不明",
        "ref": "",
        "url": "",
        "url2": ""
      }
    },
    {
      "type": "Feature",
      "geometry": {
        "type": "Point",
        "coordinates": [
          140.4785417,
          40.6108679
        ]
      },
      "properties": {
        "内容": "バス停: 田町",
        "name": "田町",
        "operator": "事業者不明",
        "ref": "",
        "url": "",
        "url2": ""
      }
    },
    {
      "type": "Feature",
      "geometry": {
        "type": "Point",
        "coordinates": [
          140.480789,
          40.6216408
        ]
      },
      "properties": {
        "内容": "バス停: 公園西口",
        "name": "公園西口",
        "operator": "事業者不明",
        "ref": "",
        "url": "",
        "url2": ""
      }
    },
    {
      "type": "Feature",
      "geometry": {
        "type": "Point",
        "coordinates": [
          140.4661094,
          40.6121916
        ]
      },
      "properties": {
        "内容": "バス停: 亀の甲門前",
        "name": "亀の甲門前",
        "operator": "事業者不明",
        "ref": "",
        "url": "",
        "url2": ""
      }
    },
    {
      "type": "Feature",
      "geometry": {
        "type": "Point",
        "coordinates": [
          140.4512488,
          40.5751858
        ]
      },
      "properties": {
        "内容": "バス停: 桜ヶ丘1丁目",
        "name": "桜ヶ丘1丁目",
        "operator": "事業者不明",
        "ref": "",
        "url": "",
        "url2": ""
      }
    },
    {
      "type": "Feature",
      "geometry": {
        "type": "Point",
        "coordinates": [
          140.4793333,
          40.6178846
        ]
      },
      "properties": {
        "内容": "バス停: 宮園入口",
        "name": "宮園入口",
        "operator": "事業者不明",
        "ref": "",
        "url": "",
        "url2": ""
      }
    },
    {
      "type": "Feature",
      "geometry": {
        "type": "Point",
        "coordinates": [
          140.4412359,
          40.580231
        ]
      },
      "properties": {
        "内容": "バス停: 金属団地",
        "name": "金属団地",
        "operator": "事業者不明",
        "ref": "",
        "url": "",
        "url2": ""
      }
    },
    {
      "type": "Feature",
      "geometry": {
        "type": "Point",
        "coordinates": [
          140.4848053,
          40.62212
        ]
      },
      "properties": {
        "内容": "バス停: ユニバース堅田店前",
        "name": "ユニバース堅田店前",
        "operator": "事業者不明",
        "ref": "",
        "url": "",
        "url2": ""
      }
    },
    {
      "type": "Feature",
      "geometry": {
        "type": "Point",
        "coordinates": [
          140.4851277,
          40.6244627
        ]
      },
      "properties": {
        "内容": "バス停: 青山4丁目",
        "name": "青山4丁目",
        "operator": "事業者不明",
        "ref": "",
        "url": "",
        "url2": ""
      }
    },
    {
      "type": "Feature",
      "geometry": {
        "type": "Point",
        "coordinates": [
          140.4846589,
          40.6200609
        ]
      },
      "properties": {
        "内容": "バス停: 神田",
        "name": "神田",
        "operator": "事業者不明",
        "ref": "",
        "url": "",
        "url2": ""
      }
    },
    {
      "type": "Feature",
      "geometry": {
        "type": "Point",
        "coordinates": [
          140.485283,
          40.6246466
        ]
      },
      "properties": {
        "内容": "バス停: 青山4丁目",
        "name": "青山4丁目",
        "operator": "事業者不明",
        "ref": "",
        "url": "",
        "url2": ""
      }
    },
    {
      "type": "Feature",
      "geometry": {
        "type": "Point",
        "coordinates": [
          140.4544227,
          40.6173647
        ]
      },
      "properties": {
        "内容": "バス停: 藤代車庫",
        "name": "藤代車庫",
        "operator": "事業者不明",
        "ref": "",
        "url": "",
        "url2": ""
      }
    },
    {
      "type": "Feature",
      "geometry": {
        "type": "Point",
        "coordinates": [
          140.4623641,
          40.6128529
        ]
      },
      "properties": {
        "内容": "バス停: 紺屋町角",
        "name": "紺屋町角",
        "operator": "事業者不明",
        "ref": "",
        "url": "",
        "url2": ""
      }
    },
    {
      "type": "Feature",
      "geometry": {
        "type": "Point",
        "coordinates": [
          140.4768715,
          40.6154781
        ]
      },
      "properties": {
        "内容": "バス停: 社会福祉センター前",
        "name": "社会福祉センター前",
        "operator": "事業者不明",
        "ref": "",
        "url": "",
        "url2": ""
      }
    },
    {
      "type": "Feature",
      "geometry": {
        "type": "Point",
        "coordinates": [
          140.4695989,
          40.6038351
        ]
      },
      "properties": {
        "内容": "バス停: 上元寺町",
        "name": "上元寺町",
        "operator": "事業者不明",
        "ref": "",
        "url": "",
        "url2": ""
      }
    },
    {
      "type": "Feature",
      "geometry": {
        "type": "Point",
        "coordinates": [
          140.4852658,
          40.6160863
        ]
      },
      "properties": {
        "内容": "バス停: 弘愛会病院前",
        "name": "弘愛会病院前",
        "operator": "事業者不明",
        "ref": "",
        "url": "",
        "url2": ""
      }
    },
    {
      "type": "Feature",
      "geometry": {
        "type": "Point",
        "coordinates": [
          140.4693343,
          40.6073745
        ]
      },
      "properties": {
        "内容": "バス停: 文化センター前",
        "name": "文化センター前",
        "operator": "事業者不明",
        "ref": "",
        "url": "",
        "url2": ""
      }
    },
    {
      "type": "Feature",
      "geometry": {
        "type": "Point",
        "coordinates": [
          140.4694071,
          40.6074758
        ]
      },
      "properties": {
        "内容": "バス停: 文化センター前",
        "name": "文化センター前",
        "operator": "事業者不明",
        "ref": "",
        "url": "",
        "url2": ""
      }
    },
    {
      "type": "Feature",
      "geometry": {
        "type": "Point",
        "coordinates": [
          140.4807428,
          40.5993815
        ]
      },
      "properties": {
        "内容": "バス停: 弘前バスターミナル",
        "name": "弘前バスターミナル",
        "operator": "事業者不明",
        "ref": "",
        "url": "",
        "url2": ""
      }
    },
    {
      "type": "Feature",
      "geometry": {
        "type": "Point",
        "coordinates": [
          140.4809734,
          40.5993541
        ]
      },
      "properties": {
        "内容": "バス停: 弘前バスターミナル",
        "name": "弘前バスターミナル",
        "operator": "事業者不明",
        "ref": "",
        "url": "",
        "url2": ""
      }
    },
    {
      "type": "Feature",
      "geometry": {
        "type": "Point",
        "coordinates": [
          140.4812095,
          40.5993276
        ]
      },
      "properties": {
        "内容": "バス停: 弘前バスターミナル",
        "name": "弘前バスターミナル",
        "operator": "事業者不明",
        "ref": "",
        "url": "",
        "url2": ""
      }
    },
    {
      "type": "Feature",
      "geometry": {
        "type": "Point",
        "coordinates": [
          140.4814214,
          40.5993052
        ]
      },
      "properties": {
        "内容": "バス停: 弘前バスターミナル",
        "name": "弘前バスターミナル",
        "operator": "事業者不明",
        "ref": "",
        "url": "",
        "url2": ""
      }
    },
    {
      "type": "Feature",
      "geometry": {
        "type": "Point",
        "coordinates": [
          140.4811169,
          40.5992237
        ]
      },
      "properties": {
        "内容": "バス停: 弘前バスターミナル",
        "name": "弘前バスターミナル",
        "operator": "事業者不明",
        "ref": "",
        "url": "",
        "url2": ""
      }
    },
    {
      "type": "Feature",
      "geometry": {
        "type": "Point",
        "coordinates": [
          140.4808943,
          40.5992492
        ]
      },
      "properties": {
        "内容": "バス停: 弘前バスターミナル",
        "name": "弘前バスターミナル",
        "operator": "事業者不明",
        "ref": "",
        "url": "",
        "url2": ""
      }
    },
    {
      "type": "Feature",
      "geometry": {
        "type": "Point",
        "coordinates": [
          140.4806609,
          40.5992746
        ]
      },
      "properties": {
        "内容": "バス停: 弘前バスターミナル",
        "name": "弘前バスターミナル",
        "operator": "事業者不明",
        "ref": "",
        "url": "",
        "url2": ""
      }
    },
    {
      "type": "Feature",
      "geometry": {
        "type": "Point",
        "coordinates": [
          140.4806891,
          40.5991921
        ]
      },
      "properties": {
        "内容": "バス停: 弘前バスターミナル",
        "name": "弘前バスターミナル",
        "operator": "事業者不明",
        "ref": "",
        "url": "",
        "url2": ""
      }
    },
    {
      "type": "Feature",
      "geometry": {
        "type": "Point",
        "coordinates": [
          140.4809251,
          40.5991687
        ]
      },
      "properties": {
        "内容": "バス停: 弘前バスターミナル",
        "name": "弘前バスターミナル",
        "operator": "事業者不明",
        "ref": "",
        "url": "",
        "url2": ""
      }
    },
    {
      "type": "Feature",
      "geometry": {
        "type": "Point",
        "coordinates": [
          140.455002,
          40.8638709
        ]
      },
      "properties": {
        "内容": "バス停: 長富",
        "name": "長富",
        "operator": "事業者不明",
        "ref": "",
        "url": "",
        "url2": ""
      }
    },
    {
      "type": "Feature",
      "geometry": {
        "type": "Point",
        "coordinates": [
          140.3470229,
          41.0555965
        ]
      },
      "properties": {
        "内容": "バス停: 市浦庁舎前",
        "name": "市浦庁舎前",
        "operator": "事業者不明",
        "ref": "",
        "url": "",
        "url2": ""
      }
    },
    {
      "type": "Feature",
      "geometry": {
        "type": "Point",
        "coordinates": [
          140.346882,
          41.0556465
        ]
      },
      "properties": {
        "内容": "バス停: 市浦庁舎前",
        "name": "市浦庁舎前",
        "operator": "事業者不明",
        "ref": "",
        "url": "",
        "url2": ""
      }
    },
    {
      "type": "Feature",
      "geometry": {
        "type": "Point",
        "coordinates": [
          140.4140414,
          41.0328955
        ]
      },
      "properties": {
        "内容": "バス停: 今泉北口",
        "name": "今泉北口",
        "operator": "事業者不明",
        "ref": "",
        "url": "",
        "url2": ""
      }
    },
    {
      "type": "Feature",
      "geometry": {
        "type": "Point",
        "coordinates": [
          140.3604467,
          41.051122
        ]
      },
      "properties": {
        "内容": "バス停: 相内南口",
        "name": "相内南口",
        "operator": "事業者不明",
        "ref": "",
        "url": "",
        "url2": ""
      }
    },
    {
      "type": "Feature",
      "geometry": {
        "type": "Point",
        "coordinates": [
          140.4339609,
          40.9606229
        ]
      },
      "properties": {
        "内容": "バス停: 中泊町役場前・パルナス前",
        "name": "中泊町役場前・パルナス前",
        "operator": "事業者不明",
        "ref": "",
        "url": "",
        "url2": ""
      }
    },
    {
      "type": "Feature",
      "geometry": {
        "type": "Point",
        "coordinates": [
          140.4285996,
          40.9807779
        ]
      },
      "properties": {
        "内容": "バス停: 尾別",
        "name": "尾別",
        "operator": "事業者不明",
        "ref": "",
        "url": "",
        "url2": ""
      }
    },
    {
      "type": "Feature",
      "geometry": {
        "type": "Point",
        "coordinates": [
          140.4555324,
          40.8667259
        ]
      },
      "properties": {
        "内容": "バス停: 下長富",
        "name": "下長富",
        "operator": "事業者不明",
        "ref": "",
        "url": "",
        "url2": ""
      }
    },
    {
      "type": "Feature",
      "geometry": {
        "type": "Point",
        "coordinates": [
          140.4904661,
          40.6039193
        ]
      },
      "properties": {
        "内容": "バス停: 城東北1丁目",
        "name": "城東北1丁目",
        "operator": "事業者不明",
        "ref": "",
        "url": "",
        "url2": ""
      }
    },
    {
      "type": "Feature",
      "geometry": {
        "type": "Point",
        "coordinates": [
          140.4909676,
          40.6014462
        ]
      },
      "properties": {
        "内容": "バス停: 城東中央2丁目",
        "name": "城東中央2丁目",
        "operator": "事業者不明",
        "ref": "",
        "url": "",
        "url2": ""
      }
    },
    {
      "type": "Feature",
      "geometry": {
        "type": "Point",
        "coordinates": [
          140.4274513,
          40.9827545
        ]
      },
      "properties": {
        "内容": "バス停: 尾別北口",
        "name": "尾別北口",
        "operator": "事業者不明",
        "ref": "",
        "url": "",
        "url2": ""
      }
    },
    {
      "type": "Feature",
      "geometry": {
        "type": "Point",
        "coordinates": [
          140.4306034,
          40.9752418
        ]
      },
      "properties": {
        "内容": "バス停: 平山",
        "name": "平山",
        "operator": "事業者不明",
        "ref": "",
        "url": "",
        "url2": ""
      }
    },
    {
      "type": "Feature",
      "geometry": {
        "type": "Point",
        "coordinates": [
          140.4920684,
          40.598151
        ]
      },
      "properties": {
        "内容": "バス停: 城東2丁目",
        "name": "城東2丁目",
        "operator": "事業者不明",
        "ref": "",
        "url": "",
        "url2": ""
      }
    },
    {
      "type": "Feature",
      "geometry": {
        "type": "Point",
        "coordinates": [
          140.4910217,
          40.6018593
        ]
      },
      "properties": {
        "内容": "バス停: 城東中央2丁目",
        "name": "城東中央2丁目",
        "operator": "事業者不明",
        "ref": "",
        "url": "",
        "url2": ""
      }
    },
    {
      "type": "Feature",
      "geometry": {
        "type": "Point",
        "coordinates": [
          140.4246703,
          40.9498622
        ]
      },
      "properties": {
        "内容": "バス停: ピュア前",
        "name": "ピュア前",
        "operator": "事業者不明",
        "ref": "",
        "url": "",
        "url2": ""
      }
    },
    {
      "type": "Feature",
      "geometry": {
        "type": "Point",
        "coordinates": [
          140.4892654,
          40.6056537
        ]
      },
      "properties": {
        "内容": "バス停: 和徳東口",
        "name": "和徳東口",
        "operator": "事業者不明",
        "ref": "",
        "url": "",
        "url2": ""
      }
    },
    {
      "type": "Feature",
      "geometry": {
        "type": "Point",
        "coordinates": [
          140.4276678,
          40.9854725
        ]
      },
      "properties": {
        "内容": "バス停: 上高根南口",
        "name": "上高根南口",
        "operator": "事業者不明",
        "ref": "",
        "url": "",
        "url2": ""
      }
    },
    {
      "type": "Feature",
      "geometry": {
        "type": "Point",
        "coordinates": [
          140.42298,
          41.0214538
        ]
      },
      "properties": {
        "内容": "バス停: 昆布掛",
        "name": "昆布掛",
        "operator": "事業者不明",
        "ref": "",
        "url": "",
        "url2": ""
      }
    },
    {
      "type": "Feature",
      "geometry": {
        "type": "Point",
        "coordinates": [
          140.500624,
          40.6473274
        ]
      },
      "properties": {
        "内容": "バス停: 藤崎舟場角",
        "name": "藤崎舟場角",
        "operator": "事業者不明",
        "ref": "",
        "url": "",
        "url2": ""
      }
    },
    {
      "type": "Feature",
      "geometry": {
        "type": "Point",
        "coordinates": [
          140.4918665,
          40.5981822
        ]
      },
      "properties": {
        "内容": "バス停: 城東2丁目",
        "name": "城東2丁目",
        "operator": "事業者不明",
        "ref": "",
        "url": "",
        "url2": ""
      }
    },
    {
      "type": "Feature",
      "geometry": {
        "type": "Point",
        "coordinates": [
          140.4168795,
          41.0323961
        ]
      },
      "properties": {
        "内容": "バス停: 唐崎",
        "name": "唐崎",
        "operator": "事業者不明",
        "ref": "",
        "url": "",
        "url2": ""
      }
    },
    {
      "type": "Feature",
      "geometry": {
        "type": "Point",
        "coordinates": [
          140.4903203,
          40.6037609
        ]
      },
      "properties": {
        "内容": "バス停: 城東北1丁目",
        "name": "城東北1丁目",
        "operator": "事業者不明",
        "ref": "",
        "url": "",
        "url2": ""
      }
    },
    {
      "type": "Feature",
      "geometry": {
        "type": "Point",
        "coordinates": [
          140.5005673,
          40.6475918
        ]
      },
      "properties": {
        "内容": "バス停: 藤崎舟場角",
        "name": "藤崎舟場角",
        "operator": "事業者不明",
        "ref": "",
        "url": "",
        "url2": ""
      }
    },
    {
      "type": "Feature",
      "geometry": {
        "type": "Point",
        "coordinates": [
          140.4891985,
          40.6055016
        ]
      },
      "properties": {
        "内容": "バス停: 和徳東口",
        "name": "和徳東口",
        "operator": "事業者不明",
        "ref": "",
        "url": "",
        "url2": ""
      }
    },
    {
      "type": "Feature",
      "geometry": {
        "type": "Point",
        "coordinates": [
          140.4481265,
          40.5733281
        ]
      },
      "properties": {
        "内容": "バス停: 桜ヶ丘2丁目",
        "name": "桜ヶ丘2丁目",
        "operator": "事業者不明",
        "ref": "",
        "url": "",
        "url2": ""
      }
    },
    {
      "type": "Feature",
      "geometry": {
        "type": "Point",
        "coordinates": [
          140.4495025,
          40.5716524
        ]
      },
      "properties": {
        "内容": "バス停: 桜ヶ丘南口",
        "name": "桜ヶ丘南口",
        "operator": "事業者不明",
        "ref": "",
        "url": "",
        "url2": ""
      }
    },
    {
      "type": "Feature",
      "geometry": {
        "type": "Point",
        "coordinates": [
          140.4527849,
          40.5736444
        ]
      },
      "properties": {
        "内容": "バス停: 桜ヶ丘5丁目",
        "name": "桜ヶ丘5丁目",
        "operator": "事業者不明",
        "ref": "",
        "url": "",
        "url2": ""
      }
    },
    {
      "type": "Feature",
      "geometry": {
        "type": "Point",
        "coordinates": [
          140.4511614,
          40.5716112
        ]
      },
      "properties": {
        "内容": "バス停: 桜ヶ丘3丁目",
        "name": "桜ヶ丘3丁目",
        "operator": "事業者不明",
        "ref": "",
        "url": "",
        "url2": ""
      }
    },
    {
      "type": "Feature",
      "geometry": {
        "type": "Point",
        "coordinates": [
          140.4634418,
          40.5959715
        ]
      },
      "properties": {
        "内容": "バス停: 新寺町",
        "name": "新寺町",
        "operator": "事業者不明",
        "ref": "",
        "url": "",
        "url2": ""
      }
    },
    {
      "type": "Feature",
      "geometry": {
        "type": "Point",
        "coordinates": [
          140.4549977,
          40.5882507
        ]
      },
      "properties": {
        "内容": "バス停: 若葉1丁目",
        "name": "若葉1丁目",
        "operator": "事業者不明",
        "ref": "",
        "url": "",
        "url2": ""
      }
    },
    {
      "type": "Feature",
      "geometry": {
        "type": "Point",
        "coordinates": [
          140.4565239,
          40.592479
        ]
      },
      "properties": {
        "内容": "バス停: 樹木",
        "name": "樹木",
        "operator": "事業者不明",
        "ref": "",
        "url": "",
        "url2": ""
      }
    },
    {
      "type": "Feature",
      "geometry": {
        "type": "Point",
        "coordinates": [
          140.4650688,
          40.6011248
        ]
      },
      "properties": {
        "内容": "バス停: 大学病院前",
        "name": "大学病院前",
        "operator": "事業者不明",
        "ref": "",
        "url": "",
        "url2": ""
      }
    },
    {
      "type": "Feature",
      "geometry": {
        "type": "Point",
        "coordinates": [
          140.4511562,
          40.6087999
        ]
      },
      "properties": {
        "内容": "バス停: 駒越",
        "name": "駒越",
        "operator": "事業者不明",
        "ref": "",
        "url": "",
        "url2": ""
      }
    },
    {
      "type": "Feature",
      "geometry": {
        "type": "Point",
        "coordinates": [
          140.4359615,
          40.6133231
        ]
      },
      "properties": {
        "内容": "バス停: 熊島西口",
        "name": "熊島西口",
        "operator": "事業者不明",
        "ref": "",
        "url": "",
        "url2": ""
      }
    },
    {
      "type": "Feature",
      "geometry": {
        "type": "Point",
        "coordinates": [
          140.4515524,
          40.6062726
        ]
      },
      "properties": {
        "内容": "バス停: 城西1丁目",
        "name": "城西1丁目",
        "operator": "事業者不明",
        "ref": "",
        "url": "",
        "url2": ""
      }
    },
    {
      "type": "Feature",
      "geometry": {
        "type": "Point",
        "coordinates": [
          140.4359456,
          40.6132446
        ]
      },
      "properties": {
        "内容": "バス停: 熊島西口",
        "name": "熊島西口",
        "operator": "事業者不明",
        "ref": "",
        "url": "",
        "url2": ""
      }
    },
    {
      "type": "Feature",
      "geometry": {
        "type": "Point",
        "coordinates": [
          140.4493263,
          40.6042126
        ]
      },
      "properties": {
        "内容": "バス停: 城西3丁目",
        "name": "城西3丁目",
        "operator": "事業者不明",
        "ref": "",
        "url": "",
        "url2": ""
      }
    },
    {
      "type": "Feature",
      "geometry": {
        "type": "Point",
        "coordinates": [
          140.466353,
          40.6007952
        ]
      },
      "properties": {
        "内容": "バス停: 大学病院前",
        "name": "大学病院前",
        "operator": "事業者不明",
        "ref": "",
        "url": "",
        "url2": ""
      }
    },
    {
      "type": "Feature",
      "geometry": {
        "type": "Point",
        "coordinates": [
          140.4518624,
          40.6085759
        ]
      },
      "properties": {
        "内容": "バス停: 駒越",
        "name": "駒越",
        "operator": "事業者不明",
        "ref": "",
        "url": "",
        "url2": ""
      }
    },
    {
      "type": "Feature",
      "geometry": {
        "type": "Point",
        "coordinates": [
          140.4488419,
          40.602665
        ]
      },
      "properties": {
        "内容": "バス停: 県営住宅前",
        "name": "県営住宅前",
        "operator": "事業者不明",
        "ref": "",
        "url": "",
        "url2": ""
      }
    },
    {
      "type": "Feature",
      "geometry": {
        "type": "Point",
        "coordinates": [
          140.4534162,
          40.6073362
        ]
      },
      "properties": {
        "内容": "バス停: 城西団地入口",
        "name": "城西団地入口",
        "operator": "事業者不明",
        "ref": "",
        "url": "",
        "url2": ""
      }
    },
    {
      "type": "Feature",
      "geometry": {
        "type": "Point",
        "coordinates": [
          140.4243228,
          40.6158734
        ]
      },
      "properties": {
        "内容": "バス停: 賀田東口 (弘前バス)",
        "name": "賀田東口",
        "operator": "弘前バス",
        "ref": "",
        "url": "",
        "url2": ""
      }
    },
    {
      "type": "Feature",
      "geometry": {
        "type": "Point",
        "coordinates": [
          140.449844,
          40.6045197
        ]
      },
      "properties": {
        "内容": "バス停: 城西4丁目",
        "name": "城西4丁目",
        "operator": "事業者不明",
        "ref": "",
        "url": "",
        "url2": ""
      }
    },
    {
      "type": "Feature",
      "geometry": {
        "type": "Point",
        "coordinates": [
          140.4570094,
          40.6064318
        ]
      },
      "properties": {
        "内容": "バス停: 工業高校前",
        "name": "工業高校前",
        "operator": "事業者不明",
        "ref": "",
        "url": "",
        "url2": ""
      }
    },
    {
      "type": "Feature",
      "geometry": {
        "type": "Point",
        "coordinates": [
          140.4300449,
          40.6139151
        ]
      },
      "properties": {
        "内容": "バス停: 一町田",
        "name": "一町田",
        "operator": "事業者不明",
        "ref": "",
        "url": "",
        "url2": ""
      }
    },
    {
      "type": "Feature",
      "geometry": {
        "type": "Point",
        "coordinates": [
          140.4497468,
          40.6043879
        ]
      },
      "properties": {
        "内容": "バス停: 城西4丁目",
        "name": "城西4丁目",
        "operator": "事業者不明",
        "ref": "",
        "url": "",
        "url2": ""
      }
    },
    {
      "type": "Feature",
      "geometry": {
        "type": "Point",
        "coordinates": [
          140.4447791,
          40.6108555
        ]
      },
      "properties": {
        "内容": "バス停: 第一養護学校高等部前",
        "name": "第一養護学校高等部前",
        "operator": "事業者不明",
        "ref": "",
        "url": "",
        "url2": ""
      }
    },
    {
      "type": "Feature",
      "geometry": {
        "type": "Point",
        "coordinates": [
          140.4405229,
          40.611898
        ]
      },
      "properties": {
        "内容": "バス停: 熊島",
        "name": "熊島",
        "operator": "事業者不明",
        "ref": "",
        "url": "",
        "url2": ""
      }
    },
    {
      "type": "Feature",
      "geometry": {
        "type": "Point",
        "coordinates": [
          140.4512678,
          40.6062991
        ]
      },
      "properties": {
        "内容": "バス停: 城西2丁目",
        "name": "城西2丁目",
        "operator": "事業者不明",
        "ref": "",
        "url": "",
        "url2": ""
      }
    },
    {
      "type": "Feature",
      "geometry": {
        "type": "Point",
        "coordinates": [
          140.4490199,
          40.6026184
        ]
      },
      "properties": {
        "内容": "バス停: 県営住宅前",
        "name": "県営住宅前",
        "operator": "事業者不明",
        "ref": "",
        "url": "",
        "url2": ""
      }
    },
    {
      "type": "Feature",
      "geometry": {
        "type": "Point",
        "coordinates": [
          140.4440168,
          40.6109073
        ]
      },
      "properties": {
        "内容": "バス停: 第一養護学校高等部前",
        "name": "第一養護学校高等部前",
        "operator": "事業者不明",
        "ref": "",
        "url": "",
        "url2": ""
      }
    },
    {
      "type": "Feature",
      "geometry": {
        "type": "Point",
        "coordinates": [
          140.4402001,
          40.6120368
        ]
      },
      "properties": {
        "内容": "バス停: 熊島",
        "name": "熊島",
        "operator": "事業者不明",
        "ref": "",
        "url": "",
        "url2": ""
      }
    },
    {
      "type": "Feature",
      "geometry": {
        "type": "Point",
        "coordinates": [
          140.4239718,
          40.6160236
        ]
      },
      "properties": {
        "内容": "バス停: 賀田東口 (弘前バス)",
        "name": "賀田東口",
        "operator": "弘前バス",
        "ref": "",
        "url": "",
        "url2": ""
      }
    },
    {
      "type": "Feature",
      "geometry": {
        "type": "Point",
        "coordinates": [
          140.4311699,
          40.6136354
        ]
      },
      "properties": {
        "内容": "バス停: 一町田",
        "name": "一町田",
        "operator": "事業者不明",
        "ref": "",
        "url": "",
        "url2": ""
      }
    },
    {
      "type": "Feature",
      "geometry": {
        "type": "Point",
        "coordinates": [
          140.4491261,
          40.6109001
        ]
      },
      "properties": {
        "内容": "バス停: 向駒越",
        "name": "向駒越",
        "operator": "事業者不明",
        "ref": "",
        "url": "",
        "url2": ""
      }
    },
    {
      "type": "Feature",
      "geometry": {
        "type": "Point",
        "coordinates": [
          140.4212571,
          40.6172206
        ]
      },
      "properties": {
        "内容": "バス停: 岩木庁舎前 (弘前バス)",
        "name": "岩木庁舎前",
        "operator": "弘前バス",
        "ref": "",
        "url": "",
        "url2": ""
      }
    },
    {
      "type": "Feature",
      "geometry": {
        "type": "Point",
        "coordinates": [
          140.4215264,
          40.6172348
        ]
      },
      "properties": {
        "内容": "バス停: 岩木庁舎前 (弘前バス)",
        "name": "岩木庁舎前",
        "operator": "弘前バス",
        "ref": "",
        "url": "",
        "url2": ""
      }
    },
    {
      "type": "Feature",
      "geometry": {
        "type": "Point",
        "coordinates": [
          140.4521937,
          40.6141828
        ]
      },
      "properties": {
        "内容": "バス停: 藤代",
        "name": "藤代",
        "operator": "事業者不明",
        "ref": "",
        "url": "",
        "url2": ""
      }
    },
    {
      "type": "Feature",
      "geometry": {
        "type": "Point",
        "coordinates": [
          140.4493671,
          40.6111708
        ]
      },
      "properties": {
        "内容": "バス停: 向駒越",
        "name": "向駒越",
        "operator": "事業者不明",
        "ref": "",
        "url": "",
        "url2": ""
      }
    },
    {
      "type": "Feature",
      "geometry": {
        "type": "Point",
        "coordinates": [
          140.4447716,
          40.6108056
        ]
      },
      "properties": {
        "内容": "バス停: 第一養護学校高等部前",
        "name": "第一養護学校高等部前",
        "operator": "事業者不明",
        "ref": "",
        "url": "",
        "url2": ""
      }
    },
    {
      "type": "Feature",
      "geometry": {
        "type": "Point",
        "coordinates": [
          140.44403,
          40.6109512
        ]
      },
      "properties": {
        "内容": "バス停: 第一養護学校高等部前",
        "name": "第一養護学校高等部前",
        "operator": "事業者不明",
        "ref": "",
        "url": "",
        "url2": ""
      }
    },
    {
      "type": "Feature",
      "geometry": {
        "type": "Point",
        "coordinates": [
          140.572555,
          40.6381722
        ]
      },
      "properties": {
        "内容": "バス停: 高樋",
        "name": "高樋",
        "operator": "事業者不明",
        "ref": "",
        "url": "",
        "url2": ""
      }
    },
    {
      "type": "Feature",
      "geometry": {
        "type": "Point",
        "coordinates": [
          140.5528024,
          40.6489884
        ]
      },
      "properties": {
        "内容": "バス停: 福祉センター前",
        "name": "福祉センター前",
        "operator": "事業者不明",
        "ref": "",
        "url": "",
        "url2": ""
      }
    },
    {
      "type": "Feature",
      "geometry": {
        "type": "Point",
        "coordinates": [
          140.4585672,
          40.5827133
        ]
      },
      "properties": {
        "内容": "バス停: 市営住宅前",
        "name": "市営住宅前",
        "operator": "事業者不明",
        "ref": "",
        "url": "",
        "url2": ""
      }
    },
    {
      "type": "Feature",
      "geometry": {
        "type": "Point",
        "coordinates": [
          140.5521591,
          40.6492515
        ]
      },
      "properties": {
        "内容": "バス停: 前田屋敷",
        "name": "前田屋敷",
        "operator": "事業者不明",
        "ref": "",
        "url": "",
        "url2": ""
      }
    },
    {
      "type": "Feature",
      "geometry": {
        "type": "Point",
        "coordinates": [
          140.5976082,
          40.6554879
        ]
      },
      "properties": {
        "内容": "バス停: 昭和町",
        "name": "昭和町",
        "operator": "事業者不明",
        "ref": "",
        "url": "",
        "url2": ""
      }
    },
    {
      "type": "Feature",
      "geometry": {
        "type": "Point",
        "coordinates": [
          140.5917139,
          40.6445833
        ]
      },
      "properties": {
        "内容": "バス停: 上町",
        "name": "上町",
        "operator": "事業者不明",
        "ref": "",
        "url": "",
        "url2": ""
      }
    },
    {
      "type": "Feature",
      "geometry": {
        "type": "Point",
        "coordinates": [
          140.5271326,
          40.618267
        ]
      },
      "properties": {
        "内容": "バス停: 猿賀西口",
        "name": "猿賀西口",
        "operator": "事業者不明",
        "ref": "",
        "url": "",
        "url2": ""
      }
    },
    {
      "type": "Feature",
      "geometry": {
        "type": "Point",
        "coordinates": [
          140.563546,
          40.6505772
        ]
      },
      "properties": {
        "内容": "バス停: 堂野前",
        "name": "堂野前",
        "operator": "事業者不明",
        "ref": "",
        "url": "",
        "url2": ""
      }
    },
    {
      "type": "Feature",
      "geometry": {
        "type": "Point",
        "coordinates": [
          140.5478797,
          40.6484365
        ]
      },
      "properties": {
        "内容": "バス停: 前田屋敷",
        "name": "前田屋敷",
        "operator": "事業者不明",
        "ref": "",
        "url": "",
        "url2": ""
      }
    },
    {
      "type": "Feature",
      "geometry": {
        "type": "Point",
        "coordinates": [
          140.599466,
          40.6751246
        ]
      },
      "properties": {
        "内容": "バス停: 小屋敷",
        "name": "小屋敷",
        "operator": "事業者不明",
        "ref": "",
        "url": "",
        "url2": ""
      }
    },
    {
      "type": "Feature",
      "geometry": {
        "type": "Point",
        "coordinates": [
          140.5977536,
          40.6554974
        ]
      },
      "properties": {
        "内容": "バス停: 昭和町",
        "name": "昭和町",
        "operator": "事業者不明",
        "ref": "",
        "url": "",
        "url2": ""
      }
    },
    {
      "type": "Feature",
      "geometry": {
        "type": "Point",
        "coordinates": [
          140.5639978,
          40.6342449
        ]
      },
      "properties": {
        "内容": "バス停: 垂柳",
        "name": "垂柳",
        "operator": "事業者不明",
        "ref": "",
        "url": "",
        "url2": ""
      }
    },
    {
      "type": "Feature",
      "geometry": {
        "type": "Point",
        "coordinates": [
          140.5317418,
          40.6448113
        ]
      },
      "properties": {
        "内容": "バス停: 工業団地入口",
        "name": "工業団地入口",
        "operator": "事業者不明",
        "ref": "",
        "url": "",
        "url2": ""
      }
    },
    {
      "type": "Feature",
      "geometry": {
        "type": "Point",
        "coordinates": [
          140.5870739,
          40.6386732
        ]
      },
      "properties": {
        "内容": "バス停: 追子の木",
        "name": "追子の木",
        "operator": "事業者不明",
        "ref": "",
        "url": "",
        "url2": ""
      }
    },
    {
      "type": "Feature",
      "geometry": {
        "type": "Point",
        "coordinates": [
          140.5963189,
          40.6490699
        ]
      },
      "properties": {
        "内容": "バス停: ぐみの木十文字",
        "name": "ぐみの木十文字",
        "operator": "事業者不明",
        "ref": "",
        "url": "",
        "url2": ""
      }
    },
    {
      "type": "Feature",
      "geometry": {
        "type": "Point",
        "coordinates": [
          140.5988396,
          40.6479507
        ]
      },
      "properties": {
        "内容": "バス停: 浜町",
        "name": "浜町",
        "operator": "事業者不明",
        "ref": "",
        "url": "",
        "url2": ""
      }
    },
    {
      "type": "Feature",
      "geometry": {
        "type": "Point",
        "coordinates": [
          140.5473633,
          40.6314755
        ]
      },
      "properties": {
        "内容": "バス停: 畑中",
        "name": "畑中",
        "operator": "事業者不明",
        "ref": "",
        "url": "",
        "url2": ""
      }
    },
    {
      "type": "Feature",
      "geometry": {
        "type": "Point",
        "coordinates": [
          140.5248561,
          40.6173834
        ]
      },
      "properties": {
        "内容": "バス停: 日沼",
        "name": "日沼",
        "operator": "事業者不明",
        "ref": "",
        "url": "",
        "url2": ""
      }
    },
    {
      "type": "Feature",
      "geometry": {
        "type": "Point",
        "coordinates": [
          140.508007,
          40.6142279
        ]
      },
      "properties": {
        "内容": "バス停: 境関",
        "name": "境関",
        "operator": "事業者不明",
        "ref": "",
        "url": "",
        "url2": ""
      }
    },
    {
      "type": "Feature",
      "geometry": {
        "type": "Point",
        "coordinates": [
          140.591789,
          40.6715836
        ]
      },
      "properties": {
        "内容": "バス停: 北田中",
        "name": "北田中",
        "operator": "事業者不明",
        "ref": "",
        "url": "",
        "url2": ""
      }
    },
    {
      "type": "Feature",
      "geometry": {
        "type": "Point",
        "coordinates": [
          140.5193377,
          40.6176873
        ]
      },
      "properties": {
        "内容": "バス停: 日沼西口",
        "name": "日沼西口",
        "operator": "事業者不明",
        "ref": "",
        "url": "",
        "url2": ""
      }
    },
    {
      "type": "Feature",
      "geometry": {
        "type": "Point",
        "coordinates": [
          140.5638466,
          40.6342478
        ]
      },
      "properties": {
        "内容": "バス停: 垂柳",
        "name": "垂柳",
        "operator": "事業者不明",
        "ref": "",
        "url": "",
        "url2": ""
      }
    },
    {
      "type": "Feature",
      "geometry": {
        "type": "Point",
        "coordinates": [
          140.5208732,
          40.6467423
        ]
      },
      "properties": {
        "内容": "バス停: 川部駅前",
        "name": "川部駅前",
        "operator": "事業者不明",
        "ref": "",
        "url": "",
        "url2": ""
      }
    },
    {
      "type": "Feature",
      "geometry": {
        "type": "Point",
        "coordinates": [
          140.5503403,
          40.6319924
        ]
      },
      "properties": {
        "内容": "バス停: 公民館前",
        "name": "公民館前",
        "operator": "事業者不明",
        "ref": "",
        "url": "",
        "url2": ""
      }
    },
    {
      "type": "Feature",
      "geometry": {
        "type": "Point",
        "coordinates": [
          140.6060096,
          40.6549175
        ]
      },
      "properties": {
        "内容": "バス停: 商業高校前",
        "name": "商業高校前",
        "operator": "事業者不明",
        "ref": "",
        "url": "",
        "url2": ""
      }
    },
    {
      "type": "Feature",
      "geometry": {
        "type": "Point",
        "coordinates": [
          140.5356775,
          40.6261332
        ]
      },
      "properties": {
        "内容": "バス停: 新山",
        "name": "新山",
        "operator": "事業者不明",
        "ref": "",
        "url": "",
        "url2": ""
      }
    },
    {
      "type": "Feature",
      "geometry": {
        "type": "Point",
        "coordinates": [
          140.5934786,
          40.6427611
        ]
      },
      "properties": {
        "内容": "バス停: 内町",
        "name": "内町",
        "operator": "事業者不明",
        "ref": "",
        "url": "",
        "url2": ""
      }
    },
    {
      "type": "Feature",
      "geometry": {
        "type": "Point",
        "coordinates": [
          140.5959499,
          40.6628268
        ]
      },
      "properties": {
        "内容": "バス停: 緑ヶ丘団地",
        "name": "緑ヶ丘団地",
        "operator": "事業者不明",
        "ref": "",
        "url": "",
        "url2": ""
      }
    },
    {
      "type": "Feature",
      "geometry": {
        "type": "Point",
        "coordinates": [
          140.5980268,
          40.6569364
        ]
      },
      "properties": {
        "内容": "バス停: 野際集会所",
        "name": "野際集会所",
        "operator": "事業者不明",
        "ref": "",
        "url": "",
        "url2": ""
      }
    },
    {
      "type": "Feature",
      "geometry": {
        "type": "Point",
        "coordinates": [
          140.5161341,
          40.6451833
        ]
      },
      "properties": {
        "内容": "バス停: 川部駅入口",
        "name": "川部駅入口",
        "operator": "事業者不明",
        "ref": "",
        "url": "",
        "url2": ""
      }
    },
    {
      "type": "Feature",
      "geometry": {
        "type": "Point",
        "coordinates": [
          140.5981532,
          40.6644032
        ]
      },
      "properties": {
        "内容": "バス停: 目内沢入口",
        "name": "目内沢入口",
        "operator": "事業者不明",
        "ref": "",
        "url": "",
        "url2": ""
      }
    },
    {
      "type": "Feature",
      "geometry": {
        "type": "Point",
        "coordinates": [
          140.5245434,
          40.6174606
        ]
      },
      "properties": {
        "内容": "バス停: 日沼",
        "name": "日沼",
        "operator": "事業者不明",
        "ref": "",
        "url": "",
        "url2": ""
      }
    },
    {
      "type": "Feature",
      "geometry": {
        "type": "Point",
        "coordinates": [
          140.5305004,
          40.6200106
        ]
      },
      "properties": {
        "内容": "バス停: 蒲田",
        "name": "蒲田",
        "operator": "事業者不明",
        "ref": "",
        "url": "",
        "url2": ""
      }
    },
    {
      "type": "Feature",
      "geometry": {
        "type": "Point",
        "coordinates": [
          140.5954001,
          40.6763095
        ]
      },
      "properties": {
        "内容": "バス停: 北陽小学校前",
        "name": "北陽小学校前",
        "operator": "事業者不明",
        "ref": "",
        "url": "",
        "url2": ""
      }
    },
    {
      "type": "Feature",
      "geometry": {
        "type": "Point",
        "coordinates": [
          140.6019311,
          40.6557417
        ]
      },
      "properties": {
        "内容": "バス停: 黒石病院",
        "name": "黒石病院",
        "operator": "事業者不明",
        "ref": "",
        "url": "",
        "url2": ""
      }
    },
    {
      "type": "Feature",
      "geometry": {
        "type": "Point",
        "coordinates": [
          140.456657,
          40.5809803
        ]
      },
      "properties": {
        "内容": "バス停: 緑ヶ丘集会所",
        "name": "緑ヶ丘集会所",
        "operator": "事業者不明",
        "ref": "",
        "url": "",
        "url2": ""
      }
    },
    {
      "type": "Feature",
      "geometry": {
        "type": "Point",
        "coordinates": [
          140.593807,
          40.6448372
        ]
      },
      "properties": {
        "内容": "バス停: 一番町",
        "name": "一番町",
        "operator": "事業者不明",
        "ref": "",
        "url": "",
        "url2": ""
      }
    },
    {
      "type": "Feature",
      "geometry": {
        "type": "Point",
        "coordinates": [
          140.5390116,
          40.6452014
        ]
      },
      "properties": {
        "内容": "バス停: 土矢倉",
        "name": "土矢倉",
        "operator": "事業者不明",
        "ref": "",
        "url": "",
        "url2": ""
      }
    },
    {
      "type": "Feature",
      "geometry": {
        "type": "Point",
        "coordinates": [
          140.6046171,
          40.6520184
        ]
      },
      "properties": {
        "内容": "バス停: 野添",
        "name": "野添",
        "operator": "事業者不明",
        "ref": "",
        "url": "",
        "url2": ""
      }
    },
    {
      "type": "Feature",
      "geometry": {
        "type": "Point",
        "coordinates": [
          140.5918154,
          40.6484501
        ]
      },
      "properties": {
        "内容": "バス停: 黒石駅前",
        "name": "黒石駅前",
        "operator": "事業者不明",
        "ref": "",
        "url": "",
        "url2": ""
      }
    },
    {
      "type": "Feature",
      "geometry": {
        "type": "Point",
        "coordinates": [
          140.5036471,
          40.6014523
        ]
      },
      "properties": {
        "内容": "バス停: 末広3丁目",
        "name": "末広3丁目",
        "operator": "事業者不明",
        "ref": "",
        "url": "",
        "url2": ""
      }
    },
    {
      "type": "Feature",
      "geometry": {
        "type": "Point",
        "coordinates": [
          140.4550751,
          40.5818205
        ]
      },
      "properties": {
        "内容": "バス停: 清水2丁目",
        "name": "清水2丁目",
        "operator": "事業者不明",
        "ref": "",
        "url": "",
        "url2": ""
      }
    },
    {
      "type": "Feature",
      "geometry": {
        "type": "Point",
        "coordinates": [
          140.5478129,
          40.6313015
        ]
      },
      "properties": {
        "内容": "バス停: 畑中",
        "name": "畑中",
        "operator": "事業者不明",
        "ref": "",
        "url": "",
        "url2": ""
      }
    },
    {
      "type": "Feature",
      "geometry": {
        "type": "Point",
        "coordinates": [
          140.5938071,
          40.6448253
        ]
      },
      "properties": {
        "内容": "バス停: 一番町通り",
        "name": "一番町通り",
        "operator": "事業者不明",
        "ref": "",
        "url": "",
        "url2": ""
      }
    },
    {
      "type": "Feature",
      "geometry": {
        "type": "Point",
        "coordinates": [
          140.5190607,
          40.6178355
        ]
      },
      "properties": {
        "内容": "バス停: 日沼西口",
        "name": "日沼西口",
        "operator": "事業者不明",
        "ref": "",
        "url": "",
        "url2": ""
      }
    },
    {
      "type": "Feature",
      "geometry": {
        "type": "Point",
        "coordinates": [
          140.5037708,
          40.6013666
        ]
      },
      "properties": {
        "内容": "バス停: 末広3丁目",
        "name": "末広3丁目",
        "operator": "事業者不明",
        "ref": "",
        "url": "",
        "url2": ""
      }
    },
    {
      "type": "Feature",
      "geometry": {
        "type": "Point",
        "coordinates": [
          140.5301944,
          40.6199559
        ]
      },
      "properties": {
        "内容": "バス停: 蒲田",
        "name": "蒲田",
        "operator": "事業者不明",
        "ref": "",
        "url": "",
        "url2": ""
      }
    },
    {
      "type": "Feature",
      "geometry": {
        "type": "Point",
        "coordinates": [
          140.4603402,
          40.584285
        ]
      },
      "properties": {
        "内容": "バス停: 緑ヶ丘2丁目",
        "name": "緑ヶ丘2丁目",
        "operator": "事業者不明",
        "ref": "",
        "url": "",
        "url2": ""
      }
    },
    {
      "type": "Feature",
      "geometry": {
        "type": "Point",
        "coordinates": [
          140.5241817,
          40.644981
        ]
      },
      "properties": {
        "内容": "バス停: 川部公民館前",
        "name": "川部公民館前",
        "operator": "事業者不明",
        "ref": "",
        "url": "",
        "url2": ""
      }
    },
    {
      "type": "Feature",
      "geometry": {
        "type": "Point",
        "coordinates": [
          140.5876212,
          40.6451678
        ]
      },
      "properties": {
        "内容": "バス停: 黒石高校前",
        "name": "黒石高校前",
        "operator": "事業者不明",
        "ref": "",
        "url": "",
        "url2": ""
      }
    },
    {
      "type": "Feature",
      "geometry": {
        "type": "Point",
        "coordinates": [
          140.5982569,
          40.6644161
        ]
      },
      "properties": {
        "内容": "バス停: 目内沢入口",
        "name": "目内沢入口",
        "operator": "事業者不明",
        "ref": "",
        "url": "",
        "url2": ""
      }
    },
    {
      "type": "Feature",
      "geometry": {
        "type": "Point",
        "coordinates": [
          140.5753334,
          40.6498745
        ]
      },
      "properties": {
        "内容": "バス停: 境松",
        "name": "境松",
        "operator": "事業者不明",
        "ref": "",
        "url": "",
        "url2": ""
      }
    },
    {
      "type": "Feature",
      "geometry": {
        "type": "Point",
        "coordinates": [
          140.5061093,
          40.613358
        ]
      },
      "properties": {
        "内容": "バス停: 境関",
        "name": "境関",
        "operator": "事業者不明",
        "ref": "",
        "url": "",
        "url2": ""
      }
    },
    {
      "type": "Feature",
      "geometry": {
        "type": "Point",
        "coordinates": [
          140.5944271,
          40.6659499
        ]
      },
      "properties": {
        "内容": "バス停: 田中",
        "name": "田中",
        "operator": "事業者不明",
        "ref": "",
        "url": "",
        "url2": ""
      }
    },
    {
      "type": "Feature",
      "geometry": {
        "type": "Point",
        "coordinates": [
          140.514761,
          40.6177017
        ]
      },
      "properties": {
        "内容": "バス停: 大袋入口",
        "name": "大袋入口",
        "operator": "事業者不明",
        "ref": "",
        "url": "",
        "url2": ""
      }
    },
    {
      "type": "Feature",
      "geometry": {
        "type": "Point",
        "coordinates": [
          140.5941643,
          40.6477102
        ]
      },
      "properties": {
        "内容": "バス停: 黒石郵便局前",
        "name": "黒石郵便局前",
        "operator": "事業者不明",
        "ref": "",
        "url": "",
        "url2": ""
      }
    },
    {
      "type": "Feature",
      "geometry": {
        "type": "Point",
        "coordinates": [
          140.4597066,
          40.5834577
        ]
      },
      "properties": {
        "内容": "バス停: 市営住宅入口",
        "name": "市営住宅入口",
        "operator": "事業者不明",
        "ref": "",
        "url": "",
        "url2": ""
      }
    },
    {
      "type": "Feature",
      "geometry": {
        "type": "Point",
        "coordinates": [
          140.5990639,
          40.6721225
        ]
      },
      "properties": {
        "内容": "バス停: 並木精密前",
        "name": "並木精密前",
        "operator": "事業者不明",
        "ref": "",
        "url": "",
        "url2": ""
      }
    },
    {
      "type": "Feature",
      "geometry": {
        "type": "Point",
        "coordinates": [
          140.5991066,
          40.6749049
        ]
      },
      "properties": {
        "内容": "バス停: 小屋敷",
        "name": "小屋敷",
        "operator": "事業者不明",
        "ref": "",
        "url": "",
        "url2": ""
      }
    },
    {
      "type": "Feature",
      "geometry": {
        "type": "Point",
        "coordinates": [
          140.5964285,
          40.6490686
        ]
      },
      "properties": {
        "内容": "バス停: ぐみの木十文字",
        "name": "ぐみの木十文字",
        "operator": "事業者不明",
        "ref": "",
        "url": "",
        "url2": ""
      }
    },
    {
      "type": "Feature",
      "geometry": {
        "type": "Point",
        "coordinates": [
          140.6016209,
          40.649761
        ]
      },
      "properties": {
        "内容": "バス停: 下浜町",
        "name": "下浜町",
        "operator": "事業者不明",
        "ref": "",
        "url": "",
        "url2": ""
      }
    },
    {
      "type": "Feature",
      "geometry": {
        "type": "Point",
        "coordinates": [
          140.6026497,
          40.6512662
        ]
      },
      "properties": {
        "内容": "バス停: 中坪",
        "name": "中坪",
        "operator": "事業者不明",
        "ref": "",
        "url": "",
        "url2": ""
      }
    },
    {
      "type": "Feature",
      "geometry": {
        "type": "Point",
        "coordinates": [
          140.4571176,
          40.5817297
        ]
      },
      "properties": {
        "内容": "バス停: 市営住宅南口",
        "name": "市営住宅南口",
        "operator": "事業者不明",
        "ref": "",
        "url": "",
        "url2": ""
      }
    },
    {
      "type": "Feature",
      "geometry": {
        "type": "Point",
        "coordinates": [
          140.4616587,
          40.5858867
        ]
      },
      "properties": {
        "内容": "バス停: 緑ヶ丘",
        "name": "緑ヶ丘",
        "operator": "事業者不明",
        "ref": "",
        "url": "",
        "url2": ""
      }
    },
    {
      "type": "Feature",
      "geometry": {
        "type": "Point",
        "coordinates": [
          140.5994895,
          40.6593832
        ]
      },
      "properties": {
        "内容": "バス停: 野際北口",
        "name": "野際北口",
        "operator": "事業者不明",
        "ref": "",
        "url": "",
        "url2": ""
      }
    },
    {
      "type": "Feature",
      "geometry": {
        "type": "Point",
        "coordinates": [
          140.5888106,
          40.6749879
        ]
      },
      "properties": {
        "内容": "バス停: 馬場尻",
        "name": "馬場尻",
        "operator": "事業者不明",
        "ref": "",
        "url": "",
        "url2": ""
      }
    },
    {
      "type": "Feature",
      "geometry": {
        "type": "Point",
        "coordinates": [
          140.5716926,
          40.6379908
        ]
      },
      "properties": {
        "内容": "バス停: 高樋",
        "name": "高樋",
        "operator": "事業者不明",
        "ref": "",
        "url": "",
        "url2": ""
      }
    },
    {
      "type": "Feature",
      "geometry": {
        "type": "Point",
        "coordinates": [
          140.5156857,
          40.618061
        ]
      },
      "properties": {
        "内容": "バス停: 大袋入口",
        "name": "大袋入口",
        "operator": "事業者不明",
        "ref": "",
        "url": "",
        "url2": ""
      }
    },
    {
      "type": "Feature",
      "geometry": {
        "type": "Point",
        "coordinates": [
          140.5994249,
          40.6742257
        ]
      },
      "properties": {
        "内容": "バス停: 小屋敷",
        "name": "小屋敷",
        "operator": "事業者不明",
        "ref": "",
        "url": "",
        "url2": ""
      }
    },
    {
      "type": "Feature",
      "geometry": {
        "type": "Point",
        "coordinates": [
          140.5369525,
          40.6266328
        ]
      },
      "properties": {
        "内容": "バス停: 新山",
        "name": "新山",
        "operator": "事業者不明",
        "ref": "",
        "url": "",
        "url2": ""
      }
    },
    {
      "type": "Feature",
      "geometry": {
        "type": "Point",
        "coordinates": [
          140.591482,
          40.6485983
        ]
      },
      "properties": {
        "内容": "バス停: 黒石駅前",
        "name": "黒石駅前",
        "operator": "事業者不明",
        "ref": "",
        "url": "",
        "url2": ""
      }
    },
    {
      "type": "Feature",
      "geometry": {
        "type": "Point",
        "coordinates": [
          140.5849618,
          40.6458068
        ]
      },
      "properties": {
        "内容": "バス停: 元町",
        "name": "元町",
        "operator": "事業者不明",
        "ref": "",
        "url": "",
        "url2": ""
      }
    },
    {
      "type": "Feature",
      "geometry": {
        "type": "Point",
        "coordinates": [
          140.5527871,
          40.6297958
        ]
      },
      "properties": {
        "内容": "バス停: 田舎館",
        "name": "田舎館",
        "operator": "事業者不明",
        "ref": "",
        "url": "",
        "url2": ""
      }
    },
    {
      "type": "Feature",
      "geometry": {
        "type": "Point",
        "coordinates": [
          140.5755955,
          40.6385395
        ]
      },
      "properties": {
        "内容": "バス停: オリンパス工場前",
        "name": "オリンパス工場前",
        "operator": "事業者不明",
        "ref": "",
        "url": "",
        "url2": ""
      }
    },
    {
      "type": "Feature",
      "geometry": {
        "type": "Point",
        "coordinates": [
          140.5894075,
          40.6753195
        ]
      },
      "properties": {
        "内容": "バス停: 馬場尻",
        "name": "馬場尻",
        "operator": "事業者不明",
        "ref": "",
        "url": "",
        "url2": ""
      }
    },
    {
      "type": "Feature",
      "geometry": {
        "type": "Point",
        "coordinates": [
          140.5525356,
          40.6299846
        ]
      },
      "properties": {
        "内容": "バス停: 田舎館",
        "name": "田舎館",
        "operator": "事業者不明",
        "ref": "",
        "url": "",
        "url2": ""
      }
    },
    {
      "type": "Feature",
      "geometry": {
        "type": "Point",
        "coordinates": [
          140.5978584,
          40.6582215
        ]
      },
      "properties": {
        "内容": "バス停: 野際",
        "name": "野際",
        "operator": "事業者不明",
        "ref": "",
        "url": "",
        "url2": ""
      }
    },
    {
      "type": "Feature",
      "geometry": {
        "type": "Point",
        "coordinates": [
          140.567045,
          40.6524747
        ]
      },
      "properties": {
        "内容": "バス停: 新町",
        "name": "新町",
        "operator": "事業者不明",
        "ref": "",
        "url": "",
        "url2": ""
      }
    },
    {
      "type": "Feature",
      "geometry": {
        "type": "Point",
        "coordinates": [
          140.5915616,
          40.6487313
        ]
      },
      "properties": {
        "内容": "バス停: 黒石駅前",
        "name": "黒石駅前",
        "operator": "事業者不明",
        "ref": "",
        "url": "",
        "url2": ""
      }
    },
    {
      "type": "Feature",
      "geometry": {
        "type": "Point",
        "coordinates": [
          140.5993998,
          40.6597611
        ]
      },
      "properties": {
        "内容": "バス停: 野際北口",
        "name": "野際北口",
        "operator": "事業者不明",
        "ref": "",
        "url": "",
        "url2": ""
      }
    },
    {
      "type": "Feature",
      "geometry": {
        "type": "Point",
        "coordinates": [
          140.6061609,
          40.6530716
        ]
      },
      "properties": {
        "内容": "バス停: 商業高校前",
        "name": "商業高校前",
        "operator": "事業者不明",
        "ref": "",
        "url": "",
        "url2": ""
      }
    },
    {
      "type": "Feature",
      "geometry": {
        "type": "Point",
        "coordinates": [
          140.5817159,
          40.6468968
        ]
      },
      "properties": {
        "内容": "バス停: 名称不明バス停",
        "name": "名称不明バス停",
        "operator": "事業者不明",
        "ref": "",
        "url": "",
        "url2": ""
      }
    },
    {
      "type": "Feature",
      "geometry": {
        "type": "Point",
        "coordinates": [
          140.592176,
          40.6448446
        ]
      },
      "properties": {
        "内容": "バス停: 上町",
        "name": "上町",
        "operator": "事業者不明",
        "ref": "",
        "url": "",
        "url2": ""
      }
    },
    {
      "type": "Feature",
      "geometry": {
        "type": "Point",
        "coordinates": [
          140.5987561,
          40.667698
        ]
      },
      "properties": {
        "内容": "バス停: 黒石営業所",
        "name": "黒石営業所",
        "operator": "事業者不明",
        "ref": "",
        "url": "",
        "url2": ""
      }
    },
    {
      "type": "Feature",
      "geometry": {
        "type": "Point",
        "coordinates": [
          140.575619,
          40.6384565
        ]
      },
      "properties": {
        "内容": "バス停: オリンパス工場前",
        "name": "オリンパス工場前",
        "operator": "事業者不明",
        "ref": "",
        "url": "",
        "url2": ""
      }
    },
    {
      "type": "Feature",
      "geometry": {
        "type": "Point",
        "coordinates": [
          140.5833458,
          40.6391284
        ]
      },
      "properties": {
        "内容": "バス停: 追子の木西口",
        "name": "追子の木西口",
        "operator": "事業者不明",
        "ref": "",
        "url": "",
        "url2": ""
      }
    },
    {
      "type": "Feature",
      "geometry": {
        "type": "Point",
        "coordinates": [
          140.5874029,
          40.6388027
        ]
      },
      "properties": {
        "内容": "バス停: 追子の木",
        "name": "追子の木",
        "operator": "事業者不明",
        "ref": "",
        "url": "",
        "url2": ""
      }
    },
    {
      "type": "Feature",
      "geometry": {
        "type": "Point",
        "coordinates": [
          140.598541,
          40.6677773
        ]
      },
      "properties": {
        "内容": "バス停: 黒石営業所",
        "name": "黒石営業所",
        "operator": "事業者不明",
        "ref": "",
        "url": "",
        "url2": ""
      }
    },
    {
      "type": "Feature",
      "geometry": {
        "type": "Point",
        "coordinates": [
          140.5968701,
          40.6518135
        ]
      },
      "properties": {
        "内容": "バス停: ぐみの木",
        "name": "ぐみの木",
        "operator": "事業者不明",
        "ref": "",
        "url": "",
        "url2": ""
      }
    },
    {
      "type": "Feature",
      "geometry": {
        "type": "Point",
        "coordinates": [
          140.5972015,
          40.654348
        ]
      },
      "properties": {
        "内容": "バス停: 吉乃町",
        "name": "吉乃町",
        "operator": "事業者不明",
        "ref": "",
        "url": "",
        "url2": ""
      }
    },
    {
      "type": "Feature",
      "geometry": {
        "type": "Point",
        "coordinates": [
          140.5963423,
          40.6618072
        ]
      },
      "properties": {
        "内容": "バス停: あしたばの里",
        "name": "あしたばの里",
        "operator": "事業者不明",
        "ref": "",
        "url": "",
        "url2": ""
      }
    },
    {
      "type": "Feature",
      "geometry": {
        "type": "Point",
        "coordinates": [
          140.5860667,
          40.6456021
        ]
      },
      "properties": {
        "内容": "バス停: 黒石高校入口",
        "name": "黒石高校入口",
        "operator": "事業者不明",
        "ref": "",
        "url": "",
        "url2": ""
      }
    },
    {
      "type": "Feature",
      "geometry": {
        "type": "Point",
        "coordinates": [
          140.5817852,
          40.646631
        ]
      },
      "properties": {
        "内容": "バス停: 境松1丁目",
        "name": "境松1丁目",
        "operator": "事業者不明",
        "ref": "",
        "url": "",
        "url2": ""
      }
    },
    {
      "type": "Feature",
      "geometry": {
        "type": "Point",
        "coordinates": [
          140.4806449,
          40.5989147
        ]
      },
      "properties": {
        "内容": "バス停: 弘前バスターミナル",
        "name": "弘前バスターミナル",
        "operator": "事業者不明",
        "ref": "",
        "url": "",
        "url2": ""
      }
    },
    {
      "type": "Feature",
      "geometry": {
        "type": "Point",
        "coordinates": [
          140.4514588,
          40.5661419
        ]
      },
      "properties": {
        "内容": "バス停: 希望ヶ丘ホーム",
        "name": "希望ヶ丘ホーム",
        "operator": "事業者不明",
        "ref": "",
        "url": "",
        "url2": ""
      }
    },
    {
      "type": "Feature",
      "geometry": {
        "type": "Point",
        "coordinates": [
          140.5337048,
          40.6741276
        ]
      },
      "properties": {
        "内容": "バス停: 名称不明バス停",
        "name": "名称不明バス停",
        "operator": "事業者不明",
        "ref": "",
        "url": "",
        "url2": ""
      }
    },
    {
      "type": "Feature",
      "geometry": {
        "type": "Point",
        "coordinates": [
          140.504697,
          40.6616903
        ]
      },
      "properties": {
        "内容": "バス停: 名称不明バス停",
        "name": "名称不明バス停",
        "operator": "事業者不明",
        "ref": "",
        "url": "",
        "url2": ""
      }
    },
    {
      "type": "Feature",
      "geometry": {
        "type": "Point",
        "coordinates": [
          140.5417928,
          40.678328
        ]
      },
      "properties": {
        "内容": "バス停: 名称不明バス停",
        "name": "名称不明バス停",
        "operator": "事業者不明",
        "ref": "",
        "url": "",
        "url2": ""
      }
    },
    {
      "type": "Feature",
      "geometry": {
        "type": "Point",
        "coordinates": [
          140.5324109,
          40.6736125
        ]
      },
      "properties": {
        "内容": "バス停: 名称不明バス停",
        "name": "名称不明バス停",
        "operator": "事業者不明",
        "ref": "",
        "url": "",
        "url2": ""
      }
    },
    {
      "type": "Feature",
      "geometry": {
        "type": "Point",
        "coordinates": [
          140.5154127,
          40.6664268
        ]
      },
      "properties": {
        "内容": "バス停: 名称不明バス停",
        "name": "名称不明バス停",
        "operator": "事業者不明",
        "ref": "",
        "url": "",
        "url2": ""
      }
    },
    {
      "type": "Feature",
      "geometry": {
        "type": "Point",
        "coordinates": [
          140.5280819,
          40.6713438
        ]
      },
      "properties": {
        "内容": "バス停: 名称不明バス停",
        "name": "名称不明バス停",
        "operator": "事業者不明",
        "ref": "",
        "url": "",
        "url2": ""
      }
    },
    {
      "type": "Feature",
      "geometry": {
        "type": "Point",
        "coordinates": [
          140.504394,
          40.6614482
        ]
      },
      "properties": {
        "内容": "バス停: 名称不明バス停",
        "name": "名称不明バス停",
        "operator": "事業者不明",
        "ref": "",
        "url": "",
        "url2": ""
      }
    },
    {
      "type": "Feature",
      "geometry": {
        "type": "Point",
        "coordinates": [
          140.5272541,
          40.6707767
        ]
      },
      "properties": {
        "内容": "バス停: 名称不明バス停",
        "name": "名称不明バス停",
        "operator": "事業者不明",
        "ref": "",
        "url": "",
        "url2": ""
      }
    },
    {
      "type": "Feature",
      "geometry": {
        "type": "Point",
        "coordinates": [
          140.5413337,
          40.678205
        ]
      },
      "properties": {
        "内容": "バス停: 名称不明バス停",
        "name": "名称不明バス停",
        "operator": "事業者不明",
        "ref": "",
        "url": "",
        "url2": ""
      }
    },
    {
      "type": "Feature",
      "geometry": {
        "type": "Point",
        "coordinates": [
          140.5215661,
          40.6683529
        ]
      },
      "properties": {
        "内容": "バス停: 名称不明バス停",
        "name": "名称不明バス停",
        "operator": "事業者不明",
        "ref": "",
        "url": "",
        "url2": ""
      }
    },
    {
      "type": "Feature",
      "geometry": {
        "type": "Point",
        "coordinates": [
          140.5152062,
          40.6664773
        ]
      },
      "properties": {
        "内容": "バス停: 名称不明バス停",
        "name": "名称不明バス停",
        "operator": "事業者不明",
        "ref": "",
        "url": "",
        "url2": ""
      }
    },
    {
      "type": "Feature",
      "geometry": {
        "type": "Point",
        "coordinates": [
          140.5217467,
          40.6685934
        ]
      },
      "properties": {
        "内容": "バス停: 名称不明バス停",
        "name": "名称不明バス停",
        "operator": "事業者不明",
        "ref": "",
        "url": "",
        "url2": ""
      }
    },
    {
      "type": "Feature",
      "geometry": {
        "type": "Point",
        "coordinates": [
          140.4775445,
          40.6242294
        ]
      },
      "properties": {
        "内容": "バス停: 向外瀬3丁目",
        "name": "向外瀬3丁目",
        "operator": "事業者不明",
        "ref": "",
        "url": "",
        "url2": ""
      }
    },
    {
      "type": "Feature",
      "geometry": {
        "type": "Point",
        "coordinates": [
          140.5472144,
          40.6807633
        ]
      },
      "properties": {
        "内容": "バス停: 名称不明バス停",
        "name": "名称不明バス停",
        "operator": "事業者不明",
        "ref": "",
        "url": "",
        "url2": ""
      }
    },
    {
      "type": "Feature",
      "geometry": {
        "type": "Point",
        "coordinates": [
          140.5901979,
          40.7171603
        ]
      },
      "properties": {
        "内容": "バス停: 青森南警察署前",
        "name": "青森南警察署前",
        "operator": "事業者不明",
        "ref": "",
        "url": "",
        "url2": ""
      }
    },
    {
      "type": "Feature",
      "geometry": {
        "type": "Point",
        "coordinates": [
          140.4760747,
          40.6431312
        ]
      },
      "properties": {
        "内容": "バス停: 岩賀2丁目",
        "name": "岩賀2丁目",
        "operator": "事業者不明",
        "ref": "",
        "url": "",
        "url2": ""
      }
    },
    {
      "type": "Feature",
      "geometry": {
        "type": "Point",
        "coordinates": [
          140.4797113,
          40.6374302
        ]
      },
      "properties": {
        "内容": "バス停: 北和徳工業団地南口",
        "name": "北和徳工業団地南口",
        "operator": "事業者不明",
        "ref": "",
        "url": "",
        "url2": ""
      }
    },
    {
      "type": "Feature",
      "geometry": {
        "type": "Point",
        "coordinates": [
          140.5888976,
          40.7200259
        ]
      },
      "properties": {
        "内容": "バス停: 浪岡北口",
        "name": "浪岡北口",
        "operator": "事業者不明",
        "ref": "",
        "url": "",
        "url2": ""
      }
    },
    {
      "type": "Feature",
      "geometry": {
        "type": "Point",
        "coordinates": [
          140.5616903,
          40.6945902
        ]
      },
      "properties": {
        "内容": "バス停: 名称不明バス停",
        "name": "名称不明バス停",
        "operator": "事業者不明",
        "ref": "",
        "url": "",
        "url2": ""
      }
    },
    {
      "type": "Feature",
      "geometry": {
        "type": "Point",
        "coordinates": [
          140.5558463,
          40.6862651
        ]
      },
      "properties": {
        "内容": "バス停: 名称不明バス停",
        "name": "名称不明バス停",
        "operator": "事業者不明",
        "ref": "",
        "url": "",
        "url2": ""
      }
    },
    {
      "type": "Feature",
      "geometry": {
        "type": "Point",
        "coordinates": [
          140.4767464,
          40.6285127
        ]
      },
      "properties": {
        "内容": "バス停: 養正農協前",
        "name": "養正農協前",
        "operator": "事業者不明",
        "ref": "",
        "url": "",
        "url2": ""
      }
    },
    {
      "type": "Feature",
      "geometry": {
        "type": "Point",
        "coordinates": [
          140.5578206,
          40.6895823
        ]
      },
      "properties": {
        "内容": "バス停: 名称不明バス停",
        "name": "名称不明バス停",
        "operator": "事業者不明",
        "ref": "",
        "url": "",
        "url2": ""
      }
    },
    {
      "type": "Feature",
      "geometry": {
        "type": "Point",
        "coordinates": [
          140.5651741,
          40.7003422
        ]
      },
      "properties": {
        "内容": "バス停: 名称不明バス停",
        "name": "名称不明バス停",
        "operator": "事業者不明",
        "ref": "",
        "url": "",
        "url2": ""
      }
    },
    {
      "type": "Feature",
      "geometry": {
        "type": "Point",
        "coordinates": [
          140.5609453,
          40.6939176
        ]
      },
      "properties": {
        "内容": "バス停: 名称不明バス停",
        "name": "名称不明バス停",
        "operator": "事業者不明",
        "ref": "",
        "url": "",
        "url2": ""
      }
    },
    {
      "type": "Feature",
      "geometry": {
        "type": "Point",
        "coordinates": [
          140.590223,
          40.7125152
        ]
      },
      "properties": {
        "内容": "バス停: 浪岡",
        "name": "浪岡",
        "operator": "事業者不明",
        "ref": "",
        "url": "",
        "url2": ""
      }
    },
    {
      "type": "Feature",
      "geometry": {
        "type": "Point",
        "coordinates": [
          140.4778357,
          40.6263726
        ]
      },
      "properties": {
        "内容": "バス停: 向外瀬5丁目",
        "name": "向外瀬5丁目",
        "operator": "事業者不明",
        "ref": "",
        "url": "",
        "url2": ""
      }
    },
    {
      "type": "Feature",
      "geometry": {
        "type": "Point",
        "coordinates": [
          140.5578477,
          40.6893958
        ]
      },
      "properties": {
        "内容": "バス停: 名称不明バス停",
        "name": "名称不明バス停",
        "operator": "事業者不明",
        "ref": "",
        "url": "",
        "url2": ""
      }
    },
    {
      "type": "Feature",
      "geometry": {
        "type": "Point",
        "coordinates": [
          140.5484122,
          40.6814895
        ]
      },
      "properties": {
        "内容": "バス停: 名称不明バス停",
        "name": "名称不明バス停",
        "operator": "事業者不明",
        "ref": "",
        "url": "",
        "url2": ""
      }
    },
    {
      "type": "Feature",
      "geometry": {
        "type": "Point",
        "coordinates": [
          140.5692171,
          40.7032118
        ]
      },
      "properties": {
        "内容": "バス停: 名称不明バス停",
        "name": "名称不明バス停",
        "operator": "事業者不明",
        "ref": "",
        "url": "",
        "url2": ""
      }
    },
    {
      "type": "Feature",
      "geometry": {
        "type": "Point",
        "coordinates": [
          140.5902727,
          40.7123015
        ]
      },
      "properties": {
        "内容": "バス停: 浪岡",
        "name": "浪岡",
        "operator": "事業者不明",
        "ref": "",
        "url": "",
        "url2": ""
      }
    },
    {
      "type": "Feature",
      "geometry": {
        "type": "Point",
        "coordinates": [
          140.4741255,
          40.6444782
        ]
      },
      "properties": {
        "内容": "バス停: 岩賀",
        "name": "岩賀",
        "operator": "事業者不明",
        "ref": "",
        "url": "",
        "url2": ""
      }
    },
    {
      "type": "Feature",
      "geometry": {
        "type": "Point",
        "coordinates": [
          140.4773706,
          40.6152646
        ]
      },
      "properties": {
        "内容": "バス停: 社会福祉センター前",
        "name": "社会福祉センター前",
        "operator": "事業者不明",
        "ref": "",
        "url": "",
        "url2": ""
      }
    },
    {
      "type": "Feature",
      "geometry": {
        "type": "Point",
        "coordinates": [
          140.5884094,
          40.710041
        ]
      },
      "properties": {
        "内容": "バス停: 名称不明バス停",
        "name": "名称不明バス停",
        "operator": "事業者不明",
        "ref": "",
        "url": "",
        "url2": ""
      }
    },
    {
      "type": "Feature",
      "geometry": {
        "type": "Point",
        "coordinates": [
          140.4806367,
          40.6403821
        ]
      },
      "properties": {
        "内容": "バス停: 北和徳工業団地北口",
        "name": "北和徳工業団地北口",
        "operator": "事業者不明",
        "ref": "",
        "url": "",
        "url2": ""
      }
    },
    {
      "type": "Feature",
      "geometry": {
        "type": "Point",
        "coordinates": [
          140.5789745,
          40.705607
        ]
      },
      "properties": {
        "内容": "バス停: 名称不明バス停",
        "name": "名称不明バス停",
        "operator": "事業者不明",
        "ref": "",
        "url": "",
        "url2": ""
      }
    },
    {
      "type": "Feature",
      "geometry": {
        "type": "Point",
        "coordinates": [
          140.5561061,
          40.6868536
        ]
      },
      "properties": {
        "内容": "バス停: 名称不明バス停",
        "name": "名称不明バス停",
        "operator": "事業者不明",
        "ref": "",
        "url": "",
        "url2": ""
      }
    },
    {
      "type": "Feature",
      "geometry": {
        "type": "Point",
        "coordinates": [
          140.5644963,
          40.6997886
        ]
      },
      "properties": {
        "内容": "バス停: 名称不明バス停",
        "name": "名称不明バス停",
        "operator": "事業者不明",
        "ref": "",
        "url": "",
        "url2": ""
      }
    },
    {
      "type": "Feature",
      "geometry": {
        "type": "Point",
        "coordinates": [
          140.4774242,
          40.6242429
        ]
      },
      "properties": {
        "内容": "バス停: 向外瀬3丁目",
        "name": "向外瀬3丁目",
        "operator": "事業者不明",
        "ref": "",
        "url": "",
        "url2": ""
      }
    },
    {
      "type": "Feature",
      "geometry": {
        "type": "Point",
        "coordinates": [
          140.4763676,
          40.6364101
        ]
      },
      "properties": {
        "内容": "バス停: 清野袋",
        "name": "清野袋",
        "operator": "事業者不明",
        "ref": "",
        "url": "",
        "url2": ""
      }
    },
    {
      "type": "Feature",
      "geometry": {
        "type": "Point",
        "coordinates": [
          140.5887554,
          40.720186
        ]
      },
      "properties": {
        "内容": "バス停: 浪岡北口",
        "name": "浪岡北口",
        "operator": "事業者不明",
        "ref": "",
        "url": "",
        "url2": ""
      }
    },
    {
      "type": "Feature",
      "geometry": {
        "type": "Point",
        "coordinates": [
          140.5791112,
          40.7054624
        ]
      },
      "properties": {
        "内容": "バス停: 名称不明バス停",
        "name": "名称不明バス停",
        "operator": "事業者不明",
        "ref": "",
        "url": "",
        "url2": ""
      }
    },
    {
      "type": "Feature",
      "geometry": {
        "type": "Point",
        "coordinates": [
          140.4774549,
          40.6329002
        ]
      },
      "properties": {
        "内容": "バス停: 公民館前",
        "name": "公民館前",
        "operator": "事業者不明",
        "ref": "",
        "url": "",
        "url2": ""
      }
    },
    {
      "type": "Feature",
      "geometry": {
        "type": "Point",
        "coordinates": [
          140.5883711,
          40.7098838
        ]
      },
      "properties": {
        "内容": "バス停: 名称不明バス停",
        "name": "名称不明バス停",
        "operator": "事業者不明",
        "ref": "",
        "url": "",
        "url2": ""
      }
    },
    {
      "type": "Feature",
      "geometry": {
        "type": "Point",
        "coordinates": [
          140.5894308,
          40.7180497
        ]
      },
      "properties": {
        "内容": "バス停: 青森南警察署前",
        "name": "青森南警察署前",
        "operator": "事業者不明",
        "ref": "",
        "url": "",
        "url2": ""
      }
    },
    {
      "type": "Feature",
      "geometry": {
        "type": "Point",
        "coordinates": [
          140.4777206,
          40.6264353
        ]
      },
      "properties": {
        "内容": "バス停: 向外瀬5丁目",
        "name": "向外瀬5丁目",
        "operator": "事業者不明",
        "ref": "",
        "url": "",
        "url2": ""
      }
    },
    {
      "type": "Feature",
      "geometry": {
        "type": "Point",
        "coordinates": [
          140.476495,
          40.61748
        ]
      },
      "properties": {
        "内容": "バス停: 宮園5丁目県営住宅前",
        "name": "宮園5丁目県営住宅前",
        "operator": "事業者不明",
        "ref": "",
        "url": "",
        "url2": ""
      }
    },
    {
      "type": "Feature",
      "geometry": {
        "type": "Point",
        "coordinates": [
          140.4607548,
          40.6229542
        ]
      },
      "properties": {
        "内容": "バス停: 致遠小学校通り",
        "name": "致遠小学校通り",
        "operator": "事業者不明",
        "ref": "",
        "url": "",
        "url2": ""
      }
    },
    {
      "type": "Feature",
      "geometry": {
        "type": "Point",
        "coordinates": [
          140.4572754,
          40.6231647
        ]
      },
      "properties": {
        "内容": "バス停: 浜の町3丁目",
        "name": "浜の町3丁目",
        "operator": "事業者不明",
        "ref": "",
        "url": "",
        "url2": ""
      }
    },
    {
      "type": "Feature",
      "geometry": {
        "type": "Point",
        "coordinates": [
          140.4572162,
          40.5439212
        ]
      },
      "properties": {
        "内容": "バス停: 一の渡",
        "name": "一の渡",
        "operator": "事業者不明",
        "ref": "",
        "url": "",
        "url2": ""
      }
    },
    {
      "type": "Feature",
      "geometry": {
        "type": "Point",
        "coordinates": [
          140.4349499,
          40.6320514
        ]
      },
      "properties": {
        "内容": "バス停: 蒔苗",
        "name": "蒔苗",
        "operator": "事業者不明",
        "ref": "",
        "url": "",
        "url2": ""
      }
    },
    {
      "type": "Feature",
      "geometry": {
        "type": "Point",
        "coordinates": [
          140.463719,
          40.6194617
        ]
      },
      "properties": {
        "内容": "バス停: 市営住宅前",
        "name": "市営住宅前",
        "operator": "事業者不明",
        "ref": "",
        "url": "",
        "url2": ""
      }
    },
    {
      "type": "Feature",
      "geometry": {
        "type": "Point",
        "coordinates": [
          140.4787806,
          40.5649827
        ]
      },
      "properties": {
        "内容": "バス停: 千年",
        "name": "千年",
        "operator": "事業者不明",
        "ref": "",
        "url": "",
        "url2": ""
      }
    },
    {
      "type": "Feature",
      "geometry": {
        "type": "Point",
        "coordinates": [
          140.4549497,
          40.6266047
        ]
      },
      "properties": {
        "内容": "バス停: 石渡南口",
        "name": "石渡南口",
        "operator": "事業者不明",
        "ref": "",
        "url": "",
        "url2": ""
      }
    },
    {
      "type": "Feature",
      "geometry": {
        "type": "Point",
        "coordinates": [
          140.4634491,
          40.6238109
        ]
      },
      "properties": {
        "内容": "バス停: 県営アパート前",
        "name": "県営アパート前",
        "operator": "事業者不明",
        "ref": "",
        "url": "",
        "url2": ""
      }
    },
    {
      "type": "Feature",
      "geometry": {
        "type": "Point",
        "coordinates": [
          140.4529118,
          40.6285893
        ]
      },
      "properties": {
        "内容": "バス停: 石渡",
        "name": "石渡",
        "operator": "事業者不明",
        "ref": "",
        "url": "",
        "url2": ""
      }
    },
    {
      "type": "Feature",
      "geometry": {
        "type": "Point",
        "coordinates": [
          140.4143486,
          40.6414256
        ]
      },
      "properties": {
        "内容": "バス停: 富栄",
        "name": "富栄",
        "operator": "事業者不明",
        "ref": "",
        "url": "",
        "url2": ""
      }
    },
    {
      "type": "Feature",
      "geometry": {
        "type": "Point",
        "coordinates": [
          140.4636777,
          40.5519178
        ]
      },
      "properties": {
        "内容": "バス停: 大和沢",
        "name": "大和沢",
        "operator": "事業者不明",
        "ref": "",
        "url": "",
        "url2": ""
      }
    },
    {
      "type": "Feature",
      "geometry": {
        "type": "Point",
        "coordinates": [
          140.4100656,
          40.6462122
        ]
      },
      "properties": {
        "内容": "バス停: 折笠",
        "name": "折笠",
        "operator": "事業者不明",
        "ref": "",
        "url": "",
        "url2": ""
      }
    },
    {
      "type": "Feature",
      "geometry": {
        "type": "Point",
        "coordinates": [
          140.4125574,
          40.6566737
        ]
      },
      "properties": {
        "内容": "バス停: 向野",
        "name": "向野",
        "operator": "事業者不明",
        "ref": "",
        "url": "",
        "url2": ""
      }
    },
    {
      "type": "Feature",
      "geometry": {
        "type": "Point",
        "coordinates": [
          140.4777018,
          40.5644434
        ]
      },
      "properties": {
        "内容": "バス停: 千年4丁目",
        "name": "千年4丁目",
        "operator": "事業者不明",
        "ref": "",
        "url": "",
        "url2": ""
      }
    },
    {
      "type": "Feature",
      "geometry": {
        "type": "Point",
        "coordinates": [
          140.4447224,
          40.6210468
        ]
      },
      "properties": {
        "内容": "バス停: 土堂神社前",
        "name": "土堂神社前",
        "operator": "事業者不明",
        "ref": "",
        "url": "",
        "url2": ""
      }
    },
    {
      "type": "Feature",
      "geometry": {
        "type": "Point",
        "coordinates": [
          140.4319266,
          40.6457576
        ]
      },
      "properties": {
        "内容": "バス停: 三ッ森",
        "name": "三ッ森",
        "operator": "事業者不明",
        "ref": "",
        "url": "",
        "url2": ""
      }
    },
    {
      "type": "Feature",
      "geometry": {
        "type": "Point",
        "coordinates": [
          140.4339098,
          40.6323911
        ]
      },
      "properties": {
        "内容": "バス停: 蒔苗",
        "name": "蒔苗",
        "operator": "事業者不明",
        "ref": "",
        "url": "",
        "url2": ""
      }
    },
    {
      "type": "Feature",
      "geometry": {
        "type": "Point",
        "coordinates": [
          140.415924,
          40.6414003
        ]
      },
      "properties": {
        "内容": "バス停: 富栄",
        "name": "富栄",
        "operator": "事業者不明",
        "ref": "",
        "url": "",
        "url2": ""
      }
    },
    {
      "type": "Feature",
      "geometry": {
        "type": "Point",
        "coordinates": [
          140.4533021,
          40.6293656
        ]
      },
      "properties": {
        "内容": "バス停: 石渡",
        "name": "石渡",
        "operator": "事業者不明",
        "ref": "",
        "url": "",
        "url2": ""
      }
    },
    {
      "type": "Feature",
      "geometry": {
        "type": "Point",
        "coordinates": [
          140.4210883,
          40.6427816
        ]
      },
      "properties": {
        "内容": "バス停: 三ッ森北口",
        "name": "三ッ森北口",
        "operator": "事業者不明",
        "ref": "",
        "url": "",
        "url2": ""
      }
    },
    {
      "type": "Feature",
      "geometry": {
        "type": "Point",
        "coordinates": [
          140.4437548,
          40.6446293
        ]
      },
      "properties": {
        "内容": "バス停: 独狐南口",
        "name": "独狐南口",
        "operator": "事業者不明",
        "ref": "",
        "url": "",
        "url2": ""
      }
    },
    {
      "type": "Feature",
      "geometry": {
        "type": "Point",
        "coordinates": [
          140.4640221,
          40.6217095
        ]
      },
      "properties": {
        "内容": "バス停: 県営住宅前",
        "name": "県営住宅前",
        "operator": "事業者不明",
        "ref": "",
        "url": "",
        "url2": ""
      }
    },
    {
      "type": "Feature",
      "geometry": {
        "type": "Point",
        "coordinates": [
          140.4231986,
          40.6359627
        ]
      },
      "properties": {
        "内容": "バス停: 小島入口",
        "name": "小島入口",
        "operator": "事業者不明",
        "ref": "",
        "url": "",
        "url2": ""
      }
    },
    {
      "type": "Feature",
      "geometry": {
        "type": "Point",
        "coordinates": [
          140.4570905,
          40.6232643
        ]
      },
      "properties": {
        "内容": "バス停: 浜の町3丁目",
        "name": "浜の町3丁目",
        "operator": "事業者不明",
        "ref": "",
        "url": "",
        "url2": ""
      }
    },
    {
      "type": "Feature",
      "geometry": {
        "type": "Point",
        "coordinates": [
          140.4587808,
          40.5450894
        ]
      },
      "properties": {
        "内容": "バス停: 下一の渡",
        "name": "下一の渡",
        "operator": "事業者不明",
        "ref": "",
        "url": "",
        "url2": ""
      }
    },
    {
      "type": "Feature",
      "geometry": {
        "type": "Point",
        "coordinates": [
          140.4733267,
          40.5607982
        ]
      },
      "properties": {
        "内容": "バス停: 狼森南口",
        "name": "狼森南口",
        "operator": "事業者不明",
        "ref": "",
        "url": "",
        "url2": ""
      }
    },
    {
      "type": "Feature",
      "geometry": {
        "type": "Point",
        "coordinates": [
          140.4099508,
          40.6452637
        ]
      },
      "properties": {
        "内容": "バス停: 折笠",
        "name": "折笠",
        "operator": "事業者不明",
        "ref": "",
        "url": "",
        "url2": ""
      }
    },
    {
      "type": "Feature",
      "geometry": {
        "type": "Point",
        "coordinates": [
          140.4697092,
          40.5586497
        ]
      },
      "properties": {
        "内容": "バス停: 狼森",
        "name": "狼森",
        "operator": "事業者不明",
        "ref": "",
        "url": "",
        "url2": ""
      }
    },
    {
      "type": "Feature",
      "geometry": {
        "type": "Point",
        "coordinates": [
          140.4637803,
          40.55187
        ]
      },
      "properties": {
        "内容": "バス停: 大和沢",
        "name": "大和沢",
        "operator": "事業者不明",
        "ref": "",
        "url": "",
        "url2": ""
      }
    },
    {
      "type": "Feature",
      "geometry": {
        "type": "Point",
        "coordinates": [
          140.4753447,
          40.5643193
        ]
      },
      "properties": {
        "内容": "バス停: 原ケ平",
        "name": "原ケ平",
        "operator": "事業者不明",
        "ref": "",
        "url": "",
        "url2": ""
      }
    },
    {
      "type": "Feature",
      "geometry": {
        "type": "Point",
        "coordinates": [
          140.4803358,
          40.5661161
        ]
      },
      "properties": {
        "内容": "バス停: 千年",
        "name": "千年",
        "operator": "事業者不明",
        "ref": "",
        "url": "",
        "url2": ""
      }
    },
    {
      "type": "Feature",
      "geometry": {
        "type": "Point",
        "coordinates": [
          140.4472847,
          40.5327655
        ]
      },
      "properties": {
        "内容": "バス停: 座頭石",
        "name": "座頭石",
        "operator": "事業者不明",
        "ref": "",
        "url": "",
        "url2": ""
      }
    },
    {
      "type": "Feature",
      "geometry": {
        "type": "Point",
        "coordinates": [
          140.4756111,
          40.5630444
        ]
      },
      "properties": {
        "内容": "バス停: ちとせ保育園前",
        "name": "ちとせ保育園前",
        "operator": "事業者不明",
        "ref": "",
        "url": "",
        "url2": ""
      }
    },
    {
      "type": "Feature",
      "geometry": {
        "type": "Point",
        "coordinates": [
          140.4740081,
          40.5628578
        ]
      },
      "properties": {
        "内容": "バス停: 聾学校前",
        "name": "聾学校前",
        "operator": "事業者不明",
        "ref": "",
        "url": "",
        "url2": ""
      }
    },
    {
      "type": "Feature",
      "geometry": {
        "type": "Point",
        "coordinates": [
          140.4533458,
          40.6290578
        ]
      },
      "properties": {
        "内容": "バス停: 石渡",
        "name": "石渡",
        "operator": "事業者不明",
        "ref": "",
        "url": "",
        "url2": ""
      }
    },
    {
      "type": "Feature",
      "geometry": {
        "type": "Point",
        "coordinates": [
          140.4532139,
          40.5412944
        ]
      },
      "properties": {
        "内容": "バス停: 上一の渡",
        "name": "上一の渡",
        "operator": "事業者不明",
        "ref": "",
        "url": "",
        "url2": ""
      }
    },
    {
      "type": "Feature",
      "geometry": {
        "type": "Point",
        "coordinates": [
          140.4739258,
          40.5629118
        ]
      },
      "properties": {
        "内容": "バス停: 聾学校前",
        "name": "聾学校前",
        "operator": "事業者不明",
        "ref": "",
        "url": "",
        "url2": ""
      }
    },
    {
      "type": "Feature",
      "geometry": {
        "type": "Point",
        "coordinates": [
          140.4504766,
          40.5394175
        ]
      },
      "properties": {
        "内容": "バス停: 南一の渡",
        "name": "南一の渡",
        "operator": "事業者不明",
        "ref": "",
        "url": "",
        "url2": ""
      }
    },
    {
      "type": "Feature",
      "geometry": {
        "type": "Point",
        "coordinates": [
          140.4753052,
          40.562667
        ]
      },
      "properties": {
        "内容": "バス停: ちとせ保育園前",
        "name": "ちとせ保育園前",
        "operator": "事業者不明",
        "ref": "",
        "url": "",
        "url2": ""
      }
    },
    {
      "type": "Feature",
      "geometry": {
        "type": "Point",
        "coordinates": [
          140.4610191,
          40.6199483
        ]
      },
      "properties": {
        "内容": "バス停: 神社前",
        "name": "神社前",
        "operator": "事業者不明",
        "ref": "",
        "url": "",
        "url2": ""
      }
    },
    {
      "type": "Feature",
      "geometry": {
        "type": "Point",
        "coordinates": [
          140.4689669,
          40.558173
        ]
      },
      "properties": {
        "内容": "バス停: 狼森",
        "name": "狼森",
        "operator": "事業者不明",
        "ref": "",
        "url": "",
        "url2": ""
      }
    },
    {
      "type": "Feature",
      "geometry": {
        "type": "Point",
        "coordinates": [
          140.4636184,
          40.6228041
        ]
      },
      "properties": {
        "内容": "バス停: 集会所前",
        "name": "集会所前",
        "operator": "事業者不明",
        "ref": "",
        "url": "",
        "url2": ""
      }
    },
    {
      "type": "Feature",
      "geometry": {
        "type": "Point",
        "coordinates": [
          140.4144956,
          40.641482
        ]
      },
      "properties": {
        "内容": "バス停: 富栄",
        "name": "富栄",
        "operator": "事業者不明",
        "ref": "",
        "url": "",
        "url2": ""
      }
    },
    {
      "type": "Feature",
      "geometry": {
        "type": "Point",
        "coordinates": [
          140.4463053,
          40.627818
        ]
      },
      "properties": {
        "内容": "バス停: 元薬師堂",
        "name": "元薬師堂",
        "operator": "事業者不明",
        "ref": "",
        "url": "",
        "url2": ""
      }
    },
    {
      "type": "Feature",
      "geometry": {
        "type": "Point",
        "coordinates": [
          140.4130544,
          40.652527
        ]
      },
      "properties": {
        "内容": "バス停: 中別所",
        "name": "中別所",
        "operator": "事業者不明",
        "ref": "",
        "url": "",
        "url2": ""
      }
    },
    {
      "type": "Feature",
      "geometry": {
        "type": "Point",
        "coordinates": [
          140.473468,
          40.5610317
        ]
      },
      "properties": {
        "内容": "バス停: 狼森南口",
        "name": "狼森南口",
        "operator": "事業者不明",
        "ref": "",
        "url": "",
        "url2": ""
      }
    },
    {
      "type": "Feature",
      "geometry": {
        "type": "Point",
        "coordinates": [
          140.4505451,
          40.6336267
        ]
      },
      "properties": {
        "内容": "バス停: 河西体育センター入口",
        "name": "河西体育センター入口",
        "operator": "事業者不明",
        "ref": "",
        "url": "",
        "url2": ""
      }
    },
    {
      "type": "Feature",
      "geometry": {
        "type": "Point",
        "coordinates": [
          140.4616406,
          40.5484449
        ]
      },
      "properties": {
        "内容": "バス停: みつば保育園",
        "name": "みつば保育園",
        "operator": "事業者不明",
        "ref": "",
        "url": "",
        "url2": ""
      }
    },
    {
      "type": "Feature",
      "geometry": {
        "type": "Point",
        "coordinates": [
          140.4116333,
          40.6494969
        ]
      },
      "properties": {
        "内容": "バス停: 宮館",
        "name": "宮館",
        "operator": "事業者不明",
        "ref": "",
        "url": "",
        "url2": ""
      }
    },
    {
      "type": "Feature",
      "geometry": {
        "type": "Point",
        "coordinates": [
          140.4769604,
          40.563862
        ]
      },
      "properties": {
        "内容": "バス停: 千年4丁目",
        "name": "千年4丁目",
        "operator": "事業者不明",
        "ref": "",
        "url": "",
        "url2": ""
      }
    },
    {
      "type": "Feature",
      "geometry": {
        "type": "Point",
        "coordinates": [
          140.4287474,
          40.6473445
        ]
      },
      "properties": {
        "内容": "バス停: 中央三ッ森",
        "name": "中央三ッ森",
        "operator": "事業者不明",
        "ref": "",
        "url": "",
        "url2": ""
      }
    },
    {
      "type": "Feature",
      "geometry": {
        "type": "Point",
        "coordinates": [
          140.4544058,
          40.6200315
        ]
      },
      "properties": {
        "内容": "バス停: 田中",
        "name": "田中",
        "operator": "事業者不明",
        "ref": "",
        "url": "",
        "url2": ""
      }
    },
    {
      "type": "Feature",
      "geometry": {
        "type": "Point",
        "coordinates": [
          140.4549855,
          40.6267487
        ]
      },
      "properties": {
        "内容": "バス停: 石渡南口",
        "name": "石渡南口",
        "operator": "事業者不明",
        "ref": "",
        "url": "",
        "url2": ""
      }
    },
    {
      "type": "Feature",
      "geometry": {
        "type": "Point",
        "coordinates": [
          140.4491002,
          40.635597
        ]
      },
      "properties": {
        "内容": "バス停: 総合物流センター前",
        "name": "総合物流センター前",
        "operator": "事業者不明",
        "ref": "",
        "url": "",
        "url2": ""
      }
    },
    {
      "type": "Feature",
      "geometry": {
        "type": "Point",
        "coordinates": [
          140.4193679,
          40.6384137
        ]
      },
      "properties": {
        "内容": "バス停: 小島",
        "name": "小島",
        "operator": "事業者不明",
        "ref": "",
        "url": "",
        "url2": ""
      }
    },
    {
      "type": "Feature",
      "geometry": {
        "type": "Point",
        "coordinates": [
          140.4475846,
          40.6200588
        ]
      },
      "properties": {
        "内容": "バス停: 土堂入口",
        "name": "土堂入口",
        "operator": "事業者不明",
        "ref": "",
        "url": "",
        "url2": ""
      }
    },
    {
      "type": "Feature",
      "geometry": {
        "type": "Point",
        "coordinates": [
          140.4617059,
          40.5929093
        ]
      },
      "properties": {
        "内容": "バス停: 桔梗野小学校前",
        "name": "桔梗野小学校前",
        "operator": "事業者不明",
        "ref": "",
        "url": "",
        "url2": ""
      }
    },
    {
      "type": "Feature",
      "geometry": {
        "type": "Point",
        "coordinates": [
          140.4458083,
          40.580382
        ]
      },
      "properties": {
        "内容": "バス停: 南高校",
        "name": "南高校",
        "operator": "事業者不明",
        "ref": "",
        "url": "",
        "url2": ""
      }
    },
    {
      "type": "Feature",
      "geometry": {
        "type": "Point",
        "coordinates": [
          140.5089877,
          40.5980939
        ]
      },
      "properties": {
        "内容": "バス停: カブセンター",
        "name": "カブセンター",
        "operator": "事業者不明",
        "ref": "",
        "url": "",
        "url2": ""
      }
    },
    {
      "type": "Feature",
      "geometry": {
        "type": "Point",
        "coordinates": [
          140.509295,
          40.5981618
        ]
      },
      "properties": {
        "内容": "バス停: カブセンター",
        "name": "カブセンター",
        "operator": "事業者不明",
        "ref": "",
        "url": "",
        "url2": ""
      }
    },
    {
      "type": "Feature",
      "geometry": {
        "type": "Point",
        "coordinates": [
          140.4543499,
          40.6301144
        ]
      },
      "properties": {
        "内容": "バス停: 石渡",
        "name": "石渡",
        "operator": "事業者不明",
        "ref": "",
        "url": "",
        "url2": ""
      }
    },
    {
      "type": "Feature",
      "geometry": {
        "type": "Point",
        "coordinates": [
          140.5185217,
          40.5736977
        ]
      },
      "properties": {
        "内容": "バス停: 堀越",
        "name": "堀越",
        "operator": "事業者不明",
        "ref": "",
        "url": "",
        "url2": ""
      }
    },
    {
      "type": "Feature",
      "geometry": {
        "type": "Point",
        "coordinates": [
          140.4701665,
          40.5879504
        ]
      },
      "properties": {
        "内容": "バス停: 文京町",
        "name": "文京町",
        "operator": "事業者不明",
        "ref": "",
        "url": "",
        "url2": ""
      }
    },
    {
      "type": "Feature",
      "geometry": {
        "type": "Point",
        "coordinates": [
          140.5158274,
          40.5748378
        ]
      },
      "properties": {
        "内容": "バス停: 下堀越",
        "name": "下堀越",
        "operator": "事業者不明",
        "ref": "",
        "url": "",
        "url2": ""
      }
    },
    {
      "type": "Feature",
      "geometry": {
        "type": "Point",
        "coordinates": [
          140.4451228,
          40.6025631
        ]
      },
      "properties": {
        "内容": "バス停: イオンタウン弘前樋の口",
        "name": "イオンタウン弘前樋の口",
        "operator": "事業者不明",
        "ref": "",
        "url": "",
        "url2": ""
      }
    },
    {
      "type": "Feature",
      "geometry": {
        "type": "Point",
        "coordinates": [
          140.4553512,
          40.6310722
        ]
      },
      "properties": {
        "内容": "バス停: 給食センター前",
        "name": "給食センター前",
        "operator": "事業者不明",
        "ref": "",
        "url": "",
        "url2": ""
      }
    },
    {
      "type": "Feature",
      "geometry": {
        "type": "Point",
        "coordinates": [
          140.509833,
          40.5773434
        ]
      },
      "properties": {
        "内容": "バス停: 門外東口",
        "name": "門外東口",
        "operator": "事業者不明",
        "ref": "",
        "url": "",
        "url2": ""
      }
    },
    {
      "type": "Feature",
      "geometry": {
        "type": "Point",
        "coordinates": [
          140.5214998,
          40.5702335
        ]
      },
      "properties": {
        "内容": "バス停: 上堀越",
        "name": "上堀越",
        "operator": "事業者不明",
        "ref": "",
        "url": "",
        "url2": ""
      }
    },
    {
      "type": "Feature",
      "geometry": {
        "type": "Point",
        "coordinates": [
          140.5184596,
          40.5736414
        ]
      },
      "properties": {
        "内容": "バス停: 堀越",
        "name": "堀越",
        "operator": "事業者不明",
        "ref": "",
        "url": "",
        "url2": ""
      }
    },
    {
      "type": "Feature",
      "geometry": {
        "type": "Point",
        "coordinates": [
          140.4955548,
          40.5875124
        ]
      },
      "properties": {
        "内容": "バス停: 佐藤長前",
        "name": "佐藤長前",
        "operator": "事業者不明",
        "ref": "",
        "url": "",
        "url2": ""
      }
    },
    {
      "type": "Feature",
      "geometry": {
        "type": "Point",
        "coordinates": [
          140.4907894,
          40.595397
        ]
      },
      "properties": {
        "内容": "バス停: 城東3丁目",
        "name": "城東3丁目",
        "operator": "事業者不明",
        "ref": "",
        "url": "",
        "url2": ""
      }
    },
    {
      "type": "Feature",
      "geometry": {
        "type": "Point",
        "coordinates": [
          140.4908429,
          40.5952094
        ]
      },
      "properties": {
        "内容": "バス停: 城東3丁目",
        "name": "城東3丁目",
        "operator": "事業者不明",
        "ref": "",
        "url": "",
        "url2": ""
      }
    },
    {
      "type": "Feature",
      "geometry": {
        "type": "Point",
        "coordinates": [
          140.4952328,
          40.6208068
        ]
      },
      "properties": {
        "内容": "バス停: 撫牛子",
        "name": "撫牛子",
        "operator": "事業者不明",
        "ref": "",
        "url": "",
        "url2": ""
      }
    },
    {
      "type": "Feature",
      "geometry": {
        "type": "Point",
        "coordinates": [
          140.4810939,
          40.6057175
        ]
      },
      "properties": {
        "内容": "バス停: 和徳十文字",
        "name": "和徳十文字",
        "operator": "事業者不明",
        "ref": "",
        "url": "",
        "url2": ""
      }
    },
    {
      "type": "Feature",
      "geometry": {
        "type": "Point",
        "coordinates": [
          140.4949665,
          40.6257217
        ]
      },
      "properties": {
        "内容": "バス停: 豊蒔入口",
        "name": "豊蒔入口",
        "operator": "事業者不明",
        "ref": "",
        "url": "",
        "url2": ""
      }
    },
    {
      "type": "Feature",
      "geometry": {
        "type": "Point",
        "coordinates": [
          140.4951237,
          40.6208399
        ]
      },
      "properties": {
        "内容": "バス停: 撫牛子",
        "name": "撫牛子",
        "operator": "事業者不明",
        "ref": "",
        "url": "",
        "url2": ""
      }
    },
    {
      "type": "Feature",
      "geometry": {
        "type": "Point",
        "coordinates": [
          140.4869857,
          40.6113369
        ]
      },
      "properties": {
        "内容": "バス停: 和徳北口",
        "name": "和徳北口",
        "operator": "事業者不明",
        "ref": "",
        "url": "",
        "url2": ""
      }
    },
    {
      "type": "Feature",
      "geometry": {
        "type": "Point",
        "coordinates": [
          140.494297,
          40.6396414
        ]
      },
      "properties": {
        "内容": "バス停: 津賀野",
        "name": "津賀野",
        "operator": "事業者不明",
        "ref": "",
        "url": "",
        "url2": ""
      }
    },
    {
      "type": "Feature",
      "geometry": {
        "type": "Point",
        "coordinates": [
          140.48611,
          40.6106325
        ]
      },
      "properties": {
        "内容": "バス停: 和徳北口",
        "name": "和徳北口",
        "operator": "事業者不明",
        "ref": "",
        "url": "",
        "url2": ""
      }
    },
    {
      "type": "Feature",
      "geometry": {
        "type": "Point",
        "coordinates": [
          140.4946893,
          40.6332655
        ]
      },
      "properties": {
        "内容": "バス停: 大久保",
        "name": "大久保",
        "operator": "事業者不明",
        "ref": "",
        "url": "",
        "url2": ""
      }
    },
    {
      "type": "Feature",
      "geometry": {
        "type": "Point",
        "coordinates": [
          140.4941933,
          40.6419489
        ]
      },
      "properties": {
        "内容": "バス停: 百田",
        "name": "百田",
        "operator": "事業者不明",
        "ref": "",
        "url": "",
        "url2": ""
      }
    },
    {
      "type": "Feature",
      "geometry": {
        "type": "Point",
        "coordinates": [
          140.4948134,
          40.6260645
        ]
      },
      "properties": {
        "内容": "バス停: 豊蒔入口",
        "name": "豊蒔入口",
        "operator": "事業者不明",
        "ref": "",
        "url": "",
        "url2": ""
      }
    },
    {
      "type": "Feature",
      "geometry": {
        "type": "Point",
        "coordinates": [
          140.4942143,
          40.6393265
        ]
      },
      "properties": {
        "内容": "バス停: 津賀野",
        "name": "津賀野",
        "operator": "事業者不明",
        "ref": "",
        "url": "",
        "url2": ""
      }
    },
    {
      "type": "Feature",
      "geometry": {
        "type": "Point",
        "coordinates": [
          140.4945922,
          40.6334455
        ]
      },
      "properties": {
        "内容": "バス停: 大久保",
        "name": "大久保",
        "operator": "事業者不明",
        "ref": "",
        "url": "",
        "url2": ""
      }
    },
    {
      "type": "Feature",
      "geometry": {
        "type": "Point",
        "coordinates": [
          140.4942872,
          40.6416877
        ]
      },
      "properties": {
        "内容": "バス停: 百田",
        "name": "百田",
        "operator": "事業者不明",
        "ref": "",
        "url": "",
        "url2": ""
      }
    },
    {
      "type": "Feature",
      "geometry": {
        "type": "Point",
        "coordinates": [
          140.4980499,
          40.6488245
        ]
      },
      "properties": {
        "内容": "バス停: 藤崎表町",
        "name": "藤崎表町",
        "operator": "事業者不明",
        "ref": "",
        "url": "",
        "url2": ""
      }
    },
    {
      "type": "Feature",
      "geometry": {
        "type": "Point",
        "coordinates": [
          140.4860179,
          40.6578003
        ]
      },
      "properties": {
        "内容": "バス停: 藤崎校舎前",
        "name": "藤崎校舎前",
        "operator": "事業者不明",
        "ref": "",
        "url": "",
        "url2": ""
      }
    },
    {
      "type": "Feature",
      "geometry": {
        "type": "Point",
        "coordinates": [
          140.4988759,
          40.6577351
        ]
      },
      "properties": {
        "内容": "バス停: 西葛野",
        "name": "西葛野",
        "operator": "事業者不明",
        "ref": "",
        "url": "",
        "url2": ""
      }
    },
    {
      "type": "Feature",
      "geometry": {
        "type": "Point",
        "coordinates": [
          140.5020997,
          40.656466
        ]
      },
      "properties": {
        "内容": "バス停: イオン藤崎店",
        "name": "イオン藤崎店",
        "operator": "事業者不明",
        "ref": "",
        "url": "",
        "url2": ""
      }
    },
    {
      "type": "Feature",
      "geometry": {
        "type": "Point",
        "coordinates": [
          140.496451,
          40.6563382
        ]
      },
      "properties": {
        "内容": "バス停: 藤崎駅通り",
        "name": "藤崎駅通り",
        "operator": "事業者不明",
        "ref": "",
        "url": "",
        "url2": ""
      }
    },
    {
      "type": "Feature",
      "geometry": {
        "type": "Point",
        "coordinates": [
          140.4930859,
          40.6537555
        ]
      },
      "properties": {
        "内容": "バス停: 藤崎青銀前",
        "name": "藤崎青銀前",
        "operator": "事業者不明",
        "ref": "",
        "url": "",
        "url2": ""
      }
    },
    {
      "type": "Feature",
      "geometry": {
        "type": "Point",
        "coordinates": [
          140.4783358,
          40.6626953
        ]
      },
      "properties": {
        "内容": "バス停: 松の木",
        "name": "松の木",
        "operator": "事業者不明",
        "ref": "",
        "url": "",
        "url2": ""
      }
    },
    {
      "type": "Feature",
      "geometry": {
        "type": "Point",
        "coordinates": [
          140.5022651,
          40.6566742
        ]
      },
      "properties": {
        "内容": "バス停: イオン藤崎店",
        "name": "イオン藤崎店",
        "operator": "事業者不明",
        "ref": "",
        "url": "",
        "url2": ""
      }
    },
    {
      "type": "Feature",
      "geometry": {
        "type": "Point",
        "coordinates": [
          140.4980636,
          40.6486872
        ]
      },
      "properties": {
        "内容": "バス停: 藤崎表町",
        "name": "藤崎表町",
        "operator": "事業者不明",
        "ref": "",
        "url": "",
        "url2": ""
      }
    },
    {
      "type": "Feature",
      "geometry": {
        "type": "Point",
        "coordinates": [
          140.4964328,
          40.6564204
        ]
      },
      "properties": {
        "内容": "バス停: 藤崎駅通り",
        "name": "藤崎駅通り",
        "operator": "事業者不明",
        "ref": "",
        "url": "",
        "url2": ""
      }
    },
    {
      "type": "Feature",
      "geometry": {
        "type": "Point",
        "coordinates": [
          140.4931706,
          40.6537203
        ]
      },
      "properties": {
        "内容": "バス停: 藤崎青銀前",
        "name": "藤崎青銀前",
        "operator": "事業者不明",
        "ref": "",
        "url": "",
        "url2": ""
      }
    },
    {
      "type": "Feature",
      "geometry": {
        "type": "Point",
        "coordinates": [
          140.4867733,
          40.6572005
        ]
      },
      "properties": {
        "内容": "バス停: 藤崎校舎前",
        "name": "藤崎校舎前",
        "operator": "事業者不明",
        "ref": "",
        "url": "",
        "url2": ""
      }
    },
    {
      "type": "Feature",
      "geometry": {
        "type": "Point",
        "coordinates": [
          140.4989539,
          40.6577944
        ]
      },
      "properties": {
        "内容": "バス停: 西葛野",
        "name": "西葛野",
        "operator": "事業者不明",
        "ref": "",
        "url": "",
        "url2": ""
      }
    },
    {
      "type": "Feature",
      "geometry": {
        "type": "Point",
        "coordinates": [
          140.4724909,
          40.6720131
        ]
      },
      "properties": {
        "内容": "バス停: 飯田",
        "name": "飯田",
        "operator": "事業者不明",
        "ref": "",
        "url": "",
        "url2": ""
      }
    },
    {
      "type": "Feature",
      "geometry": {
        "type": "Point",
        "coordinates": [
          140.4618193,
          40.6861437
        ]
      },
      "properties": {
        "内容": "バス停: ふるさとセンター前",
        "name": "ふるさとセンター前",
        "operator": "事業者不明",
        "ref": "",
        "url": "",
        "url2": ""
      }
    },
    {
      "type": "Feature",
      "geometry": {
        "type": "Point",
        "coordinates": [
          140.4616042,
          40.6861959
        ]
      },
      "properties": {
        "内容": "バス停: ふるさとセンター前",
        "name": "ふるさとセンター前",
        "operator": "事業者不明",
        "ref": "",
        "url": "",
        "url2": ""
      }
    },
    {
      "type": "Feature",
      "geometry": {
        "type": "Point",
        "coordinates": [
          140.4724654,
          40.6730128
        ]
      },
      "properties": {
        "内容": "バス停: 飯田",
        "name": "飯田",
        "operator": "事業者不明",
        "ref": "",
        "url": "",
        "url2": ""
      }
    },
    {
      "type": "Feature",
      "geometry": {
        "type": "Point",
        "coordinates": [
          140.4583929,
          40.6891553
        ]
      },
      "properties": {
        "内容": "バス停: 板柳表町",
        "name": "板柳表町",
        "operator": "事業者不明",
        "ref": "",
        "url": "",
        "url2": ""
      }
    },
    {
      "type": "Feature",
      "geometry": {
        "type": "Point",
        "coordinates": [
          141.2582022,
          40.3790265
        ]
      },
      "properties": {
        "内容": "バス停: 三戸町役場前",
        "name": "三戸町役場前",
        "operator": "事業者不明",
        "ref": "",
        "url": "",
        "url2": ""
      }
    },
    {
      "type": "Feature",
      "geometry": {
        "type": "Point",
        "coordinates": [
          141.25329,
          40.3769714
        ]
      },
      "properties": {
        "内容": "バス停: 三戸郵便局前",
        "name": "三戸郵便局前",
        "operator": "事業者不明",
        "ref": "",
        "url": "",
        "url2": ""
      }
    },
    {
      "type": "Feature",
      "geometry": {
        "type": "Point",
        "coordinates": [
          141.2729003,
          40.395394
        ]
      },
      "properties": {
        "内容": "バス停: 三戸駅",
        "name": "三戸駅",
        "operator": "事業者不明",
        "ref": "",
        "url": "",
        "url2": ""
      }
    },
    {
      "type": "Feature",
      "geometry": {
        "type": "Point",
        "coordinates": [
          140.4550439,
          40.6766792
        ]
      },
      "properties": {
        "内容": "バス停: 下大川",
        "name": "下大川",
        "operator": "事業者不明",
        "ref": "",
        "url": "",
        "url2": ""
      }
    },
    {
      "type": "Feature",
      "geometry": {
        "type": "Point",
        "coordinates": [
          140.455226,
          40.6807002
        ]
      },
      "properties": {
        "内容": "バス停: 上青女子",
        "name": "上青女子",
        "operator": "事業者不明",
        "ref": "",
        "url": "",
        "url2": ""
      }
    },
    {
      "type": "Feature",
      "geometry": {
        "type": "Point",
        "coordinates": [
          140.4541839,
          40.6843827
        ]
      },
      "properties": {
        "内容": "バス停: 上青女子北口",
        "name": "上青女子北口",
        "operator": "事業者不明",
        "ref": "",
        "url": "",
        "url2": ""
      }
    },
    {
      "type": "Feature",
      "geometry": {
        "type": "Point",
        "coordinates": [
          140.4502112,
          40.6924416
        ]
      },
      "properties": {
        "内容": "バス停: 下青女子",
        "name": "下青女子",
        "operator": "事業者不明",
        "ref": "",
        "url": "",
        "url2": ""
      }
    },
    {
      "type": "Feature",
      "geometry": {
        "type": "Point",
        "coordinates": [
          140.4597373,
          40.6594659
        ]
      },
      "properties": {
        "内容": "バス停: 三世寺温泉前",
        "name": "三世寺温泉前",
        "operator": "事業者不明",
        "ref": "",
        "url": "",
        "url2": ""
      }
    },
    {
      "type": "Feature",
      "geometry": {
        "type": "Point",
        "coordinates": [
          140.4503821,
          40.6933587
        ]
      },
      "properties": {
        "内容": "バス停: 下青女子",
        "name": "下青女子",
        "operator": "事業者不明",
        "ref": "",
        "url": "",
        "url2": ""
      }
    },
    {
      "type": "Feature",
      "geometry": {
        "type": "Point",
        "coordinates": [
          140.4599577,
          40.6574055
        ]
      },
      "properties": {
        "内容": "バス停: 三世寺",
        "name": "三世寺",
        "operator": "事業者不明",
        "ref": "",
        "url": "",
        "url2": ""
      }
    },
    {
      "type": "Feature",
      "geometry": {
        "type": "Point",
        "coordinates": [
          140.4592757,
          40.6505678
        ]
      },
      "properties": {
        "内容": "バス停: 中崎",
        "name": "中崎",
        "operator": "事業者不明",
        "ref": "",
        "url": "",
        "url2": ""
      }
    },
    {
      "type": "Feature",
      "geometry": {
        "type": "Point",
        "coordinates": [
          140.4599617,
          40.6550704
        ]
      },
      "properties": {
        "内容": "バス停: 三省小学校前",
        "name": "三省小学校前",
        "operator": "事業者不明",
        "ref": "",
        "url": "",
        "url2": ""
      }
    },
    {
      "type": "Feature",
      "geometry": {
        "type": "Point",
        "coordinates": [
          140.4582574,
          40.6686203
        ]
      },
      "properties": {
        "内容": "バス停: 上大川",
        "name": "上大川",
        "operator": "事業者不明",
        "ref": "",
        "url": "",
        "url2": ""
      }
    },
    {
      "type": "Feature",
      "geometry": {
        "type": "Point",
        "coordinates": [
          140.4503127,
          40.6934319
        ]
      },
      "properties": {
        "内容": "バス停: 下青女子",
        "name": "下青女子",
        "operator": "事業者不明",
        "ref": "",
        "url": "",
        "url2": ""
      }
    },
    {
      "type": "Feature",
      "geometry": {
        "type": "Point",
        "coordinates": [
          140.4591155,
          40.6512341
        ]
      },
      "properties": {
        "内容": "バス停: 中崎",
        "name": "中崎",
        "operator": "事業者不明",
        "ref": "",
        "url": "",
        "url2": ""
      }
    },
    {
      "type": "Feature",
      "geometry": {
        "type": "Point",
        "coordinates": [
          140.4551431,
          40.6766573
        ]
      },
      "properties": {
        "内容": "バス停: 下大川",
        "name": "下大川",
        "operator": "事業者不明",
        "ref": "",
        "url": "",
        "url2": ""
      }
    },
    {
      "type": "Feature",
      "geometry": {
        "type": "Point",
        "coordinates": [
          140.4579705,
          40.6363607
        ]
      },
      "properties": {
        "内容": "バス停: 町田",
        "name": "町田",
        "operator": "事業者不明",
        "ref": "",
        "url": "",
        "url2": ""
      }
    },
    {
      "type": "Feature",
      "geometry": {
        "type": "Point",
        "coordinates": [
          140.4598623,
          40.6551698
        ]
      },
      "properties": {
        "内容": "バス停: 三省小学校前",
        "name": "三省小学校前",
        "operator": "事業者不明",
        "ref": "",
        "url": "",
        "url2": ""
      }
    },
    {
      "type": "Feature",
      "geometry": {
        "type": "Point",
        "coordinates": [
          140.4521663,
          40.6898513
        ]
      },
      "properties": {
        "内容": "バス停: 下青女子神社前",
        "name": "下青女子神社前",
        "operator": "事業者不明",
        "ref": "",
        "url": "",
        "url2": ""
      }
    },
    {
      "type": "Feature",
      "geometry": {
        "type": "Point",
        "coordinates": [
          140.4586327,
          40.6735392
        ]
      },
      "properties": {
        "内容": "バス停: 中大川",
        "name": "中大川",
        "operator": "事業者不明",
        "ref": "",
        "url": "",
        "url2": ""
      }
    },
    {
      "type": "Feature",
      "geometry": {
        "type": "Point",
        "coordinates": [
          140.4559073,
          40.6320561
        ]
      },
      "properties": {
        "内容": "バス停: 八代",
        "name": "八代",
        "operator": "事業者不明",
        "ref": "",
        "url": "",
        "url2": ""
      }
    },
    {
      "type": "Feature",
      "geometry": {
        "type": "Point",
        "coordinates": [
          140.4475236,
          40.8095989
        ]
      },
      "properties": {
        "内容": "バス停: 五所川原駅前",
        "name": "五所川原駅前",
        "operator": "事業者不明",
        "ref": "",
        "url": "",
        "url2": ""
      }
    },
    {
      "type": "Feature",
      "geometry": {
        "type": "Point",
        "coordinates": [
          140.3512725,
          40.9249375
        ]
      },
      "properties": {
        "内容": "バス停: 村上",
        "name": "村上",
        "operator": "事業者不明",
        "ref": "",
        "url": "",
        "url2": ""
      }
    },
    {
      "type": "Feature",
      "geometry": {
        "type": "Point",
        "coordinates": [
          140.4472902,
          40.8093147
        ]
      },
      "properties": {
        "内容": "バス停: 五所川原駅前",
        "name": "五所川原駅前",
        "operator": "事業者不明",
        "ref": "",
        "url": "",
        "url2": ""
      }
    },
    {
      "type": "Feature",
      "geometry": {
        "type": "Point",
        "coordinates": [
          140.4459947,
          40.8113833
        ]
      },
      "properties": {
        "内容": "バス停: 旭町",
        "name": "旭町",
        "operator": "事業者不明",
        "ref": "",
        "url": "",
        "url2": ""
      }
    },
    {
      "type": "Feature",
      "geometry": {
        "type": "Point",
        "coordinates": [
          140.3094502,
          41.1281718
        ]
      },
      "properties": {
        "内容": "バス停: 小泊案内所",
        "name": "小泊案内所",
        "operator": "事業者不明",
        "ref": "",
        "url": "",
        "url2": ""
      }
    },
    {
      "type": "Feature",
      "geometry": {
        "type": "Point",
        "coordinates": [
          140.4075684,
          40.8084568
        ]
      },
      "properties": {
        "内容": "バス停: 上玉水",
        "name": "上玉水",
        "operator": "事業者不明",
        "ref": "",
        "url": "",
        "url2": ""
      }
    },
    {
      "type": "Feature",
      "geometry": {
        "type": "Point",
        "coordinates": [
          140.367698,
          40.9726014
        ]
      },
      "properties": {
        "内容": "バス停: 千貫",
        "name": "千貫",
        "operator": "事業者不明",
        "ref": "",
        "url": "",
        "url2": ""
      }
    },
    {
      "type": "Feature",
      "geometry": {
        "type": "Point",
        "coordinates": [
          140.3270914,
          41.043005
        ]
      },
      "properties": {
        "内容": "バス停: 十三北口",
        "name": "十三北口",
        "operator": "事業者不明",
        "ref": "",
        "url": "",
        "url2": ""
      }
    },
    {
      "type": "Feature",
      "geometry": {
        "type": "Point",
        "coordinates": [
          140.4225924,
          41.0103363
        ]
      },
      "properties": {
        "内容": "バス停: 上薄市",
        "name": "上薄市",
        "operator": "事業者不明",
        "ref": "",
        "url": "",
        "url2": ""
      }
    },
    {
      "type": "Feature",
      "geometry": {
        "type": "Point",
        "coordinates": [
          140.4222684,
          41.0069837
        ]
      },
      "properties": {
        "内容": "バス停: 下高根北口",
        "name": "下高根北口",
        "operator": "事業者不明",
        "ref": "",
        "url": "",
        "url2": ""
      }
    },
    {
      "type": "Feature",
      "geometry": {
        "type": "Point",
        "coordinates": [
          140.3370429,
          40.8842133
        ]
      },
      "properties": {
        "内容": "バス停: 亀ヶ丘",
        "name": "亀ヶ丘",
        "operator": "事業者不明",
        "ref": "",
        "url": "",
        "url2": ""
      }
    },
    {
      "type": "Feature",
      "geometry": {
        "type": "Point",
        "coordinates": [
          140.3400335,
          40.8874094
        ]
      },
      "properties": {
        "内容": "バス停: 田小屋野",
        "name": "田小屋野",
        "operator": "事業者不明",
        "ref": "",
        "url": "",
        "url2": ""
      }
    },
    {
      "type": "Feature",
      "geometry": {
        "type": "Point",
        "coordinates": [
          140.3509852,
          40.9322039
        ]
      },
      "properties": {
        "内容": "バス停: 向町",
        "name": "向町",
        "operator": "事業者不明",
        "ref": "",
        "url": "",
        "url2": ""
      }
    },
    {
      "type": "Feature",
      "geometry": {
        "type": "Point",
        "coordinates": [
          140.3502193,
          40.9336154
        ]
      },
      "properties": {
        "内容": "バス停: 高山神社入口",
        "name": "高山神社入口",
        "operator": "事業者不明",
        "ref": "",
        "url": "",
        "url2": ""
      }
    },
    {
      "type": "Feature",
      "geometry": {
        "type": "Point",
        "coordinates": [
          140.3650593,
          40.9672489
        ]
      },
      "properties": {
        "内容": "バス停: 車力農民研修センター前",
        "name": "車力農民研修センター前",
        "operator": "事業者不明",
        "ref": "",
        "url": "",
        "url2": ""
      }
    },
    {
      "type": "Feature",
      "geometry": {
        "type": "Point",
        "coordinates": [
          140.331579,
          41.0210208
        ]
      },
      "properties": {
        "内容": "バス停: 十三南口",
        "name": "十三南口",
        "operator": "事業者不明",
        "ref": "",
        "url": "",
        "url2": ""
      }
    },
    {
      "type": "Feature",
      "geometry": {
        "type": "Point",
        "coordinates": [
          140.3262294,
          41.0298102
        ]
      },
      "properties": {
        "内容": "バス停: 深津",
        "name": "深津",
        "operator": "事業者不明",
        "ref": "",
        "url": "",
        "url2": ""
      }
    },
    {
      "type": "Feature",
      "geometry": {
        "type": "Point",
        "coordinates": [
          140.3271186,
          41.0313239
        ]
      },
      "properties": {
        "内容": "バス停: 十三局前",
        "name": "十三局前",
        "operator": "事業者不明",
        "ref": "",
        "url": "",
        "url2": ""
      }
    },
    {
      "type": "Feature",
      "geometry": {
        "type": "Point",
        "coordinates": [
          140.3253665,
          41.0688264
        ]
      },
      "properties": {
        "内容": "バス停: 十三道",
        "name": "十三道",
        "operator": "事業者不明",
        "ref": "",
        "url": "",
        "url2": ""
      }
    },
    {
      "type": "Feature",
      "geometry": {
        "type": "Point",
        "coordinates": [
          140.3790968,
          40.8155453
        ]
      },
      "properties": {
        "内容": "バス停: 朝日町",
        "name": "朝日町",
        "operator": "事業者不明",
        "ref": "",
        "url": "",
        "url2": ""
      }
    },
    {
      "type": "Feature",
      "geometry": {
        "type": "Point",
        "coordinates": [
          140.4636024,
          40.7932213
        ]
      },
      "properties": {
        "内容": "バス停: 二本松",
        "name": "二本松",
        "operator": "事業者不明",
        "ref": "",
        "url": "",
        "url2": ""
      }
    },
    {
      "type": "Feature",
      "geometry": {
        "type": "Point",
        "coordinates": [
          140.4540055,
          40.9033837
        ]
      },
      "properties": {
        "内容": "バス停: 金木寺町",
        "name": "金木寺町",
        "operator": "事業者不明",
        "ref": "",
        "url": "",
        "url2": ""
      }
    },
    {
      "type": "Feature",
      "geometry": {
        "type": "Point",
        "coordinates": [
          140.4557699,
          40.6949386
        ]
      },
      "properties": {
        "内容": "バス停: 板柳十文字",
        "name": "板柳十文字",
        "operator": "事業者不明",
        "ref": "",
        "url": "",
        "url2": ""
      }
    },
    {
      "type": "Feature",
      "geometry": {
        "type": "Point",
        "coordinates": [
          140.4560913,
          40.6955703
        ]
      },
      "properties": {
        "内容": "バス停: 板柳十文字",
        "name": "板柳十文字",
        "operator": "事業者不明",
        "ref": "",
        "url": "",
        "url2": ""
      }
    },
    {
      "type": "Feature",
      "geometry": {
        "type": "Point",
        "coordinates": [
          140.455948,
          40.6956766
        ]
      },
      "properties": {
        "内容": "バス停: 板柳十文字",
        "name": "板柳十文字",
        "operator": "事業者不明",
        "ref": "",
        "url": "",
        "url2": ""
      }
    },
    {
      "type": "Feature",
      "geometry": {
        "type": "Point",
        "coordinates": [
          140.45518,
          40.6974398
        ]
      },
      "properties": {
        "内容": "バス停: 板柳仲町",
        "name": "板柳仲町",
        "operator": "事業者不明",
        "ref": "",
        "url": "",
        "url2": ""
      }
    },
    {
      "type": "Feature",
      "geometry": {
        "type": "Point",
        "coordinates": [
          140.4552253,
          40.6976027
        ]
      },
      "properties": {
        "内容": "バス停: 板柳仲町",
        "name": "板柳仲町",
        "operator": "事業者不明",
        "ref": "",
        "url": "",
        "url2": ""
      }
    },
    {
      "type": "Feature",
      "geometry": {
        "type": "Point",
        "coordinates": [
          140.4596381,
          40.6981511
        ]
      },
      "properties": {
        "内容": "バス停: 板柳駅通り",
        "name": "板柳駅通り",
        "operator": "事業者不明",
        "ref": "",
        "url": "",
        "url2": ""
      }
    },
    {
      "type": "Feature",
      "geometry": {
        "type": "Point",
        "coordinates": [
          140.459802,
          40.6980814
        ]
      },
      "properties": {
        "内容": "バス停: 板柳駅通り",
        "name": "板柳駅通り",
        "operator": "事業者不明",
        "ref": "",
        "url": "",
        "url2": ""
      }
    },
    {
      "type": "Feature",
      "geometry": {
        "type": "Point",
        "coordinates": [
          140.4582698,
          40.7004928
        ]
      },
      "properties": {
        "内容": "バス停: 板柳栄町",
        "name": "板柳栄町",
        "operator": "事業者不明",
        "ref": "",
        "url": "",
        "url2": ""
      }
    },
    {
      "type": "Feature",
      "geometry": {
        "type": "Point",
        "coordinates": [
          140.4573568,
          40.7014447
        ]
      },
      "properties": {
        "内容": "バス停: 板柳中央病院前",
        "name": "板柳中央病院前",
        "operator": "事業者不明",
        "ref": "",
        "url": "",
        "url2": ""
      }
    },
    {
      "type": "Feature",
      "geometry": {
        "type": "Point",
        "coordinates": [
          140.4507562,
          40.7008002
        ]
      },
      "properties": {
        "内容": "バス停: 大蔵町",
        "name": "大蔵町",
        "operator": "事業者不明",
        "ref": "",
        "url": "",
        "url2": ""
      }
    },
    {
      "type": "Feature",
      "geometry": {
        "type": "Point",
        "coordinates": [
          140.4439946,
          40.7110737
        ]
      },
      "properties": {
        "内容": "バス停: 掛落林南口",
        "name": "掛落林南口",
        "operator": "事業者不明",
        "ref": "",
        "url": "",
        "url2": ""
      }
    },
    {
      "type": "Feature",
      "geometry": {
        "type": "Point",
        "coordinates": [
          140.441181,
          40.7143071
        ]
      },
      "properties": {
        "内容": "バス停: 掛落林",
        "name": "掛落林",
        "operator": "事業者不明",
        "ref": "",
        "url": "",
        "url2": ""
      }
    },
    {
      "type": "Feature",
      "geometry": {
        "type": "Point",
        "coordinates": [
          140.4335689,
          40.7165379
        ]
      },
      "properties": {
        "内容": "バス停: 小幡",
        "name": "小幡",
        "operator": "事業者不明",
        "ref": "",
        "url": "",
        "url2": ""
      }
    },
    {
      "type": "Feature",
      "geometry": {
        "type": "Point",
        "coordinates": [
          140.4265002,
          40.7234241
        ]
      },
      "properties": {
        "内容": "バス停: 大性",
        "name": "大性",
        "operator": "事業者不明",
        "ref": "",
        "url": "",
        "url2": ""
      }
    },
    {
      "type": "Feature",
      "geometry": {
        "type": "Point",
        "coordinates": [
          140.4266023,
          40.7233971
        ]
      },
      "properties": {
        "内容": "バス停: 大性",
        "name": "大性",
        "operator": "事業者不明",
        "ref": "",
        "url": "",
        "url2": ""
      }
    },
    {
      "type": "Feature",
      "geometry": {
        "type": "Point",
        "coordinates": [
          140.4252378,
          40.726229
        ]
      },
      "properties": {
        "内容": "バス停: 大性北口",
        "name": "大性北口",
        "operator": "事業者不明",
        "ref": "",
        "url": "",
        "url2": ""
      }
    },
    {
      "type": "Feature",
      "geometry": {
        "type": "Point",
        "coordinates": [
          140.4254098,
          40.7261778
        ]
      },
      "properties": {
        "内容": "バス停: 大性北口",
        "name": "大性北口",
        "operator": "事業者不明",
        "ref": "",
        "url": "",
        "url2": ""
      }
    },
    {
      "type": "Feature",
      "geometry": {
        "type": "Point",
        "coordinates": [
          140.424716,
          40.736378
        ]
      },
      "properties": {
        "内容": "バス停: 菖蒲川",
        "name": "菖蒲川",
        "operator": "事業者不明",
        "ref": "",
        "url": "",
        "url2": ""
      }
    },
    {
      "type": "Feature",
      "geometry": {
        "type": "Point",
        "coordinates": [
          140.4247775,
          40.7364927
        ]
      },
      "properties": {
        "内容": "バス停: 菖蒲川",
        "name": "菖蒲川",
        "operator": "事業者不明",
        "ref": "",
        "url": "",
        "url2": ""
      }
    },
    {
      "type": "Feature",
      "geometry": {
        "type": "Point",
        "coordinates": [
          140.424975,
          40.7397511
        ]
      },
      "properties": {
        "内容": "バス停: 菖蒲川北口",
        "name": "菖蒲川北口",
        "operator": "事業者不明",
        "ref": "",
        "url": "",
        "url2": ""
      }
    },
    {
      "type": "Feature",
      "geometry": {
        "type": "Point",
        "coordinates": [
          140.4297297,
          40.7492794
        ]
      },
      "properties": {
        "内容": "バス停: 鶴田公民館",
        "name": "鶴田公民館",
        "operator": "事業者不明",
        "ref": "",
        "url": "",
        "url2": ""
      }
    },
    {
      "type": "Feature",
      "geometry": {
        "type": "Point",
        "coordinates": [
          140.4298384,
          40.7497111
        ]
      },
      "properties": {
        "内容": "バス停: 鶴田公民館",
        "name": "鶴田公民館",
        "operator": "事業者不明",
        "ref": "",
        "url": "",
        "url2": ""
      }
    },
    {
      "type": "Feature",
      "geometry": {
        "type": "Point",
        "coordinates": [
          140.4315801,
          40.7542919
        ]
      },
      "properties": {
        "内容": "バス停: 鶴田神社前",
        "name": "鶴田神社前",
        "operator": "事業者不明",
        "ref": "",
        "url": "",
        "url2": ""
      }
    },
    {
      "type": "Feature",
      "geometry": {
        "type": "Point",
        "coordinates": [
          140.4317168,
          40.7543685
        ]
      },
      "properties": {
        "内容": "バス停: 鶴田神社前",
        "name": "鶴田神社前",
        "operator": "事業者不明",
        "ref": "",
        "url": "",
        "url2": ""
      }
    },
    {
      "type": "Feature",
      "geometry": {
        "type": "Point",
        "coordinates": [
          140.4312296,
          40.7582032
        ]
      },
      "properties": {
        "内容": "バス停: 鶴田駅前通り",
        "name": "鶴田駅前通り",
        "operator": "事業者不明",
        "ref": "",
        "url": "",
        "url2": ""
      }
    },
    {
      "type": "Feature",
      "geometry": {
        "type": "Point",
        "coordinates": [
          140.4314079,
          40.7580572
        ]
      },
      "properties": {
        "内容": "バス停: 鶴田駅前通り",
        "name": "鶴田駅前通り",
        "operator": "事業者不明",
        "ref": "",
        "url": "",
        "url2": ""
      }
    },
    {
      "type": "Feature",
      "geometry": {
        "type": "Point",
        "coordinates": [
          140.4302997,
          40.7600805
        ]
      },
      "properties": {
        "内容": "バス停: 鶴田診療所前",
        "name": "鶴田診療所前",
        "operator": "事業者不明",
        "ref": "",
        "url": "",
        "url2": ""
      }
    },
    {
      "type": "Feature",
      "geometry": {
        "type": "Point",
        "coordinates": [
          140.4304389,
          40.7601852
        ]
      },
      "properties": {
        "内容": "バス停: 鶴田診療所前",
        "name": "鶴田診療所前",
        "operator": "事業者不明",
        "ref": "",
        "url": "",
        "url2": ""
      }
    },
    {
      "type": "Feature",
      "geometry": {
        "type": "Point",
        "coordinates": [
          140.4323066,
          40.7625576
        ]
      },
      "properties": {
        "内容": "バス停: 鶴田北口",
        "name": "鶴田北口",
        "operator": "事業者不明",
        "ref": "",
        "url": "",
        "url2": ""
      }
    },
    {
      "type": "Feature",
      "geometry": {
        "type": "Point",
        "coordinates": [
          140.4325068,
          40.7627781
        ]
      },
      "properties": {
        "内容": "バス停: 鶴田北口",
        "name": "鶴田北口",
        "operator": "事業者不明",
        "ref": "",
        "url": "",
        "url2": ""
      }
    },
    {
      "type": "Feature",
      "geometry": {
        "type": "Point",
        "coordinates": [
          140.4363719,
          40.7696456
        ]
      },
      "properties": {
        "内容": "バス停: 亀田",
        "name": "亀田",
        "operator": "事業者不明",
        "ref": "",
        "url": "",
        "url2": ""
      }
    },
    {
      "type": "Feature",
      "geometry": {
        "type": "Point",
        "coordinates": [
          140.4403612,
          40.7735428
        ]
      },
      "properties": {
        "内容": "バス停: 亀田新田",
        "name": "亀田新田",
        "operator": "事業者不明",
        "ref": "",
        "url": "",
        "url2": ""
      }
    },
    {
      "type": "Feature",
      "geometry": {
        "type": "Point",
        "coordinates": [
          140.4405747,
          40.7737564
        ]
      },
      "properties": {
        "内容": "バス停: 亀田新田",
        "name": "亀田新田",
        "operator": "事業者不明",
        "ref": "",
        "url": "",
        "url2": ""
      }
    },
    {
      "type": "Feature",
      "geometry": {
        "type": "Point",
        "coordinates": [
          140.4390426,
          40.7850715
        ]
      },
      "properties": {
        "内容": "バス停: 三ツ屋",
        "name": "三ツ屋",
        "operator": "事業者不明",
        "ref": "",
        "url": "",
        "url2": ""
      }
    },
    {
      "type": "Feature",
      "geometry": {
        "type": "Point",
        "coordinates": [
          140.4413101,
          40.790567
        ]
      },
      "properties": {
        "内容": "バス停: 湊船越",
        "name": "湊船越",
        "operator": "事業者不明",
        "ref": "",
        "url": "",
        "url2": ""
      }
    },
    {
      "type": "Feature",
      "geometry": {
        "type": "Point",
        "coordinates": [
          140.4565776,
          40.7962122
        ]
      },
      "properties": {
        "内容": "バス停: つがる克雪ドーム前",
        "name": "つがる克雪ドーム前",
        "operator": "事業者不明",
        "ref": "",
        "url": "",
        "url2": ""
      }
    },
    {
      "type": "Feature",
      "geometry": {
        "type": "Point",
        "coordinates": [
          140.4553174,
          40.7931834
        ]
      },
      "properties": {
        "内容": "バス停: はるにれ団地",
        "name": "はるにれ団地",
        "operator": "事業者不明",
        "ref": "",
        "url": "",
        "url2": ""
      }
    },
    {
      "type": "Feature",
      "geometry": {
        "type": "Point",
        "coordinates": [
          140.4490038,
          40.7928894
        ]
      },
      "properties": {
        "内容": "バス停: 中央5丁目",
        "name": "中央5丁目",
        "operator": "事業者不明",
        "ref": "",
        "url": "",
        "url2": ""
      }
    },
    {
      "type": "Feature",
      "geometry": {
        "type": "Point",
        "coordinates": [
          140.4489843,
          40.792979
        ]
      },
      "properties": {
        "内容": "バス停: 中央5丁目",
        "name": "中央5丁目",
        "operator": "事業者不明",
        "ref": "",
        "url": "",
        "url2": ""
      }
    },
    {
      "type": "Feature",
      "geometry": {
        "type": "Point",
        "coordinates": [
          140.45196,
          40.789885
        ]
      },
      "properties": {
        "内容": "バス停: 姥萢",
        "name": "姥萢",
        "operator": "事業者不明",
        "ref": "",
        "url": "",
        "url2": ""
      }
    },
    {
      "type": "Feature",
      "geometry": {
        "type": "Point",
        "coordinates": [
          140.4523715,
          40.7896204
        ]
      },
      "properties": {
        "内容": "バス停: 姥萢",
        "name": "姥萢",
        "operator": "事業者不明",
        "ref": "",
        "url": "",
        "url2": ""
      }
    },
    {
      "type": "Feature",
      "geometry": {
        "type": "Point",
        "coordinates": [
          140.4572601,
          40.7874944
        ]
      },
      "properties": {
        "内容": "バス停: 姥萢南口",
        "name": "姥萢南口",
        "operator": "事業者不明",
        "ref": "",
        "url": "",
        "url2": ""
      }
    },
    {
      "type": "Feature",
      "geometry": {
        "type": "Point",
        "coordinates": [
          140.4574199,
          40.787284
        ]
      },
      "properties": {
        "内容": "バス停: 姥萢南口",
        "name": "姥萢南口",
        "operator": "事業者不明",
        "ref": "",
        "url": "",
        "url2": ""
      }
    },
    {
      "type": "Feature",
      "geometry": {
        "type": "Point",
        "coordinates": [
          140.4624435,
          40.7844697
        ]
      },
      "properties": {
        "内容": "バス停: 柳沼",
        "name": "柳沼",
        "operator": "事業者不明",
        "ref": "",
        "url": "",
        "url2": ""
      }
    },
    {
      "type": "Feature",
      "geometry": {
        "type": "Point",
        "coordinates": [
          140.4630408,
          40.7842969
        ]
      },
      "properties": {
        "内容": "バス停: 柳沼",
        "name": "柳沼",
        "operator": "事業者不明",
        "ref": "",
        "url": "",
        "url2": ""
      }
    },
    {
      "type": "Feature",
      "geometry": {
        "type": "Point",
        "coordinates": [
          140.4612918,
          40.7812534
        ]
      },
      "properties": {
        "内容": "バス停: みどり町6丁目",
        "name": "みどり町6丁目",
        "operator": "事業者不明",
        "ref": "",
        "url": "",
        "url2": ""
      }
    },
    {
      "type": "Feature",
      "geometry": {
        "type": "Point",
        "coordinates": [
          140.4653201,
          40.7804587
        ]
      },
      "properties": {
        "内容": "バス停: 8丁目広田口",
        "name": "8丁目広田口",
        "operator": "事業者不明",
        "ref": "",
        "url": "",
        "url2": ""
      }
    },
    {
      "type": "Feature",
      "geometry": {
        "type": "Point",
        "coordinates": [
          140.4625824,
          40.7795162
        ]
      },
      "properties": {
        "内容": "バス停: 幼稚園前",
        "name": "幼稚園前",
        "operator": "事業者不明",
        "ref": "",
        "url": "",
        "url2": ""
      }
    },
    {
      "type": "Feature",
      "geometry": {
        "type": "Point",
        "coordinates": [
          140.458412,
          40.7816659
        ]
      },
      "properties": {
        "内容": "バス停: みどり町7丁目",
        "name": "みどり町7丁目",
        "operator": "事業者不明",
        "ref": "",
        "url": "",
        "url2": ""
      }
    },
    {
      "type": "Feature",
      "geometry": {
        "type": "Point",
        "coordinates": [
          140.4546338,
          40.7845796
        ]
      },
      "properties": {
        "内容": "バス停: みどり町3丁目",
        "name": "みどり町3丁目",
        "operator": "事業者不明",
        "ref": "",
        "url": "",
        "url2": ""
      }
    },
    {
      "type": "Feature",
      "geometry": {
        "type": "Point",
        "coordinates": [
          140.4525734,
          40.7865841
        ]
      },
      "properties": {
        "内容": "バス停: みどり町2丁目",
        "name": "みどり町2丁目",
        "operator": "事業者不明",
        "ref": "",
        "url": "",
        "url2": ""
      }
    },
    {
      "type": "Feature",
      "geometry": {
        "type": "Point",
        "coordinates": [
          140.457066,
          40.7862568
        ]
      },
      "properties": {
        "内容": "バス停: 市営住宅前",
        "name": "市営住宅前",
        "operator": "事業者不明",
        "ref": "",
        "url": "",
        "url2": ""
      }
    },
    {
      "type": "Feature",
      "geometry": {
        "type": "Point",
        "coordinates": [
          140.4572961,
          40.786006
        ]
      },
      "properties": {
        "内容": "バス停: みどり町西口",
        "name": "みどり町西口",
        "operator": "事業者不明",
        "ref": "",
        "url": "",
        "url2": ""
      }
    },
    {
      "type": "Feature",
      "geometry": {
        "type": "Point",
        "coordinates": [
          140.4581303,
          40.7845761
        ]
      },
      "properties": {
        "内容": "バス停: みどり町4丁目",
        "name": "みどり町4丁目",
        "operator": "事業者不明",
        "ref": "",
        "url": "",
        "url2": ""
      }
    },
    {
      "type": "Feature",
      "geometry": {
        "type": "Point",
        "coordinates": [
          140.4598847,
          40.7831256
        ]
      },
      "properties": {
        "内容": "バス停: コミュニティーセンター栄前",
        "name": "コミュニティーセンター栄前",
        "operator": "事業者不明",
        "ref": "",
        "url": "",
        "url2": ""
      }
    },
    {
      "type": "Feature",
      "geometry": {
        "type": "Point",
        "coordinates": [
          140.4626732,
          40.7835716
        ]
      },
      "properties": {
        "内容": "バス停: 五所川原三中校前",
        "name": "五所川原三中校前",
        "operator": "事業者不明",
        "ref": "",
        "url": "",
        "url2": ""
      }
    },
    {
      "type": "Feature",
      "geometry": {
        "type": "Point",
        "coordinates": [
          140.466542,
          40.7834403
        ]
      },
      "properties": {
        "内容": "バス停: 榊森",
        "name": "榊森",
        "operator": "事業者不明",
        "ref": "",
        "url": "",
        "url2": ""
      }
    },
    {
      "type": "Feature",
      "geometry": {
        "type": "Point",
        "coordinates": [
          140.4669945,
          40.7867734
        ]
      },
      "properties": {
        "内容": "バス停: 米崎",
        "name": "米崎",
        "operator": "事業者不明",
        "ref": "",
        "url": "",
        "url2": ""
      }
    },
    {
      "type": "Feature",
      "geometry": {
        "type": "Point",
        "coordinates": [
          140.4651773,
          40.7905501
        ]
      },
      "properties": {
        "内容": "バス停: 稲実十文字",
        "name": "稲実十文字",
        "operator": "事業者不明",
        "ref": "",
        "url": "",
        "url2": ""
      }
    },
    {
      "type": "Feature",
      "geometry": {
        "type": "Point",
        "coordinates": [
          140.4483546,
          40.8006858
        ]
      },
      "properties": {
        "内容": "バス停: 中央2丁目",
        "name": "中央2丁目",
        "operator": "事業者不明",
        "ref": "",
        "url": "",
        "url2": ""
      }
    },
    {
      "type": "Feature",
      "geometry": {
        "type": "Point",
        "coordinates": [
          140.4483823,
          40.8007866
        ]
      },
      "properties": {
        "内容": "バス停: 中央2丁目",
        "name": "中央2丁目",
        "operator": "事業者不明",
        "ref": "",
        "url": "",
        "url2": ""
      }
    },
    {
      "type": "Feature",
      "geometry": {
        "type": "Point",
        "coordinates": [
          140.4166741,
          40.8033691
        ]
      },
      "properties": {
        "内容": "バス停: イオンモールつがる柏",
        "name": "イオンモールつがる柏",
        "operator": "事業者不明",
        "ref": "",
        "url": "",
        "url2": ""
      }
    },
    {
      "type": "Feature",
      "geometry": {
        "type": "Point",
        "coordinates": [
          140.4167776,
          40.8031777
        ]
      },
      "properties": {
        "内容": "バス停: イオンモールつがる柏",
        "name": "イオンモールつがる柏",
        "operator": "事業者不明",
        "ref": "",
        "url": "",
        "url2": ""
      }
    },
    {
      "type": "Feature",
      "geometry": {
        "type": "Point",
        "coordinates": [
          140.4206817,
          40.8058463
        ]
      },
      "properties": {
        "内容": "バス停: 柏温泉前",
        "name": "柏温泉前",
        "operator": "事業者不明",
        "ref": "",
        "url": "",
        "url2": ""
      }
    },
    {
      "type": "Feature",
      "geometry": {
        "type": "Point",
        "coordinates": [
          140.4300554,
          40.808892
        ]
      },
      "properties": {
        "内容": "バス停: 水屋",
        "name": "水屋",
        "operator": "事業者不明",
        "ref": "",
        "url": "",
        "url2": ""
      }
    },
    {
      "type": "Feature",
      "geometry": {
        "type": "Point",
        "coordinates": [
          140.4394657,
          40.8101417
        ]
      },
      "properties": {
        "内容": "バス停: 寺町",
        "name": "寺町",
        "operator": "事業者不明",
        "ref": "",
        "url": "",
        "url2": ""
      }
    },
    {
      "type": "Feature",
      "geometry": {
        "type": "Point",
        "coordinates": [
          140.433664,
          40.8092745
        ]
      },
      "properties": {
        "内容": "バス停: 沼田町",
        "name": "沼田町",
        "operator": "事業者不明",
        "ref": "",
        "url": "",
        "url2": ""
      }
    },
    {
      "type": "Feature",
      "geometry": {
        "type": "Point",
        "coordinates": [
          140.4208849,
          40.8060722
        ]
      },
      "properties": {
        "内容": "バス停: 柏温泉前",
        "name": "柏温泉前",
        "operator": "事業者不明",
        "ref": "",
        "url": "",
        "url2": ""
      }
    },
    {
      "type": "Feature",
      "geometry": {
        "type": "Point",
        "coordinates": [
          140.4159579,
          40.8051533
        ]
      },
      "properties": {
        "内容": "バス停: 稲盛村",
        "name": "稲盛村",
        "operator": "事業者不明",
        "ref": "",
        "url": "",
        "url2": ""
      }
    },
    {
      "type": "Feature",
      "geometry": {
        "type": "Point",
        "coordinates": [
          140.4155147,
          40.8049779
        ]
      },
      "properties": {
        "内容": "バス停: 稲盛村",
        "name": "稲盛村",
        "operator": "事業者不明",
        "ref": "",
        "url": "",
        "url2": ""
      }
    },
    {
      "type": "Feature",
      "geometry": {
        "type": "Point",
        "coordinates": [
          140.4025456,
          40.8092472
        ]
      },
      "properties": {
        "内容": "バス停: 玉水",
        "name": "玉水",
        "operator": "事業者不明",
        "ref": "",
        "url": "",
        "url2": ""
      }
    },
    {
      "type": "Feature",
      "geometry": {
        "type": "Point",
        "coordinates": [
          140.3930863,
          40.8086449
        ]
      },
      "properties": {
        "内容": "バス停: 木造高校前",
        "name": "木造高校前",
        "operator": "事業者不明",
        "ref": "",
        "url": "",
        "url2": ""
      }
    },
    {
      "type": "Feature",
      "geometry": {
        "type": "Point",
        "coordinates": [
          140.3928612,
          40.8087213
        ]
      },
      "properties": {
        "内容": "バス停: 木造高校前",
        "name": "木造高校前",
        "operator": "事業者不明",
        "ref": "",
        "url": "",
        "url2": ""
      }
    },
    {
      "type": "Feature",
      "geometry": {
        "type": "Point",
        "coordinates": [
          140.3869237,
          40.8077015
        ]
      },
      "properties": {
        "内容": "バス停: 旧つがる警察署前",
        "name": "旧つがる警察署前",
        "operator": "事業者不明",
        "ref": "",
        "url": "",
        "url2": ""
      }
    },
    {
      "type": "Feature",
      "geometry": {
        "type": "Point",
        "coordinates": [
          140.3867235,
          40.8077838
        ]
      },
      "properties": {
        "内容": "バス停: 旧つがる警察署前",
        "name": "旧つがる警察署前",
        "operator": "事業者不明",
        "ref": "",
        "url": "",
        "url2": ""
      }
    },
    {
      "type": "Feature",
      "geometry": {
        "type": "Point",
        "coordinates": [
          140.3851984,
          40.8095098
        ]
      },
      "properties": {
        "内容": "バス停: 千代町",
        "name": "千代町",
        "operator": "事業者不明",
        "ref": "",
        "url": "",
        "url2": ""
      }
    },
    {
      "type": "Feature",
      "geometry": {
        "type": "Point",
        "coordinates": [
          140.3844323,
          40.8099849
        ]
      },
      "properties": {
        "内容": "バス停: 有楽町",
        "name": "有楽町",
        "operator": "事業者不明",
        "ref": "",
        "url": "",
        "url2": ""
      }
    },
    {
      "type": "Feature",
      "geometry": {
        "type": "Point",
        "coordinates": [
          140.3820623,
          40.811774
        ]
      },
      "properties": {
        "内容": "バス停: 木造",
        "name": "木造",
        "operator": "事業者不明",
        "ref": "",
        "url": "",
        "url2": ""
      }
    },
    {
      "type": "Feature",
      "geometry": {
        "type": "Point",
        "coordinates": [
          140.3811265,
          40.8130635
        ]
      },
      "properties": {
        "内容": "バス停: かっぱ広場",
        "name": "かっぱ広場",
        "operator": "事業者不明",
        "ref": "",
        "url": "",
        "url2": ""
      }
    },
    {
      "type": "Feature",
      "geometry": {
        "type": "Point",
        "coordinates": [
          140.3767211,
          40.8186213
        ]
      },
      "properties": {
        "内容": "バス停: 木造北口",
        "name": "木造北口",
        "operator": "事業者不明",
        "ref": "",
        "url": "",
        "url2": ""
      }
    },
    {
      "type": "Feature",
      "geometry": {
        "type": "Point",
        "coordinates": [
          140.3718314,
          40.824276
        ]
      },
      "properties": {
        "内容": "バス停: 蓮花田",
        "name": "蓮花田",
        "operator": "事業者不明",
        "ref": "",
        "url": "",
        "url2": ""
      }
    },
    {
      "type": "Feature",
      "geometry": {
        "type": "Point",
        "coordinates": [
          140.3668889,
          40.8301841
        ]
      },
      "properties": {
        "内容": "バス停: 永田",
        "name": "永田",
        "operator": "事業者不明",
        "ref": "",
        "url": "",
        "url2": ""
      }
    },
    {
      "type": "Feature",
      "geometry": {
        "type": "Point",
        "coordinates": [
          140.3613501,
          40.8369767
        ]
      },
      "properties": {
        "内容": "バス停: 大畑",
        "name": "大畑",
        "operator": "事業者不明",
        "ref": "",
        "url": "",
        "url2": ""
      }
    },
    {
      "type": "Feature",
      "geometry": {
        "type": "Point",
        "coordinates": [
          140.3594188,
          40.8398011
        ]
      },
      "properties": {
        "内容": "バス停: 林",
        "name": "林",
        "operator": "事業者不明",
        "ref": "",
        "url": "",
        "url2": ""
      }
    },
    {
      "type": "Feature",
      "geometry": {
        "type": "Point",
        "coordinates": [
          140.3553179,
          40.8413577
        ]
      },
      "properties": {
        "内容": "バス停: 林西口",
        "name": "林西口",
        "operator": "事業者不明",
        "ref": "",
        "url": "",
        "url2": ""
      }
    },
    {
      "type": "Feature",
      "geometry": {
        "type": "Point",
        "coordinates": [
          140.3395717,
          40.852146
        ]
      },
      "properties": {
        "内容": "バス停: 小田原通り",
        "name": "小田原通り",
        "operator": "事業者不明",
        "ref": "",
        "url": "",
        "url2": ""
      }
    },
    {
      "type": "Feature",
      "geometry": {
        "type": "Point",
        "coordinates": [
          140.3353437,
          40.8558606
        ]
      },
      "properties": {
        "内容": "バス停: 上孤槌",
        "name": "上孤槌",
        "operator": "事業者不明",
        "ref": "",
        "url": "",
        "url2": ""
      }
    },
    {
      "type": "Feature",
      "geometry": {
        "type": "Point",
        "coordinates": [
          140.3356254,
          40.8597437
        ]
      },
      "properties": {
        "内容": "バス停: 入江",
        "name": "入江",
        "operator": "事業者不明",
        "ref": "",
        "url": "",
        "url2": ""
      }
    },
    {
      "type": "Feature",
      "geometry": {
        "type": "Point",
        "coordinates": [
          140.3358472,
          40.8633828
        ]
      },
      "properties": {
        "内容": "バス停: 変電所前",
        "name": "変電所前",
        "operator": "事業者不明",
        "ref": "",
        "url": "",
        "url2": ""
      }
    },
    {
      "type": "Feature",
      "geometry": {
        "type": "Point",
        "coordinates": [
          140.3348118,
          40.8675609
        ]
      },
      "properties": {
        "内容": "バス停: 上大湯町",
        "name": "上大湯町",
        "operator": "事業者不明",
        "ref": "",
        "url": "",
        "url2": ""
      }
    },
    {
      "type": "Feature",
      "geometry": {
        "type": "Point",
        "coordinates": [
          140.3352945,
          40.8694355
        ]
      },
      "properties": {
        "内容": "バス停: 大湯町",
        "name": "大湯町",
        "operator": "事業者不明",
        "ref": "",
        "url": "",
        "url2": ""
      }
    },
    {
      "type": "Feature",
      "geometry": {
        "type": "Point",
        "coordinates": [
          140.3371345,
          40.8756753
        ]
      },
      "properties": {
        "内容": "バス停: 舘岡神社前",
        "name": "舘岡神社前",
        "operator": "事業者不明",
        "ref": "",
        "url": "",
        "url2": ""
      }
    },
    {
      "type": "Feature",
      "geometry": {
        "type": "Point",
        "coordinates": [
          140.3365476,
          40.8782941
        ]
      },
      "properties": {
        "内容": "バス停: 舘岡",
        "name": "舘岡",
        "operator": "事業者不明",
        "ref": "",
        "url": "",
        "url2": ""
      }
    },
    {
      "type": "Feature",
      "geometry": {
        "type": "Point",
        "coordinates": [
          140.3354509,
          40.8808942
        ]
      },
      "properties": {
        "内容": "バス停: 亀山",
        "name": "亀山",
        "operator": "事業者不明",
        "ref": "",
        "url": "",
        "url2": ""
      }
    },
    {
      "type": "Feature",
      "geometry": {
        "type": "Point",
        "coordinates": [
          140.3393004,
          40.8980659
        ]
      },
      "properties": {
        "内容": "バス停: 筒木坂南口",
        "name": "筒木坂南口",
        "operator": "事業者不明",
        "ref": "",
        "url": "",
        "url2": ""
      }
    },
    {
      "type": "Feature",
      "geometry": {
        "type": "Point",
        "coordinates": [
          140.3385259,
          40.9006675
        ]
      },
      "properties": {
        "内容": "バス停: 筒木坂",
        "name": "筒木坂",
        "operator": "事業者不明",
        "ref": "",
        "url": "",
        "url2": ""
      }
    },
    {
      "type": "Feature",
      "geometry": {
        "type": "Point",
        "coordinates": [
          140.3415649,
          40.9022139
        ]
      },
      "properties": {
        "内容": "バス停: 筒木坂東口",
        "name": "筒木坂東口",
        "operator": "事業者不明",
        "ref": "",
        "url": "",
        "url2": ""
      }
    },
    {
      "type": "Feature",
      "geometry": {
        "type": "Point",
        "coordinates": [
          140.3447413,
          40.9044169
        ]
      },
      "properties": {
        "内容": "バス停: 筒木坂北口",
        "name": "筒木坂北口",
        "operator": "事業者不明",
        "ref": "",
        "url": "",
        "url2": ""
      }
    },
    {
      "type": "Feature",
      "geometry": {
        "type": "Point",
        "coordinates": [
          140.3483399,
          40.9124131
        ]
      },
      "properties": {
        "内容": "バス停: 平滝",
        "name": "平滝",
        "operator": "事業者不明",
        "ref": "",
        "url": "",
        "url2": ""
      }
    },
    {
      "type": "Feature",
      "geometry": {
        "type": "Point",
        "coordinates": [
          140.3503199,
          40.920764
        ]
      },
      "properties": {
        "内容": "バス停: 大田光",
        "name": "大田光",
        "operator": "事業者不明",
        "ref": "",
        "url": "",
        "url2": ""
      }
    },
    {
      "type": "Feature",
      "geometry": {
        "type": "Point",
        "coordinates": [
          140.3538643,
          40.9293709
        ]
      },
      "properties": {
        "内容": "バス停: 山陰",
        "name": "山陰",
        "operator": "事業者不明",
        "ref": "",
        "url": "",
        "url2": ""
      }
    },
    {
      "type": "Feature",
      "geometry": {
        "type": "Point",
        "coordinates": [
          140.3520871,
          40.9359447
        ]
      },
      "properties": {
        "内容": "バス停: 牛潟北口",
        "name": "牛潟北口",
        "operator": "事業者不明",
        "ref": "",
        "url": "",
        "url2": ""
      }
    },
    {
      "type": "Feature",
      "geometry": {
        "type": "Point",
        "coordinates": [
          140.3580378,
          40.9463652
        ]
      },
      "properties": {
        "内容": "バス停: 車力",
        "name": "車力",
        "operator": "事業者不明",
        "ref": "",
        "url": "",
        "url2": ""
      }
    },
    {
      "type": "Feature",
      "geometry": {
        "type": "Point",
        "coordinates": [
          140.3600461,
          40.9477198
        ]
      },
      "properties": {
        "内容": "バス停: 車力支所前",
        "name": "車力支所前",
        "operator": "事業者不明",
        "ref": "",
        "url": "",
        "url2": ""
      }
    },
    {
      "type": "Feature",
      "geometry": {
        "type": "Point",
        "coordinates": [
          140.361517,
          40.9499562
        ]
      },
      "properties": {
        "内容": "バス停: 車力農協前",
        "name": "車力農協前",
        "operator": "事業者不明",
        "ref": "",
        "url": "",
        "url2": ""
      }
    },
    {
      "type": "Feature",
      "geometry": {
        "type": "Point",
        "coordinates": [
          140.3643699,
          40.9524217
        ]
      },
      "properties": {
        "内容": "バス停: 車力二軒町",
        "name": "車力二軒町",
        "operator": "事業者不明",
        "ref": "",
        "url": "",
        "url2": ""
      }
    },
    {
      "type": "Feature",
      "geometry": {
        "type": "Point",
        "coordinates": [
          140.3637306,
          40.9557316
        ]
      },
      "properties": {
        "内容": "バス停: 車力北口",
        "name": "車力北口",
        "operator": "事業者不明",
        "ref": "",
        "url": "",
        "url2": ""
      }
    },
    {
      "type": "Feature",
      "geometry": {
        "type": "Point",
        "coordinates": [
          140.3672709,
          40.9700907
        ]
      },
      "properties": {
        "内容": "バス停: 豊富",
        "name": "豊富",
        "operator": "事業者不明",
        "ref": "",
        "url": "",
        "url2": ""
      }
    },
    {
      "type": "Feature",
      "geometry": {
        "type": "Point",
        "coordinates": [
          140.3729628,
          40.97759
        ]
      },
      "properties": {
        "内容": "バス停: 富萢南口",
        "name": "富萢南口",
        "operator": "事業者不明",
        "ref": "",
        "url": "",
        "url2": ""
      }
    },
    {
      "type": "Feature",
      "geometry": {
        "type": "Point",
        "coordinates": [
          140.3739915,
          40.98399
        ]
      },
      "properties": {
        "内容": "バス停: 富萢北口",
        "name": "富萢北口",
        "operator": "事業者不明",
        "ref": "",
        "url": "",
        "url2": ""
      }
    },
    {
      "type": "Feature",
      "geometry": {
        "type": "Point",
        "coordinates": [
          140.3747081,
          40.980427
        ]
      },
      "properties": {
        "内容": "バス停: 富萢",
        "name": "富萢",
        "operator": "事業者不明",
        "ref": "",
        "url": "",
        "url2": ""
      }
    },
    {
      "type": "Feature",
      "geometry": {
        "type": "Point",
        "coordinates": [
          140.3647443,
          40.9901832
        ]
      },
      "properties": {
        "内容": "バス停: 権現",
        "name": "権現",
        "operator": "事業者不明",
        "ref": "",
        "url": "",
        "url2": ""
      }
    },
    {
      "type": "Feature",
      "geometry": {
        "type": "Point",
        "coordinates": [
          140.3565005,
          40.9932316
        ]
      },
      "properties": {
        "内容": "バス停: 深沢",
        "name": "深沢",
        "operator": "事業者不明",
        "ref": "",
        "url": "",
        "url2": ""
      }
    },
    {
      "type": "Feature",
      "geometry": {
        "type": "Point",
        "coordinates": [
          140.3432602,
          41.0006218
        ]
      },
      "properties": {
        "内容": "バス停: 栗山",
        "name": "栗山",
        "operator": "事業者不明",
        "ref": "",
        "url": "",
        "url2": ""
      }
    },
    {
      "type": "Feature",
      "geometry": {
        "type": "Point",
        "coordinates": [
          140.3401591,
          41.0041624
        ]
      },
      "properties": {
        "内容": "バス停: 清水",
        "name": "清水",
        "operator": "事業者不明",
        "ref": "",
        "url": "",
        "url2": ""
      }
    },
    {
      "type": "Feature",
      "geometry": {
        "type": "Point",
        "coordinates": [
          140.3290568,
          41.0244525
        ]
      },
      "properties": {
        "内容": "バス停: 住宅前",
        "name": "住宅前",
        "operator": "事業者不明",
        "ref": "",
        "url": "",
        "url2": ""
      }
    },
    {
      "type": "Feature",
      "geometry": {
        "type": "Point",
        "coordinates": [
          140.3265358,
          41.0259548
        ]
      },
      "properties": {
        "内容": "バス停: 山子",
        "name": "山子",
        "operator": "事業者不明",
        "ref": "",
        "url": "",
        "url2": ""
      }
    },
    {
      "type": "Feature",
      "geometry": {
        "type": "Point",
        "coordinates": [
          140.3259171,
          41.0280759
        ]
      },
      "properties": {
        "内容": "バス停: 仲町",
        "name": "仲町",
        "operator": "事業者不明",
        "ref": "",
        "url": "",
        "url2": ""
      }
    },
    {
      "type": "Feature",
      "geometry": {
        "type": "Point",
        "coordinates": [
          140.32864,
          41.0329335
        ]
      },
      "properties": {
        "内容": "バス停: 十三神社前",
        "name": "十三神社前",
        "operator": "事業者不明",
        "ref": "",
        "url": "",
        "url2": ""
      }
    },
    {
      "type": "Feature",
      "geometry": {
        "type": "Point",
        "coordinates": [
          140.3293889,
          41.0362901
        ]
      },
      "properties": {
        "内容": "バス停: 十三",
        "name": "十三",
        "operator": "事業者不明",
        "ref": "",
        "url": "",
        "url2": ""
      }
    },
    {
      "type": "Feature",
      "geometry": {
        "type": "Point",
        "coordinates": [
          140.3289699,
          41.046565
        ]
      },
      "properties": {
        "内容": "バス停: 中の島公園入口",
        "name": "中の島公園入口",
        "operator": "事業者不明",
        "ref": "",
        "url": "",
        "url2": ""
      }
    },
    {
      "type": "Feature",
      "geometry": {
        "type": "Point",
        "coordinates": [
          140.328884,
          41.0465698
        ]
      },
      "properties": {
        "内容": "バス停: 中の島公園入口",
        "name": "中の島公園入口",
        "operator": "事業者不明",
        "ref": "",
        "url": "",
        "url2": ""
      }
    },
    {
      "type": "Feature",
      "geometry": {
        "type": "Point",
        "coordinates": [
          140.3239967,
          41.0733572
        ]
      },
      "properties": {
        "内容": "バス停: 磯松南口",
        "name": "磯松南口",
        "operator": "事業者不明",
        "ref": "",
        "url": "",
        "url2": ""
      }
    },
    {
      "type": "Feature",
      "geometry": {
        "type": "Point",
        "coordinates": [
          140.3244302,
          41.0760863
        ]
      },
      "properties": {
        "内容": "バス停: 磯松",
        "name": "磯松",
        "operator": "事業者不明",
        "ref": "",
        "url": "",
        "url2": ""
      }
    },
    {
      "type": "Feature",
      "geometry": {
        "type": "Point",
        "coordinates": [
          140.321268,
          41.0905639
        ]
      },
      "properties": {
        "内容": "バス停: 上脇元",
        "name": "上脇元",
        "operator": "事業者不明",
        "ref": "",
        "url": "",
        "url2": ""
      }
    },
    {
      "type": "Feature",
      "geometry": {
        "type": "Point",
        "coordinates": [
          140.3051751,
          41.107506
        ]
      },
      "properties": {
        "内容": "バス停: 雄の湯温泉前",
        "name": "雄の湯温泉前",
        "operator": "事業者不明",
        "ref": "",
        "url": "",
        "url2": ""
      }
    },
    {
      "type": "Feature",
      "geometry": {
        "type": "Point",
        "coordinates": [
          140.4052195,
          41.0467247
        ]
      },
      "properties": {
        "内容": "バス停: 太田南口",
        "name": "太田南口",
        "operator": "事業者不明",
        "ref": "",
        "url": "",
        "url2": ""
      }
    },
    {
      "type": "Feature",
      "geometry": {
        "type": "Point",
        "coordinates": [
          140.4016269,
          41.0526159
        ]
      },
      "properties": {
        "内容": "バス停: 太田",
        "name": "太田",
        "operator": "事業者不明",
        "ref": "",
        "url": "",
        "url2": ""
      }
    },
    {
      "type": "Feature",
      "geometry": {
        "type": "Point",
        "coordinates": [
          140.3944614,
          41.0519697
        ]
      },
      "properties": {
        "内容": "バス停: 下太田",
        "name": "下太田",
        "operator": "事業者不明",
        "ref": "",
        "url": "",
        "url2": ""
      }
    },
    {
      "type": "Feature",
      "geometry": {
        "type": "Point",
        "coordinates": [
          140.3000181,
          41.1116799
        ]
      },
      "properties": {
        "内容": "バス停: おさかな海岸前",
        "name": "おさかな海岸前",
        "operator": "事業者不明",
        "ref": "",
        "url": "",
        "url2": ""
      }
    },
    {
      "type": "Feature",
      "geometry": {
        "type": "Point",
        "coordinates": [
          140.3015198,
          41.1304828
        ]
      },
      "properties": {
        "内容": "バス停: 浜町",
        "name": "浜町",
        "operator": "事業者不明",
        "ref": "",
        "url": "",
        "url2": ""
      }
    },
    {
      "type": "Feature",
      "geometry": {
        "type": "Point",
        "coordinates": [
          140.3097657,
          41.1278282
        ]
      },
      "properties": {
        "内容": "バス停: 小泊診療所",
        "name": "小泊診療所",
        "operator": "事業者不明",
        "ref": "",
        "url": "",
        "url2": ""
      }
    },
    {
      "type": "Feature",
      "geometry": {
        "type": "Point",
        "coordinates": [
          140.3090435,
          41.1301033
        ]
      },
      "properties": {
        "内容": "バス停: 小学校前",
        "name": "小学校前",
        "operator": "事業者不明",
        "ref": "",
        "url": "",
        "url2": ""
      }
    },
    {
      "type": "Feature",
      "geometry": {
        "type": "Point",
        "coordinates": [
          140.3076014,
          41.131926
        ]
      },
      "properties": {
        "内容": "バス停: 小泊新町",
        "name": "小泊新町",
        "operator": "事業者不明",
        "ref": "",
        "url": "",
        "url2": ""
      }
    },
    {
      "type": "Feature",
      "geometry": {
        "type": "Point",
        "coordinates": [
          140.3064553,
          41.1315218
        ]
      },
      "properties": {
        "内容": "バス停: 小泊",
        "name": "小泊",
        "operator": "事業者不明",
        "ref": "",
        "url": "",
        "url2": ""
      }
    },
    {
      "type": "Feature",
      "geometry": {
        "type": "Point",
        "coordinates": [
          140.3047399,
          41.1314404
        ]
      },
      "properties": {
        "内容": "バス停: 派立",
        "name": "派立",
        "operator": "事業者不明",
        "ref": "",
        "url": "",
        "url2": ""
      }
    },
    {
      "type": "Feature",
      "geometry": {
        "type": "Point",
        "coordinates": [
          140.298063,
          41.1302295
        ]
      },
      "properties": {
        "内容": "バス停: 片町",
        "name": "片町",
        "operator": "事業者不明",
        "ref": "",
        "url": "",
        "url2": ""
      }
    },
    {
      "type": "Feature",
      "geometry": {
        "type": "Point",
        "coordinates": [
          140.2939168,
          41.1312819
        ]
      },
      "properties": {
        "内容": "バス停: 漁協前",
        "name": "漁協前",
        "operator": "事業者不明",
        "ref": "",
        "url": "",
        "url2": ""
      }
    },
    {
      "type": "Feature",
      "geometry": {
        "type": "Point",
        "coordinates": [
          140.2829412,
          41.1237431
        ]
      },
      "properties": {
        "内容": "バス停: 展望所前",
        "name": "展望所前",
        "operator": "事業者不明",
        "ref": "",
        "url": "",
        "url2": ""
      }
    },
    {
      "type": "Feature",
      "geometry": {
        "type": "Point",
        "coordinates": [
          140.2783864,
          41.1227422
        ]
      },
      "properties": {
        "内容": "バス停: 下前南口",
        "name": "下前南口",
        "operator": "事業者不明",
        "ref": "",
        "url": "",
        "url2": ""
      }
    },
    {
      "type": "Feature",
      "geometry": {
        "type": "Point",
        "coordinates": [
          140.2670359,
          41.1210498
        ]
      },
      "properties": {
        "内容": "バス停: 立松",
        "name": "立松",
        "operator": "事業者不明",
        "ref": "",
        "url": "",
        "url2": ""
      }
    },
    {
      "type": "Feature",
      "geometry": {
        "type": "Point",
        "coordinates": [
          140.2729591,
          41.1213034
        ]
      },
      "properties": {
        "内容": "バス停: 下前",
        "name": "下前",
        "operator": "事業者不明",
        "ref": "",
        "url": "",
        "url2": ""
      }
    },
    {
      "type": "Feature",
      "geometry": {
        "type": "Point",
        "coordinates": [
          140.2784997,
          41.1217581
        ]
      },
      "properties": {
        "内容": "バス停: みなと団地",
        "name": "みなと団地",
        "operator": "事業者不明",
        "ref": "",
        "url": "",
        "url2": ""
      }
    },
    {
      "type": "Feature",
      "geometry": {
        "type": "Point",
        "coordinates": [
          140.2984366,
          41.1136551
        ]
      },
      "properties": {
        "内容": "バス停: 折戸",
        "name": "折戸",
        "operator": "事業者不明",
        "ref": "",
        "url": "",
        "url2": ""
      }
    },
    {
      "type": "Feature",
      "geometry": {
        "type": "Point",
        "coordinates": [
          140.3158882,
          41.0958045
        ]
      },
      "properties": {
        "内容": "バス停: 下脇元",
        "name": "下脇元",
        "operator": "事業者不明",
        "ref": "",
        "url": "",
        "url2": ""
      }
    },
    {
      "type": "Feature",
      "geometry": {
        "type": "Point",
        "coordinates": [
          140.3204583,
          41.0926122
        ]
      },
      "properties": {
        "内容": "バス停: 脇元",
        "name": "脇元",
        "operator": "事業者不明",
        "ref": "",
        "url": "",
        "url2": ""
      }
    },
    {
      "type": "Feature",
      "geometry": {
        "type": "Point",
        "coordinates": [
          140.3217167,
          41.0884836
        ]
      },
      "properties": {
        "内容": "バス停: 金木高校市浦分校前",
        "name": "金木高校市浦分校前",
        "operator": "事業者不明",
        "ref": "",
        "url": "",
        "url2": ""
      }
    },
    {
      "type": "Feature",
      "geometry": {
        "type": "Point",
        "coordinates": [
          140.3221885,
          41.0864127
        ]
      },
      "properties": {
        "内容": "バス停: 脇元入口",
        "name": "脇元入口",
        "operator": "事業者不明",
        "ref": "",
        "url": "",
        "url2": ""
      }
    },
    {
      "type": "Feature",
      "geometry": {
        "type": "Point",
        "coordinates": [
          140.322898,
          41.0843095
        ]
      },
      "properties": {
        "内容": "バス停: しーうらんど海遊館前",
        "name": "しーうらんど海遊館前",
        "operator": "事業者不明",
        "ref": "",
        "url": "",
        "url2": ""
      }
    },
    {
      "type": "Feature",
      "geometry": {
        "type": "Point",
        "coordinates": [
          140.3247291,
          41.0807868
        ]
      },
      "properties": {
        "内容": "バス停: 磯松北口",
        "name": "磯松北口",
        "operator": "事業者不明",
        "ref": "",
        "url": "",
        "url2": ""
      }
    },
    {
      "type": "Feature",
      "geometry": {
        "type": "Point",
        "coordinates": [
          140.3391355,
          41.0639887
        ]
      },
      "properties": {
        "内容": "バス停: 下相内",
        "name": "下相内",
        "operator": "事業者不明",
        "ref": "",
        "url": "",
        "url2": ""
      }
    },
    {
      "type": "Feature",
      "geometry": {
        "type": "Point",
        "coordinates": [
          140.3485167,
          41.0582827
        ]
      },
      "properties": {
        "内容": "バス停: 相内北口",
        "name": "相内北口",
        "operator": "事業者不明",
        "ref": "",
        "url": "",
        "url2": ""
      }
    },
    {
      "type": "Feature",
      "geometry": {
        "type": "Point",
        "coordinates": [
          140.3510771,
          41.0561481
        ]
      },
      "properties": {
        "内容": "バス停: 下浜",
        "name": "下浜",
        "operator": "事業者不明",
        "ref": "",
        "url": "",
        "url2": ""
      }
    },
    {
      "type": "Feature",
      "geometry": {
        "type": "Point",
        "coordinates": [
          140.3549264,
          41.0527572
        ]
      },
      "properties": {
        "内容": "バス停: 相内",
        "name": "相内",
        "operator": "事業者不明",
        "ref": "",
        "url": "",
        "url2": ""
      }
    },
    {
      "type": "Feature",
      "geometry": {
        "type": "Point",
        "coordinates": [
          140.4064662,
          41.0435998
        ]
      },
      "properties": {
        "内容": "バス停: 上太田",
        "name": "上太田",
        "operator": "事業者不明",
        "ref": "",
        "url": "",
        "url2": ""
      }
    },
    {
      "type": "Feature",
      "geometry": {
        "type": "Point",
        "coordinates": [
          140.4208877,
          41.0303351
        ]
      },
      "properties": {
        "内容": "バス停: 今泉",
        "name": "今泉",
        "operator": "事業者不明",
        "ref": "",
        "url": "",
        "url2": ""
      }
    },
    {
      "type": "Feature",
      "geometry": {
        "type": "Point",
        "coordinates": [
          140.4206033,
          41.0281423
        ]
      },
      "properties": {
        "内容": "バス停: 今泉南口",
        "name": "今泉南口",
        "operator": "事業者不明",
        "ref": "",
        "url": "",
        "url2": ""
      }
    },
    {
      "type": "Feature",
      "geometry": {
        "type": "Point",
        "coordinates": [
          140.4226057,
          41.0157227
        ]
      },
      "properties": {
        "内容": "バス停: 下薄市",
        "name": "下薄市",
        "operator": "事業者不明",
        "ref": "",
        "url": "",
        "url2": ""
      }
    },
    {
      "type": "Feature",
      "geometry": {
        "type": "Point",
        "coordinates": [
          140.4229949,
          41.0130719
        ]
      },
      "properties": {
        "内容": "バス停: 薄市",
        "name": "薄市",
        "operator": "事業者不明",
        "ref": "",
        "url": "",
        "url2": ""
      }
    },
    {
      "type": "Feature",
      "geometry": {
        "type": "Point",
        "coordinates": [
          140.4215587,
          41.0038821
        ]
      },
      "properties": {
        "内容": "バス停: 中里高校前",
        "name": "中里高校前",
        "operator": "事業者不明",
        "ref": "",
        "url": "",
        "url2": ""
      }
    },
    {
      "type": "Feature",
      "geometry": {
        "type": "Point",
        "coordinates": [
          140.4229295,
          41.002969
        ]
      },
      "properties": {
        "内容": "バス停: 下高根",
        "name": "下高根",
        "operator": "事業者不明",
        "ref": "",
        "url": "",
        "url2": ""
      }
    },
    {
      "type": "Feature",
      "geometry": {
        "type": "Point",
        "coordinates": [
          140.4279059,
          40.9935328
        ]
      },
      "properties": {
        "内容": "バス停: 冷水",
        "name": "冷水",
        "operator": "事業者不明",
        "ref": "",
        "url": "",
        "url2": ""
      }
    },
    {
      "type": "Feature",
      "geometry": {
        "type": "Point",
        "coordinates": [
          140.4265848,
          40.9885518
        ]
      },
      "properties": {
        "内容": "バス停: 上高根",
        "name": "上高根",
        "operator": "事業者不明",
        "ref": "",
        "url": "",
        "url2": ""
      }
    },
    {
      "type": "Feature",
      "geometry": {
        "type": "Point",
        "coordinates": [
          140.4350378,
          40.9709032
        ]
      },
      "properties": {
        "内容": "バス停: 向町",
        "name": "向町",
        "operator": "事業者不明",
        "ref": "",
        "url": "",
        "url2": ""
      }
    },
    {
      "type": "Feature",
      "geometry": {
        "type": "Point",
        "coordinates": [
          140.4350485,
          40.9682133
        ]
      },
      "properties": {
        "内容": "バス停: 中里郵便局前",
        "name": "中里郵便局前",
        "operator": "事業者不明",
        "ref": "",
        "url": "",
        "url2": ""
      }
    },
    {
      "type": "Feature",
      "geometry": {
        "type": "Point",
        "coordinates": [
          140.4373711,
          40.9665397
        ]
      },
      "properties": {
        "内容": "バス停: 下派立",
        "name": "下派立",
        "operator": "事業者不明",
        "ref": "",
        "url": "",
        "url2": ""
      }
    },
    {
      "type": "Feature",
      "geometry": {
        "type": "Point",
        "coordinates": [
          140.4405687,
          40.9648385
        ]
      },
      "properties": {
        "内容": "バス停: 中里駅前",
        "name": "中里駅前",
        "operator": "事業者不明",
        "ref": "",
        "url": "",
        "url2": ""
      }
    },
    {
      "type": "Feature",
      "geometry": {
        "type": "Point",
        "coordinates": [
          140.4422518,
          40.9591627
        ]
      },
      "properties": {
        "内容": "バス停: 深郷田",
        "name": "深郷田",
        "operator": "事業者不明",
        "ref": "",
        "url": "",
        "url2": ""
      }
    },
    {
      "type": "Feature",
      "geometry": {
        "type": "Point",
        "coordinates": [
          140.4399073,
          40.9543542
        ]
      },
      "properties": {
        "内容": "バス停: 八幡",
        "name": "八幡",
        "operator": "事業者不明",
        "ref": "",
        "url": "",
        "url2": ""
      }
    },
    {
      "type": "Feature",
      "geometry": {
        "type": "Point",
        "coordinates": [
          140.4437546,
          40.9444836
        ]
      },
      "properties": {
        "内容": "バス停: 大沢内北口",
        "name": "大沢内北口",
        "operator": "事業者不明",
        "ref": "",
        "url": "",
        "url2": ""
      }
    },
    {
      "type": "Feature",
      "geometry": {
        "type": "Point",
        "coordinates": [
          140.4438601,
          40.9386444
        ]
      },
      "properties": {
        "内容": "バス停: 大沢内",
        "name": "大沢内",
        "operator": "事業者不明",
        "ref": "",
        "url": "",
        "url2": ""
      }
    },
    {
      "type": "Feature",
      "geometry": {
        "type": "Point",
        "coordinates": [
          140.4485042,
          40.9318264
        ]
      },
      "properties": {
        "内容": "バス停: 川倉北口",
        "name": "川倉北口",
        "operator": "事業者不明",
        "ref": "",
        "url": "",
        "url2": ""
      }
    },
    {
      "type": "Feature",
      "geometry": {
        "type": "Point",
        "coordinates": [
          140.4510557,
          40.9293496
        ]
      },
      "properties": {
        "内容": "バス停: 川倉",
        "name": "川倉",
        "operator": "事業者不明",
        "ref": "",
        "url": "",
        "url2": ""
      }
    },
    {
      "type": "Feature",
      "geometry": {
        "type": "Point",
        "coordinates": [
          140.4502391,
          40.9196491
        ]
      },
      "properties": {
        "内容": "バス停: 湯の川",
        "name": "湯の川",
        "operator": "事業者不明",
        "ref": "",
        "url": "",
        "url2": ""
      }
    },
    {
      "type": "Feature",
      "geometry": {
        "type": "Point",
        "coordinates": [
          140.4509714,
          40.9122035
        ]
      },
      "properties": {
        "内容": "バス停: 芦野公園前",
        "name": "芦野公園前",
        "operator": "事業者不明",
        "ref": "",
        "url": "",
        "url2": ""
      }
    },
    {
      "type": "Feature",
      "geometry": {
        "type": "Point",
        "coordinates": [
          140.4500389,
          40.907945
        ]
      },
      "properties": {
        "内容": "バス停: 金木案内所",
        "name": "金木案内所",
        "operator": "事業者不明",
        "ref": "",
        "url": "",
        "url2": ""
      }
    },
    {
      "type": "Feature",
      "geometry": {
        "type": "Point",
        "coordinates": [
          140.4550917,
          40.9029311
        ]
      },
      "properties": {
        "内容": "バス停: 斜陽館前",
        "name": "斜陽館前",
        "operator": "事業者不明",
        "ref": "",
        "url": "",
        "url2": ""
      }
    },
    {
      "type": "Feature",
      "geometry": {
        "type": "Point",
        "coordinates": [
          140.4548852,
          40.9022551
        ]
      },
      "properties": {
        "内容": "バス停: 斜陽館前",
        "name": "斜陽館前",
        "operator": "事業者不明",
        "ref": "",
        "url": "",
        "url2": ""
      }
    },
    {
      "type": "Feature",
      "geometry": {
        "type": "Point",
        "coordinates": [
          140.4549599,
          40.9005543
        ]
      },
      "properties": {
        "内容": "バス停: 金木病院前",
        "name": "金木病院前",
        "operator": "事業者不明",
        "ref": "",
        "url": "",
        "url2": ""
      }
    },
    {
      "type": "Feature",
      "geometry": {
        "type": "Point",
        "coordinates": [
          140.4547885,
          40.9005851
        ]
      },
      "properties": {
        "内容": "バス停: 金木病院前",
        "name": "金木病院前",
        "operator": "事業者不明",
        "ref": "",
        "url": "",
        "url2": ""
      }
    },
    {
      "type": "Feature",
      "geometry": {
        "type": "Point",
        "coordinates": [
          140.4546224,
          40.8983648
        ]
      },
      "properties": {
        "内容": "バス停: 自動車学校前",
        "name": "自動車学校前",
        "operator": "事業者不明",
        "ref": "",
        "url": "",
        "url2": ""
      }
    },
    {
      "type": "Feature",
      "geometry": {
        "type": "Point",
        "coordinates": [
          140.4585188,
          40.8835352
        ]
      },
      "properties": {
        "内容": "バス停: 嘉瀬北口",
        "name": "嘉瀬北口",
        "operator": "事業者不明",
        "ref": "",
        "url": "",
        "url2": ""
      }
    },
    {
      "type": "Feature",
      "geometry": {
        "type": "Point",
        "coordinates": [
          140.4585684,
          40.8805842
        ]
      },
      "properties": {
        "内容": "バス停: 嘉瀬",
        "name": "嘉瀬",
        "operator": "事業者不明",
        "ref": "",
        "url": "",
        "url2": ""
      }
    },
    {
      "type": "Feature",
      "geometry": {
        "type": "Point",
        "coordinates": [
          140.4588959,
          40.8778922
        ]
      },
      "properties": {
        "内容": "バス停: 嘉瀬南口",
        "name": "嘉瀬南口",
        "operator": "事業者不明",
        "ref": "",
        "url": "",
        "url2": ""
      }
    },
    {
      "type": "Feature",
      "geometry": {
        "type": "Point",
        "coordinates": [
          140.4586368,
          40.8725723
        ]
      },
      "properties": {
        "内容": "バス停: 中柏木通り",
        "name": "中柏木通り",
        "operator": "事業者不明",
        "ref": "",
        "url": "",
        "url2": ""
      }
    },
    {
      "type": "Feature",
      "geometry": {
        "type": "Point",
        "coordinates": [
          140.4553941,
          40.8583009
        ]
      },
      "properties": {
        "内容": "バス停: 上長富",
        "name": "上長富",
        "operator": "事業者不明",
        "ref": "",
        "url": "",
        "url2": ""
      }
    },
    {
      "type": "Feature",
      "geometry": {
        "type": "Point",
        "coordinates": [
          140.4586874,
          40.8524303
        ]
      },
      "properties": {
        "内容": "バス停: 毘沙門",
        "name": "毘沙門",
        "operator": "事業者不明",
        "ref": "",
        "url": "",
        "url2": ""
      }
    },
    {
      "type": "Feature",
      "geometry": {
        "type": "Point",
        "coordinates": [
          140.4586441,
          40.8466429
        ]
      },
      "properties": {
        "内容": "バス停: 毘沙門十文字",
        "name": "毘沙門十文字",
        "operator": "事業者不明",
        "ref": "",
        "url": "",
        "url2": ""
      }
    },
    {
      "type": "Feature",
      "geometry": {
        "type": "Point",
        "coordinates": [
          140.4557219,
          40.8349765
        ]
      },
      "properties": {
        "内容": "バス停: 沖飯詰",
        "name": "沖飯詰",
        "operator": "事業者不明",
        "ref": "",
        "url": "",
        "url2": ""
      }
    },
    {
      "type": "Feature",
      "geometry": {
        "type": "Point",
        "coordinates": [
          140.4547248,
          40.8281725
        ]
      },
      "properties": {
        "内容": "バス停: 桃崎",
        "name": "桃崎",
        "operator": "事業者不明",
        "ref": "",
        "url": "",
        "url2": ""
      }
    },
    {
      "type": "Feature",
      "geometry": {
        "type": "Point",
        "coordinates": [
          140.4574314,
          40.8223383
        ]
      },
      "properties": {
        "内容": "バス停: 尻無",
        "name": "尻無",
        "operator": "事業者不明",
        "ref": "",
        "url": "",
        "url2": ""
      }
    },
    {
      "type": "Feature",
      "geometry": {
        "type": "Point",
        "coordinates": [
          140.4495932,
          40.8177213
        ]
      },
      "properties": {
        "内容": "バス停: 下平井町",
        "name": "下平井町",
        "operator": "事業者不明",
        "ref": "",
        "url": "",
        "url2": ""
      }
    },
    {
      "type": "Feature",
      "geometry": {
        "type": "Point",
        "coordinates": [
          140.4475607,
          40.8148186
        ]
      },
      "properties": {
        "内容": "バス停: 敷島町",
        "name": "敷島町",
        "operator": "事業者不明",
        "ref": "",
        "url": "",
        "url2": ""
      }
    },
    {
      "type": "Feature",
      "geometry": {
        "type": "Point",
        "coordinates": [
          140.4458519,
          40.8113572
        ]
      },
      "properties": {
        "内容": "バス停: 旭町",
        "name": "旭町",
        "operator": "事業者不明",
        "ref": "",
        "url": "",
        "url2": ""
      }
    },
    {
      "type": "Feature",
      "geometry": {
        "type": "Point",
        "coordinates": [
          140.4406898,
          40.81015
        ]
      },
      "properties": {
        "内容": "バス停: 寺町",
        "name": "寺町",
        "operator": "事業者不明",
        "ref": "",
        "url": "",
        "url2": ""
      }
    },
    {
      "type": "Feature",
      "geometry": {
        "type": "Point",
        "coordinates": [
          140.4412901,
          40.8080014
        ]
      },
      "properties": {
        "内容": "バス停: つがる総合病院前",
        "name": "つがる総合病院前",
        "operator": "事業者不明",
        "ref": "",
        "url": "",
        "url2": ""
      }
    },
    {
      "type": "Feature",
      "geometry": {
        "type": "Point",
        "coordinates": [
          140.444071,
          40.8102275
        ]
      },
      "properties": {
        "内容": "バス停: 大町",
        "name": "大町",
        "operator": "事業者不明",
        "ref": "",
        "url": "",
        "url2": ""
      }
    },
    {
      "type": "Feature",
      "geometry": {
        "type": "Point",
        "coordinates": [
          140.4430614,
          40.8103794
        ]
      },
      "properties": {
        "内容": "バス停: 大町",
        "name": "大町",
        "operator": "事業者不明",
        "ref": "",
        "url": "",
        "url2": ""
      }
    },
    {
      "type": "Feature",
      "geometry": {
        "type": "Point",
        "coordinates": [
          140.443828,
          40.8084869
        ]
      },
      "properties": {
        "内容": "バス停: 本町",
        "name": "本町",
        "operator": "事業者不明",
        "ref": "",
        "url": "",
        "url2": ""
      }
    },
    {
      "type": "Feature",
      "geometry": {
        "type": "Point",
        "coordinates": [
          140.4433102,
          40.8088878
        ]
      },
      "properties": {
        "内容": "バス停: 本町",
        "name": "本町",
        "operator": "事業者不明",
        "ref": "",
        "url": "",
        "url2": ""
      }
    },
    {
      "type": "Feature",
      "geometry": {
        "type": "Point",
        "coordinates": [
          140.4441201,
          40.8066052
        ]
      },
      "properties": {
        "内容": "バス停: 新町",
        "name": "新町",
        "operator": "事業者不明",
        "ref": "",
        "url": "",
        "url2": ""
      }
    },
    {
      "type": "Feature",
      "geometry": {
        "type": "Point",
        "coordinates": [
          140.4447424,
          40.8031
        ]
      },
      "properties": {
        "内容": "バス停: 田町",
        "name": "田町",
        "operator": "事業者不明",
        "ref": "",
        "url": "",
        "url2": ""
      }
    },
    {
      "type": "Feature",
      "geometry": {
        "type": "Point",
        "coordinates": [
          140.4454772,
          40.7980642
        ]
      },
      "properties": {
        "内容": "バス停: 栄町",
        "name": "栄町",
        "operator": "事業者不明",
        "ref": "",
        "url": "",
        "url2": ""
      }
    },
    {
      "type": "Feature",
      "geometry": {
        "type": "Point",
        "coordinates": [
          140.4477821,
          40.7920107
        ]
      },
      "properties": {
        "内容": "バス停: 五所川原営業所",
        "name": "五所川原営業所",
        "operator": "事業者不明",
        "ref": "",
        "url": "",
        "url2": ""
      }
    },
    {
      "type": "Feature",
      "geometry": {
        "type": "Point",
        "coordinates": [
          140.4481025,
          40.7918802
        ]
      },
      "properties": {
        "内容": "バス停: 五所川原営業所",
        "name": "五所川原営業所",
        "operator": "事業者不明",
        "ref": "",
        "url": "",
        "url2": ""
      }
    },
    {
      "type": "Feature",
      "geometry": {
        "type": "Point",
        "coordinates": [
          140.44602,
          40.7927565
        ]
      },
      "properties": {
        "内容": "バス停: 湊",
        "name": "湊",
        "operator": "事業者不明",
        "ref": "",
        "url": "",
        "url2": ""
      }
    },
    {
      "type": "Feature",
      "geometry": {
        "type": "Point",
        "coordinates": [
          140.4457158,
          40.792644
        ]
      },
      "properties": {
        "内容": "バス停: 湊",
        "name": "湊",
        "operator": "事業者不明",
        "ref": "",
        "url": "",
        "url2": ""
      }
    },
    {
      "type": "Feature",
      "geometry": {
        "type": "Point",
        "coordinates": [
          140.4465786,
          40.7985765
        ]
      },
      "properties": {
        "内容": "バス停: 栄町",
        "name": "栄町",
        "operator": "事業者不明",
        "ref": "",
        "url": "",
        "url2": ""
      }
    },
    {
      "type": "Feature",
      "geometry": {
        "type": "Point",
        "coordinates": [
          140.4462955,
          40.8012091
        ]
      },
      "properties": {
        "内容": "バス停: 市営住宅前",
        "name": "市営住宅前",
        "operator": "事業者不明",
        "ref": "",
        "url": "",
        "url2": ""
      }
    },
    {
      "type": "Feature",
      "geometry": {
        "type": "Point",
        "coordinates": [
          140.4459967,
          40.8040557
        ]
      },
      "properties": {
        "内容": "バス停: 田町",
        "name": "田町",
        "operator": "事業者不明",
        "ref": "",
        "url": "",
        "url2": ""
      }
    },
    {
      "type": "Feature",
      "geometry": {
        "type": "Point",
        "coordinates": [
          140.4458518,
          40.8042397
        ]
      },
      "properties": {
        "内容": "バス停: 田町",
        "name": "田町",
        "operator": "事業者不明",
        "ref": "",
        "url": "",
        "url2": ""
      }
    },
    {
      "type": "Feature",
      "geometry": {
        "type": "Point",
        "coordinates": [
          140.4454957,
          40.8068665
        ]
      },
      "properties": {
        "内容": "バス停: 五所川原市役所前",
        "name": "五所川原市役所前",
        "operator": "事業者不明",
        "ref": "",
        "url": "",
        "url2": ""
      }
    },
    {
      "type": "Feature",
      "geometry": {
        "type": "Point",
        "coordinates": [
          140.445518,
          40.8073875
        ]
      },
      "properties": {
        "内容": "バス停: 五所川原市役所前",
        "name": "五所川原市役所前",
        "operator": "事業者不明",
        "ref": "",
        "url": "",
        "url2": ""
      }
    },
    {
      "type": "Feature",
      "geometry": {
        "type": "Point",
        "coordinates": [
          140.4544216,
          40.7988969
        ]
      },
      "properties": {
        "内容": "バス停: エルムの街",
        "name": "エルムの街",
        "operator": "事業者不明",
        "ref": "",
        "url": "",
        "url2": ""
      }
    },
    {
      "type": "Feature",
      "geometry": {
        "type": "Point",
        "coordinates": [
          140.4806422,
          40.5993897
        ]
      },
      "properties": {
        "内容": "バス停: 弘前バスターミナル",
        "name": "弘前バスターミナル",
        "operator": "事業者不明",
        "ref": "",
        "url": "",
        "url2": ""
      }
    },
    {
      "type": "Feature",
      "geometry": {
        "type": "Point",
        "coordinates": [
          140.4486153,
          40.5766183
        ]
      },
      "properties": {
        "内容": "バス停: 清水交流センター前",
        "name": "清水交流センター前",
        "operator": "事業者不明",
        "ref": "",
        "url": "",
        "url2": ""
      }
    },
    {
      "type": "Feature",
      "geometry": {
        "type": "Point",
        "coordinates": [
          140.4843892,
          40.5944366
        ]
      },
      "properties": {
        "内容": "バス停: 楮町",
        "name": "楮町",
        "operator": "事業者不明",
        "ref": "",
        "url": "",
        "url2": ""
      }
    },
    {
      "type": "Feature",
      "geometry": {
        "type": "Point",
        "coordinates": [
          140.4810941,
          40.5990638
        ]
      },
      "properties": {
        "内容": "バス停: 弘前バスターミナル",
        "name": "弘前バスターミナル",
        "operator": "事業者不明",
        "ref": "",
        "url": "",
        "url2": ""
      }
    },
    {
      "type": "Feature",
      "geometry": {
        "type": "Point",
        "coordinates": [
          140.4842122,
          40.5942207
        ]
      },
      "properties": {
        "内容": "バス停: 楮町",
        "name": "楮町",
        "operator": "事業者不明",
        "ref": "",
        "url": "",
        "url2": ""
      }
    },
    {
      "type": "Feature",
      "geometry": {
        "type": "Point",
        "coordinates": [
          140.5149909,
          41.144447
        ]
      },
      "properties": {
        "内容": "バス停: 名称不明バス停",
        "name": "名称不明バス停",
        "operator": "事業者不明",
        "ref": "",
        "url": "",
        "url2": ""
      }
    },
    {
      "type": "Feature",
      "geometry": {
        "type": "Point",
        "coordinates": [
          140.5150399,
          41.144396
        ]
      },
      "properties": {
        "内容": "バス停: 名称不明バス停",
        "name": "名称不明バス停",
        "operator": "事業者不明",
        "ref": "",
        "url": "",
        "url2": ""
      }
    },
    {
      "type": "Feature",
      "geometry": {
        "type": "Point",
        "coordinates": [
          140.4847299,
          40.5987217
        ]
      },
      "properties": {
        "内容": "バス停: 弘前駅前",
        "name": "弘前駅前",
        "operator": "事業者不明",
        "ref": "",
        "url": "",
        "url2": ""
      }
    },
    {
      "type": "Feature",
      "geometry": {
        "type": "Point",
        "coordinates": [
          140.3479137,
          41.2581592
        ]
      },
      "properties": {
        "内容": "バス停: 龍飛岬郵便局",
        "name": "龍飛岬郵便局",
        "operator": "事業者不明",
        "ref": "",
        "url": "",
        "url2": ""
      }
    },
    {
      "type": "Feature",
      "geometry": {
        "type": "Point",
        "coordinates": [
          140.4267437,
          41.204629
        ]
      },
      "properties": {
        "内容": "バス停: 上中浜",
        "name": "上中浜",
        "operator": "事業者不明",
        "ref": "",
        "url": "",
        "url2": ""
      }
    },
    {
      "type": "Feature",
      "geometry": {
        "type": "Point",
        "coordinates": [
          140.6009291,
          40.6834037
        ]
      },
      "properties": {
        "内容": "バス停: 野田",
        "name": "野田",
        "operator": "事業者不明",
        "ref": "",
        "url": "",
        "url2": ""
      }
    },
    {
      "type": "Feature",
      "geometry": {
        "type": "Point",
        "coordinates": [
          140.625939,
          40.7809886
        ]
      },
      "properties": {
        "内容": "バス停: 鶴ヶ坂山本",
        "name": "鶴ヶ坂山本",
        "operator": "事業者不明",
        "ref": "",
        "url": "",
        "url2": ""
      }
    },
    {
      "type": "Feature",
      "geometry": {
        "type": "Point",
        "coordinates": [
          140.692137,
          40.8256376
        ]
      },
      "properties": {
        "内容": "バス停: 三内霊園前",
        "name": "三内霊園前",
        "operator": "事業者不明",
        "ref": "",
        "url": "",
        "url2": ""
      }
    },
    {
      "type": "Feature",
      "geometry": {
        "type": "Point",
        "coordinates": [
          140.78998,
          40.828194
        ]
      },
      "properties": {
        "内容": "バス停: 南造道",
        "name": "南造道",
        "operator": "事業者不明",
        "ref": "",
        "url": "",
        "url2": ""
      }
    },
    {
      "type": "Feature",
      "geometry": {
        "type": "Point",
        "coordinates": [
          140.7827587,
          40.8276525
        ]
      },
      "properties": {
        "内容": "バス停: 岡造道1丁目",
        "name": "岡造道1丁目",
        "operator": "事業者不明",
        "ref": "",
        "url": "",
        "url2": ""
      }
    },
    {
      "type": "Feature",
      "geometry": {
        "type": "Point",
        "coordinates": [
          140.7445994,
          40.8256292
        ]
      },
      "properties": {
        "内容": "バス停: 新町2丁目",
        "name": "新町2丁目",
        "operator": "事業者不明",
        "ref": "",
        "url": "",
        "url2": ""
      }
    },
    {
      "type": "Feature",
      "geometry": {
        "type": "Point",
        "coordinates": [
          140.5375032,
          40.5552726
        ]
      },
      "properties": {
        "内容": "バス停: 石川西口",
        "name": "石川西口",
        "operator": "事業者不明",
        "ref": "",
        "url": "",
        "url2": ""
      }
    },
    {
      "type": "Feature",
      "geometry": {
        "type": "Point",
        "coordinates": [
          140.5672606,
          40.5211173
        ]
      },
      "properties": {
        "内容": "バス停: 大鰐温泉駅前",
        "name": "大鰐温泉駅前",
        "operator": "事業者不明",
        "ref": "",
        "url": "",
        "url2": ""
      }
    },
    {
      "type": "Feature",
      "geometry": {
        "type": "Point",
        "coordinates": [
          140.6128439,
          40.4998933
        ]
      },
      "properties": {
        "内容": "バス停: 唐牛",
        "name": "唐牛",
        "operator": "事業者不明",
        "ref": "",
        "url": "",
        "url2": ""
      }
    },
    {
      "type": "Feature",
      "geometry": {
        "type": "Point",
        "coordinates": [
          140.5969826,
          40.641463
        ]
      },
      "properties": {
        "内容": "バス停: 前町角",
        "name": "前町角",
        "operator": "事業者不明",
        "ref": "",
        "url": "",
        "url2": ""
      }
    },
    {
      "type": "Feature",
      "geometry": {
        "type": "Point",
        "coordinates": [
          140.7669424,
          40.5286755
        ]
      },
      "properties": {
        "内容": "バス停: 沢上温泉",
        "name": "沢上温泉",
        "operator": "事業者不明",
        "ref": "",
        "url": "",
        "url2": ""
      }
    },
    {
      "type": "Feature",
      "geometry": {
        "type": "Point",
        "coordinates": [
          140.6695472,
          40.8269529
        ]
      },
      "properties": {
        "内容": "バス停: 天狗立",
        "name": "天狗立",
        "operator": "事業者不明",
        "ref": "",
        "url": "",
        "url2": ""
      }
    },
    {
      "type": "Feature",
      "geometry": {
        "type": "Point",
        "coordinates": [
          140.5910757,
          40.7079398
        ]
      },
      "properties": {
        "内容": "バス停: 浪岡高校前",
        "name": "浪岡高校前",
        "operator": "事業者不明",
        "ref": "",
        "url": "",
        "url2": ""
      }
    },
    {
      "type": "Feature",
      "geometry": {
        "type": "Point",
        "coordinates": [
          140.6821737,
          40.8263162
        ]
      },
      "properties": {
        "内容": "バス停: 西高校前",
        "name": "西高校前",
        "operator": "事業者不明",
        "ref": "",
        "url": "",
        "url2": ""
      }
    },
    {
      "type": "Feature",
      "geometry": {
        "type": "Point",
        "coordinates": [
          140.5551069,
          40.5383732
        ]
      },
      "properties": {
        "内容": "バス停: 鯖石",
        "name": "鯖石",
        "operator": "事業者不明",
        "ref": "",
        "url": "",
        "url2": ""
      }
    },
    {
      "type": "Feature",
      "geometry": {
        "type": "Point",
        "coordinates": [
          140.604582,
          40.5124699
        ]
      },
      "properties": {
        "内容": "バス停: 九十九森",
        "name": "九十九森",
        "operator": "事業者不明",
        "ref": "",
        "url": "",
        "url2": ""
      }
    },
    {
      "type": "Feature",
      "geometry": {
        "type": "Point",
        "coordinates": [
          140.5908704,
          40.7569258
        ]
      },
      "properties": {
        "内容": "バス停: 大釈迦",
        "name": "大釈迦",
        "operator": "事業者不明",
        "ref": "",
        "url": "",
        "url2": ""
      }
    },
    {
      "type": "Feature",
      "geometry": {
        "type": "Point",
        "coordinates": [
          140.7981567,
          40.8264869
        ]
      },
      "properties": {
        "内容": "バス停: 八重田通り",
        "name": "八重田通り",
        "operator": "事業者不明",
        "ref": "",
        "url": "",
        "url2": ""
      }
    },
    {
      "type": "Feature",
      "geometry": {
        "type": "Point",
        "coordinates": [
          140.5432411,
          40.552757
        ]
      },
      "properties": {
        "内容": "バス停: 中央石川",
        "name": "中央石川",
        "operator": "事業者不明",
        "ref": "",
        "url": "",
        "url2": ""
      }
    },
    {
      "type": "Feature",
      "geometry": {
        "type": "Point",
        "coordinates": [
          140.5888556,
          40.7509048
        ]
      },
      "properties": {
        "内容": "バス停: 徳才子",
        "name": "徳才子",
        "operator": "事業者不明",
        "ref": "",
        "url": "",
        "url2": ""
      }
    },
    {
      "type": "Feature",
      "geometry": {
        "type": "Point",
        "coordinates": [
          140.6615445,
          40.8236359
        ]
      },
      "properties": {
        "内容": "バス停: 平岡大橋",
        "name": "平岡大橋",
        "operator": "事業者不明",
        "ref": "",
        "url": "",
        "url2": ""
      }
    },
    {
      "type": "Feature",
      "geometry": {
        "type": "Point",
        "coordinates": [
          140.7657276,
          40.8248594
        ]
      },
      "properties": {
        "内容": "バス停: 栄町1丁目",
        "name": "栄町1丁目",
        "operator": "事業者不明",
        "ref": "",
        "url": "",
        "url2": ""
      }
    },
    {
      "type": "Feature",
      "geometry": {
        "type": "Point",
        "coordinates": [
          140.5965959,
          40.5196204
        ]
      },
      "properties": {
        "内容": "バス停: 元長峰",
        "name": "元長峰",
        "operator": "事業者不明",
        "ref": "",
        "url": "",
        "url2": ""
      }
    },
    {
      "type": "Feature",
      "geometry": {
        "type": "Point",
        "coordinates": [
          140.7037617,
          40.8248791
        ]
      },
      "properties": {
        "内容": "バス停: マツダ自動車前",
        "name": "マツダ自動車前",
        "operator": "事業者不明",
        "ref": "",
        "url": "",
        "url2": ""
      }
    },
    {
      "type": "Feature",
      "geometry": {
        "type": "Point",
        "coordinates": [
          140.7530571,
          40.5325516
        ]
      },
      "properties": {
        "内容": "バス停: 砂子沢",
        "name": "砂子沢",
        "operator": "事業者不明",
        "ref": "",
        "url": "",
        "url2": ""
      }
    },
    {
      "type": "Feature",
      "geometry": {
        "type": "Point",
        "coordinates": [
          140.785101,
          40.5149379
        ]
      },
      "properties": {
        "内容": "バス停: 温川山荘前",
        "name": "温川山荘前",
        "operator": "事業者不明",
        "ref": "",
        "url": "",
        "url2": ""
      }
    },
    {
      "type": "Feature",
      "geometry": {
        "type": "Point",
        "coordinates": [
          140.6729124,
          40.827601
        ]
      },
      "properties": {
        "内容": "バス停: 新城駅前",
        "name": "新城駅前",
        "operator": "事業者不明",
        "ref": "",
        "url": "",
        "url2": ""
      }
    },
    {
      "type": "Feature",
      "geometry": {
        "type": "Point",
        "coordinates": [
          140.7851142,
          40.8284784
        ]
      },
      "properties": {
        "内容": "バス停: 造道",
        "name": "造道",
        "operator": "事業者不明",
        "ref": "",
        "url": "",
        "url2": ""
      }
    },
    {
      "type": "Feature",
      "geometry": {
        "type": "Point",
        "coordinates": [
          140.5491308,
          40.5501784
        ]
      },
      "properties": {
        "内容": "バス停: 石川中学校前",
        "name": "石川中学校前",
        "operator": "事業者不明",
        "ref": "",
        "url": "",
        "url2": ""
      }
    },
    {
      "type": "Feature",
      "geometry": {
        "type": "Point",
        "coordinates": [
          140.7588886,
          40.5317273
        ]
      },
      "properties": {
        "内容": "バス停: 平六",
        "name": "平六",
        "operator": "事業者不明",
        "ref": "",
        "url": "",
        "url2": ""
      }
    },
    {
      "type": "Feature",
      "geometry": {
        "type": "Point",
        "coordinates": [
          140.5914172,
          40.707599
        ]
      },
      "properties": {
        "内容": "バス停: 浪岡高校前",
        "name": "浪岡高校前",
        "operator": "事業者不明",
        "ref": "",
        "url": "",
        "url2": ""
      }
    },
    {
      "type": "Feature",
      "geometry": {
        "type": "Point",
        "coordinates": [
          140.7047864,
          40.82511
        ]
      },
      "properties": {
        "内容": "バス停: マツダ自動車前",
        "name": "マツダ自動車前",
        "operator": "事業者不明",
        "ref": "",
        "url": "",
        "url2": ""
      }
    },
    {
      "type": "Feature",
      "geometry": {
        "type": "Point",
        "coordinates": [
          140.7406783,
          40.8263557
        ]
      },
      "properties": {
        "内容": "バス停: 県庁通り",
        "name": "県庁通り",
        "operator": "事業者不明",
        "ref": "",
        "url": "",
        "url2": ""
      }
    },
    {
      "type": "Feature",
      "geometry": {
        "type": "Point",
        "coordinates": [
          140.5550965,
          40.534094
        ]
      },
      "properties": {
        "内容": "バス停: 上鯖石",
        "name": "上鯖石",
        "operator": "事業者不明",
        "ref": "",
        "url": "",
        "url2": ""
      }
    },
    {
      "type": "Feature",
      "geometry": {
        "type": "Point",
        "coordinates": [
          140.5810978,
          40.5207542
        ]
      },
      "properties": {
        "内容": "バス停: 大鰐病院前",
        "name": "大鰐病院前",
        "operator": "事業者不明",
        "ref": "",
        "url": "",
        "url2": ""
      }
    },
    {
      "type": "Feature",
      "geometry": {
        "type": "Point",
        "coordinates": [
          140.6211009,
          40.4872258
        ]
      },
      "properties": {
        "内容": "バス停: 古懸",
        "name": "古懸",
        "operator": "事業者不明",
        "ref": "",
        "url": "",
        "url2": ""
      }
    },
    {
      "type": "Feature",
      "geometry": {
        "type": "Point",
        "coordinates": [
          140.6264133,
          40.632233
        ]
      },
      "properties": {
        "内容": "バス停: 牡丹平",
        "name": "牡丹平",
        "operator": "事業者不明",
        "ref": "",
        "url": "",
        "url2": ""
      }
    },
    {
      "type": "Feature",
      "geometry": {
        "type": "Point",
        "coordinates": [
          140.5878934,
          40.7318697
        ]
      },
      "properties": {
        "内容": "バス停: 高屋敷",
        "name": "高屋敷",
        "operator": "事業者不明",
        "ref": "",
        "url": "",
        "url2": ""
      }
    },
    {
      "type": "Feature",
      "geometry": {
        "type": "Point",
        "coordinates": [
          140.6327733,
          40.7888276
        ]
      },
      "properties": {
        "内容": "バス停: 鶴ヶ坂川合",
        "name": "鶴ヶ坂川合",
        "operator": "事業者不明",
        "ref": "",
        "url": "",
        "url2": ""
      }
    },
    {
      "type": "Feature",
      "geometry": {
        "type": "Point",
        "coordinates": [
          140.6426856,
          40.8077031
        ]
      },
      "properties": {
        "内容": "バス停: 戸門",
        "name": "戸門",
        "operator": "事業者不明",
        "ref": "",
        "url": "",
        "url2": ""
      }
    },
    {
      "type": "Feature",
      "geometry": {
        "type": "Point",
        "coordinates": [
          140.6917573,
          40.8257755
        ]
      },
      "properties": {
        "内容": "バス停: 三内霊園前",
        "name": "三内霊園前",
        "operator": "事業者不明",
        "ref": "",
        "url": "",
        "url2": ""
      }
    },
    {
      "type": "Feature",
      "geometry": {
        "type": "Point",
        "coordinates": [
          140.7468648,
          40.8231893
        ]
      },
      "properties": {
        "内容": "バス停: 市役所前",
        "name": "市役所前",
        "operator": "事業者不明",
        "ref": "",
        "url": "",
        "url2": ""
      }
    },
    {
      "type": "Feature",
      "geometry": {
        "type": "Point",
        "coordinates": [
          140.7645898,
          40.8244746
        ]
      },
      "properties": {
        "内容": "バス停: 栄町1丁目",
        "name": "栄町1丁目",
        "operator": "事業者不明",
        "ref": "",
        "url": "",
        "url2": ""
      }
    },
    {
      "type": "Feature",
      "geometry": {
        "type": "Point",
        "coordinates": [
          140.5711975,
          40.5214047
        ]
      },
      "properties": {
        "内容": "バス停: 大鰐",
        "name": "大鰐",
        "operator": "事業者不明",
        "ref": "",
        "url": "",
        "url2": ""
      }
    },
    {
      "type": "Feature",
      "geometry": {
        "type": "Point",
        "coordinates": [
          140.6811457,
          40.6067017
        ]
      },
      "properties": {
        "内容": "バス停: 落合温泉入口",
        "name": "落合温泉入口",
        "operator": "事業者不明",
        "ref": "",
        "url": "",
        "url2": ""
      }
    },
    {
      "type": "Feature",
      "geometry": {
        "type": "Point",
        "coordinates": [
          140.6951581,
          40.8260141
        ]
      },
      "properties": {
        "内容": "バス停: 石江",
        "name": "石江",
        "operator": "事業者不明",
        "ref": "",
        "url": "",
        "url2": ""
      }
    },
    {
      "type": "Feature",
      "geometry": {
        "type": "Point",
        "coordinates": [
          140.7513155,
          40.8235329
        ]
      },
      "properties": {
        "内容": "バス停: NTT青森支店前",
        "name": "NTT青森支店前",
        "operator": "事業者不明",
        "ref": "",
        "url": "",
        "url2": ""
      }
    },
    {
      "type": "Feature",
      "geometry": {
        "type": "Point",
        "coordinates": [
          140.7955238,
          40.827141
        ]
      },
      "properties": {
        "内容": "バス停: 県立中央病院通り",
        "name": "県立中央病院通り",
        "operator": "事業者不明",
        "ref": "",
        "url": "",
        "url2": ""
      }
    },
    {
      "type": "Feature",
      "geometry": {
        "type": "Point",
        "coordinates": [
          140.7511592,
          40.8232884
        ]
      },
      "properties": {
        "内容": "バス停: NTT青森支店前",
        "name": "NTT青森支店前",
        "operator": "事業者不明",
        "ref": "",
        "url": "",
        "url2": ""
      }
    },
    {
      "type": "Feature",
      "geometry": {
        "type": "Point",
        "coordinates": [
          140.5525801,
          40.5428695
        ]
      },
      "properties": {
        "内容": "バス停: 小金崎",
        "name": "小金崎",
        "operator": "事業者不明",
        "ref": "",
        "url": "",
        "url2": ""
      }
    },
    {
      "type": "Feature",
      "geometry": {
        "type": "Point",
        "coordinates": [
          140.5898736,
          40.520052
        ]
      },
      "properties": {
        "内容": "バス停: 大鰐南団地前",
        "name": "大鰐南団地前",
        "operator": "事業者不明",
        "ref": "",
        "url": "",
        "url2": ""
      }
    },
    {
      "type": "Feature",
      "geometry": {
        "type": "Point",
        "coordinates": [
          140.68707,
          40.5438621
        ]
      },
      "properties": {
        "内容": "バス停: 小国小学校",
        "name": "小国小学校",
        "operator": "事業者不明",
        "ref": "",
        "url": "",
        "url2": ""
      }
    },
    {
      "type": "Feature",
      "geometry": {
        "type": "Point",
        "coordinates": [
          140.7028976,
          40.5398129
        ]
      },
      "properties": {
        "内容": "バス停: 昭和平温泉前",
        "name": "昭和平温泉前",
        "operator": "事業者不明",
        "ref": "",
        "url": "",
        "url2": ""
      }
    },
    {
      "type": "Feature",
      "geometry": {
        "type": "Point",
        "coordinates": [
          140.5877465,
          40.7320803
        ]
      },
      "properties": {
        "内容": "バス停: 高屋敷",
        "name": "高屋敷",
        "operator": "事業者不明",
        "ref": "",
        "url": "",
        "url2": ""
      }
    },
    {
      "type": "Feature",
      "geometry": {
        "type": "Point",
        "coordinates": [
          140.7289433,
          40.8251686
        ]
      },
      "properties": {
        "内容": "バス停: 上古川",
        "name": "上古川",
        "operator": "事業者不明",
        "ref": "",
        "url": "",
        "url2": ""
      }
    },
    {
      "type": "Feature",
      "geometry": {
        "type": "Point",
        "coordinates": [
          140.6015094,
          40.6792319
        ]
      },
      "properties": {
        "内容": "バス停: 飛内",
        "name": "飛内",
        "operator": "事業者不明",
        "ref": "",
        "url": "",
        "url2": ""
      }
    },
    {
      "type": "Feature",
      "geometry": {
        "type": "Point",
        "coordinates": [
          140.8084777,
          40.8284874
        ]
      },
      "properties": {
        "内容": "バス停: 東跨線橋",
        "name": "東跨線橋",
        "operator": "事業者不明",
        "ref": "",
        "url": "",
        "url2": ""
      }
    },
    {
      "type": "Feature",
      "geometry": {
        "type": "Point",
        "coordinates": [
          140.5802424,
          40.5209475
        ]
      },
      "properties": {
        "内容": "バス停: 大鰐病院前",
        "name": "大鰐病院前",
        "operator": "事業者不明",
        "ref": "",
        "url": "",
        "url2": ""
      }
    },
    {
      "type": "Feature",
      "geometry": {
        "type": "Point",
        "coordinates": [
          140.620228,
          40.4882833
        ]
      },
      "properties": {
        "内容": "バス停: 古懸",
        "name": "古懸",
        "operator": "事業者不明",
        "ref": "",
        "url": "",
        "url2": ""
      }
    },
    {
      "type": "Feature",
      "geometry": {
        "type": "Point",
        "coordinates": [
          140.6298438,
          40.7854982
        ]
      },
      "properties": {
        "内容": "バス停: 鶴ヶ坂",
        "name": "鶴ヶ坂",
        "operator": "事業者不明",
        "ref": "",
        "url": "",
        "url2": ""
      }
    },
    {
      "type": "Feature",
      "geometry": {
        "type": "Point",
        "coordinates": [
          140.7758361,
          40.8260681
        ]
      },
      "properties": {
        "内容": "バス停: 合浦町",
        "name": "合浦町",
        "operator": "事業者不明",
        "ref": "",
        "url": "",
        "url2": ""
      }
    },
    {
      "type": "Feature",
      "geometry": {
        "type": "Point",
        "coordinates": [
          140.769982,
          40.8251132
        ]
      },
      "properties": {
        "内容": "バス停: 栄町二丁目",
        "name": "栄町二丁目",
        "operator": "事業者不明",
        "ref": "",
        "url": "",
        "url2": ""
      }
    },
    {
      "type": "Feature",
      "geometry": {
        "type": "Point",
        "coordinates": [
          140.6243605,
          40.4770397
        ]
      },
      "properties": {
        "内容": "バス停: 碇ヶ関郵便局前",
        "name": "碇ヶ関郵便局前",
        "operator": "事業者不明",
        "ref": "",
        "url": "",
        "url2": ""
      }
    },
    {
      "type": "Feature",
      "geometry": {
        "type": "Point",
        "coordinates": [
          140.6798921,
          40.6075489
        ]
      },
      "properties": {
        "内容": "バス停: 中野南口",
        "name": "中野南口",
        "operator": "事業者不明",
        "ref": "",
        "url": "",
        "url2": ""
      }
    },
    {
      "type": "Feature",
      "geometry": {
        "type": "Point",
        "coordinates": [
          140.6419223,
          40.8043959
        ]
      },
      "properties": {
        "内容": "バス停: 支村",
        "name": "支村",
        "operator": "事業者不明",
        "ref": "",
        "url": "",
        "url2": ""
      }
    },
    {
      "type": "Feature",
      "geometry": {
        "type": "Point",
        "coordinates": [
          140.6482972,
          40.8170713
        ]
      },
      "properties": {
        "内容": "バス停: 戸門見通り",
        "name": "戸門見通り",
        "operator": "事業者不明",
        "ref": "",
        "url": "",
        "url2": ""
      }
    },
    {
      "type": "Feature",
      "geometry": {
        "type": "Point",
        "coordinates": [
          140.6617011,
          40.8239111
        ]
      },
      "properties": {
        "内容": "バス停: 平岡大橋",
        "name": "平岡大橋",
        "operator": "事業者不明",
        "ref": "",
        "url": "",
        "url2": ""
      }
    },
    {
      "type": "Feature",
      "geometry": {
        "type": "Point",
        "coordinates": [
          140.7291961,
          40.8254022
        ]
      },
      "properties": {
        "内容": "バス停: 上古川",
        "name": "上古川",
        "operator": "事業者不明",
        "ref": "",
        "url": "",
        "url2": ""
      }
    },
    {
      "type": "Feature",
      "geometry": {
        "type": "Point",
        "coordinates": [
          140.6368183,
          40.6271317
        ]
      },
      "properties": {
        "内容": "バス停: 豊岡",
        "name": "豊岡",
        "operator": "事業者不明",
        "ref": "",
        "url": "",
        "url2": ""
      }
    },
    {
      "type": "Feature",
      "geometry": {
        "type": "Point",
        "coordinates": [
          140.6496709,
          40.6206094
        ]
      },
      "properties": {
        "内容": "バス停: 花巻",
        "name": "花巻",
        "operator": "事業者不明",
        "ref": "",
        "url": "",
        "url2": ""
      }
    },
    {
      "type": "Feature",
      "geometry": {
        "type": "Point",
        "coordinates": [
          140.7742105,
          40.826031
        ]
      },
      "properties": {
        "内容": "バス停: 合浦町",
        "name": "合浦町",
        "operator": "事業者不明",
        "ref": "",
        "url": "",
        "url2": ""
      }
    },
    {
      "type": "Feature",
      "geometry": {
        "type": "Point",
        "coordinates": [
          140.7552971,
          40.8236318
        ]
      },
      "properties": {
        "内容": "バス停: 文化会館前",
        "name": "文化会館前",
        "operator": "事業者不明",
        "ref": "",
        "url": "",
        "url2": ""
      }
    },
    {
      "type": "Feature",
      "geometry": {
        "type": "Point",
        "coordinates": [
          140.6872565,
          40.5801724
        ]
      },
      "properties": {
        "内容": "バス停: 虹の湖公園",
        "name": "虹の湖公園",
        "operator": "事業者不明",
        "ref": "",
        "url": "",
        "url2": ""
      }
    },
    {
      "type": "Feature",
      "geometry": {
        "type": "Point",
        "coordinates": [
          140.5888429,
          40.7504582
        ]
      },
      "properties": {
        "内容": "バス停: 徳才子",
        "name": "徳才子",
        "operator": "事業者不明",
        "ref": "",
        "url": "",
        "url2": ""
      }
    },
    {
      "type": "Feature",
      "geometry": {
        "type": "Point",
        "coordinates": [
          140.6725386,
          40.8277368
        ]
      },
      "properties": {
        "内容": "バス停: 新城駅前",
        "name": "新城駅前",
        "operator": "事業者不明",
        "ref": "",
        "url": "",
        "url2": ""
      }
    },
    {
      "type": "Feature",
      "geometry": {
        "type": "Point",
        "coordinates": [
          140.7107168,
          40.8256022
        ]
      },
      "properties": {
        "内容": "バス停: ヤクルト前",
        "name": "ヤクルト前",
        "operator": "事業者不明",
        "ref": "",
        "url": "",
        "url2": ""
      }
    },
    {
      "type": "Feature",
      "geometry": {
        "type": "Point",
        "coordinates": [
          140.7606995,
          40.8242982
        ]
      },
      "properties": {
        "内容": "バス停: 堤橋",
        "name": "堤橋",
        "operator": "事業者不明",
        "ref": "",
        "url": "",
        "url2": ""
      }
    },
    {
      "type": "Feature",
      "geometry": {
        "type": "Point",
        "coordinates": [
          140.6144569,
          40.4978598
        ]
      },
      "properties": {
        "内容": "バス停: 唐牛支所前",
        "name": "唐牛支所前",
        "operator": "事業者不明",
        "ref": "",
        "url": "",
        "url2": ""
      }
    },
    {
      "type": "Feature",
      "geometry": {
        "type": "Point",
        "coordinates": [
          140.6269369,
          40.4738677
        ]
      },
      "properties": {
        "内容": "バス停: 碇ヶ関下町",
        "name": "碇ヶ関下町",
        "operator": "事業者不明",
        "ref": "",
        "url": "",
        "url2": ""
      }
    },
    {
      "type": "Feature",
      "geometry": {
        "type": "Point",
        "coordinates": [
          140.7450074,
          40.5284596
        ]
      },
      "properties": {
        "内容": "バス停: 井戸沢",
        "name": "井戸沢",
        "operator": "事業者不明",
        "ref": "",
        "url": "",
        "url2": ""
      }
    },
    {
      "type": "Feature",
      "geometry": {
        "type": "Point",
        "coordinates": [
          140.6413747,
          40.8040059
        ]
      },
      "properties": {
        "内容": "バス停: 支村",
        "name": "支村",
        "operator": "事業者不明",
        "ref": "",
        "url": "",
        "url2": ""
      }
    },
    {
      "type": "Feature",
      "geometry": {
        "type": "Point",
        "coordinates": [
          140.693748,
          40.8267521
        ]
      },
      "properties": {
        "内容": "バス停: 新青森駅南口",
        "name": "新青森駅南口",
        "operator": "事業者不明",
        "ref": "",
        "url": "",
        "url2": ""
      }
    },
    {
      "type": "Feature",
      "geometry": {
        "type": "Point",
        "coordinates": [
          140.7011593,
          40.8248912
        ]
      },
      "properties": {
        "内容": "バス停: あすなろ医療前",
        "name": "あすなろ医療前",
        "operator": "事業者不明",
        "ref": "",
        "url": "",
        "url2": ""
      }
    },
    {
      "type": "Feature",
      "geometry": {
        "type": "Point",
        "coordinates": [
          140.7194736,
          40.8268507
        ]
      },
      "properties": {
        "内容": "バス停: 西滝",
        "name": "西滝",
        "operator": "事業者不明",
        "ref": "",
        "url": "",
        "url2": ""
      }
    },
    {
      "type": "Feature",
      "geometry": {
        "type": "Point",
        "coordinates": [
          140.6351901,
          40.4472902
        ]
      },
      "properties": {
        "内容": "バス停: 舟岡",
        "name": "舟岡",
        "operator": "事業者不明",
        "ref": "",
        "url": "",
        "url2": ""
      }
    },
    {
      "type": "Feature",
      "geometry": {
        "type": "Point",
        "coordinates": [
          140.6483953,
          40.817243
        ]
      },
      "properties": {
        "内容": "バス停: 戸門見通り",
        "name": "戸門見通り",
        "operator": "事業者不明",
        "ref": "",
        "url": "",
        "url2": ""
      }
    },
    {
      "type": "Feature",
      "geometry": {
        "type": "Point",
        "coordinates": [
          140.69376,
          40.8269102
        ]
      },
      "properties": {
        "内容": "バス停: 新青森駅南口",
        "name": "新青森駅南口",
        "operator": "事業者不明",
        "ref": "",
        "url": "",
        "url2": ""
      }
    },
    {
      "type": "Feature",
      "geometry": {
        "type": "Point",
        "coordinates": [
          140.6956263,
          40.826211
        ]
      },
      "properties": {
        "内容": "バス停: 石江",
        "name": "石江",
        "operator": "事業者不明",
        "ref": "",
        "url": "",
        "url2": ""
      }
    },
    {
      "type": "Feature",
      "geometry": {
        "type": "Point",
        "coordinates": [
          140.5808144,
          40.520786
        ]
      },
      "properties": {
        "内容": "バス停: 大鰐病院前",
        "name": "大鰐病院前",
        "operator": "事業者不明",
        "ref": "",
        "url": "",
        "url2": ""
      }
    },
    {
      "type": "Feature",
      "geometry": {
        "type": "Point",
        "coordinates": [
          140.587137,
          40.7389006
        ]
      },
      "properties": {
        "内容": "バス停: 高屋敷北口",
        "name": "高屋敷北口",
        "operator": "事業者不明",
        "ref": "",
        "url": "",
        "url2": ""
      }
    },
    {
      "type": "Feature",
      "geometry": {
        "type": "Point",
        "coordinates": [
          140.3761652,
          40.6739134
        ]
      },
      "properties": {
        "内容": "バス停: 弥生北口",
        "name": "弥生北口",
        "operator": "事業者不明",
        "ref": "",
        "url": "",
        "url2": ""
      }
    },
    {
      "type": "Feature",
      "geometry": {
        "type": "Point",
        "coordinates": [
          140.600156,
          40.5177766
        ]
      },
      "properties": {
        "内容": "バス停: 長峰北口",
        "name": "長峰北口",
        "operator": "事業者不明",
        "ref": "",
        "url": "",
        "url2": ""
      }
    },
    {
      "type": "Feature",
      "geometry": {
        "type": "Point",
        "coordinates": [
          140.6239919,
          40.4802261
        ]
      },
      "properties": {
        "内容": "バス停: 碇ヶ関駅前",
        "name": "碇ヶ関駅前",
        "operator": "事業者不明",
        "ref": "",
        "url": "",
        "url2": ""
      }
    },
    {
      "type": "Feature",
      "geometry": {
        "type": "Point",
        "coordinates": [
          140.7250113,
          40.5233176
        ]
      },
      "properties": {
        "内容": "バス停: 葛川",
        "name": "葛川",
        "operator": "事業者不明",
        "ref": "",
        "url": "",
        "url2": ""
      }
    },
    {
      "type": "Feature",
      "geometry": {
        "type": "Point",
        "coordinates": [
          140.7848492,
          40.514931
        ]
      },
      "properties": {
        "内容": "バス停: 温川山荘前",
        "name": "温川山荘前",
        "operator": "事業者不明",
        "ref": "",
        "url": "",
        "url2": ""
      }
    },
    {
      "type": "Feature",
      "geometry": {
        "type": "Point",
        "coordinates": [
          140.5886519,
          40.7255627
        ]
      },
      "properties": {
        "内容": "バス停: 杉沢",
        "name": "杉沢",
        "operator": "事業者不明",
        "ref": "",
        "url": "",
        "url2": ""
      }
    },
    {
      "type": "Feature",
      "geometry": {
        "type": "Point",
        "coordinates": [
          140.6687368,
          40.8267098
        ]
      },
      "properties": {
        "内容": "バス停: 天狗立",
        "name": "天狗立",
        "operator": "事業者不明",
        "ref": "",
        "url": "",
        "url2": ""
      }
    },
    {
      "type": "Feature",
      "geometry": {
        "type": "Point",
        "coordinates": [
          140.6257178,
          40.7807272
        ]
      },
      "properties": {
        "内容": "バス停: 鶴ヶ坂山本",
        "name": "鶴ヶ坂山本",
        "operator": "事業者不明",
        "ref": "",
        "url": "",
        "url2": ""
      }
    },
    {
      "type": "Feature",
      "geometry": {
        "type": "Point",
        "coordinates": [
          140.6545336,
          40.8210657
        ]
      },
      "properties": {
        "内容": "バス停: 白旗野",
        "name": "白旗野",
        "operator": "事業者不明",
        "ref": "",
        "url": "",
        "url2": ""
      }
    },
    {
      "type": "Feature",
      "geometry": {
        "type": "Point",
        "coordinates": [
          140.7012454,
          40.8250296
        ]
      },
      "properties": {
        "内容": "バス停: あすなろ医療前",
        "name": "あすなろ医療前",
        "operator": "事業者不明",
        "ref": "",
        "url": "",
        "url2": ""
      }
    },
    {
      "type": "Feature",
      "geometry": {
        "type": "Point",
        "coordinates": [
          140.7105375,
          40.8253709
        ]
      },
      "properties": {
        "内容": "バス停: ヤクルト前",
        "name": "ヤクルト前",
        "operator": "事業者不明",
        "ref": "",
        "url": "",
        "url2": ""
      }
    },
    {
      "type": "Feature",
      "geometry": {
        "type": "Point",
        "coordinates": [
          140.7468992,
          40.8229588
        ]
      },
      "properties": {
        "内容": "バス停: 市役所前",
        "name": "市役所前",
        "operator": "事業者不明",
        "ref": "",
        "url": "",
        "url2": ""
      }
    },
    {
      "type": "Feature",
      "geometry": {
        "type": "Point",
        "coordinates": [
          140.6045168,
          40.5122525
        ]
      },
      "properties": {
        "内容": "バス停: 名称不明バス停",
        "name": "名称不明バス停",
        "operator": "事業者不明",
        "ref": "",
        "url": "",
        "url2": ""
      }
    },
    {
      "type": "Feature",
      "geometry": {
        "type": "Point",
        "coordinates": [
          140.6857743,
          40.8256656
        ]
      },
      "properties": {
        "内容": "バス停: 松丘保養園前",
        "name": "松丘保養園前",
        "operator": "事業者不明",
        "ref": "",
        "url": "",
        "url2": ""
      }
    },
    {
      "type": "Feature",
      "geometry": {
        "type": "Point",
        "coordinates": [
          140.7784671,
          40.8270383
        ]
      },
      "properties": {
        "内容": "バス停: 合浦公園前",
        "name": "合浦公園前",
        "operator": "事業者不明",
        "ref": "",
        "url": "",
        "url2": ""
      }
    },
    {
      "type": "Feature",
      "geometry": {
        "type": "Point",
        "coordinates": [
          140.5334033,
          40.558963
        ]
      },
      "properties": {
        "内容": "バス停: 下石川",
        "name": "下石川",
        "operator": "事業者不明",
        "ref": "",
        "url": "",
        "url2": ""
      }
    },
    {
      "type": "Feature",
      "geometry": {
        "type": "Point",
        "coordinates": [
          140.6126747,
          40.5038543
        ]
      },
      "properties": {
        "内容": "バス停: 唐牛北口",
        "name": "唐牛北口",
        "operator": "事業者不明",
        "ref": "",
        "url": "",
        "url2": ""
      }
    },
    {
      "type": "Feature",
      "geometry": {
        "type": "Point",
        "coordinates": [
          140.6299062,
          40.6303374
        ]
      },
      "properties": {
        "内容": "バス停: 石名坂",
        "name": "石名坂",
        "operator": "事業者不明",
        "ref": "",
        "url": "",
        "url2": ""
      }
    },
    {
      "type": "Feature",
      "geometry": {
        "type": "Point",
        "coordinates": [
          140.6840557,
          40.6043847
        ]
      },
      "properties": {
        "内容": "バス停: 板留",
        "name": "板留",
        "operator": "事業者不明",
        "ref": "",
        "url": "",
        "url2": ""
      }
    },
    {
      "type": "Feature",
      "geometry": {
        "type": "Point",
        "coordinates": [
          140.59096,
          40.7567092
        ]
      },
      "properties": {
        "内容": "バス停: 大釈迦",
        "name": "大釈迦",
        "operator": "事業者不明",
        "ref": "",
        "url": "",
        "url2": ""
      }
    },
    {
      "type": "Feature",
      "geometry": {
        "type": "Point",
        "coordinates": [
          140.7446606,
          40.8257408
        ]
      },
      "properties": {
        "内容": "バス停: 新町2丁目",
        "name": "新町2丁目",
        "operator": "事業者不明",
        "ref": "",
        "url": "",
        "url2": ""
      }
    },
    {
      "type": "Feature",
      "geometry": {
        "type": "Point",
        "coordinates": [
          140.6014449,
          40.6786388
        ]
      },
      "properties": {
        "内容": "バス停: 飛内",
        "name": "飛内",
        "operator": "事業者不明",
        "ref": "",
        "url": "",
        "url2": ""
      }
    },
    {
      "type": "Feature",
      "geometry": {
        "type": "Point",
        "coordinates": [
          140.6448776,
          40.8127973
        ]
      },
      "properties": {
        "内容": "バス停: 戸門東口",
        "name": "戸門東口",
        "operator": "事業者不明",
        "ref": "",
        "url": "",
        "url2": ""
      }
    },
    {
      "type": "Feature",
      "geometry": {
        "type": "Point",
        "coordinates": [
          140.5370171,
          40.555407
        ]
      },
      "properties": {
        "内容": "バス停: 石川西口",
        "name": "石川西口",
        "operator": "事業者不明",
        "ref": "",
        "url": "",
        "url2": ""
      }
    },
    {
      "type": "Feature",
      "geometry": {
        "type": "Point",
        "coordinates": [
          140.6127241,
          40.5004996
        ]
      },
      "properties": {
        "内容": "バス停: 唐牛",
        "name": "唐牛",
        "operator": "事業者不明",
        "ref": "",
        "url": "",
        "url2": ""
      }
    },
    {
      "type": "Feature",
      "geometry": {
        "type": "Point",
        "coordinates": [
          140.7825456,
          40.5158772
        ]
      },
      "properties": {
        "内容": "バス停: 大木平入口",
        "name": "大木平入口",
        "operator": "事業者不明",
        "ref": "",
        "url": "",
        "url2": ""
      }
    },
    {
      "type": "Feature",
      "geometry": {
        "type": "Point",
        "coordinates": [
          140.4548908,
          40.6297027
        ]
      },
      "properties": {
        "内容": "バス停: マックスバリュ弘前城北店前",
        "name": "マックスバリュ弘前城北店前",
        "operator": "事業者不明",
        "ref": "",
        "url": "",
        "url2": ""
      }
    },
    {
      "type": "Feature",
      "geometry": {
        "type": "Point",
        "coordinates": [
          140.7252232,
          40.8259926
        ]
      },
      "properties": {
        "内容": "バス停: 西上古川",
        "name": "西上古川",
        "operator": "事業者不明",
        "ref": "",
        "url": "",
        "url2": ""
      }
    },
    {
      "type": "Feature",
      "geometry": {
        "type": "Point",
        "coordinates": [
          140.6352995,
          40.4427401
        ]
      },
      "properties": {
        "内容": "バス停: 岩淵公園前",
        "name": "岩淵公園前",
        "operator": "事業者不明",
        "ref": "",
        "url": "",
        "url2": ""
      }
    },
    {
      "type": "Feature",
      "geometry": {
        "type": "Point",
        "coordinates": [
          140.7388174,
          40.5272091
        ]
      },
      "properties": {
        "内容": "バス停: 一本木",
        "name": "一本木",
        "operator": "事業者不明",
        "ref": "",
        "url": "",
        "url2": ""
      }
    },
    {
      "type": "Feature",
      "geometry": {
        "type": "Point",
        "coordinates": [
          140.5887851,
          40.7251301
        ]
      },
      "properties": {
        "内容": "バス停: 杉沢",
        "name": "杉沢",
        "operator": "事業者不明",
        "ref": "",
        "url": "",
        "url2": ""
      }
    },
    {
      "type": "Feature",
      "geometry": {
        "type": "Point",
        "coordinates": [
          140.5941442,
          40.7665594
        ]
      },
      "properties": {
        "内容": "バス停: 大釈迦北口",
        "name": "大釈迦北口",
        "operator": "事業者不明",
        "ref": "",
        "url": "",
        "url2": ""
      }
    },
    {
      "type": "Feature",
      "geometry": {
        "type": "Point",
        "coordinates": [
          140.6297123,
          40.7855202
        ]
      },
      "properties": {
        "内容": "バス停: 鶴ヶ坂",
        "name": "鶴ヶ坂",
        "operator": "事業者不明",
        "ref": "",
        "url": "",
        "url2": ""
      }
    },
    {
      "type": "Feature",
      "geometry": {
        "type": "Point",
        "coordinates": [
          140.6758963,
          40.8277186
        ]
      },
      "properties": {
        "内容": "バス停: 西部市民センター前",
        "name": "西部市民センター前",
        "operator": "事業者不明",
        "ref": "",
        "url": "",
        "url2": ""
      }
    },
    {
      "type": "Feature",
      "geometry": {
        "type": "Point",
        "coordinates": [
          140.6446423,
          40.6227268
        ]
      },
      "properties": {
        "内容": "バス停: 下花巻",
        "name": "下花巻",
        "operator": "事業者不明",
        "ref": "",
        "url": "",
        "url2": ""
      }
    },
    {
      "type": "Feature",
      "geometry": {
        "type": "Point",
        "coordinates": [
          140.5872497,
          40.7403444
        ]
      },
      "properties": {
        "内容": "バス停: 高屋敷北口",
        "name": "高屋敷北口",
        "operator": "事業者不明",
        "ref": "",
        "url": "",
        "url2": ""
      }
    },
    {
      "type": "Feature",
      "geometry": {
        "type": "Point",
        "coordinates": [
          140.6343853,
          40.7906602
        ]
      },
      "properties": {
        "内容": "バス停: 鶴ヶ坂駅前",
        "name": "鶴ヶ坂駅前",
        "operator": "事業者不明",
        "ref": "",
        "url": "",
        "url2": ""
      }
    },
    {
      "type": "Feature",
      "geometry": {
        "type": "Point",
        "coordinates": [
          140.5587738,
          40.5253055
        ]
      },
      "properties": {
        "内容": "バス停: 宿川原",
        "name": "宿川原",
        "operator": "事業者不明",
        "ref": "",
        "url": "",
        "url2": ""
      }
    },
    {
      "type": "Feature",
      "geometry": {
        "type": "Point",
        "coordinates": [
          140.6238494,
          40.4804872
        ]
      },
      "properties": {
        "内容": "バス停: 碇ヶ関駅前",
        "name": "碇ヶ関駅前",
        "operator": "事業者不明",
        "ref": "",
        "url": "",
        "url2": ""
      }
    },
    {
      "type": "Feature",
      "geometry": {
        "type": "Point",
        "coordinates": [
          140.6329863,
          40.4687526
        ]
      },
      "properties": {
        "内容": "バス停: 碇ヶ関上町",
        "name": "碇ヶ関上町",
        "operator": "事業者不明",
        "ref": "",
        "url": "",
        "url2": ""
      }
    },
    {
      "type": "Feature",
      "geometry": {
        "type": "Point",
        "coordinates": [
          140.693458,
          40.6228314
        ]
      },
      "properties": {
        "内容": "バス停: 浄仙寺入口",
        "name": "浄仙寺入口",
        "operator": "事業者不明",
        "ref": "",
        "url": "",
        "url2": ""
      }
    },
    {
      "type": "Feature",
      "geometry": {
        "type": "Point",
        "coordinates": [
          140.7159483,
          40.6339331
        ]
      },
      "properties": {
        "内容": "バス停: 大川原温泉",
        "name": "大川原温泉",
        "operator": "事業者不明",
        "ref": "",
        "url": "",
        "url2": ""
      }
    },
    {
      "type": "Feature",
      "geometry": {
        "type": "Point",
        "coordinates": [
          140.5957127,
          40.7004771
        ]
      },
      "properties": {
        "内容": "バス停: 沖萢",
        "name": "沖萢",
        "operator": "事業者不明",
        "ref": "",
        "url": "",
        "url2": ""
      }
    },
    {
      "type": "Feature",
      "geometry": {
        "type": "Point",
        "coordinates": [
          140.7555297,
          40.8238867
        ]
      },
      "properties": {
        "内容": "バス停: 文化会館前",
        "name": "文化会館前",
        "operator": "事業者不明",
        "ref": "",
        "url": "",
        "url2": ""
      }
    },
    {
      "type": "Feature",
      "geometry": {
        "type": "Point",
        "coordinates": [
          140.7698746,
          40.8253275
        ]
      },
      "properties": {
        "内容": "バス停: 栄町二丁目",
        "name": "栄町二丁目",
        "operator": "事業者不明",
        "ref": "",
        "url": "",
        "url2": ""
      }
    },
    {
      "type": "Feature",
      "geometry": {
        "type": "Point",
        "coordinates": [
          140.555012,
          40.5382154
        ]
      },
      "properties": {
        "内容": "バス停: 鯖石",
        "name": "鯖石",
        "operator": "事業者不明",
        "ref": "",
        "url": "",
        "url2": ""
      }
    },
    {
      "type": "Feature",
      "geometry": {
        "type": "Point",
        "coordinates": [
          140.5764676,
          40.5217376
        ]
      },
      "properties": {
        "内容": "バス停: 大湯前",
        "name": "大湯前",
        "operator": "事業者不明",
        "ref": "",
        "url": "",
        "url2": ""
      }
    },
    {
      "type": "Feature",
      "geometry": {
        "type": "Point",
        "coordinates": [
          140.6124805,
          40.5048105
        ]
      },
      "properties": {
        "内容": "バス停: 唐牛北口",
        "name": "唐牛北口",
        "operator": "事業者不明",
        "ref": "",
        "url": "",
        "url2": ""
      }
    },
    {
      "type": "Feature",
      "geometry": {
        "type": "Point",
        "coordinates": [
          140.6218585,
          40.6325579
        ]
      },
      "properties": {
        "内容": "バス停: 牡丹平",
        "name": "牡丹平",
        "operator": "事業者不明",
        "ref": "",
        "url": "",
        "url2": ""
      }
    },
    {
      "type": "Feature",
      "geometry": {
        "type": "Point",
        "coordinates": [
          140.6449864,
          40.8127309
        ]
      },
      "properties": {
        "内容": "バス停: 戸門東口",
        "name": "戸門東口",
        "operator": "事業者不明",
        "ref": "",
        "url": "",
        "url2": ""
      }
    },
    {
      "type": "Feature",
      "geometry": {
        "type": "Point",
        "coordinates": [
          140.7198551,
          40.8264901
        ]
      },
      "properties": {
        "内容": "バス停: 西滝",
        "name": "西滝",
        "operator": "事業者不明",
        "ref": "",
        "url": "",
        "url2": ""
      }
    },
    {
      "type": "Feature",
      "geometry": {
        "type": "Point",
        "coordinates": [
          140.5644896,
          40.5209584
        ]
      },
      "properties": {
        "内容": "バス停: 虹の大橋",
        "name": "虹の大橋",
        "operator": "事業者不明",
        "ref": "",
        "url": "",
        "url2": ""
      }
    },
    {
      "type": "Feature",
      "geometry": {
        "type": "Point",
        "coordinates": [
          140.6815119,
          40.6066355
        ]
      },
      "properties": {
        "内容": "バス停: 落合温泉入口",
        "name": "落合温泉入口",
        "operator": "事業者不明",
        "ref": "",
        "url": "",
        "url2": ""
      }
    },
    {
      "type": "Feature",
      "geometry": {
        "type": "Point",
        "coordinates": [
          140.5939878,
          40.7661745
        ]
      },
      "properties": {
        "内容": "バス停: 大釈迦北口",
        "name": "大釈迦北口",
        "operator": "事業者不明",
        "ref": "",
        "url": "",
        "url2": ""
      }
    },
    {
      "type": "Feature",
      "geometry": {
        "type": "Point",
        "coordinates": [
          140.7783699,
          40.8266395
        ]
      },
      "properties": {
        "内容": "バス停: 合浦公園前",
        "name": "合浦公園前",
        "operator": "事業者不明",
        "ref": "",
        "url": "",
        "url2": ""
      }
    },
    {
      "type": "Feature",
      "geometry": {
        "type": "Point",
        "coordinates": [
          140.6985622,
          40.6236067
        ]
      },
      "properties": {
        "内容": "バス停: 黒森",
        "name": "黒森",
        "operator": "事業者不明",
        "ref": "",
        "url": "",
        "url2": ""
      }
    },
    {
      "type": "Feature",
      "geometry": {
        "type": "Point",
        "coordinates": [
          140.7423621,
          40.8261531
        ]
      },
      "properties": {
        "内容": "バス停: 県庁通り",
        "name": "県庁通り",
        "operator": "事業者不明",
        "ref": "",
        "url": "",
        "url2": ""
      }
    },
    {
      "type": "Feature",
      "geometry": {
        "type": "Point",
        "coordinates": [
          140.7824516,
          40.8278559
        ]
      },
      "properties": {
        "内容": "バス停: 合浦公園口",
        "name": "合浦公園口",
        "operator": "事業者不明",
        "ref": "",
        "url": "",
        "url2": ""
      }
    },
    {
      "type": "Feature",
      "geometry": {
        "type": "Point",
        "coordinates": [
          140.7604822,
          40.8240381
        ]
      },
      "properties": {
        "内容": "バス停: 堤橋",
        "name": "堤橋",
        "operator": "事業者不明",
        "ref": "",
        "url": "",
        "url2": ""
      }
    },
    {
      "type": "Feature",
      "geometry": {
        "type": "Point",
        "coordinates": [
          140.6298558,
          40.472426
        ]
      },
      "properties": {
        "内容": "バス停: 碇ヶ関",
        "name": "碇ヶ関",
        "operator": "事業者不明",
        "ref": "",
        "url": "",
        "url2": ""
      }
    },
    {
      "type": "Feature",
      "geometry": {
        "type": "Point",
        "coordinates": [
          140.5896069,
          40.520208
        ]
      },
      "properties": {
        "内容": "バス停: 大鰐南団地前",
        "name": "大鰐南団地前",
        "operator": "事業者不明",
        "ref": "",
        "url": "",
        "url2": ""
      }
    },
    {
      "type": "Feature",
      "geometry": {
        "type": "Point",
        "coordinates": [
          140.6799003,
          40.607381
        ]
      },
      "properties": {
        "内容": "バス停: 中野南口",
        "name": "中野南口",
        "operator": "事業者不明",
        "ref": "",
        "url": "",
        "url2": ""
      }
    },
    {
      "type": "Feature",
      "geometry": {
        "type": "Point",
        "coordinates": [
          140.7143869,
          40.6333953
        ]
      },
      "properties": {
        "内容": "バス停: 大川原",
        "name": "大川原",
        "operator": "事業者不明",
        "ref": "",
        "url": "",
        "url2": ""
      }
    },
    {
      "type": "Feature",
      "geometry": {
        "type": "Point",
        "coordinates": [
          140.771492,
          40.5233403
        ]
      },
      "properties": {
        "内容": "バス停: 善光寺平入口",
        "name": "善光寺平入口",
        "operator": "事業者不明",
        "ref": "",
        "url": "",
        "url2": ""
      }
    },
    {
      "type": "Feature",
      "geometry": {
        "type": "Point",
        "coordinates": [
          140.6330547,
          40.7891061
        ]
      },
      "properties": {
        "内容": "バス停: 鶴ヶ坂川合",
        "name": "鶴ヶ坂川合",
        "operator": "事業者不明",
        "ref": "",
        "url": "",
        "url2": ""
      }
    },
    {
      "type": "Feature",
      "geometry": {
        "type": "Point",
        "coordinates": [
          140.6423475,
          40.8073288
        ]
      },
      "properties": {
        "内容": "バス停: 戸門",
        "name": "戸門",
        "operator": "事業者不明",
        "ref": "",
        "url": "",
        "url2": ""
      }
    },
    {
      "type": "Feature",
      "geometry": {
        "type": "Point",
        "coordinates": [
          140.7251636,
          40.8257302
        ]
      },
      "properties": {
        "内容": "バス停: 西上古川",
        "name": "西上古川",
        "operator": "事業者不明",
        "ref": "",
        "url": "",
        "url2": ""
      }
    },
    {
      "type": "Feature",
      "geometry": {
        "type": "Point",
        "coordinates": [
          140.6345152,
          40.4468504
        ]
      },
      "properties": {
        "内容": "バス停: 舟岡",
        "name": "舟岡",
        "operator": "事業者不明",
        "ref": "",
        "url": "",
        "url2": ""
      }
    },
    {
      "type": "Feature",
      "geometry": {
        "type": "Point",
        "coordinates": [
          140.6180588,
          40.6354252
        ]
      },
      "properties": {
        "内容": "バス停: 福民",
        "name": "福民",
        "operator": "事業者不明",
        "ref": "",
        "url": "",
        "url2": ""
      }
    },
    {
      "type": "Feature",
      "geometry": {
        "type": "Point",
        "coordinates": [
          140.6884782,
          40.5425695
        ]
      },
      "properties": {
        "内容": "バス停: 小国",
        "name": "小国",
        "operator": "事業者不明",
        "ref": "",
        "url": "",
        "url2": ""
      }
    },
    {
      "type": "Feature",
      "geometry": {
        "type": "Point",
        "coordinates": [
          140.7984319,
          40.826738
        ]
      },
      "properties": {
        "内容": "バス停: 八重田通り",
        "name": "八重田通り",
        "operator": "事業者不明",
        "ref": "",
        "url": "",
        "url2": ""
      }
    },
    {
      "type": "Feature",
      "geometry": {
        "type": "Point",
        "coordinates": [
          140.6351036,
          40.6290931
        ]
      },
      "properties": {
        "内容": "バス停: 墓地公園前",
        "name": "墓地公園前",
        "operator": "事業者不明",
        "ref": "",
        "url": "",
        "url2": ""
      }
    },
    {
      "type": "Feature",
      "geometry": {
        "type": "Point",
        "coordinates": [
          140.6351698,
          40.7942491
        ]
      },
      "properties": {
        "内容": "バス停: 鶴ヶ坂田川",
        "name": "鶴ヶ坂田川",
        "operator": "事業者不明",
        "ref": "",
        "url": "",
        "url2": ""
      }
    },
    {
      "type": "Feature",
      "geometry": {
        "type": "Point",
        "coordinates": [
          140.6539921,
          40.8205798
        ]
      },
      "properties": {
        "内容": "バス停: 白旗野",
        "name": "白旗野",
        "operator": "事業者不明",
        "ref": "",
        "url": "",
        "url2": ""
      }
    },
    {
      "type": "Feature",
      "geometry": {
        "type": "Point",
        "coordinates": [
          140.5722614,
          40.5215945
        ]
      },
      "properties": {
        "内容": "バス停: 大鰐",
        "name": "大鰐",
        "operator": "事業者不明",
        "ref": "",
        "url": "",
        "url2": ""
      }
    },
    {
      "type": "Feature",
      "geometry": {
        "type": "Point",
        "coordinates": [
          140.599909,
          40.5183327
        ]
      },
      "properties": {
        "内容": "バス停: 長峰北口",
        "name": "長峰北口",
        "operator": "事業者不明",
        "ref": "",
        "url": "",
        "url2": ""
      }
    },
    {
      "type": "Feature",
      "geometry": {
        "type": "Point",
        "coordinates": [
          140.6298918,
          40.4725184
        ]
      },
      "properties": {
        "内容": "バス停: 碇ヶ関",
        "name": "碇ヶ関",
        "operator": "事業者不明",
        "ref": "",
        "url": "",
        "url2": ""
      }
    },
    {
      "type": "Feature",
      "geometry": {
        "type": "Point",
        "coordinates": [
          140.6223067,
          40.632586
        ]
      },
      "properties": {
        "内容": "バス停: 牡丹平",
        "name": "牡丹平",
        "operator": "事業者不明",
        "ref": "",
        "url": "",
        "url2": ""
      }
    },
    {
      "type": "Feature",
      "geometry": {
        "type": "Point",
        "coordinates": [
          140.7033347,
          40.5433482
        ]
      },
      "properties": {
        "内容": "バス停: 厚目内入口",
        "name": "厚目内入口",
        "operator": "事業者不明",
        "ref": "",
        "url": "",
        "url2": ""
      }
    },
    {
      "type": "Feature",
      "geometry": {
        "type": "Point",
        "coordinates": [
          140.4550894,
          40.6296903
        ]
      },
      "properties": {
        "内容": "バス停: マックスバリュ弘前城北店前",
        "name": "マックスバリュ弘前城北店前",
        "operator": "事業者不明",
        "ref": "",
        "url": "",
        "url2": ""
      }
    },
    {
      "type": "Feature",
      "geometry": {
        "type": "Point",
        "coordinates": [
          140.6245656,
          40.4770039
        ]
      },
      "properties": {
        "内容": "バス停: 碇ヶ関郵便局前",
        "name": "碇ヶ関郵便局前",
        "operator": "事業者不明",
        "ref": "",
        "url": "",
        "url2": ""
      }
    },
    {
      "type": "Feature",
      "geometry": {
        "type": "Point",
        "coordinates": [
          140.633267,
          40.4682839
        ]
      },
      "properties": {
        "内容": "バス停: 碇ヶ関上町",
        "name": "碇ヶ関上町",
        "operator": "事業者不明",
        "ref": "",
        "url": "",
        "url2": ""
      }
    },
    {
      "type": "Feature",
      "geometry": {
        "type": "Point",
        "coordinates": [
          140.6907053,
          40.549445
        ]
      },
      "properties": {
        "内容": "バス停: 虹の湖温泉前",
        "name": "虹の湖温泉前",
        "operator": "事業者不明",
        "ref": "",
        "url": "",
        "url2": ""
      }
    },
    {
      "type": "Feature",
      "geometry": {
        "type": "Point",
        "coordinates": [
          140.5987021,
          40.6902374
        ]
      },
      "properties": {
        "内容": "バス停: 環境センター前",
        "name": "環境センター前",
        "operator": "事業者不明",
        "ref": "",
        "url": "",
        "url2": ""
      }
    },
    {
      "type": "Feature",
      "geometry": {
        "type": "Point",
        "coordinates": [
          140.6797954,
          40.6099564
        ]
      },
      "properties": {
        "内容": "バス停: 中野神社前",
        "name": "中野神社前",
        "operator": "事業者不明",
        "ref": "",
        "url": "",
        "url2": ""
      }
    },
    {
      "type": "Feature",
      "geometry": {
        "type": "Point",
        "coordinates": [
          140.6854984,
          40.5711714
        ]
      },
      "properties": {
        "内容": "バス停: 青荷温泉入口",
        "name": "青荷温泉入口",
        "operator": "事業者不明",
        "ref": "",
        "url": "",
        "url2": ""
      }
    },
    {
      "type": "Feature",
      "geometry": {
        "type": "Point",
        "coordinates": [
          140.7224626,
          40.5255763
        ]
      },
      "properties": {
        "内容": "バス停: 葛川西口",
        "name": "葛川西口",
        "operator": "事業者不明",
        "ref": "",
        "url": "",
        "url2": ""
      }
    },
    {
      "type": "Feature",
      "geometry": {
        "type": "Point",
        "coordinates": [
          140.634795,
          40.7912037
        ]
      },
      "properties": {
        "内容": "バス停: 鶴ヶ坂駅前",
        "name": "鶴ヶ坂駅前",
        "operator": "事業者不明",
        "ref": "",
        "url": "",
        "url2": ""
      }
    },
    {
      "type": "Feature",
      "geometry": {
        "type": "Point",
        "coordinates": [
          140.6352667,
          40.79455
        ]
      },
      "properties": {
        "内容": "バス停: 鶴ヶ坂田川",
        "name": "鶴ヶ坂田川",
        "operator": "事業者不明",
        "ref": "",
        "url": "",
        "url2": ""
      }
    },
    {
      "type": "Feature",
      "geometry": {
        "type": "Point",
        "coordinates": [
          140.4469692,
          40.5736366
        ]
      },
      "properties": {
        "内容": "バス停: 大原",
        "name": "大原",
        "operator": "事業者不明",
        "ref": "",
        "url": "",
        "url2": ""
      }
    },
    {
      "type": "Feature",
      "geometry": {
        "type": "Point",
        "coordinates": [
          140.4407214,
          40.5636657
        ]
      },
      "properties": {
        "内容": "バス停: 小沢神社前",
        "name": "小沢神社前",
        "operator": "事業者不明",
        "ref": "",
        "url": "",
        "url2": ""
      }
    },
    {
      "type": "Feature",
      "geometry": {
        "type": "Point",
        "coordinates": [
          140.4318395,
          40.5405217
        ]
      },
      "properties": {
        "内容": "バス停: 久渡寺",
        "name": "久渡寺",
        "operator": "事業者不明",
        "ref": "",
        "url": "",
        "url2": ""
      }
    },
    {
      "type": "Feature",
      "geometry": {
        "type": "Point",
        "coordinates": [
          140.446394,
          40.5728292
        ]
      },
      "properties": {
        "内容": "バス停: 大原",
        "name": "大原",
        "operator": "事業者不明",
        "ref": "",
        "url": "",
        "url2": ""
      }
    },
    {
      "type": "Feature",
      "geometry": {
        "type": "Point",
        "coordinates": [
          140.4428958,
          40.5674143
        ]
      },
      "properties": {
        "内容": "バス停: 小沢北口",
        "name": "小沢北口",
        "operator": "事業者不明",
        "ref": "",
        "url": "",
        "url2": ""
      }
    },
    {
      "type": "Feature",
      "geometry": {
        "type": "Point",
        "coordinates": [
          140.4382394,
          40.5601959
        ]
      },
      "properties": {
        "内容": "バス停: 野元",
        "name": "野元",
        "operator": "事業者不明",
        "ref": "",
        "url": "",
        "url2": ""
      }
    },
    {
      "type": "Feature",
      "geometry": {
        "type": "Point",
        "coordinates": [
          140.4311728,
          40.5485418
        ]
      },
      "properties": {
        "内容": "バス停: 上梨の木",
        "name": "上梨の木",
        "operator": "事業者不明",
        "ref": "",
        "url": "",
        "url2": ""
      }
    },
    {
      "type": "Feature",
      "geometry": {
        "type": "Point",
        "coordinates": [
          140.43163,
          40.5526041
        ]
      },
      "properties": {
        "内容": "バス停: 梨の木",
        "name": "梨の木",
        "operator": "事業者不明",
        "ref": "",
        "url": "",
        "url2": ""
      }
    },
    {
      "type": "Feature",
      "geometry": {
        "type": "Point",
        "coordinates": [
          140.4355086,
          40.5568859
        ]
      },
      "properties": {
        "内容": "バス停: 中央梨の木",
        "name": "中央梨の木",
        "operator": "事業者不明",
        "ref": "",
        "url": "",
        "url2": ""
      }
    },
    {
      "type": "Feature",
      "geometry": {
        "type": "Point",
        "coordinates": [
          140.6924016,
          40.5979965
        ]
      },
      "properties": {
        "内容": "バス停: ダム資料館前",
        "name": "ダム資料館前",
        "operator": "事業者不明",
        "ref": "",
        "url": "",
        "url2": ""
      }
    },
    {
      "type": "Feature",
      "geometry": {
        "type": "Point",
        "coordinates": [
          140.5963212,
          40.6490751
        ]
      },
      "properties": {
        "内容": "バス停: ぐみの木十文字",
        "name": "ぐみの木十文字",
        "operator": "事業者不明",
        "ref": "",
        "url": "",
        "url2": ""
      }
    },
    {
      "type": "Feature",
      "geometry": {
        "type": "Point",
        "coordinates": [
          140.7955582,
          40.8268796
        ]
      },
      "properties": {
        "内容": "バス停: 県立中央病院通り",
        "name": "県立中央病院通り",
        "operator": "事業者不明",
        "ref": "",
        "url": "",
        "url2": ""
      }
    },
    {
      "type": "Feature",
      "geometry": {
        "type": "Point",
        "coordinates": [
          140.811721,
          40.8288712
        ]
      },
      "properties": {
        "内容": "バス停: 青森営業所",
        "name": "青森営業所",
        "operator": "事業者不明",
        "ref": "",
        "url": "",
        "url2": ""
      }
    },
    {
      "type": "Feature",
      "geometry": {
        "type": "Point",
        "coordinates": [
          140.8084383,
          40.8282663
        ]
      },
      "properties": {
        "内容": "バス停: 東跨線橋",
        "name": "東跨線橋",
        "operator": "事業者不明",
        "ref": "",
        "url": "",
        "url2": ""
      }
    },
    {
      "type": "Feature",
      "geometry": {
        "type": "Point",
        "coordinates": [
          140.7893005,
          40.8280615
        ]
      },
      "properties": {
        "内容": "バス停: 南造道",
        "name": "南造道",
        "operator": "事業者不明",
        "ref": "",
        "url": "",
        "url2": ""
      }
    },
    {
      "type": "Feature",
      "geometry": {
        "type": "Point",
        "coordinates": [
          140.7398039,
          40.8258359
        ]
      },
      "properties": {
        "内容": "バス停: 八甲通り Nakko Dori",
        "name": "八甲通り Nakko Dori",
        "operator": "事業者不明",
        "ref": "",
        "url": "",
        "url2": ""
      }
    },
    {
      "type": "Feature",
      "geometry": {
        "type": "Point",
        "coordinates": [
          140.7350792,
          40.8283272
        ]
      },
      "properties": {
        "内容": "バス停: 青森駅前",
        "name": "青森駅前",
        "operator": "事業者不明",
        "ref": "",
        "url": "",
        "url2": ""
      }
    },
    {
      "type": "Feature",
      "geometry": {
        "type": "Point",
        "coordinates": [
          140.7351892,
          40.8285586
        ]
      },
      "properties": {
        "内容": "バス停: 青森駅前",
        "name": "青森駅前",
        "operator": "事業者不明",
        "ref": "",
        "url": "",
        "url2": ""
      }
    },
    {
      "type": "Feature",
      "geometry": {
        "type": "Point",
        "coordinates": [
          140.737009,
          40.8240396
        ]
      },
      "properties": {
        "内容": "バス停: 古川",
        "name": "古川",
        "operator": "事業者不明",
        "ref": "",
        "url": "",
        "url2": ""
      }
    },
    {
      "type": "Feature",
      "geometry": {
        "type": "Point",
        "coordinates": [
          140.7375911,
          40.8241959
        ]
      },
      "properties": {
        "内容": "バス停: 古川",
        "name": "古川",
        "operator": "事業者不明",
        "ref": "",
        "url": "",
        "url2": ""
      }
    },
    {
      "type": "Feature",
      "geometry": {
        "type": "Point",
        "coordinates": [
          140.7373577,
          40.8242233
        ]
      },
      "properties": {
        "内容": "バス停: 古川",
        "name": "古川",
        "operator": "事業者不明",
        "ref": "",
        "url": "",
        "url2": ""
      }
    },
    {
      "type": "Feature",
      "geometry": {
        "type": "Point",
        "coordinates": [
          140.6917454,
          40.8257755
        ]
      },
      "properties": {
        "内容": "バス停: 三内霊園入口",
        "name": "三内霊園入口",
        "operator": "事業者不明",
        "ref": "",
        "url": "",
        "url2": ""
      }
    },
    {
      "type": "Feature",
      "geometry": {
        "type": "Point",
        "coordinates": [
          140.352462,
          40.5951568
        ]
      },
      "properties": {
        "内容": "バス停: 国吉南口",
        "name": "国吉南口",
        "operator": "事業者不明",
        "ref": "",
        "url": "",
        "url2": ""
      }
    },
    {
      "type": "Feature",
      "geometry": {
        "type": "Point",
        "coordinates": [
          140.3875402,
          40.5902847
        ]
      },
      "properties": {
        "内容": "バス停: 大久保",
        "name": "大久保",
        "operator": "事業者不明",
        "ref": "",
        "url": "",
        "url2": ""
      }
    },
    {
      "type": "Feature",
      "geometry": {
        "type": "Point",
        "coordinates": [
          140.4046737,
          40.5939766
        ]
      },
      "properties": {
        "内容": "バス停: 如来瀬",
        "name": "如来瀬",
        "operator": "事業者不明",
        "ref": "",
        "url": "",
        "url2": ""
      }
    },
    {
      "type": "Feature",
      "geometry": {
        "type": "Point",
        "coordinates": [
          140.3174984,
          40.5855477
        ]
      },
      "properties": {
        "内容": "バス停: 中畑",
        "name": "中畑",
        "operator": "事業者不明",
        "ref": "",
        "url": "",
        "url2": ""
      }
    },
    {
      "type": "Feature",
      "geometry": {
        "type": "Point",
        "coordinates": [
          140.3426048,
          40.5923193
        ]
      },
      "properties": {
        "内容": "バス停: 上国吉",
        "name": "上国吉",
        "operator": "事業者不明",
        "ref": "",
        "url": "",
        "url2": ""
      }
    },
    {
      "type": "Feature",
      "geometry": {
        "type": "Point",
        "coordinates": [
          140.3378812,
          40.5902658
        ]
      },
      "properties": {
        "内容": "バス停: 東目屋小学校前",
        "name": "東目屋小学校前",
        "operator": "事業者不明",
        "ref": "",
        "url": "",
        "url2": ""
      }
    },
    {
      "type": "Feature",
      "geometry": {
        "type": "Point",
        "coordinates": [
          140.35654,
          40.5959235
        ]
      },
      "properties": {
        "内容": "バス停: 高野",
        "name": "高野",
        "operator": "事業者不明",
        "ref": "",
        "url": "",
        "url2": ""
      }
    },
    {
      "type": "Feature",
      "geometry": {
        "type": "Point",
        "coordinates": [
          140.3429609,
          40.5923586
        ]
      },
      "properties": {
        "内容": "バス停: 上国吉",
        "name": "上国吉",
        "operator": "事業者不明",
        "ref": "",
        "url": "",
        "url2": ""
      }
    },
    {
      "type": "Feature",
      "geometry": {
        "type": "Point",
        "coordinates": [
          140.3209384,
          40.5850359
        ]
      },
      "properties": {
        "内容": "バス停: 中野保育所前",
        "name": "中野保育所前",
        "operator": "事業者不明",
        "ref": "",
        "url": "",
        "url2": ""
      }
    },
    {
      "type": "Feature",
      "geometry": {
        "type": "Point",
        "coordinates": [
          140.298553,
          40.5762139
        ]
      },
      "properties": {
        "内容": "バス停: 田代",
        "name": "田代",
        "operator": "事業者不明",
        "ref": "",
        "url": "",
        "url2": ""
      }
    },
    {
      "type": "Feature",
      "geometry": {
        "type": "Point",
        "coordinates": [
          140.409016,
          40.5941695
        ]
      },
      "properties": {
        "内容": "バス停: 派立南口",
        "name": "派立南口",
        "operator": "事業者不明",
        "ref": "",
        "url": "",
        "url2": ""
      }
    },
    {
      "type": "Feature",
      "geometry": {
        "type": "Point",
        "coordinates": [
          140.3071012,
          40.5814119
        ]
      },
      "properties": {
        "内容": "バス停: 番館",
        "name": "番館",
        "operator": "事業者不明",
        "ref": "",
        "url": "",
        "url2": ""
      }
    },
    {
      "type": "Feature",
      "geometry": {
        "type": "Point",
        "coordinates": [
          140.3307611,
          40.5895513
        ]
      },
      "properties": {
        "内容": "バス停: 桜庭",
        "name": "桜庭",
        "operator": "事業者不明",
        "ref": "",
        "url": "",
        "url2": ""
      }
    },
    {
      "type": "Feature",
      "geometry": {
        "type": "Point",
        "coordinates": [
          140.3121581,
          40.5850485
        ]
      },
      "properties": {
        "内容": "バス停: 上中畑",
        "name": "上中畑",
        "operator": "事業者不明",
        "ref": "",
        "url": "",
        "url2": ""
      }
    },
    {
      "type": "Feature",
      "geometry": {
        "type": "Point",
        "coordinates": [
          140.2970784,
          40.5769773
        ]
      },
      "properties": {
        "内容": "バス停: 西目屋村役場前",
        "name": "西目屋村役場前",
        "operator": "事業者不明",
        "ref": "",
        "url": "",
        "url2": ""
      }
    },
    {
      "type": "Feature",
      "geometry": {
        "type": "Point",
        "coordinates": [
          140.3471871,
          40.5934759
        ]
      },
      "properties": {
        "内容": "バス停: 国吉",
        "name": "国吉",
        "operator": "事業者不明",
        "ref": "",
        "url": "",
        "url2": ""
      }
    },
    {
      "type": "Feature",
      "geometry": {
        "type": "Point",
        "coordinates": [
          140.4119214,
          40.5939215
        ]
      },
      "properties": {
        "内容": "バス停: 鳥井野",
        "name": "鳥井野",
        "operator": "事業者不明",
        "ref": "",
        "url": "",
        "url2": ""
      }
    },
    {
      "type": "Feature",
      "geometry": {
        "type": "Point",
        "coordinates": [
          140.390107,
          40.5894661
        ]
      },
      "properties": {
        "内容": "バス停: 大久保",
        "name": "大久保",
        "operator": "事業者不明",
        "ref": "",
        "url": "",
        "url2": ""
      }
    },
    {
      "type": "Feature",
      "geometry": {
        "type": "Point",
        "coordinates": [
          140.3252927,
          40.5857377
        ]
      },
      "properties": {
        "内容": "バス停: 中野",
        "name": "中野",
        "operator": "事業者不明",
        "ref": "",
        "url": "",
        "url2": ""
      }
    },
    {
      "type": "Feature",
      "geometry": {
        "type": "Point",
        "coordinates": [
          140.3033723,
          40.577892
        ]
      },
      "properties": {
        "内容": "バス停: 下田代",
        "name": "下田代",
        "operator": "事業者不明",
        "ref": "",
        "url": "",
        "url2": ""
      }
    },
    {
      "type": "Feature",
      "geometry": {
        "type": "Point",
        "coordinates": [
          140.2986497,
          40.5762466
        ]
      },
      "properties": {
        "内容": "バス停: 田代",
        "name": "田代",
        "operator": "事業者不明",
        "ref": "",
        "url": "",
        "url2": ""
      }
    },
    {
      "type": "Feature",
      "geometry": {
        "type": "Point",
        "coordinates": [
          140.5622012,
          40.522853
        ]
      },
      "properties": {
        "内容": "バス停: 大鰐北口",
        "name": "大鰐北口",
        "operator": "事業者不明",
        "ref": "",
        "url": "",
        "url2": ""
      }
    },
    {
      "type": "Feature",
      "geometry": {
        "type": "Point",
        "coordinates": [
          140.6045361,
          40.5122331
        ]
      },
      "properties": {
        "内容": "バス停: 九十九森",
        "name": "九十九森",
        "operator": "事業者不明",
        "ref": "",
        "url": "",
        "url2": ""
      }
    },
    {
      "type": "Feature",
      "geometry": {
        "type": "Point",
        "coordinates": [
          140.6027967,
          40.5148626
        ]
      },
      "properties": {
        "内容": "バス停: 長峰",
        "name": "長峰",
        "operator": "事業者不明",
        "ref": "",
        "url": "",
        "url2": ""
      }
    },
    {
      "type": "Feature",
      "geometry": {
        "type": "Point",
        "coordinates": [
          140.6020886,
          40.5153377
        ]
      },
      "properties": {
        "内容": "バス停: 長峰",
        "name": "長峰",
        "operator": "事業者不明",
        "ref": "",
        "url": "",
        "url2": ""
      }
    },
    {
      "type": "Feature",
      "geometry": {
        "type": "Point",
        "coordinates": [
          140.5963822,
          40.5195208
        ]
      },
      "properties": {
        "内容": "バス停: 元長峰",
        "name": "元長峰",
        "operator": "事業者不明",
        "ref": "",
        "url": "",
        "url2": ""
      }
    },
    {
      "type": "Feature",
      "geometry": {
        "type": "Point",
        "coordinates": [
          140.5899355,
          40.5201834
        ]
      },
      "properties": {
        "内容": "バス停: 大鰐南団地前",
        "name": "大鰐南団地前",
        "operator": "事業者不明",
        "ref": "",
        "url": "",
        "url2": ""
      }
    },
    {
      "type": "Feature",
      "geometry": {
        "type": "Point",
        "coordinates": [
          140.5760229,
          40.5215689
        ]
      },
      "properties": {
        "内容": "バス停: 大湯前",
        "name": "大湯前",
        "operator": "事業者不明",
        "ref": "",
        "url": "",
        "url2": ""
      }
    },
    {
      "type": "Feature",
      "geometry": {
        "type": "Point",
        "coordinates": [
          140.5761503,
          40.5215893
        ]
      },
      "properties": {
        "内容": "バス停: 大湯前",
        "name": "大湯前",
        "operator": "事業者不明",
        "ref": "",
        "url": "",
        "url2": ""
      }
    },
    {
      "type": "Feature",
      "geometry": {
        "type": "Point",
        "coordinates": [
          140.5590954,
          40.5249096
        ]
      },
      "properties": {
        "内容": "バス停: 宿川原",
        "name": "宿川原",
        "operator": "事業者不明",
        "ref": "",
        "url": "",
        "url2": ""
      }
    },
    {
      "type": "Feature",
      "geometry": {
        "type": "Point",
        "coordinates": [
          140.5591317,
          40.5248362
        ]
      },
      "properties": {
        "内容": "バス停: 宿川原",
        "name": "宿川原",
        "operator": "事業者不明",
        "ref": "",
        "url": "",
        "url2": ""
      }
    },
    {
      "type": "Feature",
      "geometry": {
        "type": "Point",
        "coordinates": [
          140.5523738,
          40.5430066
        ]
      },
      "properties": {
        "内容": "バス停: 小金崎",
        "name": "小金崎",
        "operator": "事業者不明",
        "ref": "",
        "url": "",
        "url2": ""
      }
    },
    {
      "type": "Feature",
      "geometry": {
        "type": "Point",
        "coordinates": [
          140.548372,
          40.5507883
        ]
      },
      "properties": {
        "内容": "バス停: 石川中学校前",
        "name": "石川中学校前",
        "operator": "事業者不明",
        "ref": "",
        "url": "",
        "url2": ""
      }
    },
    {
      "type": "Feature",
      "geometry": {
        "type": "Point",
        "coordinates": [
          140.3276887,
          40.7575599
        ]
      },
      "properties": {
        "内容": "バス停: 天長園前",
        "name": "天長園前",
        "operator": "事業者不明",
        "ref": "",
        "url": "",
        "url2": ""
      }
    },
    {
      "type": "Feature",
      "geometry": {
        "type": "Point",
        "coordinates": [
          140.4407036,
          40.6507171
        ]
      },
      "properties": {
        "内容": "バス停: 独狐",
        "name": "独狐",
        "operator": "事業者不明",
        "ref": "",
        "url": "",
        "url2": ""
      }
    },
    {
      "type": "Feature",
      "geometry": {
        "type": "Point",
        "coordinates": [
          140.442525,
          40.6469197
        ]
      },
      "properties": {
        "内容": "バス停: 中央独狐",
        "name": "中央独狐",
        "operator": "事業者不明",
        "ref": "",
        "url": "",
        "url2": ""
      }
    },
    {
      "type": "Feature",
      "geometry": {
        "type": "Point",
        "coordinates": [
          140.4369583,
          40.6565853
        ]
      },
      "properties": {
        "内容": "バス停: 前坂",
        "name": "前坂",
        "operator": "事業者不明",
        "ref": "",
        "url": "",
        "url2": ""
      }
    },
    {
      "type": "Feature",
      "geometry": {
        "type": "Point",
        "coordinates": [
          140.4366991,
          40.6571253
        ]
      },
      "properties": {
        "内容": "バス停: 前坂",
        "name": "前坂",
        "operator": "事業者不明",
        "ref": "",
        "url": "",
        "url2": ""
      }
    },
    {
      "type": "Feature",
      "geometry": {
        "type": "Point",
        "coordinates": [
          140.4316717,
          40.6617399
        ]
      },
      "properties": {
        "内容": "バス停: 高杉南口",
        "name": "高杉南口",
        "operator": "事業者不明",
        "ref": "",
        "url": "",
        "url2": ""
      }
    },
    {
      "type": "Feature",
      "geometry": {
        "type": "Point",
        "coordinates": [
          140.4284461,
          40.6630732
        ]
      },
      "properties": {
        "内容": "バス停: 高杉",
        "name": "高杉",
        "operator": "事業者不明",
        "ref": "",
        "url": "",
        "url2": ""
      }
    },
    {
      "type": "Feature",
      "geometry": {
        "type": "Point",
        "coordinates": [
          140.4257993,
          40.6648245
        ]
      },
      "properties": {
        "内容": "バス停: 下高杉",
        "name": "下高杉",
        "operator": "事業者不明",
        "ref": "",
        "url": "",
        "url2": ""
      }
    },
    {
      "type": "Feature",
      "geometry": {
        "type": "Point",
        "coordinates": [
          140.4260374,
          40.6647766
        ]
      },
      "properties": {
        "内容": "バス停: 下高杉",
        "name": "下高杉",
        "operator": "事業者不明",
        "ref": "",
        "url": "",
        "url2": ""
      }
    },
    {
      "type": "Feature",
      "geometry": {
        "type": "Point",
        "coordinates": [
          140.4215054,
          40.6681955
        ]
      },
      "properties": {
        "内容": "バス停: 天崎入口",
        "name": "天崎入口",
        "operator": "事業者不明",
        "ref": "",
        "url": "",
        "url2": ""
      }
    },
    {
      "type": "Feature",
      "geometry": {
        "type": "Point",
        "coordinates": [
          140.4214933,
          40.6683442
        ]
      },
      "properties": {
        "内容": "バス停: 天崎入口",
        "name": "天崎入口",
        "operator": "事業者不明",
        "ref": "",
        "url": "",
        "url2": ""
      }
    },
    {
      "type": "Feature",
      "geometry": {
        "type": "Point",
        "coordinates": [
          140.4178245,
          40.6714611
        ]
      },
      "properties": {
        "内容": "バス停: 住吉",
        "name": "住吉",
        "operator": "事業者不明",
        "ref": "",
        "url": "",
        "url2": ""
      }
    },
    {
      "type": "Feature",
      "geometry": {
        "type": "Point",
        "coordinates": [
          140.4120536,
          40.6825591
        ]
      },
      "properties": {
        "内容": "バス停: 鬼沢南口",
        "name": "鬼沢南口",
        "operator": "事業者不明",
        "ref": "",
        "url": "",
        "url2": ""
      }
    },
    {
      "type": "Feature",
      "geometry": {
        "type": "Point",
        "coordinates": [
          140.4116965,
          40.6869642
        ]
      },
      "properties": {
        "内容": "バス停: 鬼沢",
        "name": "鬼沢",
        "operator": "事業者不明",
        "ref": "",
        "url": "",
        "url2": ""
      }
    },
    {
      "type": "Feature",
      "geometry": {
        "type": "Point",
        "coordinates": [
          140.4116596,
          40.6884581
        ]
      },
      "properties": {
        "内容": "バス停: 下鬼沢",
        "name": "下鬼沢",
        "operator": "事業者不明",
        "ref": "",
        "url": "",
        "url2": ""
      }
    },
    {
      "type": "Feature",
      "geometry": {
        "type": "Point",
        "coordinates": [
          140.4094416,
          40.6921567
        ]
      },
      "properties": {
        "内容": "バス停: 堂ヶ沢",
        "name": "堂ヶ沢",
        "operator": "事業者不明",
        "ref": "",
        "url": "",
        "url2": ""
      }
    },
    {
      "type": "Feature",
      "geometry": {
        "type": "Point",
        "coordinates": [
          140.4053522,
          40.6969323
        ]
      },
      "properties": {
        "内容": "バス停: 堂ヶ沢北口",
        "name": "堂ヶ沢北口",
        "operator": "事業者不明",
        "ref": "",
        "url": "",
        "url2": ""
      }
    },
    {
      "type": "Feature",
      "geometry": {
        "type": "Point",
        "coordinates": [
          140.3939724,
          40.7086806
        ]
      },
      "properties": {
        "内容": "バス停: 貝沢南口",
        "name": "貝沢南口",
        "operator": "事業者不明",
        "ref": "",
        "url": "",
        "url2": ""
      }
    },
    {
      "type": "Feature",
      "geometry": {
        "type": "Point",
        "coordinates": [
          140.3895444,
          40.7109854
        ]
      },
      "properties": {
        "内容": "バス停: 貝沢",
        "name": "貝沢",
        "operator": "事業者不明",
        "ref": "",
        "url": "",
        "url2": ""
      }
    },
    {
      "type": "Feature",
      "geometry": {
        "type": "Point",
        "coordinates": [
          140.3846196,
          40.7118623
        ]
      },
      "properties": {
        "内容": "バス停: 農村環境改善センター前",
        "name": "農村環境改善センター前",
        "operator": "事業者不明",
        "ref": "",
        "url": "",
        "url2": ""
      }
    },
    {
      "type": "Feature",
      "geometry": {
        "type": "Point",
        "coordinates": [
          140.3845516,
          40.7117827
        ]
      },
      "properties": {
        "内容": "バス停: 農村環境改善センター前",
        "name": "農村環境改善センター前",
        "operator": "事業者不明",
        "ref": "",
        "url": "",
        "url2": ""
      }
    },
    {
      "type": "Feature",
      "geometry": {
        "type": "Point",
        "coordinates": [
          140.3761784,
          40.7126549
        ]
      },
      "properties": {
        "内容": "バス停: 大森",
        "name": "大森",
        "operator": "事業者不明",
        "ref": "",
        "url": "",
        "url2": ""
      }
    },
    {
      "type": "Feature",
      "geometry": {
        "type": "Point",
        "coordinates": [
          140.3717759,
          40.7130394
        ]
      },
      "properties": {
        "内容": "バス停: 大石神社前",
        "name": "大石神社前",
        "operator": "事業者不明",
        "ref": "",
        "url": "",
        "url2": ""
      }
    },
    {
      "type": "Feature",
      "geometry": {
        "type": "Point",
        "coordinates": [
          140.3603709,
          40.7188968
        ]
      },
      "properties": {
        "内容": "バス停: 裾野中学校前",
        "name": "裾野中学校前",
        "operator": "事業者不明",
        "ref": "",
        "url": "",
        "url2": ""
      }
    },
    {
      "type": "Feature",
      "geometry": {
        "type": "Point",
        "coordinates": [
          140.3603221,
          40.7190283
        ]
      },
      "properties": {
        "内容": "バス停: 裾野中学校前",
        "name": "裾野中学校前",
        "operator": "事業者不明",
        "ref": "",
        "url": "",
        "url2": ""
      }
    },
    {
      "type": "Feature",
      "geometry": {
        "type": "Point",
        "coordinates": [
          140.3485398,
          40.7312383
        ]
      },
      "properties": {
        "内容": "バス停: 観音林",
        "name": "観音林",
        "operator": "事業者不明",
        "ref": "",
        "url": "",
        "url2": ""
      }
    },
    {
      "type": "Feature",
      "geometry": {
        "type": "Point",
        "coordinates": [
          140.3527455,
          40.7254242
        ]
      },
      "properties": {
        "内容": "バス停: 十面沢入口",
        "name": "十面沢入口",
        "operator": "事業者不明",
        "ref": "",
        "url": "",
        "url2": ""
      }
    },
    {
      "type": "Feature",
      "geometry": {
        "type": "Point",
        "coordinates": [
          140.3503316,
          40.7287503
        ]
      },
      "properties": {
        "内容": "バス停: 十面沢",
        "name": "十面沢",
        "operator": "事業者不明",
        "ref": "",
        "url": "",
        "url2": ""
      }
    },
    {
      "type": "Feature",
      "geometry": {
        "type": "Point",
        "coordinates": [
          140.346263,
          40.7351592
        ]
      },
      "properties": {
        "内容": "バス停: 十面沢西口",
        "name": "十面沢西口",
        "operator": "事業者不明",
        "ref": "",
        "url": "",
        "url2": ""
      }
    },
    {
      "type": "Feature",
      "geometry": {
        "type": "Point",
        "coordinates": [
          140.3431887,
          40.7415305
        ]
      },
      "properties": {
        "内容": "バス停: 修斉小学校前",
        "name": "修斉小学校前",
        "operator": "事業者不明",
        "ref": "",
        "url": "",
        "url2": ""
      }
    },
    {
      "type": "Feature",
      "geometry": {
        "type": "Point",
        "coordinates": [
          140.3382244,
          40.746844
        ]
      },
      "properties": {
        "内容": "バス停: 羽黒神社前",
        "name": "羽黒神社前",
        "operator": "事業者不明",
        "ref": "",
        "url": "",
        "url2": ""
      }
    },
    {
      "type": "Feature",
      "geometry": {
        "type": "Point",
        "coordinates": [
          140.3365569,
          40.7505353
        ]
      },
      "properties": {
        "内容": "バス停: 十腰内東口",
        "name": "十腰内東口",
        "operator": "事業者不明",
        "ref": "",
        "url": "",
        "url2": ""
      }
    },
    {
      "type": "Feature",
      "geometry": {
        "type": "Point",
        "coordinates": [
          140.3353337,
          40.753942
        ]
      },
      "properties": {
        "内容": "バス停: 十腰内",
        "name": "十腰内",
        "operator": "事業者不明",
        "ref": "",
        "url": "",
        "url2": ""
      }
    },
    {
      "type": "Feature",
      "geometry": {
        "type": "Point",
        "coordinates": [
          140.3313708,
          40.7555253
        ]
      },
      "properties": {
        "内容": "バス停: 長前",
        "name": "長前",
        "operator": "事業者不明",
        "ref": "",
        "url": "",
        "url2": ""
      }
    },
    {
      "type": "Feature",
      "geometry": {
        "type": "Point",
        "coordinates": [
          140.3265682,
          40.7580427
        ]
      },
      "properties": {
        "内容": "バス停: 名称不明バス停",
        "name": "名称不明バス停",
        "operator": "事業者不明",
        "ref": "",
        "url": "",
        "url2": ""
      }
    },
    {
      "type": "Feature",
      "geometry": {
        "type": "Point",
        "coordinates": [
          140.3248901,
          40.7588652
        ]
      },
      "properties": {
        "内容": "バス停: ？",
        "name": "？",
        "operator": "事業者不明",
        "ref": "",
        "url": "",
        "url2": ""
      }
    },
    {
      "type": "Feature",
      "geometry": {
        "type": "Point",
        "coordinates": [
          140.3211622,
          40.7599164
        ]
      },
      "properties": {
        "内容": "バス停: 雲雀野",
        "name": "雲雀野",
        "operator": "事業者不明",
        "ref": "",
        "url": "",
        "url2": ""
      }
    },
    {
      "type": "Feature",
      "geometry": {
        "type": "Point",
        "coordinates": [
          140.3153171,
          40.7621158
        ]
      },
      "properties": {
        "内容": "バス停: 上建石",
        "name": "上建石",
        "operator": "事業者不明",
        "ref": "",
        "url": "",
        "url2": ""
      }
    },
    {
      "type": "Feature",
      "geometry": {
        "type": "Point",
        "coordinates": [
          140.3122308,
          40.7634815
        ]
      },
      "properties": {
        "内容": "バス停: 建石",
        "name": "建石",
        "operator": "事業者不明",
        "ref": "",
        "url": "",
        "url2": ""
      }
    },
    {
      "type": "Feature",
      "geometry": {
        "type": "Point",
        "coordinates": [
          140.3089571,
          40.7654284
        ]
      },
      "properties": {
        "内容": "バス停: 下建石",
        "name": "下建石",
        "operator": "事業者不明",
        "ref": "",
        "url": "",
        "url2": ""
      }
    },
    {
      "type": "Feature",
      "geometry": {
        "type": "Point",
        "coordinates": [
          140.3048762,
          40.7676064
        ]
      },
      "properties": {
        "内容": "バス停: 鬼神神社前",
        "name": "鬼神神社前",
        "operator": "事業者不明",
        "ref": "",
        "url": "",
        "url2": ""
      }
    },
    {
      "type": "Feature",
      "geometry": {
        "type": "Point",
        "coordinates": [
          140.3021796,
          40.7689369
        ]
      },
      "properties": {
        "内容": "バス停: 名称不明バス停",
        "name": "名称不明バス停",
        "operator": "事業者不明",
        "ref": "",
        "url": "",
        "url2": ""
      }
    },
    {
      "type": "Feature",
      "geometry": {
        "type": "Point",
        "coordinates": [
          140.2941824,
          40.7697417
        ]
      },
      "properties": {
        "内容": "バス停: 山田野",
        "name": "山田野",
        "operator": "事業者不明",
        "ref": "",
        "url": "",
        "url2": ""
      }
    },
    {
      "type": "Feature",
      "geometry": {
        "type": "Point",
        "coordinates": [
          140.2857589,
          40.771202
        ]
      },
      "properties": {
        "内容": "バス停: 小屋敷",
        "name": "小屋敷",
        "operator": "事業者不明",
        "ref": "",
        "url": "",
        "url2": ""
      }
    },
    {
      "type": "Feature",
      "geometry": {
        "type": "Point",
        "coordinates": [
          140.2845183,
          40.7718852
        ]
      },
      "properties": {
        "内容": "バス停: 名称不明バス停",
        "name": "名称不明バス停",
        "operator": "事業者不明",
        "ref": "",
        "url": "",
        "url2": ""
      }
    },
    {
      "type": "Feature",
      "geometry": {
        "type": "Point",
        "coordinates": [
          140.2781527,
          40.7768964
        ]
      },
      "properties": {
        "内容": "バス停: 名称不明バス停",
        "name": "名称不明バス停",
        "operator": "事業者不明",
        "ref": "",
        "url": "",
        "url2": ""
      }
    },
    {
      "type": "Feature",
      "geometry": {
        "type": "Point",
        "coordinates": [
          140.2738783,
          40.7783917
        ]
      },
      "properties": {
        "内容": "バス停: 小屋敷入口",
        "name": "小屋敷入口",
        "operator": "事業者不明",
        "ref": "",
        "url": "",
        "url2": ""
      }
    },
    {
      "type": "Feature",
      "geometry": {
        "type": "Point",
        "coordinates": [
          140.2699298,
          40.7791283
        ]
      },
      "properties": {
        "内容": "バス停: 湯舟入口",
        "name": "湯舟入口",
        "operator": "事業者不明",
        "ref": "",
        "url": "",
        "url2": ""
      }
    },
    {
      "type": "Feature",
      "geometry": {
        "type": "Point",
        "coordinates": [
          140.2672522,
          40.7799712
        ]
      },
      "properties": {
        "内容": "バス停: 鳴沢駅通り",
        "name": "鳴沢駅通り",
        "operator": "事業者不明",
        "ref": "",
        "url": "",
        "url2": ""
      }
    },
    {
      "type": "Feature",
      "geometry": {
        "type": "Point",
        "coordinates": [
          140.2585436,
          40.780526
        ]
      },
      "properties": {
        "内容": "バス停: 南浮田",
        "name": "南浮田",
        "operator": "事業者不明",
        "ref": "",
        "url": "",
        "url2": ""
      }
    },
    {
      "type": "Feature",
      "geometry": {
        "type": "Point",
        "coordinates": [
          140.2559406,
          40.7795115
        ]
      },
      "properties": {
        "内容": "バス停: 名称不明バス停",
        "name": "名称不明バス停",
        "operator": "事業者不明",
        "ref": "",
        "url": "",
        "url2": ""
      }
    },
    {
      "type": "Feature",
      "geometry": {
        "type": "Point",
        "coordinates": [
          140.2523575,
          40.7790317
        ]
      },
      "properties": {
        "内容": "バス停: 南浮田農業センター",
        "name": "南浮田農業センター",
        "operator": "事業者不明",
        "ref": "",
        "url": "",
        "url2": ""
      }
    },
    {
      "type": "Feature",
      "geometry": {
        "type": "Point",
        "coordinates": [
          140.2498504,
          40.7805726
        ]
      },
      "properties": {
        "内容": "バス停: 舞戸口",
        "name": "舞戸口",
        "operator": "事業者不明",
        "ref": "",
        "url": "",
        "url2": ""
      }
    },
    {
      "type": "Feature",
      "geometry": {
        "type": "Point",
        "coordinates": [
          140.2375309,
          40.7831135
        ]
      },
      "properties": {
        "内容": "バス停: 土木事務所前",
        "name": "土木事務所前",
        "operator": "事業者不明",
        "ref": "",
        "url": "",
        "url2": ""
      }
    },
    {
      "type": "Feature",
      "geometry": {
        "type": "Point",
        "coordinates": [
          140.2346247,
          40.7797634
        ]
      },
      "properties": {
        "内容": "バス停: 上野",
        "name": "上野",
        "operator": "事業者不明",
        "ref": "",
        "url": "",
        "url2": ""
      }
    },
    {
      "type": "Feature",
      "geometry": {
        "type": "Point",
        "coordinates": [
          140.1820085,
          40.7737863
        ]
      },
      "properties": {
        "内容": "バス停: 鰺ヶ沢中学校",
        "name": "鰺ヶ沢中学校",
        "operator": "事業者不明",
        "ref": "",
        "url": "",
        "url2": ""
      }
    },
    {
      "type": "Feature",
      "geometry": {
        "type": "Point",
        "coordinates": [
          140.2265697,
          40.7816182
        ]
      },
      "properties": {
        "内容": "バス停: 日本海拠点館前",
        "name": "日本海拠点館前",
        "operator": "事業者不明",
        "ref": "",
        "url": "",
        "url2": ""
      }
    },
    {
      "type": "Feature",
      "geometry": {
        "type": "Point",
        "coordinates": [
          140.1762556,
          40.7726635
        ]
      },
      "properties": {
        "内容": "バス停: 砂山",
        "name": "砂山",
        "operator": "事業者不明",
        "ref": "",
        "url": "",
        "url2": ""
      }
    },
    {
      "type": "Feature",
      "geometry": {
        "type": "Point",
        "coordinates": [
          140.1668165,
          40.7659212
        ]
      },
      "properties": {
        "内容": "バス停: 赤石北口",
        "name": "赤石北口",
        "operator": "事業者不明",
        "ref": "",
        "url": "",
        "url2": ""
      }
    },
    {
      "type": "Feature",
      "geometry": {
        "type": "Point",
        "coordinates": [
          140.1632128,
          40.761971
        ]
      },
      "properties": {
        "内容": "バス停: 赤石駅前",
        "name": "赤石駅前",
        "operator": "事業者不明",
        "ref": "",
        "url": "",
        "url2": ""
      }
    },
    {
      "type": "Feature",
      "geometry": {
        "type": "Point",
        "coordinates": [
          140.1575828,
          40.7578195
        ]
      },
      "properties": {
        "内容": "バス停: 名称不明バス停",
        "name": "名称不明バス停",
        "operator": "事業者不明",
        "ref": "",
        "url": "",
        "url2": ""
      }
    },
    {
      "type": "Feature",
      "geometry": {
        "type": "Point",
        "coordinates": [
          140.1418299,
          40.7490041
        ]
      },
      "properties": {
        "内容": "バス停: 桜沢",
        "name": "桜沢",
        "operator": "事業者不明",
        "ref": "",
        "url": "",
        "url2": ""
      }
    },
    {
      "type": "Feature",
      "geometry": {
        "type": "Point",
        "coordinates": [
          139.928776,
          40.6502306
        ]
      },
      "properties": {
        "内容": "バス停: 深浦駅前",
        "name": "深浦駅前",
        "operator": "事業者不明",
        "ref": "",
        "url": "",
        "url2": ""
      }
    },
    {
      "type": "Feature",
      "geometry": {
        "type": "Point",
        "coordinates": [
          139.9556139,
          40.6741673
        ]
      },
      "properties": {
        "内容": "バス停: 広戸",
        "name": "広戸",
        "operator": "事業者不明",
        "ref": "",
        "url": "",
        "url2": ""
      }
    },
    {
      "type": "Feature",
      "geometry": {
        "type": "Point",
        "coordinates": [
          139.9521269,
          40.6710652
        ]
      },
      "properties": {
        "内容": "バス停: 新広戸橋",
        "name": "新広戸橋",
        "operator": "事業者不明",
        "ref": "",
        "url": "",
        "url2": ""
      }
    },
    {
      "type": "Feature",
      "geometry": {
        "type": "Point",
        "coordinates": [
          139.9280463,
          40.6472181
        ]
      },
      "properties": {
        "内容": "バス停: 深浦町役場前",
        "name": "深浦町役場前",
        "operator": "事業者不明",
        "ref": "",
        "url": "",
        "url2": ""
      }
    },
    {
      "type": "Feature",
      "geometry": {
        "type": "Point",
        "coordinates": [
          139.9295427,
          40.6458944
        ]
      },
      "properties": {
        "内容": "バス停: 岡の町入口",
        "name": "岡の町入口",
        "operator": "事業者不明",
        "ref": "",
        "url": "",
        "url2": ""
      }
    },
    {
      "type": "Feature",
      "geometry": {
        "type": "Point",
        "coordinates": [
          139.9304583,
          40.6450119
        ]
      },
      "properties": {
        "内容": "バス停: 岡の町入口",
        "name": "岡の町入口",
        "operator": "事業者不明",
        "ref": "",
        "url": "",
        "url2": ""
      }
    },
    {
      "type": "Feature",
      "geometry": {
        "type": "Point",
        "coordinates": [
          139.9299005,
          40.6434705
        ]
      },
      "properties": {
        "内容": "バス停: 夕顔公園前",
        "name": "夕顔公園前",
        "operator": "事業者不明",
        "ref": "",
        "url": "",
        "url2": ""
      }
    },
    {
      "type": "Feature",
      "geometry": {
        "type": "Point",
        "coordinates": [
          139.9254014,
          40.6415639
        ]
      },
      "properties": {
        "内容": "バス停: 小浜屋前",
        "name": "小浜屋前",
        "operator": "事業者不明",
        "ref": "",
        "url": "",
        "url2": ""
      }
    },
    {
      "type": "Feature",
      "geometry": {
        "type": "Point",
        "coordinates": [
          139.9235083,
          40.6423856
        ]
      },
      "properties": {
        "内容": "バス停: 円覚寺前",
        "name": "円覚寺前",
        "operator": "事業者不明",
        "ref": "",
        "url": "",
        "url2": ""
      }
    },
    {
      "type": "Feature",
      "geometry": {
        "type": "Point",
        "coordinates": [
          139.9206455,
          40.6436504
        ]
      },
      "properties": {
        "内容": "バス停: 旧商工会前",
        "name": "旧商工会前",
        "operator": "事業者不明",
        "ref": "",
        "url": "",
        "url2": ""
      }
    },
    {
      "type": "Feature",
      "geometry": {
        "type": "Point",
        "coordinates": [
          139.9247411,
          40.641718
        ]
      },
      "properties": {
        "内容": "バス停: 磯崎橋前",
        "name": "磯崎橋前",
        "operator": "事業者不明",
        "ref": "",
        "url": "",
        "url2": ""
      }
    },
    {
      "type": "Feature",
      "geometry": {
        "type": "Point",
        "coordinates": [
          139.9279207,
          40.6415811
        ]
      },
      "properties": {
        "内容": "バス停: 深浦郵便局前",
        "name": "深浦郵便局前",
        "operator": "事業者不明",
        "ref": "",
        "url": "",
        "url2": ""
      }
    },
    {
      "type": "Feature",
      "geometry": {
        "type": "Point",
        "coordinates": [
          139.9279963,
          40.6414895
        ]
      },
      "properties": {
        "内容": "バス停: 郵便局前",
        "name": "郵便局前",
        "operator": "事業者不明",
        "ref": "",
        "url": "",
        "url2": ""
      }
    },
    {
      "type": "Feature",
      "geometry": {
        "type": "Point",
        "coordinates": [
          139.9281689,
          40.6471912
        ]
      },
      "properties": {
        "内容": "バス停: 役場前",
        "name": "役場前",
        "operator": "事業者不明",
        "ref": "",
        "url": "",
        "url2": ""
      }
    },
    {
      "type": "Feature",
      "geometry": {
        "type": "Point",
        "coordinates": [
          139.9381408,
          40.6541264
        ]
      },
      "properties": {
        "内容": "バス停: 吾妻橋",
        "name": "吾妻橋",
        "operator": "事業者不明",
        "ref": "",
        "url": "",
        "url2": ""
      }
    },
    {
      "type": "Feature",
      "geometry": {
        "type": "Point",
        "coordinates": [
          139.9386899,
          40.6558586
        ]
      },
      "properties": {
        "内容": "バス停: 名称不明バス停",
        "name": "名称不明バス停",
        "operator": "事業者不明",
        "ref": "",
        "url": "",
        "url2": ""
      }
    },
    {
      "type": "Feature",
      "geometry": {
        "type": "Point",
        "coordinates": [
          139.939403,
          40.6622822
        ]
      },
      "properties": {
        "内容": "バス停: 深浦校舎前",
        "name": "深浦校舎前",
        "operator": "事業者不明",
        "ref": "",
        "url": "",
        "url2": ""
      }
    },
    {
      "type": "Feature",
      "geometry": {
        "type": "Point",
        "coordinates": [
          139.9521926,
          40.6706793
        ]
      },
      "properties": {
        "内容": "バス停: 新広戸橋",
        "name": "新広戸橋",
        "operator": "事業者不明",
        "ref": "",
        "url": "",
        "url2": ""
      }
    },
    {
      "type": "Feature",
      "geometry": {
        "type": "Point",
        "coordinates": [
          139.9728075,
          40.6814686
        ]
      },
      "properties": {
        "内容": "バス停: 追良瀬",
        "name": "追良瀬",
        "operator": "事業者不明",
        "ref": "",
        "url": "",
        "url2": ""
      }
    },
    {
      "type": "Feature",
      "geometry": {
        "type": "Point",
        "coordinates": [
          139.9747796,
          40.6899985
        ]
      },
      "properties": {
        "内容": "バス停: 塩見崎",
        "name": "塩見崎",
        "operator": "事業者不明",
        "ref": "",
        "url": "",
        "url2": ""
      }
    },
    {
      "type": "Feature",
      "geometry": {
        "type": "Point",
        "coordinates": [
          139.9782079,
          40.6979697
        ]
      },
      "properties": {
        "内容": "バス停: 驫木",
        "name": "驫木",
        "operator": "事業者不明",
        "ref": "",
        "url": "",
        "url2": ""
      }
    },
    {
      "type": "Feature",
      "geometry": {
        "type": "Point",
        "coordinates": [
          139.9977588,
          40.7346528
        ]
      },
      "properties": {
        "内容": "バス停: 風合瀬口",
        "name": "風合瀬口",
        "operator": "事業者不明",
        "ref": "",
        "url": "",
        "url2": ""
      }
    },
    {
      "type": "Feature",
      "geometry": {
        "type": "Point",
        "coordinates": [
          140.0050488,
          40.7339421
        ]
      },
      "properties": {
        "内容": "バス停: 下野中",
        "name": "下野中",
        "operator": "事業者不明",
        "ref": "",
        "url": "",
        "url2": ""
      }
    },
    {
      "type": "Feature",
      "geometry": {
        "type": "Point",
        "coordinates": [
          140.0184617,
          40.7324602
        ]
      },
      "properties": {
        "内容": "バス停: 下村",
        "name": "下村",
        "operator": "事業者不明",
        "ref": "",
        "url": "",
        "url2": ""
      }
    },
    {
      "type": "Feature",
      "geometry": {
        "type": "Point",
        "coordinates": [
          140.0263073,
          40.741264
        ]
      },
      "properties": {
        "内容": "バス停: 上春山",
        "name": "上春山",
        "operator": "事業者不明",
        "ref": "",
        "url": "",
        "url2": ""
      }
    },
    {
      "type": "Feature",
      "geometry": {
        "type": "Point",
        "coordinates": [
          140.0240198,
          40.7485478
        ]
      },
      "properties": {
        "内容": "バス停: 下春山",
        "name": "下春山",
        "operator": "事業者不明",
        "ref": "",
        "url": "",
        "url2": ""
      }
    },
    {
      "type": "Feature",
      "geometry": {
        "type": "Point",
        "coordinates": [
          140.0268981,
          40.7501721
        ]
      },
      "properties": {
        "内容": "バス停: 晴山口",
        "name": "晴山口",
        "operator": "事業者不明",
        "ref": "",
        "url": "",
        "url2": ""
      }
    },
    {
      "type": "Feature",
      "geometry": {
        "type": "Point",
        "coordinates": [
          140.0339442,
          40.7591792
        ]
      },
      "properties": {
        "内容": "バス停: 大戸瀬駅前",
        "name": "大戸瀬駅前",
        "operator": "事業者不明",
        "ref": "",
        "url": "",
        "url2": ""
      }
    },
    {
      "type": "Feature",
      "geometry": {
        "type": "Point",
        "coordinates": [
          140.0429582,
          40.7634095
        ]
      },
      "properties": {
        "内容": "バス停: 田野沢",
        "name": "田野沢",
        "operator": "事業者不明",
        "ref": "",
        "url": "",
        "url2": ""
      }
    },
    {
      "type": "Feature",
      "geometry": {
        "type": "Point",
        "coordinates": [
          140.0836353,
          40.757952
        ]
      },
      "properties": {
        "内容": "バス停: 榊原",
        "name": "榊原",
        "operator": "事業者不明",
        "ref": "",
        "url": "",
        "url2": ""
      }
    },
    {
      "type": "Feature",
      "geometry": {
        "type": "Point",
        "coordinates": [
          140.0883638,
          40.7556352
        ]
      },
      "properties": {
        "内容": "バス停: 弁天崎",
        "name": "弁天崎",
        "operator": "事業者不明",
        "ref": "",
        "url": "",
        "url2": ""
      }
    },
    {
      "type": "Feature",
      "geometry": {
        "type": "Point",
        "coordinates": [
          140.0903147,
          40.7496481
        ]
      },
      "properties": {
        "内容": "バス停: 北金ヶ沢",
        "name": "北金ヶ沢",
        "operator": "事業者不明",
        "ref": "",
        "url": "",
        "url2": ""
      }
    },
    {
      "type": "Feature",
      "geometry": {
        "type": "Point",
        "coordinates": [
          140.0934712,
          40.7478224
        ]
      },
      "properties": {
        "内容": "バス停: バイパス入口",
        "name": "バイパス入口",
        "operator": "事業者不明",
        "ref": "",
        "url": "",
        "url2": ""
      }
    },
    {
      "type": "Feature",
      "geometry": {
        "type": "Point",
        "coordinates": [
          140.0960021,
          40.7464213
        ]
      },
      "properties": {
        "内容": "バス停: 北金ヶ沢駅前",
        "name": "北金ヶ沢駅前",
        "operator": "事業者不明",
        "ref": "",
        "url": "",
        "url2": ""
      }
    },
    {
      "type": "Feature",
      "geometry": {
        "type": "Point",
        "coordinates": [
          140.1017256,
          40.7438487
        ]
      },
      "properties": {
        "内容": "バス停: 浄安寺前",
        "name": "浄安寺前",
        "operator": "事業者不明",
        "ref": "",
        "url": "",
        "url2": ""
      }
    },
    {
      "type": "Feature",
      "geometry": {
        "type": "Point",
        "coordinates": [
          140.1057203,
          40.743133
        ]
      },
      "properties": {
        "内容": "バス停: 関",
        "name": "関",
        "operator": "事業者不明",
        "ref": "",
        "url": "",
        "url2": ""
      }
    },
    {
      "type": "Feature",
      "geometry": {
        "type": "Point",
        "coordinates": [
          140.1235587,
          40.7412849
        ]
      },
      "properties": {
        "内容": "バス停: 柳田",
        "name": "柳田",
        "operator": "事業者不明",
        "ref": "",
        "url": "",
        "url2": ""
      }
    },
    {
      "type": "Feature",
      "geometry": {
        "type": "Point",
        "coordinates": [
          140.1335423,
          40.7446809
        ]
      },
      "properties": {
        "内容": "バス停: 江沢",
        "name": "江沢",
        "operator": "事業者不明",
        "ref": "",
        "url": "",
        "url2": ""
      }
    },
    {
      "type": "Feature",
      "geometry": {
        "type": "Point",
        "coordinates": [
          140.1515262,
          40.7553327
        ]
      },
      "properties": {
        "内容": "バス停: 牛島",
        "name": "牛島",
        "operator": "事業者不明",
        "ref": "",
        "url": "",
        "url2": ""
      }
    },
    {
      "type": "Feature",
      "geometry": {
        "type": "Point",
        "coordinates": [
          140.1577174,
          40.7579338
        ]
      },
      "properties": {
        "内容": "バス停: 姥袋",
        "name": "姥袋",
        "operator": "事業者不明",
        "ref": "",
        "url": "",
        "url2": ""
      }
    },
    {
      "type": "Feature",
      "geometry": {
        "type": "Point",
        "coordinates": [
          140.1644365,
          40.7632537
        ]
      },
      "properties": {
        "内容": "バス停: 赤石公民館前",
        "name": "赤石公民館前",
        "operator": "事業者不明",
        "ref": "",
        "url": "",
        "url2": ""
      }
    },
    {
      "type": "Feature",
      "geometry": {
        "type": "Point",
        "coordinates": [
          140.1714274,
          40.7697695
        ]
      },
      "properties": {
        "内容": "バス停: 砂山西口",
        "name": "砂山西口",
        "operator": "事業者不明",
        "ref": "",
        "url": "",
        "url2": ""
      }
    },
    {
      "type": "Feature",
      "geometry": {
        "type": "Point",
        "coordinates": [
          140.1819834,
          40.7743644
        ]
      },
      "properties": {
        "内容": "バス停: 鰺ヶ沢中学校前",
        "name": "鰺ヶ沢中学校前",
        "operator": "事業者不明",
        "ref": "",
        "url": "",
        "url2": ""
      }
    },
    {
      "type": "Feature",
      "geometry": {
        "type": "Point",
        "coordinates": [
          140.1878057,
          40.7774775
        ]
      },
      "properties": {
        "内容": "バス停: 大和田西口",
        "name": "大和田西口",
        "operator": "事業者不明",
        "ref": "",
        "url": "",
        "url2": ""
      }
    },
    {
      "type": "Feature",
      "geometry": {
        "type": "Point",
        "coordinates": [
          140.1889377,
          40.7801823
        ]
      },
      "properties": {
        "内容": "バス停: 大和田",
        "name": "大和田",
        "operator": "事業者不明",
        "ref": "",
        "url": "",
        "url2": ""
      }
    },
    {
      "type": "Feature",
      "geometry": {
        "type": "Point",
        "coordinates": [
          140.1916356,
          40.7822157
        ]
      },
      "properties": {
        "内容": "バス停: 淀町",
        "name": "淀町",
        "operator": "事業者不明",
        "ref": "",
        "url": "",
        "url2": ""
      }
    },
    {
      "type": "Feature",
      "geometry": {
        "type": "Point",
        "coordinates": [
          140.195315,
          40.7833573
        ]
      },
      "properties": {
        "内容": "バス停: 富根町",
        "name": "富根町",
        "operator": "事業者不明",
        "ref": "",
        "url": "",
        "url2": ""
      }
    },
    {
      "type": "Feature",
      "geometry": {
        "type": "Point",
        "coordinates": [
          140.1982839,
          40.7831735
        ]
      },
      "properties": {
        "内容": "バス停: 漁師町",
        "name": "漁師町",
        "operator": "事業者不明",
        "ref": "",
        "url": "",
        "url2": ""
      }
    },
    {
      "type": "Feature",
      "geometry": {
        "type": "Point",
        "coordinates": [
          140.1986815,
          40.7829728
        ]
      },
      "properties": {
        "内容": "バス停: 漁師町",
        "name": "漁師町",
        "operator": "事業者不明",
        "ref": "",
        "url": "",
        "url2": ""
      }
    },
    {
      "type": "Feature",
      "geometry": {
        "type": "Point",
        "coordinates": [
          140.2203474,
          40.7768473
        ]
      },
      "properties": {
        "内容": "バス停: 舞戸本町",
        "name": "舞戸本町",
        "operator": "事業者不明",
        "ref": "",
        "url": "",
        "url2": ""
      }
    },
    {
      "type": "Feature",
      "geometry": {
        "type": "Point",
        "coordinates": [
          140.2203686,
          40.7769486
        ]
      },
      "properties": {
        "内容": "バス停: 舞戸本町",
        "name": "舞戸本町",
        "operator": "事業者不明",
        "ref": "",
        "url": "",
        "url2": ""
      }
    },
    {
      "type": "Feature",
      "geometry": {
        "type": "Point",
        "coordinates": [
          140.2183,
          40.7758155
        ]
      },
      "properties": {
        "内容": "バス停: 新富町",
        "name": "新富町",
        "operator": "事業者不明",
        "ref": "",
        "url": "",
        "url2": ""
      }
    },
    {
      "type": "Feature",
      "geometry": {
        "type": "Point",
        "coordinates": [
          140.2200679,
          40.7724561
        ]
      },
      "properties": {
        "内容": "バス停: 鰺ヶ沢病院",
        "name": "鰺ヶ沢病院",
        "operator": "事業者不明",
        "ref": "",
        "url": "",
        "url2": ""
      }
    },
    {
      "type": "Feature",
      "geometry": {
        "type": "Point",
        "coordinates": [
          140.2219759,
          40.7728153
        ]
      },
      "properties": {
        "内容": "バス停: 鰺ヶ沢営業所",
        "name": "鰺ヶ沢営業所",
        "operator": "事業者不明",
        "ref": "",
        "url": "",
        "url2": ""
      }
    },
    {
      "type": "Feature",
      "geometry": {
        "type": "Point",
        "coordinates": [
          140.2267277,
          40.7765493
        ]
      },
      "properties": {
        "内容": "バス停: K2マート前",
        "name": "K2マート前",
        "operator": "事業者不明",
        "ref": "",
        "url": "",
        "url2": ""
      }
    },
    {
      "type": "Feature",
      "geometry": {
        "type": "Point",
        "coordinates": [
          140.2270245,
          40.776875
        ]
      },
      "properties": {
        "内容": "バス停: K2マート前",
        "name": "K2マート前",
        "operator": "事業者不明",
        "ref": "",
        "url": "",
        "url2": ""
      }
    },
    {
      "type": "Feature",
      "geometry": {
        "type": "Point",
        "coordinates": [
          140.2167814,
          40.7781799
        ]
      },
      "properties": {
        "内容": "バス停: 田中町",
        "name": "田中町",
        "operator": "事業者不明",
        "ref": "",
        "url": "",
        "url2": ""
      }
    },
    {
      "type": "Feature",
      "geometry": {
        "type": "Point",
        "coordinates": [
          140.2139967,
          40.7779512
        ]
      },
      "properties": {
        "内容": "バス停: 七ツ石",
        "name": "七ツ石",
        "operator": "事業者不明",
        "ref": "",
        "url": "",
        "url2": ""
      }
    },
    {
      "type": "Feature",
      "geometry": {
        "type": "Point",
        "coordinates": [
          140.2138179,
          40.7780234
        ]
      },
      "properties": {
        "内容": "バス停: 七ツ石",
        "name": "七ツ石",
        "operator": "事業者不明",
        "ref": "",
        "url": "",
        "url2": ""
      }
    },
    {
      "type": "Feature",
      "geometry": {
        "type": "Point",
        "coordinates": [
          140.2105812,
          40.7787443
        ]
      },
      "properties": {
        "内容": "バス停: 海の駅わんど",
        "name": "海の駅わんど",
        "operator": "事業者不明",
        "ref": "",
        "url": "",
        "url2": ""
      }
    },
    {
      "type": "Feature",
      "geometry": {
        "type": "Point",
        "coordinates": [
          140.2105026,
          40.7787664
        ]
      },
      "properties": {
        "内容": "バス停: 海の駅わんど前",
        "name": "海の駅わんど前",
        "operator": "事業者不明",
        "ref": "",
        "url": "",
        "url2": ""
      }
    },
    {
      "type": "Feature",
      "geometry": {
        "type": "Point",
        "coordinates": [
          140.2100844,
          40.7787419
        ]
      },
      "properties": {
        "内容": "バス停: 海の駅わんど",
        "name": "海の駅わんど",
        "operator": "事業者不明",
        "ref": "",
        "url": "",
        "url2": ""
      }
    },
    {
      "type": "Feature",
      "geometry": {
        "type": "Point",
        "coordinates": [
          140.2069091,
          40.7797641
        ]
      },
      "properties": {
        "内容": "バス停: 本町1丁目",
        "name": "本町1丁目",
        "operator": "事業者不明",
        "ref": "",
        "url": "",
        "url2": ""
      }
    },
    {
      "type": "Feature",
      "geometry": {
        "type": "Point",
        "coordinates": [
          140.2065215,
          40.780183
        ]
      },
      "properties": {
        "内容": "バス停: 本町1丁目",
        "name": "本町1丁目",
        "operator": "事業者不明",
        "ref": "",
        "url": "",
        "url2": ""
      }
    },
    {
      "type": "Feature",
      "geometry": {
        "type": "Point",
        "coordinates": [
          140.2018088,
          40.7832642
        ]
      },
      "properties": {
        "内容": "バス停: 釣町",
        "name": "釣町",
        "operator": "事業者不明",
        "ref": "",
        "url": "",
        "url2": ""
      }
    },
    {
      "type": "Feature",
      "geometry": {
        "type": "Point",
        "coordinates": [
          140.2013971,
          40.7831373
        ]
      },
      "properties": {
        "内容": "バス停: 釣町",
        "name": "釣町",
        "operator": "事業者不明",
        "ref": "",
        "url": "",
        "url2": ""
      }
    },
    {
      "type": "Feature",
      "geometry": {
        "type": "Point",
        "coordinates": [
          140.2007607,
          40.78228
        ]
      },
      "properties": {
        "内容": "バス停: 小夜入口",
        "name": "小夜入口",
        "operator": "事業者不明",
        "ref": "",
        "url": "",
        "url2": ""
      }
    },
    {
      "type": "Feature",
      "geometry": {
        "type": "Point",
        "coordinates": [
          140.2049347,
          40.7770526
        ]
      },
      "properties": {
        "内容": "バス停: 小夜",
        "name": "小夜",
        "operator": "事業者不明",
        "ref": "",
        "url": "",
        "url2": ""
      }
    },
    {
      "type": "Feature",
      "geometry": {
        "type": "Point",
        "coordinates": [
          140.2053695,
          40.7823064
        ]
      },
      "properties": {
        "内容": "バス停: 鰺ヶ沢本町",
        "name": "鰺ヶ沢本町",
        "operator": "事業者不明",
        "ref": "",
        "url": "",
        "url2": ""
      }
    },
    {
      "type": "Feature",
      "geometry": {
        "type": "Point",
        "coordinates": [
          140.2052239,
          40.7822944
        ]
      },
      "properties": {
        "内容": "バス停: 鰺ヶ沢本町",
        "name": "鰺ヶ沢本町",
        "operator": "事業者不明",
        "ref": "",
        "url": "",
        "url2": ""
      }
    },
    {
      "type": "Feature",
      "geometry": {
        "type": "Point",
        "coordinates": [
          140.2169797,
          40.7780417
        ]
      },
      "properties": {
        "内容": "バス停: 田中町",
        "name": "田中町",
        "operator": "事業者不明",
        "ref": "",
        "url": "",
        "url2": ""
      }
    },
    {
      "type": "Feature",
      "geometry": {
        "type": "Point",
        "coordinates": [
          140.220535,
          40.7754637
        ]
      },
      "properties": {
        "内容": "バス停: 鰺ヶ沢駅前",
        "name": "鰺ヶ沢駅前",
        "operator": "事業者不明",
        "ref": "",
        "url": "",
        "url2": ""
      }
    },
    {
      "type": "Feature",
      "geometry": {
        "type": "Point",
        "coordinates": [
          140.2205737,
          40.7754945
        ]
      },
      "properties": {
        "内容": "バス停: 鰺ヶ沢駅前",
        "name": "鰺ヶ沢駅前",
        "operator": "事業者不明",
        "ref": "",
        "url": "",
        "url2": ""
      }
    },
    {
      "type": "Feature",
      "geometry": {
        "type": "Point",
        "coordinates": [
          140.2214004,
          40.7776668
        ]
      },
      "properties": {
        "内容": "バス停: 舞戸",
        "name": "舞戸",
        "operator": "事業者不明",
        "ref": "",
        "url": "",
        "url2": ""
      }
    },
    {
      "type": "Feature",
      "geometry": {
        "type": "Point",
        "coordinates": [
          140.2239022,
          40.7794797
        ]
      },
      "properties": {
        "内容": "バス停: 坂本",
        "name": "坂本",
        "operator": "事業者不明",
        "ref": "",
        "url": "",
        "url2": ""
      }
    },
    {
      "type": "Feature",
      "geometry": {
        "type": "Point",
        "coordinates": [
          140.2241788,
          40.7795699
        ]
      },
      "properties": {
        "内容": "バス停: 坂本",
        "name": "坂本",
        "operator": "事業者不明",
        "ref": "",
        "url": "",
        "url2": ""
      }
    },
    {
      "type": "Feature",
      "geometry": {
        "type": "Point",
        "coordinates": [
          140.2342586,
          40.7840759
        ]
      },
      "properties": {
        "内容": "バス停: 鳴戸団地入口",
        "name": "鳴戸団地入口",
        "operator": "事業者不明",
        "ref": "",
        "url": "",
        "url2": ""
      }
    },
    {
      "type": "Feature",
      "geometry": {
        "type": "Point",
        "coordinates": [
          140.2379052,
          40.7861703
        ]
      },
      "properties": {
        "内容": "バス停: 川尻口",
        "name": "川尻口",
        "operator": "事業者不明",
        "ref": "",
        "url": "",
        "url2": ""
      }
    },
    {
      "type": "Feature",
      "geometry": {
        "type": "Point",
        "coordinates": [
          140.2447967,
          40.7897569
        ]
      },
      "properties": {
        "内容": "バス停: 川尻",
        "name": "川尻",
        "operator": "事業者不明",
        "ref": "",
        "url": "",
        "url2": ""
      }
    },
    {
      "type": "Feature",
      "geometry": {
        "type": "Point",
        "coordinates": [
          140.2499168,
          40.7890711
        ]
      },
      "properties": {
        "内容": "バス停: 北浮田入口",
        "name": "北浮田入口",
        "operator": "事業者不明",
        "ref": "",
        "url": "",
        "url2": ""
      }
    },
    {
      "type": "Feature",
      "geometry": {
        "type": "Point",
        "coordinates": [
          140.2500367,
          40.7890468
        ]
      },
      "properties": {
        "内容": "バス停: 北浮田入口",
        "name": "北浮田入口",
        "operator": "事業者不明",
        "ref": "",
        "url": "",
        "url2": ""
      }
    },
    {
      "type": "Feature",
      "geometry": {
        "type": "Point",
        "coordinates": [
          140.2523301,
          40.7846593
        ]
      },
      "properties": {
        "内容": "バス停: 北浮田公民館前",
        "name": "北浮田公民館前",
        "operator": "事業者不明",
        "ref": "",
        "url": "",
        "url2": ""
      }
    },
    {
      "type": "Feature",
      "geometry": {
        "type": "Point",
        "coordinates": [
          140.2523815,
          40.784732
        ]
      },
      "properties": {
        "内容": "バス停: 北浮田公民館前",
        "name": "北浮田公民館前",
        "operator": "事業者不明",
        "ref": "",
        "url": "",
        "url2": ""
      }
    },
    {
      "type": "Feature",
      "geometry": {
        "type": "Point",
        "coordinates": [
          140.2652229,
          40.7838546
        ]
      },
      "properties": {
        "内容": "バス停: 保木原十文字",
        "name": "保木原十文字",
        "operator": "事業者不明",
        "ref": "",
        "url": "",
        "url2": ""
      }
    },
    {
      "type": "Feature",
      "geometry": {
        "type": "Point",
        "coordinates": [
          140.2709445,
          40.7852607
        ]
      },
      "properties": {
        "内容": "バス停: 保木原東口",
        "name": "保木原東口",
        "operator": "事業者不明",
        "ref": "",
        "url": "",
        "url2": ""
      }
    },
    {
      "type": "Feature",
      "geometry": {
        "type": "Point",
        "coordinates": [
          140.2710405,
          40.7852389
        ]
      },
      "properties": {
        "内容": "バス停: 保木原東口",
        "name": "保木原東口",
        "operator": "事業者不明",
        "ref": "",
        "url": "",
        "url2": ""
      }
    },
    {
      "type": "Feature",
      "geometry": {
        "type": "Point",
        "coordinates": [
          140.2724669,
          40.7900254
        ]
      },
      "properties": {
        "内容": "バス停: 保木原入口",
        "name": "保木原入口",
        "operator": "事業者不明",
        "ref": "",
        "url": "",
        "url2": ""
      }
    },
    {
      "type": "Feature",
      "geometry": {
        "type": "Point",
        "coordinates": [
          140.277701,
          40.790374
        ]
      },
      "properties": {
        "内容": "バス停: 津軽森林組合",
        "name": "津軽森林組合",
        "operator": "事業者不明",
        "ref": "",
        "url": "",
        "url2": ""
      }
    },
    {
      "type": "Feature",
      "geometry": {
        "type": "Point",
        "coordinates": [
          140.2883606,
          40.7861599
        ]
      },
      "properties": {
        "内容": "バス停: 広岡入口",
        "name": "広岡入口",
        "operator": "事業者不明",
        "ref": "",
        "url": "",
        "url2": ""
      }
    },
    {
      "type": "Feature",
      "geometry": {
        "type": "Point",
        "coordinates": [
          140.2981799,
          40.7840039
        ]
      },
      "properties": {
        "内容": "バス停: 勝山",
        "name": "勝山",
        "operator": "事業者不明",
        "ref": "",
        "url": "",
        "url2": ""
      }
    },
    {
      "type": "Feature",
      "geometry": {
        "type": "Point",
        "coordinates": [
          140.3046216,
          40.7839263
        ]
      },
      "properties": {
        "内容": "バス停: 考道山前",
        "name": "考道山前",
        "operator": "事業者不明",
        "ref": "",
        "url": "",
        "url2": ""
      }
    },
    {
      "type": "Feature",
      "geometry": {
        "type": "Point",
        "coordinates": [
          140.304355,
          40.784034
        ]
      },
      "properties": {
        "内容": "バス停: 考道山前",
        "name": "考道山前",
        "operator": "事業者不明",
        "ref": "",
        "url": "",
        "url2": ""
      }
    },
    {
      "type": "Feature",
      "geometry": {
        "type": "Point",
        "coordinates": [
          140.3082109,
          40.7837923
        ]
      },
      "properties": {
        "内容": "バス停: 下萢",
        "name": "下萢",
        "operator": "事業者不明",
        "ref": "",
        "url": "",
        "url2": ""
      }
    },
    {
      "type": "Feature",
      "geometry": {
        "type": "Point",
        "coordinates": [
          140.3168441,
          40.7827151
        ]
      },
      "properties": {
        "内容": "バス停: 大館",
        "name": "大館",
        "operator": "事業者不明",
        "ref": "",
        "url": "",
        "url2": ""
      }
    },
    {
      "type": "Feature",
      "geometry": {
        "type": "Point",
        "coordinates": [
          140.3207483,
          40.7825309
        ]
      },
      "properties": {
        "内容": "バス停: 上大館",
        "name": "上大館",
        "operator": "事業者不明",
        "ref": "",
        "url": "",
        "url2": ""
      }
    },
    {
      "type": "Feature",
      "geometry": {
        "type": "Point",
        "coordinates": [
          140.3262732,
          40.7820091
        ]
      },
      "properties": {
        "内容": "バス停: 床舞",
        "name": "床舞",
        "operator": "事業者不明",
        "ref": "",
        "url": "",
        "url2": ""
      }
    },
    {
      "type": "Feature",
      "geometry": {
        "type": "Point",
        "coordinates": [
          140.3338249,
          40.78018
        ]
      },
      "properties": {
        "内容": "バス停: 上床舞",
        "name": "上床舞",
        "operator": "事業者不明",
        "ref": "",
        "url": "",
        "url2": ""
      }
    },
    {
      "type": "Feature",
      "geometry": {
        "type": "Point",
        "coordinates": [
          140.338361,
          40.7799797
        ]
      },
      "properties": {
        "内容": "バス停: 森田駅通り",
        "name": "森田駅通り",
        "operator": "事業者不明",
        "ref": "",
        "url": "",
        "url2": ""
      }
    },
    {
      "type": "Feature",
      "geometry": {
        "type": "Point",
        "coordinates": [
          140.3453546,
          40.7798451
        ]
      },
      "properties": {
        "内容": "バス停: 森田",
        "name": "森田",
        "operator": "事業者不明",
        "ref": "",
        "url": "",
        "url2": ""
      }
    },
    {
      "type": "Feature",
      "geometry": {
        "type": "Point",
        "coordinates": [
          140.3502547,
          40.7797229
        ]
      },
      "properties": {
        "内容": "バス停: 森田支所前",
        "name": "森田支所前",
        "operator": "事業者不明",
        "ref": "",
        "url": "",
        "url2": ""
      }
    },
    {
      "type": "Feature",
      "geometry": {
        "type": "Point",
        "coordinates": [
          140.358076,
          40.7799906
        ]
      },
      "properties": {
        "内容": "バス停: 山田",
        "name": "山田",
        "operator": "事業者不明",
        "ref": "",
        "url": "",
        "url2": ""
      }
    },
    {
      "type": "Feature",
      "geometry": {
        "type": "Point",
        "coordinates": [
          140.3618224,
          40.7877547
        ]
      },
      "properties": {
        "内容": "バス停: 中田",
        "name": "中田",
        "operator": "事業者不明",
        "ref": "",
        "url": "",
        "url2": ""
      }
    },
    {
      "type": "Feature",
      "geometry": {
        "type": "Point",
        "coordinates": [
          140.3723369,
          40.7954926
        ]
      },
      "properties": {
        "内容": "バス停: 下相野",
        "name": "下相野",
        "operator": "事業者不明",
        "ref": "",
        "url": "",
        "url2": ""
      }
    },
    {
      "type": "Feature",
      "geometry": {
        "type": "Point",
        "coordinates": [
          140.3751214,
          40.7965715
        ]
      },
      "properties": {
        "内容": "バス停: 下相野東口",
        "name": "下相野東口",
        "operator": "事業者不明",
        "ref": "",
        "url": "",
        "url2": ""
      }
    },
    {
      "type": "Feature",
      "geometry": {
        "type": "Point",
        "coordinates": [
          140.3768216,
          40.7992755
        ]
      },
      "properties": {
        "内容": "バス停: 相野東口",
        "name": "相野東口",
        "operator": "事業者不明",
        "ref": "",
        "url": "",
        "url2": ""
      }
    },
    {
      "type": "Feature",
      "geometry": {
        "type": "Point",
        "coordinates": [
          140.3830327,
          40.806262
        ]
      },
      "properties": {
        "内容": "バス停: 市営住宅前",
        "name": "市営住宅前",
        "operator": "事業者不明",
        "ref": "",
        "url": "",
        "url2": ""
      }
    },
    {
      "type": "Feature",
      "geometry": {
        "type": "Point",
        "coordinates": [
          140.3824911,
          40.80928
        ]
      },
      "properties": {
        "内容": "バス停: つがる市役所前",
        "name": "つがる市役所前",
        "operator": "事業者不明",
        "ref": "",
        "url": "",
        "url2": ""
      }
    },
    {
      "type": "Feature",
      "geometry": {
        "type": "Point",
        "coordinates": [
          140.4305091,
          40.8092458
        ]
      },
      "properties": {
        "内容": "バス停: 名称不明バス停",
        "name": "名称不明バス停",
        "operator": "事業者不明",
        "ref": "",
        "url": "",
        "url2": ""
      }
    },
    {
      "type": "Feature",
      "geometry": {
        "type": "Point",
        "coordinates": [
          140.4418567,
          40.8119945
        ]
      },
      "properties": {
        "内容": "バス停: 柏原町",
        "name": "柏原町",
        "operator": "事業者不明",
        "ref": "",
        "url": "",
        "url2": ""
      }
    },
    {
      "type": "Feature",
      "geometry": {
        "type": "Point",
        "coordinates": [
          140.4387271,
          40.8173468
        ]
      },
      "properties": {
        "内容": "バス停: 新宮",
        "name": "新宮",
        "operator": "事業者不明",
        "ref": "",
        "url": "",
        "url2": ""
      }
    },
    {
      "type": "Feature",
      "geometry": {
        "type": "Point",
        "coordinates": [
          140.4422646,
          40.8219803
        ]
      },
      "properties": {
        "内容": "バス停: 若葉3丁目",
        "name": "若葉3丁目",
        "operator": "事業者不明",
        "ref": "",
        "url": "",
        "url2": ""
      }
    },
    {
      "type": "Feature",
      "geometry": {
        "type": "Point",
        "coordinates": [
          140.4265936,
          40.8229387
        ]
      },
      "properties": {
        "内容": "バス停: 田川",
        "name": "田川",
        "operator": "事業者不明",
        "ref": "",
        "url": "",
        "url2": ""
      }
    },
    {
      "type": "Feature",
      "geometry": {
        "type": "Point",
        "coordinates": [
          140.4129585,
          40.8455684
        ]
      },
      "properties": {
        "内容": "バス停: 農協前",
        "name": "農協前",
        "operator": "事業者不明",
        "ref": "",
        "url": "",
        "url2": ""
      }
    },
    {
      "type": "Feature",
      "geometry": {
        "type": "Point",
        "coordinates": [
          140.4154728,
          40.8452644
        ]
      },
      "properties": {
        "内容": "バス停: 鶴ヶ岡",
        "name": "鶴ヶ岡",
        "operator": "事業者不明",
        "ref": "",
        "url": "",
        "url2": ""
      }
    },
    {
      "type": "Feature",
      "geometry": {
        "type": "Point",
        "coordinates": [
          140.4159435,
          40.8450587
        ]
      },
      "properties": {
        "内容": "バス停: 鶴ヶ岡",
        "name": "鶴ヶ岡",
        "operator": "事業者不明",
        "ref": "",
        "url": "",
        "url2": ""
      }
    },
    {
      "type": "Feature",
      "geometry": {
        "type": "Point",
        "coordinates": [
          140.4062298,
          40.8618772
        ]
      },
      "properties": {
        "内容": "バス停: 下藻川",
        "name": "下藻川",
        "operator": "事業者不明",
        "ref": "",
        "url": "",
        "url2": ""
      }
    },
    {
      "type": "Feature",
      "geometry": {
        "type": "Point",
        "coordinates": [
          140.4069533,
          40.8643064
        ]
      },
      "properties": {
        "内容": "バス停: 藻川北口",
        "name": "藻川北口",
        "operator": "事業者不明",
        "ref": "",
        "url": "",
        "url2": ""
      }
    },
    {
      "type": "Feature",
      "geometry": {
        "type": "Point",
        "coordinates": [
          140.4044532,
          40.8635241
        ]
      },
      "properties": {
        "内容": "バス停: 藻川西口",
        "name": "藻川西口",
        "operator": "事業者不明",
        "ref": "",
        "url": "",
        "url2": ""
      }
    },
    {
      "type": "Feature",
      "geometry": {
        "type": "Point",
        "coordinates": [
          140.4046218,
          40.8602745
        ]
      },
      "properties": {
        "内容": "バス停: 藻川",
        "name": "藻川",
        "operator": "事業者不明",
        "ref": "",
        "url": "",
        "url2": ""
      }
    },
    {
      "type": "Feature",
      "geometry": {
        "type": "Point",
        "coordinates": [
          140.4036992,
          40.8569397
        ]
      },
      "properties": {
        "内容": "バス停: 下藻川入口",
        "name": "下藻川入口",
        "operator": "事業者不明",
        "ref": "",
        "url": "",
        "url2": ""
      }
    },
    {
      "type": "Feature",
      "geometry": {
        "type": "Point",
        "coordinates": [
          140.4033654,
          40.8540802
        ]
      },
      "properties": {
        "内容": "バス停: 上藻川",
        "name": "上藻川",
        "operator": "事業者不明",
        "ref": "",
        "url": "",
        "url2": ""
      }
    },
    {
      "type": "Feature",
      "geometry": {
        "type": "Point",
        "coordinates": [
          140.4041937,
          40.8498449
        ]
      },
      "properties": {
        "内容": "バス停: 三好橋前",
        "name": "三好橋前",
        "operator": "事業者不明",
        "ref": "",
        "url": "",
        "url2": ""
      }
    },
    {
      "type": "Feature",
      "geometry": {
        "type": "Point",
        "coordinates": [
          140.4087628,
          40.8473978
        ]
      },
      "properties": {
        "内容": "バス停: 三好支所前",
        "name": "三好支所前",
        "operator": "事業者不明",
        "ref": "",
        "url": "",
        "url2": ""
      }
    },
    {
      "type": "Feature",
      "geometry": {
        "type": "Point",
        "coordinates": [
          140.4178352,
          40.8426213
        ]
      },
      "properties": {
        "内容": "バス停: 福井通り",
        "name": "福井通り",
        "operator": "事業者不明",
        "ref": "",
        "url": "",
        "url2": ""
      }
    },
    {
      "type": "Feature",
      "geometry": {
        "type": "Point",
        "coordinates": [
          140.416405,
          40.8332025
        ]
      },
      "properties": {
        "内容": "バス停: 高瀬",
        "name": "高瀬",
        "operator": "事業者不明",
        "ref": "",
        "url": "",
        "url2": ""
      }
    },
    {
      "type": "Feature",
      "geometry": {
        "type": "Point",
        "coordinates": [
          140.4181197,
          40.8296555
        ]
      },
      "properties": {
        "内容": "バス停: 上高瀬",
        "name": "上高瀬",
        "operator": "事業者不明",
        "ref": "",
        "url": "",
        "url2": ""
      }
    },
    {
      "type": "Feature",
      "geometry": {
        "type": "Point",
        "coordinates": [
          140.4211428,
          40.826858
        ]
      },
      "properties": {
        "内容": "バス停: 下田川",
        "name": "下田川",
        "operator": "事業者不明",
        "ref": "",
        "url": "",
        "url2": ""
      }
    },
    {
      "type": "Feature",
      "geometry": {
        "type": "Point",
        "coordinates": [
          140.4303331,
          40.8214674
        ]
      },
      "properties": {
        "内容": "バス停: 上田川",
        "name": "上田川",
        "operator": "事業者不明",
        "ref": "",
        "url": "",
        "url2": ""
      }
    },
    {
      "type": "Feature",
      "geometry": {
        "type": "Point",
        "coordinates": [
          140.4340392,
          40.820854
        ]
      },
      "properties": {
        "内容": "バス停: 第2若葉団地前",
        "name": "第2若葉団地前",
        "operator": "事業者不明",
        "ref": "",
        "url": "",
        "url2": ""
      }
    },
    {
      "type": "Feature",
      "geometry": {
        "type": "Point",
        "coordinates": [
          140.4389053,
          40.8204915
        ]
      },
      "properties": {
        "内容": "バス停: 五所川原小学校前",
        "name": "五所川原小学校前",
        "operator": "事業者不明",
        "ref": "",
        "url": "",
        "url2": ""
      }
    },
    {
      "type": "Feature",
      "geometry": {
        "type": "Point",
        "coordinates": [
          140.443607,
          40.8216665
        ]
      },
      "properties": {
        "内容": "バス停: 県営住宅前",
        "name": "県営住宅前",
        "operator": "事業者不明",
        "ref": "",
        "url": "",
        "url2": ""
      }
    },
    {
      "type": "Feature",
      "geometry": {
        "type": "Point",
        "coordinates": [
          140.4433553,
          40.8185166
        ]
      },
      "properties": {
        "内容": "バス停: 森の家前",
        "name": "森の家前",
        "operator": "事業者不明",
        "ref": "",
        "url": "",
        "url2": ""
      }
    },
    {
      "type": "Feature",
      "geometry": {
        "type": "Point",
        "coordinates": [
          140.4439439,
          40.8172167
        ]
      },
      "properties": {
        "内容": "バス停: 若葉1丁目",
        "name": "若葉1丁目",
        "operator": "事業者不明",
        "ref": "",
        "url": "",
        "url2": ""
      }
    },
    {
      "type": "Feature",
      "geometry": {
        "type": "Point",
        "coordinates": [
          140.4410558,
          40.8196739
        ]
      },
      "properties": {
        "内容": "バス停: 若葉2丁目",
        "name": "若葉2丁目",
        "operator": "事業者不明",
        "ref": "",
        "url": "",
        "url2": ""
      }
    },
    {
      "type": "Feature",
      "geometry": {
        "type": "Point",
        "coordinates": [
          140.4405028,
          40.8140744
        ]
      },
      "properties": {
        "内容": "バス停: 末広町",
        "name": "末広町",
        "operator": "事業者不明",
        "ref": "",
        "url": "",
        "url2": ""
      }
    },
    {
      "type": "Feature",
      "geometry": {
        "type": "Point",
        "coordinates": [
          140.4421138,
          40.8110901
        ]
      },
      "properties": {
        "内容": "バス停: 柏原町",
        "name": "柏原町",
        "operator": "事業者不明",
        "ref": "",
        "url": "",
        "url2": ""
      }
    },
    {
      "type": "Feature",
      "geometry": {
        "type": "Point",
        "coordinates": [
          140.5213686,
          40.5788996
        ]
      },
      "properties": {
        "内容": "バス停: 川合",
        "name": "川合",
        "operator": "事業者不明",
        "ref": "",
        "url": "",
        "url2": ""
      }
    },
    {
      "type": "Feature",
      "geometry": {
        "type": "Point",
        "coordinates": [
          140.5614284,
          40.5853667
        ]
      },
      "properties": {
        "内容": "バス停: 平賀駅前",
        "name": "平賀駅前",
        "operator": "事業者不明",
        "ref": "",
        "url": "",
        "url2": ""
      }
    },
    {
      "type": "Feature",
      "geometry": {
        "type": "Point",
        "coordinates": [
          140.566471,
          40.5847168
        ]
      },
      "properties": {
        "内容": "バス停: 平川市役所前",
        "name": "平川市役所前",
        "operator": "事業者不明",
        "ref": "",
        "url": "",
        "url2": ""
      }
    },
    {
      "type": "Feature",
      "geometry": {
        "type": "Point",
        "coordinates": [
          140.5648803,
          40.584835
        ]
      },
      "properties": {
        "内容": "バス停: 平川市商工会館前",
        "name": "平川市商工会館前",
        "operator": "事業者不明",
        "ref": "",
        "url": "",
        "url2": ""
      }
    },
    {
      "type": "Feature",
      "geometry": {
        "type": "Point",
        "coordinates": [
          140.5625095,
          40.58693
        ]
      },
      "properties": {
        "内容": "バス停: 本町",
        "name": "本町",
        "operator": "事業者不明",
        "ref": "",
        "url": "",
        "url2": ""
      }
    },
    {
      "type": "Feature",
      "geometry": {
        "type": "Point",
        "coordinates": [
          140.556956,
          40.588741
        ]
      },
      "properties": {
        "内容": "バス停: 大光寺東口",
        "name": "大光寺東口",
        "operator": "事業者不明",
        "ref": "",
        "url": "",
        "url2": ""
      }
    },
    {
      "type": "Feature",
      "geometry": {
        "type": "Point",
        "coordinates": [
          140.554231,
          40.5901144
        ]
      },
      "properties": {
        "内容": "バス停: 大光寺",
        "name": "大光寺",
        "operator": "事業者不明",
        "ref": "",
        "url": "",
        "url2": ""
      }
    },
    {
      "type": "Feature",
      "geometry": {
        "type": "Point",
        "coordinates": [
          140.5512219,
          40.5910712
        ]
      },
      "properties": {
        "内容": "バス停: 大光寺西口",
        "name": "大光寺西口",
        "operator": "事業者不明",
        "ref": "",
        "url": "",
        "url2": ""
      }
    },
    {
      "type": "Feature",
      "geometry": {
        "type": "Point",
        "coordinates": [
          140.5434434,
          40.5924442
        ]
      },
      "properties": {
        "内容": "バス停: 市営住宅前",
        "name": "市営住宅前",
        "operator": "事業者不明",
        "ref": "",
        "url": "",
        "url2": ""
      }
    },
    {
      "type": "Feature",
      "geometry": {
        "type": "Point",
        "coordinates": [
          140.5392005,
          40.5926549
        ]
      },
      "properties": {
        "内容": "バス停: 松崎",
        "name": "松崎",
        "operator": "事業者不明",
        "ref": "",
        "url": "",
        "url2": ""
      }
    },
    {
      "type": "Feature",
      "geometry": {
        "type": "Point",
        "coordinates": [
          140.5331113,
          40.5936097
        ]
      },
      "properties": {
        "内容": "バス停: 松崎温泉",
        "name": "松崎温泉",
        "operator": "事業者不明",
        "ref": "",
        "url": "",
        "url2": ""
      }
    },
    {
      "type": "Feature",
      "geometry": {
        "type": "Point",
        "coordinates": [
          140.5360379,
          40.592654
        ]
      },
      "properties": {
        "内容": "バス停: 松崎駐在所",
        "name": "松崎駐在所",
        "operator": "事業者不明",
        "ref": "",
        "url": "",
        "url2": ""
      }
    },
    {
      "type": "Feature",
      "geometry": {
        "type": "Point",
        "coordinates": [
          140.5371426,
          40.5908573
        ]
      },
      "properties": {
        "内容": "バス停: 苗生松北口",
        "name": "苗生松北口",
        "operator": "事業者不明",
        "ref": "",
        "url": "",
        "url2": ""
      }
    },
    {
      "type": "Feature",
      "geometry": {
        "type": "Point",
        "coordinates": [
          140.5369008,
          40.5890898
        ]
      },
      "properties": {
        "内容": "バス停: 苗生松",
        "name": "苗生松",
        "operator": "事業者不明",
        "ref": "",
        "url": "",
        "url2": ""
      }
    },
    {
      "type": "Feature",
      "geometry": {
        "type": "Point",
        "coordinates": [
          140.5367419,
          40.5866172
        ]
      },
      "properties": {
        "内容": "バス停: 館田北口",
        "name": "館田北口",
        "operator": "事業者不明",
        "ref": "",
        "url": "",
        "url2": ""
      }
    },
    {
      "type": "Feature",
      "geometry": {
        "type": "Point",
        "coordinates": [
          140.5377411,
          40.5851055
        ]
      },
      "properties": {
        "内容": "バス停: 館田駅前",
        "name": "館田駅前",
        "operator": "事業者不明",
        "ref": "",
        "url": "",
        "url2": ""
      }
    },
    {
      "type": "Feature",
      "geometry": {
        "type": "Point",
        "coordinates": [
          140.5371629,
          40.5850491
        ]
      },
      "properties": {
        "内容": "バス停: 館田駅通り",
        "name": "館田駅通り",
        "operator": "事業者不明",
        "ref": "",
        "url": "",
        "url2": ""
      }
    },
    {
      "type": "Feature",
      "geometry": {
        "type": "Point",
        "coordinates": [
          140.5375162,
          40.583016
        ]
      },
      "properties": {
        "内容": "バス停: 館田十文字",
        "name": "館田十文字",
        "operator": "事業者不明",
        "ref": "",
        "url": "",
        "url2": ""
      }
    },
    {
      "type": "Feature",
      "geometry": {
        "type": "Point",
        "coordinates": [
          140.5382897,
          40.5815488
        ]
      },
      "properties": {
        "内容": "バス停: 館田温泉前",
        "name": "館田温泉前",
        "operator": "事業者不明",
        "ref": "",
        "url": "",
        "url2": ""
      }
    },
    {
      "type": "Feature",
      "geometry": {
        "type": "Point",
        "coordinates": [
          140.3393823,
          40.7798407
        ]
      },
      "properties": {
        "内容": "バス停: 森田駅通り",
        "name": "森田駅通り",
        "operator": "事業者不明",
        "ref": "",
        "url": "",
        "url2": ""
      }
    },
    {
      "type": "Feature",
      "geometry": {
        "type": "Point",
        "coordinates": [
          140.3823432,
          40.8093228
        ]
      },
      "properties": {
        "内容": "バス停: つがる市役所前",
        "name": "つがる市役所前",
        "operator": "事業者不明",
        "ref": "",
        "url": "",
        "url2": ""
      }
    },
    {
      "type": "Feature",
      "geometry": {
        "type": "Point",
        "coordinates": [
          139.9832265,
          40.5646739
        ]
      },
      "properties": {
        "内容": "バス停: 奥十二湖駐車場",
        "name": "奥十二湖駐車場",
        "operator": "事業者不明",
        "ref": "",
        "url": "",
        "url2": ""
      }
    },
    {
      "type": "Feature",
      "geometry": {
        "type": "Point",
        "coordinates": [
          139.9190292,
          40.643622
        ]
      },
      "properties": {
        "内容": "バス停: 弁天",
        "name": "弁天",
        "operator": "事業者不明",
        "ref": "",
        "url": "",
        "url2": ""
      }
    },
    {
      "type": "Feature",
      "geometry": {
        "type": "Point",
        "coordinates": [
          140.4490504,
          40.635925
        ]
      },
      "properties": {
        "内容": "バス停: 総合物流センター前",
        "name": "総合物流センター前",
        "operator": "事業者不明",
        "ref": "",
        "url": "",
        "url2": ""
      }
    },
    {
      "type": "Feature",
      "geometry": {
        "type": "Point",
        "coordinates": [
          140.4078148,
          40.6947326
        ]
      },
      "properties": {
        "内容": "バス停: 中央堂ヶ沢",
        "name": "中央堂ヶ沢",
        "operator": "事業者不明",
        "ref": "",
        "url": "",
        "url2": ""
      }
    },
    {
      "type": "Feature",
      "geometry": {
        "type": "Point",
        "coordinates": [
          140.3669111,
          40.7157845
        ]
      },
      "properties": {
        "内容": "バス停: 赤倉神社登山口",
        "name": "赤倉神社登山口",
        "operator": "事業者不明",
        "ref": "",
        "url": "",
        "url2": ""
      }
    },
    {
      "type": "Feature",
      "geometry": {
        "type": "Point",
        "coordinates": [
          140.4709252,
          40.5712206
        ]
      },
      "properties": {
        "内容": "バス停: 聖愛高校前",
        "name": "聖愛高校前",
        "operator": "事業者不明",
        "ref": "",
        "url": "",
        "url2": ""
      }
    },
    {
      "type": "Feature",
      "geometry": {
        "type": "Point",
        "coordinates": [
          140.8987214,
          41.5260032
        ]
      },
      "properties": {
        "内容": "バス停: 名称不明バス停",
        "name": "名称不明バス停",
        "operator": "事業者不明",
        "ref": "",
        "url": "",
        "url2": ""
      }
    },
    {
      "type": "Feature",
      "geometry": {
        "type": "Point",
        "coordinates": [
          140.6514311,
          40.4447346
        ]
      },
      "properties": {
        "内容": "バス停: 久吉地区公民館前",
        "name": "久吉地区公民館前",
        "operator": "事業者不明",
        "ref": "",
        "url": "",
        "url2": ""
      }
    },
    {
      "type": "Feature",
      "geometry": {
        "type": "Point",
        "coordinates": [
          140.6389775,
          40.4463279
        ]
      },
      "properties": {
        "内容": "バス停: 船岡集会所前",
        "name": "船岡集会所前",
        "operator": "事業者不明",
        "ref": "",
        "url": "",
        "url2": ""
      }
    },
    {
      "type": "Feature",
      "geometry": {
        "type": "Point",
        "coordinates": [
          140.5659274,
          40.5900467
        ]
      },
      "properties": {
        "内容": "バス停: マックスバリュ平賀店",
        "name": "マックスバリュ平賀店",
        "operator": "事業者不明",
        "ref": "",
        "url": "",
        "url2": ""
      }
    },
    {
      "type": "Feature",
      "geometry": {
        "type": "Point",
        "coordinates": [
          140.563092,
          40.5910892
        ]
      },
      "properties": {
        "内容": "バス停: 文化センター前",
        "name": "文化センター前",
        "operator": "事業者不明",
        "ref": "",
        "url": "",
        "url2": ""
      }
    },
    {
      "type": "Feature",
      "geometry": {
        "type": "Point",
        "coordinates": [
          140.6231718,
          40.4897389
        ]
      },
      "properties": {
        "内容": "バス停: 古懸南不動野",
        "name": "古懸南不動野",
        "operator": "事業者不明",
        "ref": "",
        "url": "",
        "url2": ""
      }
    },
    {
      "type": "Feature",
      "geometry": {
        "type": "Point",
        "coordinates": [
          140.6270318,
          40.4737083
        ]
      },
      "properties": {
        "内容": "バス停: 山の上",
        "name": "山の上",
        "operator": "事業者不明",
        "ref": "",
        "url": "",
        "url2": ""
      }
    },
    {
      "type": "Feature",
      "geometry": {
        "type": "Point",
        "coordinates": [
          140.6318696,
          40.4702413
        ]
      },
      "properties": {
        "内容": "バス停: 関所跡",
        "name": "関所跡",
        "operator": "事業者不明",
        "ref": "",
        "url": "",
        "url2": ""
      }
    },
    {
      "type": "Feature",
      "geometry": {
        "type": "Point",
        "coordinates": [
          140.6224654,
          40.4797089
        ]
      },
      "properties": {
        "内容": "バス停: JR碇ヶ関駅",
        "name": "JR碇ヶ関駅",
        "operator": "事業者不明",
        "ref": "",
        "url": "",
        "url2": ""
      }
    },
    {
      "type": "Feature",
      "geometry": {
        "type": "Point",
        "coordinates": [
          140.6254484,
          40.4769801
        ]
      },
      "properties": {
        "内容": "バス停: ホーマックニコット前",
        "name": "ホーマックニコット前",
        "operator": "事業者不明",
        "ref": "",
        "url": "",
        "url2": ""
      }
    },
    {
      "type": "Feature",
      "geometry": {
        "type": "Point",
        "coordinates": [
          140.6311112,
          40.4735848
        ]
      },
      "properties": {
        "内容": "バス停: 碇ヶ関総合支所前",
        "name": "碇ヶ関総合支所前",
        "operator": "事業者不明",
        "ref": "",
        "url": "",
        "url2": ""
      }
    },
    {
      "type": "Feature",
      "geometry": {
        "type": "Point",
        "coordinates": [
          140.5104657,
          40.578338
        ]
      },
      "properties": {
        "内容": "バス停: 元門外",
        "name": "元門外",
        "operator": "事業者不明",
        "ref": "",
        "url": "",
        "url2": ""
      }
    },
    {
      "type": "Feature",
      "geometry": {
        "type": "Point",
        "coordinates": [
          140.4935635,
          40.5724084
        ]
      },
      "properties": {
        "内容": "バス停: 泉野5丁目",
        "name": "泉野5丁目",
        "operator": "事業者不明",
        "ref": "",
        "url": "",
        "url2": ""
      }
    },
    {
      "type": "Feature",
      "geometry": {
        "type": "Point",
        "coordinates": [
          140.4828191,
          40.5937788
        ]
      },
      "properties": {
        "内容": "バス停: 中央松森町",
        "name": "中央松森町",
        "operator": "事業者不明",
        "ref": "",
        "url": "",
        "url2": ""
      }
    },
    {
      "type": "Feature",
      "geometry": {
        "type": "Point",
        "coordinates": [
          140.4756333,
          40.5897136
        ]
      },
      "properties": {
        "内容": "バス停: 弘前総合医療センター前",
        "name": "弘前総合医療センター前",
        "operator": "事業者不明",
        "ref": "",
        "url": "",
        "url2": ""
      }
    },
    {
      "type": "Feature",
      "geometry": {
        "type": "Point",
        "coordinates": [
          140.493257,
          40.5741524
        ]
      },
      "properties": {
        "内容": "バス停: フォレストホール前",
        "name": "フォレストホール前",
        "operator": "事業者不明",
        "ref": "",
        "url": "",
        "url2": ""
      }
    },
    {
      "type": "Feature",
      "geometry": {
        "type": "Point",
        "coordinates": [
          140.4746178,
          40.600116
        ]
      },
      "properties": {
        "内容": "バス停: まちなか情報センター前",
        "name": "まちなか情報センター前",
        "operator": "事業者不明",
        "ref": "",
        "url": "",
        "url2": ""
      }
    },
    {
      "type": "Feature",
      "geometry": {
        "type": "Point",
        "coordinates": [
          140.4722397,
          40.6001049
        ]
      },
      "properties": {
        "内容": "バス停: 中央弘前駅前",
        "name": "中央弘前駅前",
        "operator": "事業者不明",
        "ref": "",
        "url": "",
        "url2": ""
      }
    },
    {
      "type": "Feature",
      "geometry": {
        "type": "Point",
        "coordinates": [
          140.7505809,
          40.816573
        ]
      },
      "properties": {
        "内容": "バス停: 県民福祉プラザ前",
        "name": "県民福祉プラザ前",
        "operator": "事業者不明",
        "ref": "",
        "url": "",
        "url2": ""
      }
    },
    {
      "type": "Feature",
      "geometry": {
        "type": "Point",
        "coordinates": [
          140.7511451,
          40.8172552
        ]
      },
      "properties": {
        "内容": "バス停: 働く女性の家前",
        "name": "働く女性の家前",
        "operator": "事業者不明",
        "ref": "",
        "url": "",
        "url2": ""
      }
    },
    {
      "type": "Feature",
      "geometry": {
        "type": "Point",
        "coordinates": [
          140.750701,
          40.8204648
        ]
      },
      "properties": {
        "内容": "バス停: 橋本三丁目",
        "name": "橋本三丁目",
        "operator": "事業者不明",
        "ref": "",
        "url": "",
        "url2": ""
      }
    },
    {
      "type": "Feature",
      "geometry": {
        "type": "Point",
        "coordinates": [
          140.7505254,
          40.8201928
        ]
      },
      "properties": {
        "内容": "バス停: 橋本三丁目",
        "name": "橋本三丁目",
        "operator": "事業者不明",
        "ref": "",
        "url": "",
        "url2": ""
      }
    },
    {
      "type": "Feature",
      "geometry": {
        "type": "Point",
        "coordinates": [
          140.7509457,
          40.8172241
        ]
      },
      "properties": {
        "内容": "バス停: 働く女性の家前",
        "name": "働く女性の家前",
        "operator": "事業者不明",
        "ref": "",
        "url": "",
        "url2": ""
      }
    },
    {
      "type": "Feature",
      "geometry": {
        "type": "Point",
        "coordinates": [
          140.752228,
          40.814812
        ]
      },
      "properties": {
        "内容": "バス停: 勝田一丁目",
        "name": "勝田一丁目",
        "operator": "事業者不明",
        "ref": "",
        "url": "",
        "url2": ""
      }
    },
    {
      "type": "Feature",
      "geometry": {
        "type": "Point",
        "coordinates": [
          140.7504602,
          40.8224419
        ]
      },
      "properties": {
        "内容": "バス停: NTT青森支店前",
        "name": "NTT青森支店前",
        "operator": "事業者不明",
        "ref": "",
        "url": "",
        "url2": ""
      }
    },
    {
      "type": "Feature",
      "geometry": {
        "type": "Point",
        "coordinates": [
          140.7502502,
          40.8225566
        ]
      },
      "properties": {
        "内容": "バス停: NTT青森支店前",
        "name": "NTT青森支店前",
        "operator": "事業者不明",
        "ref": "",
        "url": "",
        "url2": ""
      }
    },
    {
      "type": "Feature",
      "geometry": {
        "type": "Point",
        "coordinates": [
          140.7481307,
          40.8170112
        ]
      },
      "properties": {
        "内容": "バス停: アピオあおもり前",
        "name": "アピオあおもり前",
        "operator": "事業者不明",
        "ref": "",
        "url": "",
        "url2": ""
      }
    },
    {
      "type": "Feature",
      "geometry": {
        "type": "Point",
        "coordinates": [
          140.7473455,
          40.8181897
        ]
      },
      "properties": {
        "内容": "バス停: ハローワーク青森",
        "name": "ハローワーク青森",
        "operator": "事業者不明",
        "ref": "",
        "url": "",
        "url2": ""
      }
    },
    {
      "type": "Feature",
      "geometry": {
        "type": "Point",
        "coordinates": [
          140.7448505,
          40.8181995
        ]
      },
      "properties": {
        "内容": "バス停: 中央二丁目南",
        "name": "中央二丁目南",
        "operator": "事業者不明",
        "ref": "",
        "url": "",
        "url2": ""
      }
    },
    {
      "type": "Feature",
      "geometry": {
        "type": "Point",
        "coordinates": [
          140.7445641,
          40.8200767
        ]
      },
      "properties": {
        "内容": "バス停: 中央大橋",
        "name": "中央大橋",
        "operator": "事業者不明",
        "ref": "",
        "url": "",
        "url2": ""
      }
    },
    {
      "type": "Feature",
      "geometry": {
        "type": "Point",
        "coordinates": [
          140.7441061,
          40.8201686
        ]
      },
      "properties": {
        "内容": "バス停: 中央大橋",
        "name": "中央大橋",
        "operator": "事業者不明",
        "ref": "",
        "url": "",
        "url2": ""
      }
    },
    {
      "type": "Feature",
      "geometry": {
        "type": "Point",
        "coordinates": [
          140.7430158,
          40.8194808
        ]
      },
      "properties": {
        "内容": "バス停: 中央大橋",
        "name": "中央大橋",
        "operator": "事業者不明",
        "ref": "",
        "url": "",
        "url2": ""
      }
    },
    {
      "type": "Feature",
      "geometry": {
        "type": "Point",
        "coordinates": [
          140.7448844,
          40.8222304
        ]
      },
      "properties": {
        "内容": "バス停: 柳町通り",
        "name": "柳町通り",
        "operator": "事業者不明",
        "ref": "",
        "url": "",
        "url2": ""
      }
    },
    {
      "type": "Feature",
      "geometry": {
        "type": "Point",
        "coordinates": [
          140.7453252,
          40.8222705
        ]
      },
      "properties": {
        "内容": "バス停: 柳町通り",
        "name": "柳町通り",
        "operator": "事業者不明",
        "ref": "",
        "url": "",
        "url2": ""
      }
    },
    {
      "type": "Feature",
      "geometry": {
        "type": "Point",
        "coordinates": [
          140.7395142,
          40.8201908
        ]
      },
      "properties": {
        "内容": "バス停: 長島四丁目",
        "name": "長島四丁目",
        "operator": "事業者不明",
        "ref": "",
        "url": "",
        "url2": ""
      }
    },
    {
      "type": "Feature",
      "geometry": {
        "type": "Point",
        "coordinates": [
          140.7540574,
          40.8095352
        ]
      },
      "properties": {
        "内容": "バス停: サンロード青森前",
        "name": "サンロード青森前",
        "operator": "事業者不明",
        "ref": "",
        "url": "",
        "url2": ""
      }
    },
    {
      "type": "Feature",
      "geometry": {
        "type": "Point",
        "coordinates": [
          140.754321,
          40.8080664
        ]
      },
      "properties": {
        "内容": "バス停: サンロード青森前",
        "name": "サンロード青森前",
        "operator": "事業者不明",
        "ref": "",
        "url": "",
        "url2": ""
      }
    },
    {
      "type": "Feature",
      "geometry": {
        "type": "Point",
        "coordinates": [
          140.7534657,
          40.8083858
        ]
      },
      "properties": {
        "内容": "バス停: サンロード青森前",
        "name": "サンロード青森前",
        "operator": "事業者不明",
        "ref": "",
        "url": "",
        "url2": ""
      }
    },
    {
      "type": "Feature",
      "geometry": {
        "type": "Point",
        "coordinates": [
          140.7533678,
          40.8084829
        ]
      },
      "properties": {
        "内容": "バス停: サンロード青森前",
        "name": "サンロード青森前",
        "operator": "事業者不明",
        "ref": "",
        "url": "",
        "url2": ""
      }
    },
    {
      "type": "Feature",
      "geometry": {
        "type": "Point",
        "coordinates": [
          140.7064439,
          40.8237691
        ]
      },
      "properties": {
        "内容": "バス停: ダイハツ石江店前",
        "name": "ダイハツ石江店前",
        "operator": "事業者不明",
        "ref": "",
        "url": "",
        "url2": ""
      }
    },
    {
      "type": "Feature",
      "geometry": {
        "type": "Point",
        "coordinates": [
          140.7083418,
          40.8215694
        ]
      },
      "properties": {
        "内容": "バス停: 滝内福祉館前",
        "name": "滝内福祉館前",
        "operator": "事業者不明",
        "ref": "",
        "url": "",
        "url2": ""
      }
    },
    {
      "type": "Feature",
      "geometry": {
        "type": "Point",
        "coordinates": [
          140.7364122,
          40.8080552
        ]
      },
      "properties": {
        "内容": "バス停: 金沢小学校通り",
        "name": "金沢小学校通り",
        "operator": "事業者不明",
        "ref": "",
        "url": "",
        "url2": ""
      }
    },
    {
      "type": "Feature",
      "geometry": {
        "type": "Point",
        "coordinates": [
          140.7547311,
          40.8194388
        ]
      },
      "properties": {
        "内容": "バス停: 平和公園前",
        "name": "平和公園前",
        "operator": "事業者不明",
        "ref": "",
        "url": "",
        "url2": ""
      }
    },
    {
      "type": "Feature",
      "geometry": {
        "type": "Point",
        "coordinates": [
          140.7549324,
          40.8194606
        ]
      },
      "properties": {
        "内容": "バス停: 平和公園前",
        "name": "平和公園前",
        "operator": "事業者不明",
        "ref": "",
        "url": "",
        "url2": ""
      }
    },
    {
      "type": "Feature",
      "geometry": {
        "type": "Point",
        "coordinates": [
          140.7546019,
          40.8229251
        ]
      },
      "properties": {
        "内容": "バス停: 文化会館前",
        "name": "文化会館前",
        "operator": "事業者不明",
        "ref": "",
        "url": "",
        "url2": ""
      }
    },
    {
      "type": "Feature",
      "geometry": {
        "type": "Point",
        "coordinates": [
          140.7548073,
          40.8232301
        ]
      },
      "properties": {
        "内容": "バス停: 文化会館前",
        "name": "文化会館前",
        "operator": "事業者不明",
        "ref": "",
        "url": "",
        "url2": ""
      }
    },
    {
      "type": "Feature",
      "geometry": {
        "type": "Point",
        "coordinates": [
          140.7559618,
          40.816321
        ]
      },
      "properties": {
        "内容": "バス停: 市民病院通り",
        "name": "市民病院通り",
        "operator": "事業者不明",
        "ref": "",
        "url": "",
        "url2": ""
      }
    },
    {
      "type": "Feature",
      "geometry": {
        "type": "Point",
        "coordinates": [
          140.757878,
          40.8149185
        ]
      },
      "properties": {
        "内容": "バス停: 自動車会議所前",
        "name": "自動車会議所前",
        "operator": "事業者不明",
        "ref": "",
        "url": "",
        "url2": ""
      }
    },
    {
      "type": "Feature",
      "geometry": {
        "type": "Point",
        "coordinates": [
          140.7630978,
          40.8156818
        ]
      },
      "properties": {
        "内容": "バス停: 奥野二丁目",
        "name": "奥野二丁目",
        "operator": "事業者不明",
        "ref": "",
        "url": "",
        "url2": ""
      }
    },
    {
      "type": "Feature",
      "geometry": {
        "type": "Point",
        "coordinates": [
          140.7685551,
          40.816919
        ]
      },
      "properties": {
        "内容": "バス停: 桜川一丁目",
        "name": "桜川一丁目",
        "operator": "事業者不明",
        "ref": "",
        "url": "",
        "url2": ""
      }
    },
    {
      "type": "Feature",
      "geometry": {
        "type": "Point",
        "coordinates": [
          140.7685612,
          40.8170186
        ]
      },
      "properties": {
        "内容": "バス停: 桜川一丁目",
        "name": "桜川一丁目",
        "operator": "事業者不明",
        "ref": "",
        "url": "",
        "url2": ""
      }
    },
    {
      "type": "Feature",
      "geometry": {
        "type": "Point",
        "coordinates": [
          140.7491754,
          40.80003
        ]
      },
      "properties": {
        "内容": "バス停: シーナシーナ青森前",
        "name": "シーナシーナ青森前",
        "operator": "事業者不明",
        "ref": "",
        "url": "",
        "url2": ""
      }
    },
    {
      "type": "Feature",
      "geometry": {
        "type": "Point",
        "coordinates": [
          140.5425385,
          40.5670599
        ]
      },
      "properties": {
        "内容": "バス停: 大坊十文字",
        "name": "大坊十文字",
        "operator": "事業者不明",
        "ref": "",
        "url": "",
        "url2": ""
      }
    },
    {
      "type": "Feature",
      "geometry": {
        "type": "Point",
        "coordinates": [
          140.5514914,
          40.5745171
        ]
      },
      "properties": {
        "内容": "バス停: 石郷",
        "name": "石郷",
        "operator": "事業者不明",
        "ref": "",
        "url": "",
        "url2": ""
      }
    },
    {
      "type": "Feature",
      "geometry": {
        "type": "Point",
        "coordinates": [
          140.3977916,
          40.6166656
        ]
      },
      "properties": {
        "内容": "バス停: 川添 (弘前バス)",
        "name": "川添",
        "operator": "弘前バス",
        "ref": "",
        "url": "",
        "url2": ""
      }
    },
    {
      "type": "Feature",
      "geometry": {
        "type": "Point",
        "coordinates": [
          140.5444543,
          40.5591141
        ]
      },
      "properties": {
        "内容": "バス停: 岩館",
        "name": "岩館",
        "operator": "事業者不明",
        "ref": "",
        "url": "",
        "url2": ""
      }
    },
    {
      "type": "Feature",
      "geometry": {
        "type": "Point",
        "coordinates": [
          140.5830165,
          40.5705735
        ]
      },
      "properties": {
        "内容": "バス停: 沖館東口",
        "name": "沖館東口",
        "operator": "事業者不明",
        "ref": "",
        "url": "",
        "url2": ""
      }
    },
    {
      "type": "Feature",
      "geometry": {
        "type": "Point",
        "coordinates": [
          140.4116934,
          40.6140122
        ]
      },
      "properties": {
        "内容": "バス停: 五代 (弘前バス)",
        "name": "五代",
        "operator": "弘前バス",
        "ref": "",
        "url": "",
        "url2": ""
      }
    },
    {
      "type": "Feature",
      "geometry": {
        "type": "Point",
        "coordinates": [
          140.5595408,
          40.5797371
        ]
      },
      "properties": {
        "内容": "バス停: 柏木温泉前",
        "name": "柏木温泉前",
        "operator": "事業者不明",
        "ref": "",
        "url": "",
        "url2": ""
      }
    },
    {
      "type": "Feature",
      "geometry": {
        "type": "Point",
        "coordinates": [
          140.5744187,
          40.5724395
        ]
      },
      "properties": {
        "内容": "バス停: 沖館西口",
        "name": "沖館西口",
        "operator": "事業者不明",
        "ref": "",
        "url": "",
        "url2": ""
      }
    },
    {
      "type": "Feature",
      "geometry": {
        "type": "Point",
        "coordinates": [
          140.3944048,
          40.6182179
        ]
      },
      "properties": {
        "内容": "バス停: 宮地 (弘前バス)",
        "name": "宮地",
        "operator": "弘前バス",
        "ref": "",
        "url": "",
        "url2": ""
      }
    },
    {
      "type": "Feature",
      "geometry": {
        "type": "Point",
        "coordinates": [
          140.5428031,
          40.5617887
        ]
      },
      "properties": {
        "内容": "バス停: 岩館北口",
        "name": "岩館北口",
        "operator": "事業者不明",
        "ref": "",
        "url": "",
        "url2": ""
      }
    },
    {
      "type": "Feature",
      "geometry": {
        "type": "Point",
        "coordinates": [
          140.5517793,
          40.5652384
        ]
      },
      "properties": {
        "内容": "バス停: 原田",
        "name": "原田",
        "operator": "事業者不明",
        "ref": "",
        "url": "",
        "url2": ""
      }
    },
    {
      "type": "Feature",
      "geometry": {
        "type": "Point",
        "coordinates": [
          140.5781424,
          40.5708092
        ]
      },
      "properties": {
        "内容": "バス停: 中央沖館",
        "name": "中央沖館",
        "operator": "事業者不明",
        "ref": "",
        "url": "",
        "url2": ""
      }
    },
    {
      "type": "Feature",
      "geometry": {
        "type": "Point",
        "coordinates": [
          140.5659018,
          40.5757628
        ]
      },
      "properties": {
        "内容": "バス停: 柏木小学校前",
        "name": "柏木小学校前",
        "operator": "事業者不明",
        "ref": "",
        "url": "",
        "url2": ""
      }
    },
    {
      "type": "Feature",
      "geometry": {
        "type": "Point",
        "coordinates": [
          140.5801552,
          40.5707544
        ]
      },
      "properties": {
        "内容": "バス停: 沖館神社入口",
        "name": "沖館神社入口",
        "operator": "事業者不明",
        "ref": "",
        "url": "",
        "url2": ""
      }
    },
    {
      "type": "Feature",
      "geometry": {
        "type": "Point",
        "coordinates": [
          140.4090256,
          40.6140142
        ]
      },
      "properties": {
        "内容": "バス停: 上五代 (弘前バス)",
        "name": "上五代",
        "operator": "弘前バス",
        "ref": "",
        "url": "",
        "url2": ""
      }
    },
    {
      "type": "Feature",
      "geometry": {
        "type": "Point",
        "coordinates": [
          140.5654238,
          40.583571
        ]
      },
      "properties": {
        "内容": "バス停: 平川診療所",
        "name": "平川診療所",
        "operator": "事業者不明",
        "ref": "",
        "url": "",
        "url2": ""
      }
    },
    {
      "type": "Feature",
      "geometry": {
        "type": "Point",
        "coordinates": [
          140.5381524,
          40.5769301
        ]
      },
      "properties": {
        "内容": "バス停: 小杉",
        "name": "小杉",
        "operator": "事業者不明",
        "ref": "",
        "url": "",
        "url2": ""
      }
    },
    {
      "type": "Feature",
      "geometry": {
        "type": "Point",
        "coordinates": [
          140.5314098,
          40.5768815
        ]
      },
      "properties": {
        "内容": "バス停: 四ツ谷",
        "name": "四ツ谷",
        "operator": "事業者不明",
        "ref": "",
        "url": "",
        "url2": ""
      }
    },
    {
      "type": "Feature",
      "geometry": {
        "type": "Point",
        "coordinates": [
          140.5386703,
          40.5675614
        ]
      },
      "properties": {
        "内容": "バス停: 寒川",
        "name": "寒川",
        "operator": "事業者不明",
        "ref": "",
        "url": "",
        "url2": ""
      }
    },
    {
      "type": "Feature",
      "geometry": {
        "type": "Point",
        "coordinates": [
          140.5702328,
          40.5681756
        ]
      },
      "properties": {
        "内容": "バス停: 吹上",
        "name": "吹上",
        "operator": "事業者不明",
        "ref": "",
        "url": "",
        "url2": ""
      }
    },
    {
      "type": "Feature",
      "geometry": {
        "type": "Point",
        "coordinates": [
          140.417121,
          40.6177946
        ]
      },
      "properties": {
        "内容": "バス停: 津軽中学校通り (弘前バス)",
        "name": "津軽中学校通り",
        "operator": "弘前バス",
        "ref": "",
        "url": "",
        "url2": ""
      }
    },
    {
      "type": "Feature",
      "geometry": {
        "type": "Point",
        "coordinates": [
          140.5426073,
          40.5658312
        ]
      },
      "properties": {
        "内容": "バス停: 大坊小学校前",
        "name": "大坊小学校前",
        "operator": "事業者不明",
        "ref": "",
        "url": "",
        "url2": ""
      }
    },
    {
      "type": "Feature",
      "geometry": {
        "type": "Point",
        "coordinates": [
          140.5692228,
          40.5705807
        ]
      },
      "properties": {
        "内容": "バス停: 中央吹上",
        "name": "中央吹上",
        "operator": "事業者不明",
        "ref": "",
        "url": "",
        "url2": ""
      }
    },
    {
      "type": "Feature",
      "geometry": {
        "type": "Point",
        "coordinates": [
          140.4195302,
          40.6130334
        ]
      },
      "properties": {
        "内容": "バス停: 岩木小学校前",
        "name": "岩木小学校前",
        "operator": "事業者不明",
        "ref": "",
        "url": "",
        "url2": ""
      }
    },
    {
      "type": "Feature",
      "geometry": {
        "type": "Point",
        "coordinates": [
          140.3603403,
          40.6228418
        ]
      },
      "properties": {
        "内容": "バス停: 高岡東口 (弘前バス)",
        "name": "高岡東口",
        "operator": "弘前バス",
        "ref": "",
        "url": "",
        "url2": ""
      }
    },
    {
      "type": "Feature",
      "geometry": {
        "type": "Point",
        "coordinates": [
          140.540346,
          40.5754542
        ]
      },
      "properties": {
        "内容": "バス停: 石畑",
        "name": "石畑",
        "operator": "事業者不明",
        "ref": "",
        "url": "",
        "url2": ""
      }
    },
    {
      "type": "Feature",
      "geometry": {
        "type": "Point",
        "coordinates": [
          140.5636599,
          40.582323
        ]
      },
      "properties": {
        "内容": "バス停: 平賀",
        "name": "平賀",
        "operator": "事業者不明",
        "ref": "",
        "url": "",
        "url2": ""
      }
    },
    {
      "type": "Feature",
      "geometry": {
        "type": "Point",
        "coordinates": [
          140.4171074,
          40.6176699
        ]
      },
      "properties": {
        "内容": "バス停: 津軽中学校通り (弘前バス)",
        "name": "津軽中学校通り",
        "operator": "弘前バス",
        "ref": "",
        "url": "",
        "url2": ""
      }
    },
    {
      "type": "Feature",
      "geometry": {
        "type": "Point",
        "coordinates": [
          140.3574151,
          40.6229697
        ]
      },
      "properties": {
        "内容": "バス停: 高岡 (弘前バス)",
        "name": "高岡",
        "operator": "弘前バス",
        "ref": "",
        "url": "",
        "url2": ""
      }
    },
    {
      "type": "Feature",
      "geometry": {
        "type": "Point",
        "coordinates": [
          140.3668381,
          40.619702
        ]
      },
      "properties": {
        "内容": "バス停: 新法師 (弘前バス)",
        "name": "新法師",
        "operator": "弘前バス",
        "ref": "",
        "url": "",
        "url2": ""
      }
    },
    {
      "type": "Feature",
      "geometry": {
        "type": "Point",
        "coordinates": [
          140.5666614,
          40.5738905
        ]
      },
      "properties": {
        "内容": "バス停: 柳田",
        "name": "柳田",
        "operator": "事業者不明",
        "ref": "",
        "url": "",
        "url2": ""
      }
    },
    {
      "type": "Feature",
      "geometry": {
        "type": "Point",
        "coordinates": [
          140.3893186,
          40.619254
        ]
      },
      "properties": {
        "内容": "バス停: 羽黒神社前 (弘前バス)",
        "name": "羽黒神社前",
        "operator": "弘前バス",
        "ref": "",
        "url": "",
        "url2": ""
      }
    },
    {
      "type": "Feature",
      "geometry": {
        "type": "Point",
        "coordinates": [
          140.5640766,
          40.5787192
        ]
      },
      "properties": {
        "内容": "バス停: 柏木十文字",
        "name": "柏木十文字",
        "operator": "事業者不明",
        "ref": "",
        "url": "",
        "url2": ""
      }
    },
    {
      "type": "Feature",
      "geometry": {
        "type": "Point",
        "coordinates": [
          140.3808262,
          40.6182885
        ]
      },
      "properties": {
        "内容": "バス停: 造坂上 (弘前バス)",
        "name": "造坂上",
        "operator": "弘前バス",
        "ref": "",
        "url": "",
        "url2": ""
      }
    },
    {
      "type": "Feature",
      "geometry": {
        "type": "Point",
        "coordinates": [
          140.5426408,
          40.5720781
        ]
      },
      "properties": {
        "内容": "バス停: 大坊温泉前",
        "name": "大坊温泉前",
        "operator": "事業者不明",
        "ref": "",
        "url": "",
        "url2": ""
      }
    },
    {
      "type": "Feature",
      "geometry": {
        "type": "Point",
        "coordinates": [
          140.5541099,
          40.5646873
        ]
      },
      "properties": {
        "内容": "バス停: 原田入口",
        "name": "原田入口",
        "operator": "事業者不明",
        "ref": "",
        "url": "",
        "url2": ""
      }
    },
    {
      "type": "Feature",
      "geometry": {
        "type": "Point",
        "coordinates": [
          140.3717413,
          40.6195702
        ]
      },
      "properties": {
        "内容": "バス停: 新法師東口 (弘前バス)",
        "name": "新法師東口",
        "operator": "弘前バス",
        "ref": "",
        "url": "",
        "url2": ""
      }
    },
    {
      "type": "Feature",
      "geometry": {
        "type": "Point",
        "coordinates": [
          140.5540501,
          40.574216
        ]
      },
      "properties": {
        "内容": "バス停: 石郷東口",
        "name": "石郷東口",
        "operator": "事業者不明",
        "ref": "",
        "url": "",
        "url2": ""
      }
    },
    {
      "type": "Feature",
      "geometry": {
        "type": "Point",
        "coordinates": [
          140.4029157,
          40.615971
        ]
      },
      "properties": {
        "内容": "バス停: 馬子橋 (弘前バス)",
        "name": "馬子橋",
        "operator": "弘前バス",
        "ref": "",
        "url": "",
        "url2": ""
      }
    },
    {
      "type": "Feature",
      "geometry": {
        "type": "Point",
        "coordinates": [
          140.4163426,
          40.6172274
        ]
      },
      "properties": {
        "内容": "バス停: 津軽中学校通り",
        "name": "津軽中学校通り",
        "operator": "事業者不明",
        "ref": "",
        "url": "",
        "url2": ""
      }
    },
    {
      "type": "Feature",
      "geometry": {
        "type": "Point",
        "coordinates": [
          140.5704153,
          40.5746586
        ]
      },
      "properties": {
        "内容": "バス停: 緑青園前",
        "name": "緑青園前",
        "operator": "事業者不明",
        "ref": "",
        "url": "",
        "url2": ""
      }
    },
    {
      "type": "Feature",
      "geometry": {
        "type": "Point",
        "coordinates": [
          140.5667266,
          40.5220069
        ]
      },
      "properties": {
        "内容": "バス停: 大鰐駅北口",
        "name": "大鰐駅北口",
        "operator": "事業者不明",
        "ref": "",
        "url": "",
        "url2": ""
      }
    },
    {
      "type": "Feature",
      "geometry": {
        "type": "Point",
        "coordinates": [
          140.3942626,
          40.6182052
        ]
      },
      "properties": {
        "内容": "バス停: 宮地 (弘前バス)",
        "name": "宮地",
        "operator": "弘前バス",
        "ref": "",
        "url": "",
        "url2": ""
      }
    },
    {
      "type": "Feature",
      "geometry": {
        "type": "Point",
        "coordinates": [
          140.4897532,
          40.5757246
        ]
      },
      "properties": {
        "内容": "バス停: 安原1丁目",
        "name": "安原1丁目",
        "operator": "事業者不明",
        "ref": "",
        "url": "",
        "url2": ""
      }
    },
    {
      "type": "Feature",
      "geometry": {
        "type": "Point",
        "coordinates": [
          140.489665,
          40.5758106
        ]
      },
      "properties": {
        "内容": "バス停: 安原1丁目",
        "name": "安原1丁目",
        "operator": "事業者不明",
        "ref": "",
        "url": "",
        "url2": ""
      }
    },
    {
      "type": "Feature",
      "geometry": {
        "type": "Point",
        "coordinates": [
          140.4865847,
          40.5752766
        ]
      },
      "properties": {
        "内容": "バス停: 安原2丁目",
        "name": "安原2丁目",
        "operator": "事業者不明",
        "ref": "",
        "url": "",
        "url2": ""
      }
    },
    {
      "type": "Feature",
      "geometry": {
        "type": "Point",
        "coordinates": [
          140.4862735,
          40.5751053
        ]
      },
      "properties": {
        "内容": "バス停: 安原2丁目",
        "name": "安原2丁目",
        "operator": "事業者不明",
        "ref": "",
        "url": "",
        "url2": ""
      }
    },
    {
      "type": "Feature",
      "geometry": {
        "type": "Point",
        "coordinates": [
          140.4002907,
          40.8743969
        ]
      },
      "properties": {
        "内容": "バス停: 一本タモ",
        "name": "一本タモ",
        "operator": "事業者不明",
        "ref": "",
        "url": "",
        "url2": ""
      }
    },
    {
      "type": "Feature",
      "geometry": {
        "type": "Point",
        "coordinates": [
          140.3960671,
          40.8745391
        ]
      },
      "properties": {
        "内容": "バス停: 稲垣温泉前",
        "name": "稲垣温泉前",
        "operator": "事業者不明",
        "ref": "",
        "url": "",
        "url2": ""
      }
    },
    {
      "type": "Feature",
      "geometry": {
        "type": "Point",
        "coordinates": [
          140.3944742,
          40.8753113
        ]
      },
      "properties": {
        "内容": "バス停: 稲垣支所前",
        "name": "稲垣支所前",
        "operator": "事業者不明",
        "ref": "",
        "url": "",
        "url2": ""
      }
    },
    {
      "type": "Feature",
      "geometry": {
        "type": "Point",
        "coordinates": [
          140.3948785,
          40.8784699
        ]
      },
      "properties": {
        "内容": "バス停: 沼崎",
        "name": "沼崎",
        "operator": "事業者不明",
        "ref": "",
        "url": "",
        "url2": ""
      }
    },
    {
      "type": "Feature",
      "geometry": {
        "type": "Point",
        "coordinates": [
          140.3953087,
          40.8810519
        ]
      },
      "properties": {
        "内容": "バス停: 公民館前",
        "name": "公民館前",
        "operator": "事業者不明",
        "ref": "",
        "url": "",
        "url2": ""
      }
    },
    {
      "type": "Feature",
      "geometry": {
        "type": "Point",
        "coordinates": [
          140.3955177,
          40.8835235
        ]
      },
      "properties": {
        "内容": "バス停: 元増",
        "name": "元増",
        "operator": "事業者不明",
        "ref": "",
        "url": "",
        "url2": ""
      }
    },
    {
      "type": "Feature",
      "geometry": {
        "type": "Point",
        "coordinates": [
          140.3997384,
          40.8835253
        ]
      },
      "properties": {
        "内容": "バス停: 楽田入口",
        "name": "楽田入口",
        "operator": "事業者不明",
        "ref": "",
        "url": "",
        "url2": ""
      }
    },
    {
      "type": "Feature",
      "geometry": {
        "type": "Point",
        "coordinates": [
          140.4039873,
          40.8847282
        ]
      },
      "properties": {
        "内容": "バス停: 楽田",
        "name": "楽田",
        "operator": "事業者不明",
        "ref": "",
        "url": "",
        "url2": ""
      }
    },
    {
      "type": "Feature",
      "geometry": {
        "type": "Point",
        "coordinates": [
          140.4062808,
          40.8853506
        ]
      },
      "properties": {
        "内容": "バス停: 豊川",
        "name": "豊川",
        "operator": "事業者不明",
        "ref": "",
        "url": "",
        "url2": ""
      }
    },
    {
      "type": "Feature",
      "geometry": {
        "type": "Point",
        "coordinates": [
          140.4015378,
          40.8805374
        ]
      },
      "properties": {
        "内容": "バス停: 学校前",
        "name": "学校前",
        "operator": "事業者不明",
        "ref": "",
        "url": "",
        "url2": ""
      }
    },
    {
      "type": "Feature",
      "geometry": {
        "type": "Point",
        "coordinates": [
          140.3995162,
          40.8779184
        ]
      },
      "properties": {
        "内容": "バス停: 下野田",
        "name": "下野田",
        "operator": "事業者不明",
        "ref": "",
        "url": "",
        "url2": ""
      }
    },
    {
      "type": "Feature",
      "geometry": {
        "type": "Point",
        "coordinates": [
          140.4008783,
          40.8737747
        ]
      },
      "properties": {
        "内容": "バス停: 一本タモ",
        "name": "一本タモ",
        "operator": "事業者不明",
        "ref": "",
        "url": "",
        "url2": ""
      }
    },
    {
      "type": "Feature",
      "geometry": {
        "type": "Point",
        "coordinates": [
          140.3994836,
          40.8695501
        ]
      },
      "properties": {
        "内容": "バス停: 神社前",
        "name": "神社前",
        "operator": "事業者不明",
        "ref": "",
        "url": "",
        "url2": ""
      }
    },
    {
      "type": "Feature",
      "geometry": {
        "type": "Point",
        "coordinates": [
          140.3967043,
          40.8653979
        ]
      },
      "properties": {
        "内容": "バス停: 吉出口",
        "name": "吉出口",
        "operator": "事業者不明",
        "ref": "",
        "url": "",
        "url2": ""
      }
    },
    {
      "type": "Feature",
      "geometry": {
        "type": "Point",
        "coordinates": [
          140.3980784,
          40.860799
        ]
      },
      "properties": {
        "内容": "バス停: 芦部岡",
        "name": "芦部岡",
        "operator": "事業者不明",
        "ref": "",
        "url": "",
        "url2": ""
      }
    },
    {
      "type": "Feature",
      "geometry": {
        "type": "Point",
        "coordinates": [
          140.397545,
          40.8564334
        ]
      },
      "properties": {
        "内容": "バス停: 公民館前",
        "name": "公民館前",
        "operator": "事業者不明",
        "ref": "",
        "url": "",
        "url2": ""
      }
    },
    {
      "type": "Feature",
      "geometry": {
        "type": "Point",
        "coordinates": [
          140.3971589,
          40.8535152
        ]
      },
      "properties": {
        "内容": "バス停: 出野里",
        "name": "出野里",
        "operator": "事業者不明",
        "ref": "",
        "url": "",
        "url2": ""
      }
    },
    {
      "type": "Feature",
      "geometry": {
        "type": "Point",
        "coordinates": [
          140.3998364,
          40.8496022
        ]
      },
      "properties": {
        "内容": "バス停: 三好橋前",
        "name": "三好橋前",
        "operator": "事業者不明",
        "ref": "",
        "url": "",
        "url2": ""
      }
    },
    {
      "type": "Feature",
      "geometry": {
        "type": "Point",
        "coordinates": [
          140.4005784,
          40.8459838
        ]
      },
      "properties": {
        "内容": "バス停: 兼館通り",
        "name": "兼館通り",
        "operator": "事業者不明",
        "ref": "",
        "url": "",
        "url2": ""
      }
    },
    {
      "type": "Feature",
      "geometry": {
        "type": "Point",
        "coordinates": [
          140.3998582,
          40.8436498
        ]
      },
      "properties": {
        "内容": "バス停: 下今市",
        "name": "下今市",
        "operator": "事業者不明",
        "ref": "",
        "url": "",
        "url2": ""
      }
    },
    {
      "type": "Feature",
      "geometry": {
        "type": "Point",
        "coordinates": [
          140.4061485,
          40.8419442
        ]
      },
      "properties": {
        "内容": "バス停: 今市",
        "name": "今市",
        "operator": "事業者不明",
        "ref": "",
        "url": "",
        "url2": ""
      }
    },
    {
      "type": "Feature",
      "geometry": {
        "type": "Point",
        "coordinates": [
          140.410712,
          40.8331009
        ]
      },
      "properties": {
        "内容": "バス停: 豊田",
        "name": "豊田",
        "operator": "事業者不明",
        "ref": "",
        "url": "",
        "url2": ""
      }
    },
    {
      "type": "Feature",
      "geometry": {
        "type": "Point",
        "coordinates": [
          140.4102615,
          40.827996
        ]
      },
      "properties": {
        "内容": "バス停: 川除",
        "name": "川除",
        "operator": "事業者不明",
        "ref": "",
        "url": "",
        "url2": ""
      }
    },
    {
      "type": "Feature",
      "geometry": {
        "type": "Point",
        "coordinates": [
          140.4152808,
          40.8271573
        ]
      },
      "properties": {
        "内容": "バス停: 川除東口",
        "name": "川除東口",
        "operator": "事業者不明",
        "ref": "",
        "url": "",
        "url2": ""
      }
    },
    {
      "type": "Feature",
      "geometry": {
        "type": "Point",
        "coordinates": [
          140.4192142,
          40.8241231
        ]
      },
      "properties": {
        "内容": "バス停: 芦屋",
        "name": "芦屋",
        "operator": "事業者不明",
        "ref": "",
        "url": "",
        "url2": ""
      }
    },
    {
      "type": "Feature",
      "geometry": {
        "type": "Point",
        "coordinates": [
          140.4315016,
          40.8133924
        ]
      },
      "properties": {
        "内容": "バス停: 小曲",
        "name": "小曲",
        "operator": "事業者不明",
        "ref": "",
        "url": "",
        "url2": ""
      }
    },
    {
      "type": "Feature",
      "geometry": {
        "type": "Point",
        "coordinates": [
          140.3509384,
          40.8002075
        ]
      },
      "properties": {
        "内容": "バス停: 近野",
        "name": "近野",
        "operator": "事業者不明",
        "ref": "",
        "url": "",
        "url2": ""
      }
    },
    {
      "type": "Feature",
      "geometry": {
        "type": "Point",
        "coordinates": [
          140.2828155,
          40.8441695
        ]
      },
      "properties": {
        "内容": "バス停: 出来島",
        "name": "出来島",
        "operator": "事業者不明",
        "ref": "",
        "url": "",
        "url2": ""
      }
    },
    {
      "type": "Feature",
      "geometry": {
        "type": "Point",
        "coordinates": [
          140.2815866,
          40.8454936
        ]
      },
      "properties": {
        "内容": "バス停: 支所前",
        "name": "支所前",
        "operator": "事業者不明",
        "ref": "",
        "url": "",
        "url2": ""
      }
    },
    {
      "type": "Feature",
      "geometry": {
        "type": "Point",
        "coordinates": [
          140.2886124,
          40.8428574
        ]
      },
      "properties": {
        "内容": "バス停: 出来島東口",
        "name": "出来島東口",
        "operator": "事業者不明",
        "ref": "",
        "url": "",
        "url2": ""
      }
    },
    {
      "type": "Feature",
      "geometry": {
        "type": "Point",
        "coordinates": [
          140.3059881,
          40.8422067
        ]
      },
      "properties": {
        "内容": "バス停: 住宅前",
        "name": "住宅前",
        "operator": "事業者不明",
        "ref": "",
        "url": "",
        "url2": ""
      }
    },
    {
      "type": "Feature",
      "geometry": {
        "type": "Point",
        "coordinates": [
          140.3132229,
          40.8409911
        ]
      },
      "properties": {
        "内容": "バス停: 保育所前",
        "name": "保育所前",
        "operator": "事業者不明",
        "ref": "",
        "url": "",
        "url2": ""
      }
    },
    {
      "type": "Feature",
      "geometry": {
        "type": "Point",
        "coordinates": [
          140.3171372,
          40.8388959
        ]
      },
      "properties": {
        "内容": "バス停: 丸山",
        "name": "丸山",
        "operator": "事業者不明",
        "ref": "",
        "url": "",
        "url2": ""
      }
    },
    {
      "type": "Feature",
      "geometry": {
        "type": "Point",
        "coordinates": [
          140.3152567,
          40.8343869
        ]
      },
      "properties": {
        "内容": "バス停: 丸山南口",
        "name": "丸山南口",
        "operator": "事業者不明",
        "ref": "",
        "url": "",
        "url2": ""
      }
    },
    {
      "type": "Feature",
      "geometry": {
        "type": "Point",
        "coordinates": [
          140.3116296,
          40.8298847
        ]
      },
      "properties": {
        "内容": "バス停: 丸山入口",
        "name": "丸山入口",
        "operator": "事業者不明",
        "ref": "",
        "url": "",
        "url2": ""
      }
    },
    {
      "type": "Feature",
      "geometry": {
        "type": "Point",
        "coordinates": [
          140.3105811,
          40.8238737
        ]
      },
      "properties": {
        "内容": "バス停: 南広森",
        "name": "南広森",
        "operator": "事業者不明",
        "ref": "",
        "url": "",
        "url2": ""
      }
    },
    {
      "type": "Feature",
      "geometry": {
        "type": "Point",
        "coordinates": [
          140.324005,
          40.8199052
        ]
      },
      "properties": {
        "内容": "バス停: 木造霊園前",
        "name": "木造霊園前",
        "operator": "事業者不明",
        "ref": "",
        "url": "",
        "url2": ""
      }
    },
    {
      "type": "Feature",
      "geometry": {
        "type": "Point",
        "coordinates": [
          140.3317712,
          40.8174672
        ]
      },
      "properties": {
        "内容": "バス停: 遠山通り",
        "name": "遠山通り",
        "operator": "事業者不明",
        "ref": "",
        "url": "",
        "url2": ""
      }
    },
    {
      "type": "Feature",
      "geometry": {
        "type": "Point",
        "coordinates": [
          140.3377131,
          40.8188071
        ]
      },
      "properties": {
        "内容": "バス停: 千代田",
        "name": "千代田",
        "operator": "事業者不明",
        "ref": "",
        "url": "",
        "url2": ""
      }
    },
    {
      "type": "Feature",
      "geometry": {
        "type": "Point",
        "coordinates": [
          140.3399848,
          40.8148743
        ]
      },
      "properties": {
        "内容": "バス停: 千代田口",
        "name": "千代田口",
        "operator": "事業者不明",
        "ref": "",
        "url": "",
        "url2": ""
      }
    },
    {
      "type": "Feature",
      "geometry": {
        "type": "Point",
        "coordinates": [
          140.3417815,
          40.8117452
        ]
      },
      "properties": {
        "内容": "バス停: 菊川北口",
        "name": "菊川北口",
        "operator": "事業者不明",
        "ref": "",
        "url": "",
        "url2": ""
      }
    },
    {
      "type": "Feature",
      "geometry": {
        "type": "Point",
        "coordinates": [
          140.3408203,
          40.8084732
        ]
      },
      "properties": {
        "内容": "バス停: 菊川",
        "name": "菊川",
        "operator": "事業者不明",
        "ref": "",
        "url": "",
        "url2": ""
      }
    },
    {
      "type": "Feature",
      "geometry": {
        "type": "Point",
        "coordinates": [
          140.345581,
          40.8047331
        ]
      },
      "properties": {
        "内容": "バス停: 平野",
        "name": "平野",
        "operator": "事業者不明",
        "ref": "",
        "url": "",
        "url2": ""
      }
    },
    {
      "type": "Feature",
      "geometry": {
        "type": "Point",
        "coordinates": [
          140.3566455,
          40.804956
        ]
      },
      "properties": {
        "内容": "バス停: 柴田",
        "name": "柴田",
        "operator": "事業者不明",
        "ref": "",
        "url": "",
        "url2": ""
      }
    },
    {
      "type": "Feature",
      "geometry": {
        "type": "Point",
        "coordinates": [
          140.359692,
          40.8080328
        ]
      },
      "properties": {
        "内容": "バス停: 柴田神社前",
        "name": "柴田神社前",
        "operator": "事業者不明",
        "ref": "",
        "url": "",
        "url2": ""
      }
    },
    {
      "type": "Feature",
      "geometry": {
        "type": "Point",
        "coordinates": [
          140.3620528,
          40.8108784
        ]
      },
      "properties": {
        "内容": "バス停: 町居田",
        "name": "町居田",
        "operator": "事業者不明",
        "ref": "",
        "url": "",
        "url2": ""
      }
    },
    {
      "type": "Feature",
      "geometry": {
        "type": "Point",
        "coordinates": [
          140.3647739,
          40.8143147
        ]
      },
      "properties": {
        "内容": "バス停: 中館",
        "name": "中館",
        "operator": "事業者不明",
        "ref": "",
        "url": "",
        "url2": ""
      }
    },
    {
      "type": "Feature",
      "geometry": {
        "type": "Point",
        "coordinates": [
          140.3705147,
          40.8149387
        ]
      },
      "properties": {
        "内容": "バス停: 浦船団地入口",
        "name": "浦船団地入口",
        "operator": "事業者不明",
        "ref": "",
        "url": "",
        "url2": ""
      }
    },
    {
      "type": "Feature",
      "geometry": {
        "type": "Point",
        "coordinates": [
          140.3713066,
          40.8151247
        ]
      },
      "properties": {
        "内容": "バス停: 浦船団地入口",
        "name": "浦船団地入口",
        "operator": "事業者不明",
        "ref": "",
        "url": "",
        "url2": ""
      }
    },
    {
      "type": "Feature",
      "geometry": {
        "type": "Point",
        "coordinates": [
          140.3784098,
          40.814883
        ]
      },
      "properties": {
        "内容": "バス停: 下木造",
        "name": "下木造",
        "operator": "事業者不明",
        "ref": "",
        "url": "",
        "url2": ""
      }
    },
    {
      "type": "Feature",
      "geometry": {
        "type": "Point",
        "coordinates": [
          140.3804768,
          40.8074812
        ]
      },
      "properties": {
        "内容": "バス停: しゃこちゃん温泉前",
        "name": "しゃこちゃん温泉前",
        "operator": "事業者不明",
        "ref": "",
        "url": "",
        "url2": ""
      }
    },
    {
      "type": "Feature",
      "geometry": {
        "type": "Point",
        "coordinates": [
          140.3904941,
          40.806783
        ]
      },
      "properties": {
        "内容": "バス停: 松原",
        "name": "松原",
        "operator": "事業者不明",
        "ref": "",
        "url": "",
        "url2": ""
      }
    },
    {
      "type": "Feature",
      "geometry": {
        "type": "Point",
        "coordinates": [
          140.4858389,
          40.8377878
        ]
      },
      "properties": {
        "内容": "バス停: 五本松",
        "name": "五本松",
        "operator": "事業者不明",
        "ref": "",
        "url": "",
        "url2": ""
      }
    },
    {
      "type": "Feature",
      "geometry": {
        "type": "Point",
        "coordinates": [
          140.4871687,
          40.8341069
        ]
      },
      "properties": {
        "内容": "バス停: 飯詰",
        "name": "飯詰",
        "operator": "事業者不明",
        "ref": "",
        "url": "",
        "url2": ""
      }
    },
    {
      "type": "Feature",
      "geometry": {
        "type": "Point",
        "coordinates": [
          140.4868308,
          40.8307571
        ]
      },
      "properties": {
        "内容": "バス停: 飯詰コミセン前",
        "name": "飯詰コミセン前",
        "operator": "事業者不明",
        "ref": "",
        "url": "",
        "url2": ""
      }
    },
    {
      "type": "Feature",
      "geometry": {
        "type": "Point",
        "coordinates": [
          140.4874193,
          40.8292935
        ]
      },
      "properties": {
        "内容": "バス停: 飯詰十文字",
        "name": "飯詰十文字",
        "operator": "事業者不明",
        "ref": "",
        "url": "",
        "url2": ""
      }
    },
    {
      "type": "Feature",
      "geometry": {
        "type": "Point",
        "coordinates": [
          140.4856329,
          40.8294498
        ]
      },
      "properties": {
        "内容": "バス停: 飯詰駅通り",
        "name": "飯詰駅通り",
        "operator": "事業者不明",
        "ref": "",
        "url": "",
        "url2": ""
      }
    },
    {
      "type": "Feature",
      "geometry": {
        "type": "Point",
        "coordinates": [
          140.475232,
          40.825308
        ]
      },
      "properties": {
        "内容": "バス停: 一の坪",
        "name": "一の坪",
        "operator": "事業者不明",
        "ref": "",
        "url": "",
        "url2": ""
      }
    },
    {
      "type": "Feature",
      "geometry": {
        "type": "Point",
        "coordinates": [
          140.4661584,
          40.8246457
        ]
      },
      "properties": {
        "内容": "バス停: 石畑",
        "name": "石畑",
        "operator": "事業者不明",
        "ref": "",
        "url": "",
        "url2": ""
      }
    },
    {
      "type": "Feature",
      "geometry": {
        "type": "Point",
        "coordinates": [
          140.4529229,
          40.8121195
        ]
      },
      "properties": {
        "内容": "バス停: 一ツ屋",
        "name": "一ツ屋",
        "operator": "事業者不明",
        "ref": "",
        "url": "",
        "url2": ""
      }
    },
    {
      "type": "Feature",
      "geometry": {
        "type": "Point",
        "coordinates": [
          140.4526666,
          40.812363
        ]
      },
      "properties": {
        "内容": "バス停: 一ツ屋",
        "name": "一ツ屋",
        "operator": "事業者不明",
        "ref": "",
        "url": "",
        "url2": ""
      }
    },
    {
      "type": "Feature",
      "geometry": {
        "type": "Point",
        "coordinates": [
          140.4524875,
          40.8084121
        ]
      },
      "properties": {
        "内容": "バス停: 南一ツ屋",
        "name": "南一ツ屋",
        "operator": "事業者不明",
        "ref": "",
        "url": "",
        "url2": ""
      }
    },
    {
      "type": "Feature",
      "geometry": {
        "type": "Point",
        "coordinates": [
          140.4522939,
          40.8087839
        ]
      },
      "properties": {
        "内容": "バス停: 南一ツ屋",
        "name": "南一ツ屋",
        "operator": "事業者不明",
        "ref": "",
        "url": "",
        "url2": ""
      }
    },
    {
      "type": "Feature",
      "geometry": {
        "type": "Point",
        "coordinates": [
          140.3879254,
          40.8044254
        ]
      },
      "properties": {
        "内容": "バス停: 木造駅通り",
        "name": "木造駅通り",
        "operator": "事業者不明",
        "ref": "",
        "url": "",
        "url2": ""
      }
    },
    {
      "type": "Feature",
      "geometry": {
        "type": "Point",
        "coordinates": [
          140.4481358,
          40.791906
        ]
      },
      "properties": {
        "内容": "バス停: 五所川原営業所",
        "name": "五所川原営業所",
        "operator": "事業者不明",
        "ref": "",
        "url": "",
        "url2": ""
      }
    },
    {
      "type": "Feature",
      "geometry": {
        "type": "Point",
        "coordinates": [
          140.4847426,
          40.8399728
        ]
      },
      "properties": {
        "内容": "バス停: 下岩崎",
        "name": "下岩崎",
        "operator": "事業者不明",
        "ref": "",
        "url": "",
        "url2": ""
      }
    },
    {
      "type": "Feature",
      "geometry": {
        "type": "Point",
        "coordinates": [
          140.4184353,
          40.926021
        ]
      },
      "properties": {
        "内容": "バス停: 豊島西口 (中泊町)",
        "name": "豊島西口",
        "operator": "中泊町",
        "ref": "",
        "url": "",
        "url2": ""
      }
    },
    {
      "type": "Feature",
      "geometry": {
        "type": "Point",
        "coordinates": [
          140.4170744,
          40.9371803
        ]
      },
      "properties": {
        "内容": "バス停: 武田公民館前 (中泊町)",
        "name": "武田公民館前",
        "operator": "中泊町",
        "ref": "",
        "url": "",
        "url2": ""
      }
    },
    {
      "type": "Feature",
      "geometry": {
        "type": "Point",
        "coordinates": [
          140.3592013,
          40.947988
        ]
      },
      "properties": {
        "内容": "バス停: しゃりき温泉前 (つがる市)",
        "name": "しゃりき温泉前",
        "operator": "つがる市",
        "ref": "",
        "url": "",
        "url2": ""
      }
    },
    {
      "type": "Feature",
      "geometry": {
        "type": "Point",
        "coordinates": [
          140.4095744,
          40.9385334
        ]
      },
      "properties": {
        "内容": "バス停: 上芦野 (中泊町)",
        "name": "上芦野",
        "operator": "中泊町",
        "ref": "",
        "url": "",
        "url2": ""
      }
    },
    {
      "type": "Feature",
      "geometry": {
        "type": "Point",
        "coordinates": [
          140.4020459,
          40.9764743
        ]
      },
      "properties": {
        "内容": "バス停: 竹田 (中泊町)",
        "name": "竹田",
        "operator": "中泊町",
        "ref": "",
        "url": "",
        "url2": ""
      }
    },
    {
      "type": "Feature",
      "geometry": {
        "type": "Point",
        "coordinates": [
          141.284035,
          40.8866737
        ]
      },
      "properties": {
        "内容": "バス停: 名称不明バス停",
        "name": "名称不明バス停",
        "operator": "事業者不明",
        "ref": "",
        "url": "",
        "url2": ""
      }
    },
    {
      "type": "Feature",
      "geometry": {
        "type": "Point",
        "coordinates": [
          141.2843869,
          40.8866385
        ]
      },
      "properties": {
        "内容": "バス停: 名称不明バス停",
        "name": "名称不明バス停",
        "operator": "事業者不明",
        "ref": "",
        "url": "",
        "url2": ""
      }
    },
    {
      "type": "Feature",
      "geometry": {
        "type": "Point",
        "coordinates": [
          141.2839394,
          40.8881669
        ]
      },
      "properties": {
        "内容": "バス停: 名称不明バス停",
        "name": "名称不明バス停",
        "operator": "事業者不明",
        "ref": "",
        "url": "",
        "url2": ""
      }
    },
    {
      "type": "Feature",
      "geometry": {
        "type": "Point",
        "coordinates": [
          141.2775493,
          40.8885207
        ]
      },
      "properties": {
        "内容": "バス停: 名称不明バス停",
        "name": "名称不明バス停",
        "operator": "事業者不明",
        "ref": "",
        "url": "",
        "url2": ""
      }
    },
    {
      "type": "Feature",
      "geometry": {
        "type": "Point",
        "coordinates": [
          141.2838074,
          40.8880398
        ]
      },
      "properties": {
        "内容": "バス停: 名称不明バス停",
        "name": "名称不明バス停",
        "operator": "事業者不明",
        "ref": "",
        "url": "",
        "url2": ""
      }
    },
    {
      "type": "Feature",
      "geometry": {
        "type": "Point",
        "coordinates": [
          141.2775284,
          40.8886553
        ]
      },
      "properties": {
        "内容": "バス停: 名称不明バス停",
        "name": "名称不明バス停",
        "operator": "事業者不明",
        "ref": "",
        "url": "",
        "url2": ""
      }
    },
    {
      "type": "Feature",
      "geometry": {
        "type": "Point",
        "coordinates": [
          141.1198062,
          40.855744
        ]
      },
      "properties": {
        "内容": "バス停: 名称不明バス停",
        "name": "名称不明バス停",
        "operator": "事業者不明",
        "ref": "",
        "url": "",
        "url2": ""
      }
    },
    {
      "type": "Feature",
      "geometry": {
        "type": "Point",
        "coordinates": [
          141.3674173,
          40.5119731
        ]
      },
      "properties": {
        "内容": "バス停: 豊崎中学校前",
        "name": "豊崎中学校前",
        "operator": "事業者不明",
        "ref": "",
        "url": "",
        "url2": ""
      }
    },
    {
      "type": "Feature",
      "geometry": {
        "type": "Point",
        "coordinates": [
          141.4889536,
          40.4757098
        ]
      },
      "properties": {
        "内容": "バス停: 是川縄文館 (南部バス)",
        "name": "是川縄文館",
        "operator": "南部バス",
        "ref": "",
        "url": "",
        "url2": ""
      }
    },
    {
      "type": "Feature",
      "geometry": {
        "type": "Point",
        "coordinates": [
          140.4598867,
          40.8050194
        ]
      },
      "properties": {
        "内容": "バス停: 松島8丁目",
        "name": "松島8丁目",
        "operator": "事業者不明",
        "ref": "",
        "url": "",
        "url2": ""
      }
    },
    {
      "type": "Feature",
      "geometry": {
        "type": "Point",
        "coordinates": [
          140.4594351,
          40.813622
        ]
      },
      "properties": {
        "内容": "バス停: 清水流",
        "name": "清水流",
        "operator": "事業者不明",
        "ref": "",
        "url": "",
        "url2": ""
      }
    },
    {
      "type": "Feature",
      "geometry": {
        "type": "Point",
        "coordinates": [
          140.459382,
          40.800899
        ]
      },
      "properties": {
        "内容": "バス停: 石岡",
        "name": "石岡",
        "operator": "事業者不明",
        "ref": "",
        "url": "",
        "url2": ""
      }
    },
    {
      "type": "Feature",
      "geometry": {
        "type": "Point",
        "coordinates": [
          140.456622,
          40.8084232
        ]
      },
      "properties": {
        "内容": "バス停: 五一中前",
        "name": "五一中前",
        "operator": "事業者不明",
        "ref": "",
        "url": "",
        "url2": ""
      }
    },
    {
      "type": "Feature",
      "geometry": {
        "type": "Point",
        "coordinates": [
          140.4613083,
          40.8083061
        ]
      },
      "properties": {
        "内容": "バス停: 松島4丁目",
        "name": "松島4丁目",
        "operator": "事業者不明",
        "ref": "",
        "url": "",
        "url2": ""
      }
    },
    {
      "type": "Feature",
      "geometry": {
        "type": "Point",
        "coordinates": [
          139.9237242,
          40.583118
        ]
      },
      "properties": {
        "内容": "バス停: 岩崎駅前",
        "name": "岩崎駅前",
        "operator": "事業者不明",
        "ref": "",
        "url": "",
        "url2": ""
      }
    },
    {
      "type": "Feature",
      "geometry": {
        "type": "Point",
        "coordinates": [
          140.448142,
          40.8198151
        ]
      },
      "properties": {
        "内容": "バス停: オルテンシア前",
        "name": "オルテンシア前",
        "operator": "事業者不明",
        "ref": "",
        "url": "",
        "url2": ""
      }
    },
    {
      "type": "Feature",
      "geometry": {
        "type": "Point",
        "coordinates": [
          140.4628616,
          40.8067091
        ]
      },
      "properties": {
        "内容": "バス停: 松島5丁目",
        "name": "松島5丁目",
        "operator": "事業者不明",
        "ref": "",
        "url": "",
        "url2": ""
      }
    },
    {
      "type": "Feature",
      "geometry": {
        "type": "Point",
        "coordinates": [
          140.4558844,
          40.8180499
        ]
      },
      "properties": {
        "内容": "バス停: 十川駅前",
        "name": "十川駅前",
        "operator": "事業者不明",
        "ref": "",
        "url": "",
        "url2": ""
      }
    },
    {
      "type": "Feature",
      "geometry": {
        "type": "Point",
        "coordinates": [
          140.4630565,
          40.8007575
        ]
      },
      "properties": {
        "内容": "バス停: アクロスプラザ五所川原前",
        "name": "アクロスプラザ五所川原前",
        "operator": "事業者不明",
        "ref": "",
        "url": "",
        "url2": ""
      }
    },
    {
      "type": "Feature",
      "geometry": {
        "type": "Point",
        "coordinates": [
          140.4504509,
          40.8189458
        ]
      },
      "properties": {
        "内容": "バス停: 幾世森",
        "name": "幾世森",
        "operator": "事業者不明",
        "ref": "",
        "url": "",
        "url2": ""
      }
    },
    {
      "type": "Feature",
      "geometry": {
        "type": "Point",
        "coordinates": [
          140.4570003,
          40.8085851
        ]
      },
      "properties": {
        "内容": "バス停: 五一中前",
        "name": "五一中前",
        "operator": "事業者不明",
        "ref": "",
        "url": "",
        "url2": ""
      }
    },
    {
      "type": "Feature",
      "geometry": {
        "type": "Point",
        "coordinates": [
          140.4601326,
          40.809937
        ]
      },
      "properties": {
        "内容": "バス停: 袖掛",
        "name": "袖掛",
        "operator": "事業者不明",
        "ref": "",
        "url": "",
        "url2": ""
      }
    },
    {
      "type": "Feature",
      "geometry": {
        "type": "Point",
        "coordinates": [
          140.4655569,
          40.7998334
        ]
      },
      "properties": {
        "内容": "バス停: カブセンター五所川原店前",
        "name": "カブセンター五所川原店前",
        "operator": "事業者不明",
        "ref": "",
        "url": "",
        "url2": ""
      }
    },
    {
      "type": "Feature",
      "geometry": {
        "type": "Point",
        "coordinates": [
          140.4596113,
          40.8135609
        ]
      },
      "properties": {
        "内容": "バス停: 清水流",
        "name": "清水流",
        "operator": "事業者不明",
        "ref": "",
        "url": "",
        "url2": ""
      }
    },
    {
      "type": "Feature",
      "geometry": {
        "type": "Point",
        "coordinates": [
          140.4600679,
          40.8102041
        ]
      },
      "properties": {
        "内容": "バス停: 袖掛",
        "name": "袖掛",
        "operator": "事業者不明",
        "ref": "",
        "url": "",
        "url2": ""
      }
    },
    {
      "type": "Feature",
      "geometry": {
        "type": "Point",
        "coordinates": [
          140.4557878,
          40.8179407
        ]
      },
      "properties": {
        "内容": "バス停: 十川駅前",
        "name": "十川駅前",
        "operator": "事業者不明",
        "ref": "",
        "url": "",
        "url2": ""
      }
    },
    {
      "type": "Feature",
      "geometry": {
        "type": "Point",
        "coordinates": [
          140.4499249,
          40.8192258
        ]
      },
      "properties": {
        "内容": "バス停: 幾世森",
        "name": "幾世森",
        "operator": "事業者不明",
        "ref": "",
        "url": "",
        "url2": ""
      }
    },
    {
      "type": "Feature",
      "geometry": {
        "type": "Point",
        "coordinates": [
          140.4426504,
          40.8201289
        ]
      },
      "properties": {
        "内容": "バス停: 若葉町",
        "name": "若葉町",
        "operator": "事業者不明",
        "ref": "",
        "url": "",
        "url2": ""
      }
    },
    {
      "type": "Feature",
      "geometry": {
        "type": "Point",
        "coordinates": [
          141.2714988,
          40.8201024
        ]
      },
      "properties": {
        "内容": "バス停: 南野田頭",
        "name": "南野田頭",
        "operator": "事業者不明",
        "ref": "",
        "url": "",
        "url2": ""
      }
    },
    {
      "type": "Feature",
      "geometry": {
        "type": "Point",
        "coordinates": [
          141.2720588,
          40.8209864
        ]
      },
      "properties": {
        "内容": "バス停: 南野田頭",
        "name": "南野田頭",
        "operator": "事業者不明",
        "ref": "",
        "url": "",
        "url2": ""
      }
    },
    {
      "type": "Feature",
      "geometry": {
        "type": "Point",
        "coordinates": [
          140.888785,
          40.6317072
        ]
      },
      "properties": {
        "内容": "バス停: 名称不明バス停",
        "name": "名称不明バス停",
        "operator": "事業者不明",
        "ref": "",
        "url": "",
        "url2": ""
      }
    },
    {
      "type": "Feature",
      "geometry": {
        "type": "Point",
        "coordinates": [
          140.7006881,
          40.8080169
        ]
      },
      "properties": {
        "内容": "バス停: 県立美術館前",
        "name": "県立美術館前",
        "operator": "事業者不明",
        "ref": "",
        "url": "",
        "url2": ""
      }
    },
    {
      "type": "Feature",
      "geometry": {
        "type": "Point",
        "coordinates": [
          140.7007118,
          40.8080457
        ]
      },
      "properties": {
        "内容": "バス停: 青森県立美術館",
        "name": "青森県立美術館",
        "operator": "事業者不明",
        "ref": "",
        "url": "",
        "url2": ""
      }
    },
    {
      "type": "Feature",
      "geometry": {
        "type": "Point",
        "coordinates": [
          141.0922301,
          41.3265423
        ]
      },
      "properties": {
        "内容": "バス停: 恐山 (下北交通)",
        "name": "恐山",
        "operator": "下北交通",
        "ref": "",
        "url": "",
        "url2": ""
      }
    },
    {
      "type": "Feature",
      "geometry": {
        "type": "Point",
        "coordinates": [
          141.0964116,
          41.326004
        ]
      },
      "properties": {
        "内容": "バス停: 太鼓橋前 (下北交通)",
        "name": "太鼓橋前",
        "operator": "下北交通",
        "ref": "",
        "url": "",
        "url2": ""
      }
    },
    {
      "type": "Feature",
      "geometry": {
        "type": "Point",
        "coordinates": [
          141.1264678,
          41.3147439
        ]
      },
      "properties": {
        "内容": "バス停: 冷水 (下北交通)",
        "name": "冷水",
        "operator": "下北交通",
        "ref": "",
        "url": "",
        "url2": ""
      }
    },
    {
      "type": "Feature",
      "geometry": {
        "type": "Point",
        "coordinates": [
          141.1633073,
          41.3153226
        ]
      },
      "properties": {
        "内容": "バス停: 長坂 (下北交通)",
        "name": "長坂",
        "operator": "下北交通",
        "ref": "",
        "url": "",
        "url2": ""
      }
    },
    {
      "type": "Feature",
      "geometry": {
        "type": "Point",
        "coordinates": [
          141.1806209,
          41.3138116
        ]
      },
      "properties": {
        "内容": "バス停: 二又 (下北交通)",
        "name": "二又",
        "operator": "下北交通",
        "ref": "",
        "url": "",
        "url2": ""
      }
    },
    {
      "type": "Feature",
      "geometry": {
        "type": "Point",
        "coordinates": [
          141.1939274,
          41.3077927
        ]
      },
      "properties": {
        "内容": "バス停: 岩菜 (下北交通)",
        "name": "岩菜",
        "operator": "下北交通",
        "ref": "",
        "url": "",
        "url2": ""
      }
    },
    {
      "type": "Feature",
      "geometry": {
        "type": "Point",
        "coordinates": [
          141.2035069,
          41.2996634
        ]
      },
      "properties": {
        "内容": "バス停: 念仏車 (下北交通)",
        "name": "念仏車",
        "operator": "下北交通",
        "ref": "",
        "url": "",
        "url2": ""
      }
    },
    {
      "type": "Feature",
      "geometry": {
        "type": "Point",
        "coordinates": [
          141.2166148,
          41.2975375
        ]
      },
      "properties": {
        "内容": "バス停: まさかりプラザ前 (下北交通)",
        "name": "まさかりプラザ前",
        "operator": "下北交通",
        "ref": "",
        "url": "",
        "url2": ""
      }
    },
    {
      "type": "Feature",
      "geometry": {
        "type": "Point",
        "coordinates": [
          141.2141928,
          41.29627
        ]
      },
      "properties": {
        "内容": "バス停: むつバスターミナル (下北交通)",
        "name": "むつバスターミナル",
        "operator": "下北交通",
        "ref": "",
        "url": "",
        "url2": ""
      }
    },
    {
      "type": "Feature",
      "geometry": {
        "type": "Point",
        "coordinates": [
          141.2121315,
          41.2935888
        ]
      },
      "properties": {
        "内容": "バス停: 本町 (下北交通)",
        "name": "本町",
        "operator": "下北交通",
        "ref": "",
        "url": "",
        "url2": ""
      }
    },
    {
      "type": "Feature",
      "geometry": {
        "type": "Point",
        "coordinates": [
          141.2098744,
          41.2921186
        ]
      },
      "properties": {
        "内容": "バス停: むつ郵便局前 (下北交通)",
        "name": "むつ郵便局前",
        "operator": "下北交通",
        "ref": "",
        "url": "",
        "url2": ""
      }
    },
    {
      "type": "Feature",
      "geometry": {
        "type": "Point",
        "coordinates": [
          141.2060852,
          41.2892004
        ]
      },
      "properties": {
        "内容": "バス停: 古川 (下北交通)",
        "name": "古川",
        "operator": "下北交通",
        "ref": "",
        "url": "",
        "url2": ""
      }
    },
    {
      "type": "Feature",
      "geometry": {
        "type": "Point",
        "coordinates": [
          141.203008,
          41.286859
        ]
      },
      "properties": {
        "内容": "バス停: 田名部高校前 (下北交通)",
        "name": "田名部高校前",
        "operator": "下北交通",
        "ref": "",
        "url": "",
        "url2": ""
      }
    },
    {
      "type": "Feature",
      "geometry": {
        "type": "Point",
        "coordinates": [
          141.2004787,
          41.2867134
        ]
      },
      "properties": {
        "内容": "バス停: 田名部中学校前 (下北交通)",
        "name": "田名部中学校前",
        "operator": "下北交通",
        "ref": "",
        "url": "",
        "url2": ""
      }
    },
    {
      "type": "Feature",
      "geometry": {
        "type": "Point",
        "coordinates": [
          141.1981505,
          41.2884991
        ]
      },
      "properties": {
        "内容": "バス停: 緑町 (下北交通)",
        "name": "緑町",
        "operator": "下北交通",
        "ref": "",
        "url": "",
        "url2": ""
      }
    },
    {
      "type": "Feature",
      "geometry": {
        "type": "Point",
        "coordinates": [
          141.1939166,
          41.2862654
        ]
      },
      "properties": {
        "内容": "バス停: アツギナイロン前 (下北交通)",
        "name": "アツギナイロン前",
        "operator": "下北交通",
        "ref": "",
        "url": "",
        "url2": ""
      }
    },
    {
      "type": "Feature",
      "geometry": {
        "type": "Point",
        "coordinates": [
          141.189487,
          41.2834467
        ]
      },
      "properties": {
        "内容": "バス停: 下北駅 (下北交通)",
        "name": "下北駅",
        "operator": "下北交通",
        "ref": "",
        "url": "",
        "url2": ""
      }
    },
    {
      "type": "Feature",
      "geometry": {
        "type": "Point",
        "coordinates": [
          140.2849454,
          40.6186687
        ]
      },
      "properties": {
        "内容": "バス停: 地蔵尊前 (弘前バス)",
        "name": "地蔵尊前",
        "operator": "弘前バス",
        "ref": "",
        "url": "",
        "url2": ""
      }
    },
    {
      "type": "Feature",
      "geometry": {
        "type": "Point",
        "coordinates": [
          140.344427,
          40.6195433
        ]
      },
      "properties": {
        "内容": "バス停: 岩木山神社前 (弘前バス)",
        "name": "岩木山神社前",
        "operator": "弘前バス",
        "ref": "",
        "url": "",
        "url2": ""
      }
    },
    {
      "type": "Feature",
      "geometry": {
        "type": "Point",
        "coordinates": [
          140.3971477,
          40.6328904
        ]
      },
      "properties": {
        "内容": "バス停: 新岡",
        "name": "新岡",
        "operator": "事業者不明",
        "ref": "",
        "url": "",
        "url2": ""
      }
    },
    {
      "type": "Feature",
      "geometry": {
        "type": "Point",
        "coordinates": [
          140.4176641,
          40.6331917
        ]
      },
      "properties": {
        "内容": "バス停: 鼻和",
        "name": "鼻和",
        "operator": "事業者不明",
        "ref": "",
        "url": "",
        "url2": ""
      }
    },
    {
      "type": "Feature",
      "geometry": {
        "type": "Point",
        "coordinates": [
          140.2642799,
          40.6295937
        ]
      },
      "properties": {
        "内容": "バス停: 湯段口 (弘前バス)",
        "name": "湯段口",
        "operator": "弘前バス",
        "ref": "",
        "url": "",
        "url2": ""
      }
    },
    {
      "type": "Feature",
      "geometry": {
        "type": "Point",
        "coordinates": [
          140.3142844,
          40.6145956
        ]
      },
      "properties": {
        "内容": "バス停: 津軽カントリー百沢ゴルフ場前 (弘前バス)",
        "name": "津軽カントリー百沢ゴルフ場前",
        "operator": "弘前バス",
        "ref": "",
        "url": "",
        "url2": ""
      }
    },
    {
      "type": "Feature",
      "geometry": {
        "type": "Point",
        "coordinates": [
          140.4174562,
          40.6289871
        ]
      },
      "properties": {
        "内容": "バス停: 鼻和南口",
        "name": "鼻和南口",
        "operator": "事業者不明",
        "ref": "",
        "url": "",
        "url2": ""
      }
    },
    {
      "type": "Feature",
      "geometry": {
        "type": "Point",
        "coordinates": [
          140.4493192,
          40.5748921
        ]
      },
      "properties": {
        "内容": "バス停: 桜ヶ丘団地",
        "name": "桜ヶ丘団地",
        "operator": "事業者不明",
        "ref": "",
        "url": "",
        "url2": ""
      }
    },
    {
      "type": "Feature",
      "geometry": {
        "type": "Point",
        "coordinates": [
          140.4492618,
          40.5747943
        ]
      },
      "properties": {
        "内容": "バス停: 桜ヶ丘団地",
        "name": "桜ヶ丘団地",
        "operator": "事業者不明",
        "ref": "",
        "url": "",
        "url2": ""
      }
    },
    {
      "type": "Feature",
      "geometry": {
        "type": "Point",
        "coordinates": [
          140.3069266,
          40.6161191
        ]
      },
      "properties": {
        "内容": "バス停: 岩木山総合公園前 (弘前バス)",
        "name": "岩木山総合公園前",
        "operator": "弘前バス",
        "ref": "",
        "url": "",
        "url2": ""
      }
    },
    {
      "type": "Feature",
      "geometry": {
        "type": "Point",
        "coordinates": [
          140.3066914,
          40.6160543
        ]
      },
      "properties": {
        "内容": "バス停: 岩木山総合公園前 (弘前バス)",
        "name": "岩木山総合公園前",
        "operator": "弘前バス",
        "ref": "",
        "url": "",
        "url2": ""
      }
    },
    {
      "type": "Feature",
      "geometry": {
        "type": "Point",
        "coordinates": [
          140.4082701,
          40.6274636
        ]
      },
      "properties": {
        "内容": "バス停: 愛宕",
        "name": "愛宕",
        "operator": "事業者不明",
        "ref": "",
        "url": "",
        "url2": ""
      }
    },
    {
      "type": "Feature",
      "geometry": {
        "type": "Point",
        "coordinates": [
          140.26806,
          40.6298073
        ]
      },
      "properties": {
        "内容": "バス停: 岳温泉前 (弘前バス)",
        "name": "岳温泉前",
        "operator": "弘前バス",
        "ref": "",
        "url": "",
        "url2": ""
      }
    },
    {
      "type": "Feature",
      "geometry": {
        "type": "Point",
        "coordinates": [
          140.3763016,
          40.6602267
        ]
      },
      "properties": {
        "内容": "バス停: 弥生小学校前",
        "name": "弥生小学校前",
        "operator": "事業者不明",
        "ref": "",
        "url": "",
        "url2": ""
      }
    },
    {
      "type": "Feature",
      "geometry": {
        "type": "Point",
        "coordinates": [
          140.3541235,
          40.6196836
        ]
      },
      "properties": {
        "内容": "バス停: 高照神社南口 (弘前バス)",
        "name": "高照神社南口",
        "operator": "弘前バス",
        "ref": "",
        "url": "",
        "url2": ""
      }
    },
    {
      "type": "Feature",
      "geometry": {
        "type": "Point",
        "coordinates": [
          140.2554697,
          40.6327546
        ]
      },
      "properties": {
        "内容": "バス停: スカイライン入口 (弘前バス)",
        "name": "スカイライン入口",
        "operator": "弘前バス",
        "ref": "",
        "url": "",
        "url2": ""
      }
    },
    {
      "type": "Feature",
      "geometry": {
        "type": "Point",
        "coordinates": [
          140.2915067,
          40.6176876
        ]
      },
      "properties": {
        "内容": "バス停: 草山 (弘前バス)",
        "name": "草山",
        "operator": "弘前バス",
        "ref": "",
        "url": "",
        "url2": ""
      }
    },
    {
      "type": "Feature",
      "geometry": {
        "type": "Point",
        "coordinates": [
          140.4486436,
          40.5746345
        ]
      },
      "properties": {
        "内容": "バス停: 桜ヶ丘団地",
        "name": "桜ヶ丘団地",
        "operator": "事業者不明",
        "ref": "",
        "url": "",
        "url2": ""
      }
    },
    {
      "type": "Feature",
      "geometry": {
        "type": "Point",
        "coordinates": [
          140.453407,
          40.5776817
        ]
      },
      "properties": {
        "内容": "バス停: 桜ヶ丘北口",
        "name": "桜ヶ丘北口",
        "operator": "事業者不明",
        "ref": "",
        "url": "",
        "url2": ""
      }
    },
    {
      "type": "Feature",
      "geometry": {
        "type": "Point",
        "coordinates": [
          140.2737042,
          40.6241075
        ]
      },
      "properties": {
        "内容": "バス停: 岳農場前 (弘前バス)",
        "name": "岳農場前",
        "operator": "弘前バス",
        "ref": "",
        "url": "",
        "url2": ""
      }
    },
    {
      "type": "Feature",
      "geometry": {
        "type": "Point",
        "coordinates": [
          140.3761669,
          40.6570312
        ]
      },
      "properties": {
        "内容": "バス停: 弥生",
        "name": "弥生",
        "operator": "事業者不明",
        "ref": "",
        "url": "",
        "url2": ""
      }
    },
    {
      "type": "Feature",
      "geometry": {
        "type": "Point",
        "coordinates": [
          140.3884805,
          40.6283699
        ]
      },
      "properties": {
        "内容": "バス停: 四ツ谷",
        "name": "四ツ谷",
        "operator": "事業者不明",
        "ref": "",
        "url": "",
        "url2": ""
      }
    },
    {
      "type": "Feature",
      "geometry": {
        "type": "Point",
        "coordinates": [
          140.376715,
          40.6707198
        ]
      },
      "properties": {
        "内容": "バス停: 弥生平",
        "name": "弥生平",
        "operator": "事業者不明",
        "ref": "",
        "url": "",
        "url2": ""
      }
    },
    {
      "type": "Feature",
      "geometry": {
        "type": "Point",
        "coordinates": [
          140.328714,
          40.6186205
        ]
      },
      "properties": {
        "内容": "バス停: 小森山入口 (弘前バス)",
        "name": "小森山入口",
        "operator": "弘前バス",
        "ref": "",
        "url": "",
        "url2": ""
      }
    },
    {
      "type": "Feature",
      "geometry": {
        "type": "Point",
        "coordinates": [
          140.2995934,
          40.6162468
        ]
      },
      "properties": {
        "内容": "バス停: 清水湖 (弘前バス)",
        "name": "清水湖",
        "operator": "弘前バス",
        "ref": "",
        "url": "",
        "url2": ""
      }
    },
    {
      "type": "Feature",
      "geometry": {
        "type": "Point",
        "coordinates": [
          140.2399392,
          40.6397467
        ]
      },
      "properties": {
        "内容": "バス停: 枯木平 (弘前バス)",
        "name": "枯木平",
        "operator": "弘前バス",
        "ref": "",
        "url": "",
        "url2": ""
      }
    },
    {
      "type": "Feature",
      "geometry": {
        "type": "Point",
        "coordinates": [
          140.3544395,
          40.619737
        ]
      },
      "properties": {
        "内容": "バス停: 高照神社南口 (弘前バス)",
        "name": "高照神社南口",
        "operator": "弘前バス",
        "ref": "",
        "url": "",
        "url2": ""
      }
    },
    {
      "type": "Feature",
      "geometry": {
        "type": "Point",
        "coordinates": [
          140.3764528,
          40.6642554
        ]
      },
      "properties": {
        "内容": "バス停: 弥生南口",
        "name": "弥生南口",
        "operator": "事業者不明",
        "ref": "",
        "url": "",
        "url2": ""
      }
    },
    {
      "type": "Feature",
      "geometry": {
        "type": "Point",
        "coordinates": [
          140.3825774,
          40.6485451
        ]
      },
      "properties": {
        "内容": "バス停: 折笠西口",
        "name": "折笠西口",
        "operator": "事業者不明",
        "ref": "",
        "url": "",
        "url2": ""
      }
    },
    {
      "type": "Feature",
      "geometry": {
        "type": "Point",
        "coordinates": [
          140.4092647,
          40.6250148
        ]
      },
      "properties": {
        "内容": "バス停: 愛宕東口",
        "name": "愛宕東口",
        "operator": "事業者不明",
        "ref": "",
        "url": "",
        "url2": ""
      }
    },
    {
      "type": "Feature",
      "geometry": {
        "type": "Point",
        "coordinates": [
          140.3765245,
          40.6510179
        ]
      },
      "properties": {
        "内容": "バス停: 外ヶ沢入口",
        "name": "外ヶ沢入口",
        "operator": "事業者不明",
        "ref": "",
        "url": "",
        "url2": ""
      }
    },
    {
      "type": "Feature",
      "geometry": {
        "type": "Point",
        "coordinates": [
          140.3481389,
          40.6194801
        ]
      },
      "properties": {
        "内容": "バス停: 百沢東口 (弘前バス)",
        "name": "百沢東口",
        "operator": "弘前バス",
        "ref": "",
        "url": "",
        "url2": ""
      }
    },
    {
      "type": "Feature",
      "geometry": {
        "type": "Point",
        "coordinates": [
          140.3389114,
          40.6180848
        ]
      },
      "properties": {
        "内容": "バス停: 百沢温泉前 (弘前バス)",
        "name": "百沢温泉前",
        "operator": "弘前バス",
        "ref": "",
        "url": "",
        "url2": ""
      }
    },
    {
      "type": "Feature",
      "geometry": {
        "type": "Point",
        "coordinates": [
          140.2589846,
          40.6312618
        ]
      },
      "properties": {
        "内容": "バス停: 岩木養魚場前 (弘前バス)",
        "name": "岩木養魚場前",
        "operator": "弘前バス",
        "ref": "",
        "url": "",
        "url2": ""
      }
    },
    {
      "type": "Feature",
      "geometry": {
        "type": "Point",
        "coordinates": [
          140.4147349,
          40.6213534
        ]
      },
      "properties": {
        "内容": "バス停: 八幡",
        "name": "八幡",
        "operator": "事業者不明",
        "ref": "",
        "url": "",
        "url2": ""
      }
    },
    {
      "type": "Feature",
      "geometry": {
        "type": "Point",
        "coordinates": [
          140.2478655,
          40.6345631
        ]
      },
      "properties": {
        "内容": "バス停: 瑞穂 (弘前バス)",
        "name": "瑞穂",
        "operator": "弘前バス",
        "ref": "",
        "url": "",
        "url2": ""
      }
    },
    {
      "type": "Feature",
      "geometry": {
        "type": "Point",
        "coordinates": [
          140.3925692,
          40.6303791
        ]
      },
      "properties": {
        "内容": "バス停: 新岡温泉前",
        "name": "新岡温泉前",
        "operator": "事業者不明",
        "ref": "",
        "url": "",
        "url2": ""
      }
    },
    {
      "type": "Feature",
      "geometry": {
        "type": "Point",
        "coordinates": [
          140.7326138,
          40.8289537
        ]
      },
      "properties": {
        "内容": "バス停: 青森駅西口",
        "name": "青森駅西口",
        "operator": "事業者不明",
        "ref": "",
        "url": "",
        "url2": ""
      }
    },
    {
      "type": "Feature",
      "geometry": {
        "type": "Point",
        "coordinates": [
          140.2928594,
          40.6539457
        ]
      },
      "properties": {
        "内容": "バス停: 岩木山八合目駐車場 (弘前バス)",
        "name": "岩木山八合目駐車場",
        "operator": "弘前バス",
        "ref": "",
        "url": "",
        "url2": ""
      }
    },
    {
      "type": "Feature",
      "geometry": {
        "type": "Point",
        "coordinates": [
          140.6234785,
          40.4810822
        ]
      },
      "properties": {
        "内容": "バス停: 道の駅いかりがせき",
        "name": "道の駅いかりがせき",
        "operator": "事業者不明",
        "ref": "",
        "url": "",
        "url2": ""
      }
    },
    {
      "type": "Feature",
      "geometry": {
        "type": "Point",
        "coordinates": [
          140.7106335,
          40.8082714
        ]
      },
      "properties": {
        "内容": "バス停: Sogo Undo Koen Mae",
        "name": "Sogo Undo Koen Mae",
        "operator": "事業者不明",
        "ref": "",
        "url": "",
        "url2": ""
      }
    },
    {
      "type": "Feature",
      "geometry": {
        "type": "Point",
        "coordinates": [
          140.4920489,
          40.6304815
        ]
      },
      "properties": {
        "内容": "バス停: 大久保西口",
        "name": "大久保西口",
        "operator": "事業者不明",
        "ref": "",
        "url": "",
        "url2": ""
      }
    },
    {
      "type": "Feature",
      "geometry": {
        "type": "Point",
        "coordinates": [
          140.6886941,
          40.7382771
        ]
      },
      "properties": {
        "内容": "バス停: 青森空港",
        "name": "青森空港",
        "operator": "事業者不明",
        "ref": "3",
        "url": "",
        "url2": ""
      }
    },
    {
      "type": "Feature",
      "geometry": {
        "type": "Point",
        "coordinates": [
          140.6883794,
          40.7380934
        ]
      },
      "properties": {
        "内容": "バス停: 青森空港",
        "name": "青森空港",
        "operator": "事業者不明",
        "ref": "1",
        "url": "",
        "url2": ""
      }
    },
    {
      "type": "Feature",
      "geometry": {
        "type": "Point",
        "coordinates": [
          140.4901097,
          40.6266576
        ]
      },
      "properties": {
        "内容": "バス停: 自動車運転免許試験場前",
        "name": "自動車運転免許試験場前",
        "operator": "事業者不明",
        "ref": "",
        "url": "",
        "url2": ""
      }
    },
    {
      "type": "Feature",
      "geometry": {
        "type": "Point",
        "coordinates": [
          140.6885383,
          40.7381884
        ]
      },
      "properties": {
        "内容": "バス停: 青森空港",
        "name": "青森空港",
        "operator": "事業者不明",
        "ref": "2",
        "url": "",
        "url2": ""
      }
    },
    {
      "type": "Feature",
      "geometry": {
        "type": "Point",
        "coordinates": [
          141.3878066,
          40.6920199
        ]
      },
      "properties": {
        "内容": "バス停: 三沢空港通り",
        "name": "三沢空港通り",
        "operator": "事業者不明",
        "ref": "",
        "url": "",
        "url2": ""
      }
    },
    {
      "type": "Feature",
      "geometry": {
        "type": "Point",
        "coordinates": [
          140.9787905,
          40.5408097
        ]
      },
      "properties": {
        "内容": "バス停: ＪＲバス石ヶ戸",
        "name": "ＪＲバス石ヶ戸",
        "operator": "事業者不明",
        "ref": "",
        "url": "",
        "url2": ""
      }
    },
    {
      "type": "Feature",
      "geometry": {
        "type": "Point",
        "coordinates": [
          140.9791528,
          40.574454
        ]
      },
      "properties": {
        "内容": "バス停: ＪＲバス奥入瀬渓流館",
        "name": "ＪＲバス奥入瀬渓流館",
        "operator": "事業者不明",
        "ref": "",
        "url": "",
        "url2": ""
      }
    },
    {
      "type": "Feature",
      "geometry": {
        "type": "Point",
        "coordinates": [
          140.9785806,
          40.5408836
        ]
      },
      "properties": {
        "内容": "バス停: ＪＲバス石ヶ戸",
        "name": "ＪＲバス石ヶ戸",
        "operator": "事業者不明",
        "ref": "",
        "url": "",
        "url2": ""
      }
    },
    {
      "type": "Feature",
      "geometry": {
        "type": "Point",
        "coordinates": [
          140.961549,
          40.5087402
        ]
      },
      "properties": {
        "内容": "バス停: ＪＲバス雲井の流れ",
        "name": "ＪＲバス雲井の流れ",
        "operator": "事業者不明",
        "ref": "",
        "url": "",
        "url2": ""
      }
    },
    {
      "type": "Feature",
      "geometry": {
        "type": "Point",
        "coordinates": [
          140.9792155,
          40.5328859
        ]
      },
      "properties": {
        "内容": "バス停: ＪＲバス馬門岩",
        "name": "ＪＲバス馬門岩",
        "operator": "事業者不明",
        "ref": "",
        "url": "",
        "url2": ""
      }
    },
    {
      "type": "Feature",
      "geometry": {
        "type": "Point",
        "coordinates": [
          140.9791134,
          40.532913
        ]
      },
      "properties": {
        "内容": "バス停: ＪＲバス馬門岩",
        "name": "ＪＲバス馬門岩",
        "operator": "事業者不明",
        "ref": "",
        "url": "",
        "url2": ""
      }
    },
    {
      "type": "Feature",
      "geometry": {
        "type": "Point",
        "coordinates": [
          140.9616618,
          40.5087496
        ]
      },
      "properties": {
        "内容": "バス停: ＪＲバス雲井の流れ",
        "name": "ＪＲバス雲井の流れ",
        "operator": "事業者不明",
        "ref": "",
        "url": "",
        "url2": ""
      }
    },
    {
      "type": "Feature",
      "geometry": {
        "type": "Point",
        "coordinates": [
          140.950281,
          40.4875133
        ]
      },
      "properties": {
        "内容": "バス停: ＪＲバス銚子大滝",
        "name": "ＪＲバス銚子大滝",
        "operator": "事業者不明",
        "ref": "",
        "url": "",
        "url2": ""
      }
    },
    {
      "type": "Feature",
      "geometry": {
        "type": "Point",
        "coordinates": [
          141.3883559,
          40.6962846
        ]
      },
      "properties": {
        "内容": "バス停: 三沢空港 (MISAWAぐるっとバス)",
        "name": "三沢空港",
        "operator": "MISAWAぐるっとバス",
        "ref": "",
        "url": "",
        "url2": ""
      }
    },
    {
      "type": "Feature",
      "geometry": {
        "type": "Point",
        "coordinates": [
          141.3882556,
          40.6962904
        ]
      },
      "properties": {
        "内容": "バス停: 三沢空港前 (十和田観光電鉄)",
        "name": "三沢空港前",
        "operator": "十和田観光電鉄",
        "ref": "",
        "url": "",
        "url2": ""
      }
    },
    {
      "type": "Feature",
      "geometry": {
        "type": "Point",
        "coordinates": [
          141.3913555,
          40.7085178
        ]
      },
      "properties": {
        "内容": "バス停: 三沢航空科学館 (MISAWAぐるっとバス)",
        "name": "三沢航空科学館",
        "operator": "MISAWAぐるっとバス",
        "ref": "",
        "url": "",
        "url2": ""
      }
    },
    {
      "type": "Feature",
      "geometry": {
        "type": "Point",
        "coordinates": [
          141.3655168,
          40.7424662
        ]
      },
      "properties": {
        "内容": "バス停: 寺山修司記念館 (MISAWAぐるっとバス)",
        "name": "寺山修司記念館",
        "operator": "MISAWAぐるっとバス",
        "ref": "",
        "url": "",
        "url2": ""
      }
    },
    {
      "type": "Feature",
      "geometry": {
        "type": "Point",
        "coordinates": [
          141.3539126,
          40.6686769
        ]
      },
      "properties": {
        "内容": "バス停: 三沢駅",
        "name": "三沢駅",
        "operator": "事業者不明",
        "ref": "",
        "url": "",
        "url2": ""
      }
    },
    {
      "type": "Feature",
      "geometry": {
        "type": "Point",
        "coordinates": [
          141.3539844,
          40.6685176
        ]
      },
      "properties": {
        "内容": "バス停: 三沢駅",
        "name": "三沢駅",
        "operator": "事業者不明",
        "ref": "",
        "url": "",
        "url2": ""
      }
    },
    {
      "type": "Feature",
      "geometry": {
        "type": "Point",
        "coordinates": [
          141.3535725,
          40.668884
        ]
      },
      "properties": {
        "内容": "バス停: 三沢駅",
        "name": "三沢駅",
        "operator": "事業者不明",
        "ref": "",
        "url": "",
        "url2": ""
      }
    }
  ]
}